[INFO] Scanning for projects...
[INFO] 
[INFO] --------------------< tn.matchmakers:MatchService >---------------------
[INFO] Building MatchService 0.0.1-SNAPSHOT
[INFO]   from pom.xml
[INFO] --------------------------------[ jar ]---------------------------------
[INFO] 
[INFO] >>> spring-boot:3.4.12:run (default-cli) > test-compile @ MatchService >>>
[INFO] 
[INFO] --- resources:3.3.1:resources (default-resources) @ MatchService ---
[INFO] Copying 1 resource from src\main\resources to target\classes
[INFO] Copying 0 resource from src\main\resources to target\classes
[INFO] 
[INFO] --- compiler:3.13.0:compile (default-compile) @ MatchService ---
[INFO] Nothing to compile - all classes are up to date.
[INFO] 
[INFO] --- resources:3.3.1:testResources (default-testResources) @ MatchService ---
[INFO] skip non existing resourceDirectory D:\school\3SDE1\PI3C-SDE2-2526\MatchMakers\Backend\MatchService\src\test\resources
[INFO] 
[INFO] --- compiler:3.13.0:testCompile (default-testCompile) @ MatchService ---
[INFO] Nothing to compile - all classes are up to date.
[INFO] 
[INFO] <<< spring-boot:3.4.12:run (default-cli) < test-compile @ MatchService <<<
[INFO] 
[INFO] 
[INFO] --- spring-boot:3.4.12:run (default-cli) @ MatchService ---
[INFO] Attaching agents: []

  .   ____          _            __ _ _
 /\\ / ___'_ __ _ _(_)_ __  __ _ \ \ \ \
( ( )\___ | '_ | '_| | '_ \/ _` | \ \ \ \
 \\/  ___)| |_)| | | | | || (_| |  ) ) ) )
  '  |____| .__|_| |_|_| |_\__, | / / / /
 =========|_|==============|___/=/_/_/_/

 :: Spring Boot ::               (v3.4.12)

2026-05-16T15:57:22.565+01:00  INFO 28700 --- [MatchService] [           main] t.m.m.MatchServiceApplication            : Starting MatchServiceApplication using Java 17.0.12 with PID 28700 (D:\school\3SDE1\PI3C-SDE2-2526\MatchMakers\Backend\MatchService\target\classes started by mayre in D:\school\3SDE1\PI3C-SDE2-2526\MatchMakers\Backend\MatchService)
2026-05-16T15:57:22.568+01:00  INFO 28700 --- [MatchService] [           main] t.m.m.MatchServiceApplication            : No active profile set, falling back to 1 default profile: "default"
2026-05-16T15:57:26.303+01:00  INFO 28700 --- [MatchService] [           main] .s.d.r.c.RepositoryConfigurationDelegate : Bootstrapping Spring Data MongoDB repositories in DEFAULT mode.
2026-05-16T15:57:26.436+01:00  INFO 28700 --- [MatchService] [           main] .s.d.r.c.RepositoryConfigurationDelegate : Finished Spring Data repository scanning in 123 ms. Found 1 MongoDB repository interface.
2026-05-16T15:57:28.043+01:00  INFO 28700 --- [MatchService] [           main] o.s.b.w.embedded.tomcat.TomcatWebServer  : Tomcat initialized with port 8087 (http)
2026-05-16T15:57:28.072+01:00  INFO 28700 --- [MatchService] [           main] o.apache.catalina.core.StandardService   : Starting service [Tomcat]
2026-05-16T15:57:28.073+01:00  INFO 28700 --- [MatchService] [           main] o.apache.catalina.core.StandardEngine    : Starting Servlet engine: [Apache Tomcat/10.1.49]
2026-05-16T15:57:28.177+01:00  INFO 28700 --- [MatchService] [           main] o.a.c.c.C.[.[localhost].[/matchs]        : Initializing Spring embedded WebApplicationContext
2026-05-16T15:57:28.179+01:00  INFO 28700 --- [MatchService] [           main] w.s.c.ServletWebServerApplicationContext : Root WebApplicationContext: initialization completed in 5479 ms
2026-05-16T15:57:32.854+01:00  INFO 28700 --- [MatchService] [xsp.mongodb.net] org.mongodb.driver.cluster               : Adding discovered server ac-khxyvkv-shard-00-02.ltylxsp.mongodb.net:27017 to client view of cluster
2026-05-16T15:57:32.897+01:00  INFO 28700 --- [MatchService] [           main] org.mongodb.driver.client                : MongoClient with metadata {"driver": {"name": "mongo-java-driver|sync|spring-boot", "version": "5.2.1"}, "os": {"type": "Windows", "name": "Windows 11", "architecture": "amd64", "version": "10.0"}, "platform": "Java/Oracle Corporation/17.0.12+8-LTS-286"} created with settings MongoClientSettings{readPreference=primary, writeConcern=WriteConcern{w=null, wTimeout=null ms, journal=null}, retryWrites=true, retryReads=true, readConcern=ReadConcern{level=null}, credential=MongoCredential{mechanism=null, userName='elghalimeriem14_db_user', source='admin', password=<hidden>, mechanismProperties=<hidden>}, transportSettings=null, commandListeners=[], codecRegistry=ProvidersCodecRegistry{codecProviders=[ValueCodecProvider{}, BsonValueCodecProvider{}, DBRefCodecProvider{}, DBObjectCodecProvider{}, DocumentCodecProvider{}, CollectionCodecProvider{}, IterableCodecProvider{}, MapCodecProvider{}, GeoJsonCodecProvider{}, GridFSFileCodecProvider{}, Jsr310CodecProvider{}, JsonObjectCodecProvider{}, BsonCodecProvider{}, EnumCodecProvider{}, com.mongodb.client.model.mql.ExpressionCodecProvider@1b4872bc, com.mongodb.Jep395RecordCodecProvider@498a612d, com.mongodb.KotlinCodecProvider@1e1237ab]}, loggerSettings=LoggerSettings{maxDocumentLength=1000}, clusterSettings={hosts=[127.0.0.1:27017], srvHost=clustermatchmakers.ltylxsp.mongodb.net, srvServiceName=mongodb, mode=MULTIPLE, requiredClusterType=REPLICA_SET, requiredReplicaSetName='atlas-6x6yvm-shard-0', serverSelector='null', clusterListeners='[]', serverSelectionTimeout='30000 ms', localThreshold='15 ms'}, socketSettings=SocketSettings{connectTimeoutMS=10000, readTimeoutMS=0, receiveBufferSize=0, proxySettings=ProxySettings{host=null, port=null, username=null, password=null}}, heartbeatSocketSettings=SocketSettings{connectTimeoutMS=10000, readTimeoutMS=10000, receiveBufferSize=0, proxySettings=ProxySettings{host=null, port=null, username=null, password=null}}, connectionPoolSettings=ConnectionPoolSettings{maxSize=100, minSize=0, maxWaitTimeMS=120000, maxConnectionLifeTimeMS=0, maxConnectionIdleTimeMS=0, maintenanceInitialDelayMS=0, maintenanceFrequencyMS=60000, connectionPoolListeners=[], maxConnecting=2}, serverSettings=ServerSettings{heartbeatFrequencyMS=10000, minHeartbeatFrequencyMS=500, serverMonitoringMode=AUTO, serverListeners='[]', serverMonitorListeners='[]'}, sslSettings=SslSettings{enabled=true, invalidHostNameAllowed=false, context=null}, applicationName='null', compressorList=[], uuidRepresentation=JAVA_LEGACY, serverApi=null, autoEncryptionSettings=null, dnsClient=null, inetAddressResolver=null, contextProvider=null, timeoutMS=null}
2026-05-16T15:57:32.928+01:00  INFO 28700 --- [MatchService] [xsp.mongodb.net] org.mongodb.driver.cluster               : Adding discovered server ac-khxyvkv-shard-00-01.ltylxsp.mongodb.net:27017 to client view of cluster
2026-05-16T15:57:32.937+01:00  INFO 28700 --- [MatchService] [xsp.mongodb.net] org.mongodb.driver.cluster               : Adding discovered server ac-khxyvkv-shard-00-00.ltylxsp.mongodb.net:27017 to client view of cluster
2026-05-16T15:57:33.299+01:00  INFO 28700 --- [MatchService] [ngodb.net:27017] org.mongodb.driver.cluster               : Monitor thread successfully connected to server with description ServerDescription{address=ac-khxyvkv-shard-00-00.ltylxsp.mongodb.net:27017, type=REPLICA_SET_SECONDARY, cryptd=false, state=CONNECTED, ok=true, minWireVersion=0, maxWireVersion=25, maxDocumentSize=16777216, logicalSessionTimeoutMinutes=30, roundTripTimeNanos=272378300, minRoundTripTimeNanos=0, setName='atlas-6x6yvm-shard-0', canonicalAddress=ac-khxyvkv-shard-00-00.ltylxsp.mongodb.net:27017, hosts=[ac-khxyvkv-shard-00-00.ltylxsp.mongodb.net:27017, ac-khxyvkv-shard-00-01.ltylxsp.mongodb.net:27017, ac-khxyvkv-shard-00-02.ltylxsp.mongodb.net:27017], passives=[], arbiters=[], primary='ac-khxyvkv-shard-00-01.ltylxsp.mongodb.net:27017', tagSet=TagSet{[Tag{name='availabilityZone', value='euw3-az1'}, Tag{name='cacheState', value='READY'}, Tag{name='diskState', value='READY'}, Tag{name='nodeType', value='ELECTABLE'}, Tag{name='provider', value='AWS'}, Tag{name='region', value='EU_WEST_3'}, Tag{name='workloadType', value='OPERATIONAL'}]}, electionId=null, setVersion=36, topologyVersion=TopologyVersion{processId=69fe3480bce649a00b1f6b90, counter=4}, lastWriteDate=Sat May 16 15:57:33 WAT 2026, lastUpdateTimeNanos=21150257558000}
2026-05-16T15:57:33.299+01:00  INFO 28700 --- [MatchService] [ngodb.net:27017] org.mongodb.driver.cluster               : Monitor thread successfully connected to server with description ServerDescription{address=ac-khxyvkv-shard-00-02.ltylxsp.mongodb.net:27017, type=REPLICA_SET_SECONDARY, cryptd=false, state=CONNECTED, ok=true, minWireVersion=0, maxWireVersion=25, maxDocumentSize=16777216, logicalSessionTimeoutMinutes=30, roundTripTimeNanos=272540500, minRoundTripTimeNanos=0, setName='atlas-6x6yvm-shard-0', canonicalAddress=ac-khxyvkv-shard-00-02.ltylxsp.mongodb.net:27017, hosts=[ac-khxyvkv-shard-00-00.ltylxsp.mongodb.net:27017, ac-khxyvkv-shard-00-01.ltylxsp.mongodb.net:27017, ac-khxyvkv-shard-00-02.ltylxsp.mongodb.net:27017], passives=[], arbiters=[], primary='ac-khxyvkv-shard-00-01.ltylxsp.mongodb.net:27017', tagSet=TagSet{[Tag{name='availabilityZone', value='euw3-az3'}, Tag{name='cacheState', value='READY'}, Tag{name='diskState', value='READY'}, Tag{name='nodeType', value='ELECTABLE'}, Tag{name='provider', value='AWS'}, Tag{name='region', value='EU_WEST_3'}, Tag{name='workloadType', value='OPERATIONAL'}]}, electionId=null, setVersion=36, topologyVersion=TopologyVersion{processId=69fe3974932517ad87b461cb, counter=3}, lastWriteDate=Sat May 16 15:57:33 WAT 2026, lastUpdateTimeNanos=21150257715300}
2026-05-16T15:57:33.301+01:00  INFO 28700 --- [MatchService] [ngodb.net:27017] org.mongodb.driver.cluster               : Monitor thread successfully connected to server with description ServerDescription{address=ac-khxyvkv-shard-00-01.ltylxsp.mongodb.net:27017, type=REPLICA_SET_PRIMARY, cryptd=false, state=CONNECTED, ok=true, minWireVersion=0, maxWireVersion=25, maxDocumentSize=16777216, logicalSessionTimeoutMinutes=30, roundTripTimeNanos=272349500, minRoundTripTimeNanos=0, setName='atlas-6x6yvm-shard-0', canonicalAddress=ac-khxyvkv-shard-00-01.ltylxsp.mongodb.net:27017, hosts=[ac-khxyvkv-shard-00-00.ltylxsp.mongodb.net:27017, ac-khxyvkv-shard-00-01.ltylxsp.mongodb.net:27017, ac-khxyvkv-shard-00-02.ltylxsp.mongodb.net:27017], passives=[], arbiters=[], primary='ac-khxyvkv-shard-00-01.ltylxsp.mongodb.net:27017', tagSet=TagSet{[Tag{name='availabilityZone', value='euw3-az2'}, Tag{name='cacheState', value='READY'}, Tag{name='diskState', value='READY'}, Tag{name='nodeType', value='ELECTABLE'}, Tag{name='provider', value='AWS'}, Tag{name='region', value='EU_WEST_3'}, Tag{name='workloadType', value='OPERATIONAL'}]}, electionId=7fffffff0000000000000069, setVersion=36, topologyVersion=TopologyVersion{processId=69fe370e7afba3a6519b2508, counter=6}, lastWriteDate=Sat May 16 15:57:33 WAT 2026, lastUpdateTimeNanos=21150257591300}
2026-05-16T15:57:33.316+01:00  INFO 28700 --- [MatchService] [ngodb.net:27017] org.mongodb.driver.cluster               : Discovered replica set primary ac-khxyvkv-shard-00-01.ltylxsp.mongodb.net:27017 with max election id 7fffffff0000000000000069 and max set version 36
2026-05-16T15:57:34.843+01:00  INFO 28700 --- [MatchService] [           main] o.s.b.w.embedded.tomcat.TomcatWebServer  : Tomcat started on port 8087 (http) with context path '/matchs'
2026-05-16T15:57:34.857+01:00  INFO 28700 --- [MatchService] [           main] t.m.m.MatchServiceApplication            : Started MatchServiceApplication in 14.7 seconds (process running for 18.367)
2026-05-16T16:02:36.846+01:00  INFO 28700 --- [MatchService] [ngodb.net:27017] org.mongodb.driver.cluster               : Exception in monitor thread while connecting to server ac-khxyvkv-shard-00-00.ltylxsp.mongodb.net:27017

com.mongodb.MongoSocketReadException: Exception receiving message
	at com.mongodb.internal.connection.InternalStreamConnection.translateReadException(InternalStreamConnection.java:814) ~[mongodb-driver-core-5.2.1.jar:na]
	at com.mongodb.internal.connection.InternalStreamConnection.receiveResponseBuffers(InternalStreamConnection.java:862) ~[mongodb-driver-core-5.2.1.jar:na]
	at com.mongodb.internal.connection.InternalStreamConnection.receiveCommandMessageResponse(InternalStreamConnection.java:517) ~[mongodb-driver-core-5.2.1.jar:na]
	at com.mongodb.internal.connection.InternalStreamConnection.receive(InternalStreamConnection.java:469) ~[mongodb-driver-core-5.2.1.jar:na]
	at com.mongodb.internal.connection.DefaultServerMonitor$ServerMonitor.lookupServerDescription(DefaultServerMonitor.java:249) ~[mongodb-driver-core-5.2.1.jar:na]
	at com.mongodb.internal.connection.DefaultServerMonitor$ServerMonitor.run(DefaultServerMonitor.java:176) ~[mongodb-driver-core-5.2.1.jar:na]
Caused by: java.net.SocketException: Connection reset
	at java.base/sun.nio.ch.NioSocketImpl.implRead(NioSocketImpl.java:328) ~[na:na]
	at java.base/sun.nio.ch.NioSocketImpl.read(NioSocketImpl.java:355) ~[na:na]
	at java.base/sun.nio.ch.NioSocketImpl$1.read(NioSocketImpl.java:808) ~[na:na]
	at java.base/java.net.Socket$SocketInputStream.read(Socket.java:966) ~[na:na]
	at java.base/sun.security.ssl.SSLSocketInputRecord.read(SSLSocketInputRecord.java:484) ~[na:na]
	at java.base/sun.security.ssl.SSLSocketInputRecord.readHeader(SSLSocketInputRecord.java:478) ~[na:na]
	at java.base/sun.security.ssl.SSLSocketInputRecord.bytesInCompletePacket(SSLSocketInputRecord.java:70) ~[na:na]
	at java.base/sun.security.ssl.SSLSocketImpl.readApplicationRecord(SSLSocketImpl.java:1461) ~[na:na]
	at java.base/sun.security.ssl.SSLSocketImpl$AppInputStream.read(SSLSocketImpl.java:1065) ~[na:na]
	at com.mongodb.internal.connection.SocketStream.read(SocketStream.java:182) ~[mongodb-driver-core-5.2.1.jar:na]
	at com.mongodb.internal.connection.InternalStreamConnection.receiveResponseBuffers(InternalStreamConnection.java:829) ~[mongodb-driver-core-5.2.1.jar:na]
	... 4 common frames omitted

2026-05-16T16:02:36.923+01:00  INFO 28700 --- [MatchService] [ngodb.net:27017] org.mongodb.driver.cluster               : Exception in monitor thread while connecting to server ac-khxyvkv-shard-00-02.ltylxsp.mongodb.net:27017

com.mongodb.MongoSocketReadException: Exception receiving message
	at com.mongodb.internal.connection.InternalStreamConnection.translateReadException(InternalStreamConnection.java:814) ~[mongodb-driver-core-5.2.1.jar:na]
	at com.mongodb.internal.connection.InternalStreamConnection.receiveResponseBuffers(InternalStreamConnection.java:862) ~[mongodb-driver-core-5.2.1.jar:na]
	at com.mongodb.internal.connection.InternalStreamConnection.receiveCommandMessageResponse(InternalStreamConnection.java:517) ~[mongodb-driver-core-5.2.1.jar:na]
	at com.mongodb.internal.connection.InternalStreamConnection.receive(InternalStreamConnection.java:469) ~[mongodb-driver-core-5.2.1.jar:na]
	at com.mongodb.internal.connection.DefaultServerMonitor$ServerMonitor.lookupServerDescription(DefaultServerMonitor.java:249) ~[mongodb-driver-core-5.2.1.jar:na]
	at com.mongodb.internal.connection.DefaultServerMonitor$ServerMonitor.run(DefaultServerMonitor.java:176) ~[mongodb-driver-core-5.2.1.jar:na]
Caused by: java.net.SocketException: Connection reset
	at java.base/sun.nio.ch.NioSocketImpl.implRead(NioSocketImpl.java:328) ~[na:na]
	at java.base/sun.nio.ch.NioSocketImpl.read(NioSocketImpl.java:355) ~[na:na]
	at java.base/sun.nio.ch.NioSocketImpl$1.read(NioSocketImpl.java:808) ~[na:na]
	at java.base/java.net.Socket$SocketInputStream.read(Socket.java:966) ~[na:na]
	at java.base/sun.security.ssl.SSLSocketInputRecord.read(SSLSocketInputRecord.java:484) ~[na:na]
	at java.base/sun.security.ssl.SSLSocketInputRecord.readHeader(SSLSocketInputRecord.java:478) ~[na:na]
	at java.base/sun.security.ssl.SSLSocketInputRecord.bytesInCompletePacket(SSLSocketInputRecord.java:70) ~[na:na]
	at java.base/sun.security.ssl.SSLSocketImpl.readApplicationRecord(SSLSocketImpl.java:1461) ~[na:na]
	at java.base/sun.security.ssl.SSLSocketImpl$AppInputStream.read(SSLSocketImpl.java:1065) ~[na:na]
	at com.mongodb.internal.connection.SocketStream.read(SocketStream.java:182) ~[mongodb-driver-core-5.2.1.jar:na]
	at com.mongodb.internal.connection.InternalStreamConnection.receiveResponseBuffers(InternalStreamConnection.java:829) ~[mongodb-driver-core-5.2.1.jar:na]
	... 4 common frames omitted

2026-05-16T16:02:36.885+01:00  INFO 28700 --- [MatchService] [ngodb.net:27017] org.mongodb.driver.cluster               : Exception in monitor thread while connecting to server ac-khxyvkv-shard-00-01.ltylxsp.mongodb.net:27017

com.mongodb.MongoSocketReadException: Exception receiving message
	at com.mongodb.internal.connection.InternalStreamConnection.translateReadException(InternalStreamConnection.java:814) ~[mongodb-driver-core-5.2.1.jar:na]
	at com.mongodb.internal.connection.InternalStreamConnection.receiveResponseBuffers(InternalStreamConnection.java:862) ~[mongodb-driver-core-5.2.1.jar:na]
	at com.mongodb.internal.connection.InternalStreamConnection.receiveCommandMessageResponse(InternalStreamConnection.java:517) ~[mongodb-driver-core-5.2.1.jar:na]
	at com.mongodb.internal.connection.InternalStreamConnection.receive(InternalStreamConnection.java:469) ~[mongodb-driver-core-5.2.1.jar:na]
	at com.mongodb.internal.connection.DefaultServerMonitor$ServerMonitor.lookupServerDescription(DefaultServerMonitor.java:249) ~[mongodb-driver-core-5.2.1.jar:na]
	at com.mongodb.internal.connection.DefaultServerMonitor$ServerMonitor.run(DefaultServerMonitor.java:176) ~[mongodb-driver-core-5.2.1.jar:na]
Caused by: java.net.SocketException: Connection reset
	at java.base/sun.nio.ch.NioSocketImpl.implRead(NioSocketImpl.java:328) ~[na:na]
	at java.base/sun.nio.ch.NioSocketImpl.read(NioSocketImpl.java:355) ~[na:na]
	at java.base/sun.nio.ch.NioSocketImpl$1.read(NioSocketImpl.java:808) ~[na:na]
	at java.base/java.net.Socket$SocketInputStream.read(Socket.java:966) ~[na:na]
	at java.base/sun.security.ssl.SSLSocketInputRecord.read(SSLSocketInputRecord.java:484) ~[na:na]
	at java.base/sun.security.ssl.SSLSocketInputRecord.readHeader(SSLSocketInputRecord.java:478) ~[na:na]
	at java.base/sun.security.ssl.SSLSocketInputRecord.bytesInCompletePacket(SSLSocketInputRecord.java:70) ~[na:na]
	at java.base/sun.security.ssl.SSLSocketImpl.readApplicationRecord(SSLSocketImpl.java:1461) ~[na:na]
	at java.base/sun.security.ssl.SSLSocketImpl$AppInputStream.read(SSLSocketImpl.java:1065) ~[na:na]
	at com.mongodb.internal.connection.SocketStream.read(SocketStream.java:182) ~[mongodb-driver-core-5.2.1.jar:na]
	at com.mongodb.internal.connection.InternalStreamConnection.receiveResponseBuffers(InternalStreamConnection.java:829) ~[mongodb-driver-core-5.2.1.jar:na]
	... 4 common frames omitted

2026-05-16T16:02:37.408+01:00  INFO 28700 --- [MatchService] [ngodb.net:27017] org.mongodb.driver.cluster               : Exception in monitor thread while connecting to server ac-khxyvkv-shard-00-02.ltylxsp.mongodb.net:27017

com.mongodb.MongoSocketException: Hôte inconnu (ac-khxyvkv-shard-00-02.ltylxsp.mongodb.net)
	at com.mongodb.internal.connection.ServerAddressHelper.getSocketAddresses(ServerAddressHelper.java:75) ~[mongodb-driver-core-5.2.1.jar:na]
	at com.mongodb.internal.connection.SocketStream.initializeSocket(SocketStream.java:100) ~[mongodb-driver-core-5.2.1.jar:na]
	at com.mongodb.internal.connection.SocketStream.open(SocketStream.java:79) ~[mongodb-driver-core-5.2.1.jar:na]
	at com.mongodb.internal.connection.InternalStreamConnection.open(InternalStreamConnection.java:233) ~[mongodb-driver-core-5.2.1.jar:na]
	at com.mongodb.internal.connection.DefaultServerMonitor$ServerMonitor.lookupServerDescription(DefaultServerMonitor.java:219) ~[mongodb-driver-core-5.2.1.jar:na]
	at com.mongodb.internal.connection.DefaultServerMonitor$ServerMonitor.run(DefaultServerMonitor.java:176) ~[mongodb-driver-core-5.2.1.jar:na]
Caused by: java.net.UnknownHostException: Hôte inconnu (ac-khxyvkv-shard-00-02.ltylxsp.mongodb.net)
	at java.base/java.net.Inet6AddressImpl.lookupAllHostAddr(Native Method) ~[na:na]
	at java.base/java.net.InetAddress$PlatformNameService.lookupAllHostAddr(InetAddress.java:933) ~[na:na]
	at java.base/java.net.InetAddress.getAddressesFromNameService(InetAddress.java:1543) ~[na:na]
	at java.base/java.net.InetAddress$NameServiceAddresses.get(InetAddress.java:852) ~[na:na]
	at java.base/java.net.InetAddress.getAllByName0(InetAddress.java:1532) ~[na:na]
	at java.base/java.net.InetAddress.getAllByName(InetAddress.java:1384) ~[na:na]
	at java.base/java.net.InetAddress.getAllByName(InetAddress.java:1305) ~[na:na]
	at com.mongodb.internal.connection.DefaultInetAddressResolver.lookupByName(DefaultInetAddressResolver.java:34) ~[mongodb-driver-core-5.2.1.jar:na]
	at com.mongodb.internal.connection.ServerAddressHelper.getSocketAddresses(ServerAddressHelper.java:71) ~[mongodb-driver-core-5.2.1.jar:na]
	... 5 common frames omitted

2026-05-16T16:02:37.507+01:00  INFO 28700 --- [MatchService] [ngodb.net:27017] org.mongodb.driver.cluster               : Exception in monitor thread while connecting to server ac-khxyvkv-shard-00-01.ltylxsp.mongodb.net:27017

com.mongodb.MongoSocketException: Hôte inconnu (ac-khxyvkv-shard-00-01.ltylxsp.mongodb.net)
	at com.mongodb.internal.connection.ServerAddressHelper.getSocketAddresses(ServerAddressHelper.java:75) ~[mongodb-driver-core-5.2.1.jar:na]
	at com.mongodb.internal.connection.SocketStream.initializeSocket(SocketStream.java:100) ~[mongodb-driver-core-5.2.1.jar:na]
	at com.mongodb.internal.connection.SocketStream.open(SocketStream.java:79) ~[mongodb-driver-core-5.2.1.jar:na]
	at com.mongodb.internal.connection.InternalStreamConnection.open(InternalStreamConnection.java:233) ~[mongodb-driver-core-5.2.1.jar:na]
	at com.mongodb.internal.connection.DefaultServerMonitor$ServerMonitor.lookupServerDescription(DefaultServerMonitor.java:219) ~[mongodb-driver-core-5.2.1.jar:na]
	at com.mongodb.internal.connection.DefaultServerMonitor$ServerMonitor.run(DefaultServerMonitor.java:176) ~[mongodb-driver-core-5.2.1.jar:na]
Caused by: java.net.UnknownHostException: Hôte inconnu (ac-khxyvkv-shard-00-01.ltylxsp.mongodb.net)
	at java.base/java.net.Inet6AddressImpl.lookupAllHostAddr(Native Method) ~[na:na]
	at java.base/java.net.InetAddress$PlatformNameService.lookupAllHostAddr(InetAddress.java:933) ~[na:na]
	at java.base/java.net.InetAddress.getAddressesFromNameService(InetAddress.java:1543) ~[na:na]
	at java.base/java.net.InetAddress$NameServiceAddresses.get(InetAddress.java:852) ~[na:na]
	at java.base/java.net.InetAddress.getAllByName0(InetAddress.java:1532) ~[na:na]
	at java.base/java.net.InetAddress.getAllByName(InetAddress.java:1384) ~[na:na]
	at java.base/java.net.InetAddress.getAllByName(InetAddress.java:1305) ~[na:na]
	at com.mongodb.internal.connection.DefaultInetAddressResolver.lookupByName(DefaultInetAddressResolver.java:34) ~[mongodb-driver-core-5.2.1.jar:na]
	at com.mongodb.internal.connection.ServerAddressHelper.getSocketAddresses(ServerAddressHelper.java:71) ~[mongodb-driver-core-5.2.1.jar:na]
	... 5 common frames omitted

2026-05-16T16:02:37.525+01:00  INFO 28700 --- [MatchService] [ngodb.net:27017] org.mongodb.driver.cluster               : Exception in monitor thread while connecting to server ac-khxyvkv-shard-00-00.ltylxsp.mongodb.net:27017

com.mongodb.MongoSocketException: Hôte inconnu (ac-khxyvkv-shard-00-00.ltylxsp.mongodb.net)
	at com.mongodb.internal.connection.ServerAddressHelper.getSocketAddresses(ServerAddressHelper.java:75) ~[mongodb-driver-core-5.2.1.jar:na]
	at com.mongodb.internal.connection.SocketStream.initializeSocket(SocketStream.java:100) ~[mongodb-driver-core-5.2.1.jar:na]
	at com.mongodb.internal.connection.SocketStream.open(SocketStream.java:79) ~[mongodb-driver-core-5.2.1.jar:na]
	at com.mongodb.internal.connection.InternalStreamConnection.open(InternalStreamConnection.java:233) ~[mongodb-driver-core-5.2.1.jar:na]
	at com.mongodb.internal.connection.DefaultServerMonitor$ServerMonitor.lookupServerDescription(DefaultServerMonitor.java:219) ~[mongodb-driver-core-5.2.1.jar:na]
	at com.mongodb.internal.connection.DefaultServerMonitor$ServerMonitor.run(DefaultServerMonitor.java:176) ~[mongodb-driver-core-5.2.1.jar:na]
Caused by: java.net.UnknownHostException: Hôte inconnu (ac-khxyvkv-shard-00-00.ltylxsp.mongodb.net)
	at java.base/java.net.Inet6AddressImpl.lookupAllHostAddr(Native Method) ~[na:na]
	at java.base/java.net.InetAddress$PlatformNameService.lookupAllHostAddr(InetAddress.java:933) ~[na:na]
	at java.base/java.net.InetAddress.getAddressesFromNameService(InetAddress.java:1543) ~[na:na]
	at java.base/java.net.InetAddress$NameServiceAddresses.get(InetAddress.java:852) ~[na:na]
	at java.base/java.net.InetAddress.getAllByName0(InetAddress.java:1532) ~[na:na]
	at java.base/java.net.InetAddress.getAllByName(InetAddress.java:1384) ~[na:na]
	at java.base/java.net.InetAddress.getAllByName(InetAddress.java:1305) ~[na:na]
	at com.mongodb.internal.connection.DefaultInetAddressResolver.lookupByName(DefaultInetAddressResolver.java:34) ~[mongodb-driver-core-5.2.1.jar:na]
	at com.mongodb.internal.connection.ServerAddressHelper.getSocketAddresses(ServerAddressHelper.java:71) ~[mongodb-driver-core-5.2.1.jar:na]
	... 5 common frames omitted

2026-05-16T21:36:00.343+01:00  INFO 28700 --- [MatchService] [ngodb.net:27017] org.mongodb.driver.cluster               : Monitor thread successfully connected to server with description ServerDescription{address=ac-khxyvkv-shard-00-00.ltylxsp.mongodb.net:27017, type=REPLICA_SET_SECONDARY, cryptd=false, state=CONNECTED, ok=true, minWireVersion=0, maxWireVersion=25, maxDocumentSize=16777216, logicalSessionTimeoutMinutes=30, roundTripTimeNanos=790001100, minRoundTripTimeNanos=0, setName='atlas-6x6yvm-shard-0', canonicalAddress=ac-khxyvkv-shard-00-00.ltylxsp.mongodb.net:27017, hosts=[ac-khxyvkv-shard-00-00.ltylxsp.mongodb.net:27017, ac-khxyvkv-shard-00-01.ltylxsp.mongodb.net:27017, ac-khxyvkv-shard-00-02.ltylxsp.mongodb.net:27017], passives=[], arbiters=[], primary='ac-khxyvkv-shard-00-01.ltylxsp.mongodb.net:27017', tagSet=TagSet{[Tag{name='availabilityZone', value='euw3-az1'}, Tag{name='cacheState', value='READY'}, Tag{name='diskState', value='READY'}, Tag{name='nodeType', value='ELECTABLE'}, Tag{name='provider', value='AWS'}, Tag{name='region', value='EU_WEST_3'}, Tag{name='workloadType', value='OPERATIONAL'}]}, electionId=null, setVersion=36, topologyVersion=TopologyVersion{processId=69fe3480bce649a00b1f6b90, counter=4}, lastWriteDate=Sat May 16 21:36:00 WAT 2026, lastUpdateTimeNanos=41466227022200}
2026-05-16T21:36:00.349+01:00  INFO 28700 --- [MatchService] [ngodb.net:27017] org.mongodb.driver.cluster               : Monitor thread successfully connected to server with description ServerDescription{address=ac-khxyvkv-shard-00-02.ltylxsp.mongodb.net:27017, type=REPLICA_SET_SECONDARY, cryptd=false, state=CONNECTED, ok=true, minWireVersion=0, maxWireVersion=25, maxDocumentSize=16777216, logicalSessionTimeoutMinutes=30, roundTripTimeNanos=812628600, minRoundTripTimeNanos=0, setName='atlas-6x6yvm-shard-0', canonicalAddress=ac-khxyvkv-shard-00-02.ltylxsp.mongodb.net:27017, hosts=[ac-khxyvkv-shard-00-00.ltylxsp.mongodb.net:27017, ac-khxyvkv-shard-00-01.ltylxsp.mongodb.net:27017, ac-khxyvkv-shard-00-02.ltylxsp.mongodb.net:27017], passives=[], arbiters=[], primary='ac-khxyvkv-shard-00-01.ltylxsp.mongodb.net:27017', tagSet=TagSet{[Tag{name='availabilityZone', value='euw3-az3'}, Tag{name='cacheState', value='READY'}, Tag{name='diskState', value='READY'}, Tag{name='nodeType', value='ELECTABLE'}, Tag{name='provider', value='AWS'}, Tag{name='region', value='EU_WEST_3'}, Tag{name='workloadType', value='OPERATIONAL'}]}, electionId=null, setVersion=36, topologyVersion=TopologyVersion{processId=69fe3974932517ad87b461cb, counter=3}, lastWriteDate=Sat May 16 21:36:00 WAT 2026, lastUpdateTimeNanos=41466249635900}
2026-05-16T21:36:00.798+01:00  INFO 28700 --- [MatchService] [ngodb.net:27017] org.mongodb.driver.cluster               : Monitor thread successfully connected to server with description ServerDescription{address=ac-khxyvkv-shard-00-01.ltylxsp.mongodb.net:27017, type=REPLICA_SET_PRIMARY, cryptd=false, state=CONNECTED, ok=true, minWireVersion=0, maxWireVersion=25, maxDocumentSize=16777216, logicalSessionTimeoutMinutes=30, roundTripTimeNanos=1261632200, minRoundTripTimeNanos=0, setName='atlas-6x6yvm-shard-0', canonicalAddress=ac-khxyvkv-shard-00-01.ltylxsp.mongodb.net:27017, hosts=[ac-khxyvkv-shard-00-00.ltylxsp.mongodb.net:27017, ac-khxyvkv-shard-00-01.ltylxsp.mongodb.net:27017, ac-khxyvkv-shard-00-02.ltylxsp.mongodb.net:27017], passives=[], arbiters=[], primary='ac-khxyvkv-shard-00-01.ltylxsp.mongodb.net:27017', tagSet=TagSet{[Tag{name='availabilityZone', value='euw3-az2'}, Tag{name='cacheState', value='READY'}, Tag{name='diskState', value='READY'}, Tag{name='nodeType', value='ELECTABLE'}, Tag{name='provider', value='AWS'}, Tag{name='region', value='EU_WEST_3'}, Tag{name='workloadType', value='OPERATIONAL'}]}, electionId=7fffffff0000000000000069, setVersion=36, topologyVersion=TopologyVersion{processId=69fe370e7afba3a6519b2508, counter=6}, lastWriteDate=Sat May 16 21:36:00 WAT 2026, lastUpdateTimeNanos=41466698650200}
2026-05-16T21:36:00.895+01:00  INFO 28700 --- [MatchService] [ngodb.net:27017] org.mongodb.driver.cluster               : Discovered replica set primary ac-khxyvkv-shard-00-01.ltylxsp.mongodb.net:27017 with max election id 7fffffff0000000000000069 and max set version 36
2026-05-17T03:43:45.451+01:00  INFO 28700 --- [MatchService] [ngodb.net:27017] org.mongodb.driver.cluster               : Exception in monitor thread while connecting to server ac-khxyvkv-shard-00-02.ltylxsp.mongodb.net:27017

com.mongodb.MongoSocketReadException: Exception receiving message
	at com.mongodb.internal.connection.InternalStreamConnection.translateReadException(InternalStreamConnection.java:814) ~[mongodb-driver-core-5.2.1.jar:na]
	at com.mongodb.internal.connection.InternalStreamConnection.receiveResponseBuffers(InternalStreamConnection.java:862) ~[mongodb-driver-core-5.2.1.jar:na]
	at com.mongodb.internal.connection.InternalStreamConnection.receiveCommandMessageResponse(InternalStreamConnection.java:517) ~[mongodb-driver-core-5.2.1.jar:na]
	at com.mongodb.internal.connection.InternalStreamConnection.receive(InternalStreamConnection.java:469) ~[mongodb-driver-core-5.2.1.jar:na]
	at com.mongodb.internal.connection.DefaultServerMonitor$ServerMonitor.lookupServerDescription(DefaultServerMonitor.java:249) ~[mongodb-driver-core-5.2.1.jar:na]
	at com.mongodb.internal.connection.DefaultServerMonitor$ServerMonitor.run(DefaultServerMonitor.java:176) ~[mongodb-driver-core-5.2.1.jar:na]
Caused by: java.net.SocketException: Connection reset
	at java.base/sun.nio.ch.NioSocketImpl.implRead(NioSocketImpl.java:328) ~[na:na]
	at java.base/sun.nio.ch.NioSocketImpl.read(NioSocketImpl.java:355) ~[na:na]
	at java.base/sun.nio.ch.NioSocketImpl$1.read(NioSocketImpl.java:808) ~[na:na]
	at java.base/java.net.Socket$SocketInputStream.read(Socket.java:966) ~[na:na]
	at java.base/sun.security.ssl.SSLSocketInputRecord.read(SSLSocketInputRecord.java:484) ~[na:na]
	at java.base/sun.security.ssl.SSLSocketInputRecord.readHeader(SSLSocketInputRecord.java:478) ~[na:na]
	at java.base/sun.security.ssl.SSLSocketInputRecord.bytesInCompletePacket(SSLSocketInputRecord.java:70) ~[na:na]
	at java.base/sun.security.ssl.SSLSocketImpl.readApplicationRecord(SSLSocketImpl.java:1461) ~[na:na]
	at java.base/sun.security.ssl.SSLSocketImpl$AppInputStream.read(SSLSocketImpl.java:1065) ~[na:na]
	at com.mongodb.internal.connection.SocketStream.read(SocketStream.java:182) ~[mongodb-driver-core-5.2.1.jar:na]
	at com.mongodb.internal.connection.InternalStreamConnection.receiveResponseBuffers(InternalStreamConnection.java:829) ~[mongodb-driver-core-5.2.1.jar:na]
	... 4 common frames omitted

2026-05-17T03:43:45.455+01:00  INFO 28700 --- [MatchService] [ngodb.net:27017] org.mongodb.driver.cluster               : Exception in monitor thread while connecting to server ac-khxyvkv-shard-00-01.ltylxsp.mongodb.net:27017

com.mongodb.MongoSocketReadException: Exception receiving message
	at com.mongodb.internal.connection.InternalStreamConnection.translateReadException(InternalStreamConnection.java:814) ~[mongodb-driver-core-5.2.1.jar:na]
	at com.mongodb.internal.connection.InternalStreamConnection.receiveResponseBuffers(InternalStreamConnection.java:862) ~[mongodb-driver-core-5.2.1.jar:na]
	at com.mongodb.internal.connection.InternalStreamConnection.receiveCommandMessageResponse(InternalStreamConnection.java:517) ~[mongodb-driver-core-5.2.1.jar:na]
	at com.mongodb.internal.connection.InternalStreamConnection.receive(InternalStreamConnection.java:469) ~[mongodb-driver-core-5.2.1.jar:na]
	at com.mongodb.internal.connection.DefaultServerMonitor$ServerMonitor.lookupServerDescription(DefaultServerMonitor.java:249) ~[mongodb-driver-core-5.2.1.jar:na]
	at com.mongodb.internal.connection.DefaultServerMonitor$ServerMonitor.run(DefaultServerMonitor.java:176) ~[mongodb-driver-core-5.2.1.jar:na]
Caused by: java.net.SocketException: Connection reset
	at java.base/sun.nio.ch.NioSocketImpl.implRead(NioSocketImpl.java:328) ~[na:na]
	at java.base/sun.nio.ch.NioSocketImpl.read(NioSocketImpl.java:355) ~[na:na]
	at java.base/sun.nio.ch.NioSocketImpl$1.read(NioSocketImpl.java:808) ~[na:na]
	at java.base/java.net.Socket$SocketInputStream.read(Socket.java:966) ~[na:na]
	at java.base/sun.security.ssl.SSLSocketInputRecord.read(SSLSocketInputRecord.java:484) ~[na:na]
	at java.base/sun.security.ssl.SSLSocketInputRecord.readHeader(SSLSocketInputRecord.java:478) ~[na:na]
	at java.base/sun.security.ssl.SSLSocketInputRecord.bytesInCompletePacket(SSLSocketInputRecord.java:70) ~[na:na]
	at java.base/sun.security.ssl.SSLSocketImpl.readApplicationRecord(SSLSocketImpl.java:1461) ~[na:na]
	at java.base/sun.security.ssl.SSLSocketImpl$AppInputStream.read(SSLSocketImpl.java:1065) ~[na:na]
	at com.mongodb.internal.connection.SocketStream.read(SocketStream.java:182) ~[mongodb-driver-core-5.2.1.jar:na]
	at com.mongodb.internal.connection.InternalStreamConnection.receiveResponseBuffers(InternalStreamConnection.java:829) ~[mongodb-driver-core-5.2.1.jar:na]
	... 4 common frames omitted

2026-05-17T03:43:45.467+01:00  INFO 28700 --- [MatchService] [ngodb.net:27017] org.mongodb.driver.cluster               : Exception in monitor thread while connecting to server ac-khxyvkv-shard-00-00.ltylxsp.mongodb.net:27017

com.mongodb.MongoSocketReadException: Exception receiving message
	at com.mongodb.internal.connection.InternalStreamConnection.translateReadException(InternalStreamConnection.java:814) ~[mongodb-driver-core-5.2.1.jar:na]
	at com.mongodb.internal.connection.InternalStreamConnection.receiveResponseBuffers(InternalStreamConnection.java:862) ~[mongodb-driver-core-5.2.1.jar:na]
	at com.mongodb.internal.connection.InternalStreamConnection.receiveCommandMessageResponse(InternalStreamConnection.java:517) ~[mongodb-driver-core-5.2.1.jar:na]
	at com.mongodb.internal.connection.InternalStreamConnection.receive(InternalStreamConnection.java:469) ~[mongodb-driver-core-5.2.1.jar:na]
	at com.mongodb.internal.connection.DefaultServerMonitor$ServerMonitor.lookupServerDescription(DefaultServerMonitor.java:249) ~[mongodb-driver-core-5.2.1.jar:na]
	at com.mongodb.internal.connection.DefaultServerMonitor$ServerMonitor.run(DefaultServerMonitor.java:176) ~[mongodb-driver-core-5.2.1.jar:na]
Caused by: java.net.SocketException: Connection reset
	at java.base/sun.nio.ch.NioSocketImpl.implRead(NioSocketImpl.java:328) ~[na:na]
	at java.base/sun.nio.ch.NioSocketImpl.read(NioSocketImpl.java:355) ~[na:na]
	at java.base/sun.nio.ch.NioSocketImpl$1.read(NioSocketImpl.java:808) ~[na:na]
	at java.base/java.net.Socket$SocketInputStream.read(Socket.java:966) ~[na:na]
	at java.base/sun.security.ssl.SSLSocketInputRecord.read(SSLSocketInputRecord.java:484) ~[na:na]
	at java.base/sun.security.ssl.SSLSocketInputRecord.readHeader(SSLSocketInputRecord.java:478) ~[na:na]
	at java.base/sun.security.ssl.SSLSocketInputRecord.bytesInCompletePacket(SSLSocketInputRecord.java:70) ~[na:na]
	at java.base/sun.security.ssl.SSLSocketImpl.readApplicationRecord(SSLSocketImpl.java:1461) ~[na:na]
	at java.base/sun.security.ssl.SSLSocketImpl$AppInputStream.read(SSLSocketImpl.java:1065) ~[na:na]
	at com.mongodb.internal.connection.SocketStream.read(SocketStream.java:182) ~[mongodb-driver-core-5.2.1.jar:na]
	at com.mongodb.internal.connection.InternalStreamConnection.receiveResponseBuffers(InternalStreamConnection.java:829) ~[mongodb-driver-core-5.2.1.jar:na]
	... 4 common frames omitted

2026-05-17T03:43:46.442+01:00  INFO 28700 --- [MatchService] [ngodb.net:27017] org.mongodb.driver.cluster               : Monitor thread successfully connected to server with description ServerDescription{address=ac-khxyvkv-shard-00-02.ltylxsp.mongodb.net:27017, type=REPLICA_SET_SECONDARY, cryptd=false, state=CONNECTED, ok=true, minWireVersion=0, maxWireVersion=25, maxDocumentSize=16777216, logicalSessionTimeoutMinutes=30, roundTripTimeNanos=537900000, minRoundTripTimeNanos=0, setName='atlas-6x6yvm-shard-0', canonicalAddress=ac-khxyvkv-shard-00-02.ltylxsp.mongodb.net:27017, hosts=[ac-khxyvkv-shard-00-00.ltylxsp.mongodb.net:27017, ac-khxyvkv-shard-00-01.ltylxsp.mongodb.net:27017, ac-khxyvkv-shard-00-02.ltylxsp.mongodb.net:27017], passives=[], arbiters=[], primary='ac-khxyvkv-shard-00-01.ltylxsp.mongodb.net:27017', tagSet=TagSet{[Tag{name='availabilityZone', value='euw3-az3'}, Tag{name='cacheState', value='READY'}, Tag{name='diskState', value='READY'}, Tag{name='nodeType', value='ELECTABLE'}, Tag{name='provider', value='AWS'}, Tag{name='region', value='EU_WEST_3'}, Tag{name='workloadType', value='OPERATIONAL'}]}, electionId=null, setVersion=36, topologyVersion=TopologyVersion{processId=69fe3974932517ad87b461cb, counter=3}, lastWriteDate=Sun May 17 03:43:46 WAT 2026, lastUpdateTimeNanos=63532212051300}
2026-05-17T03:43:47.799+01:00  INFO 28700 --- [MatchService] [ngodb.net:27017] org.mongodb.driver.cluster               : Monitor thread successfully connected to server with description ServerDescription{address=ac-khxyvkv-shard-00-01.ltylxsp.mongodb.net:27017, type=REPLICA_SET_PRIMARY, cryptd=false, state=CONNECTED, ok=true, minWireVersion=0, maxWireVersion=25, maxDocumentSize=16777216, logicalSessionTimeoutMinutes=30, roundTripTimeNanos=799797400, minRoundTripTimeNanos=0, setName='atlas-6x6yvm-shard-0', canonicalAddress=ac-khxyvkv-shard-00-01.ltylxsp.mongodb.net:27017, hosts=[ac-khxyvkv-shard-00-00.ltylxsp.mongodb.net:27017, ac-khxyvkv-shard-00-01.ltylxsp.mongodb.net:27017, ac-khxyvkv-shard-00-02.ltylxsp.mongodb.net:27017], passives=[], arbiters=[], primary='ac-khxyvkv-shard-00-01.ltylxsp.mongodb.net:27017', tagSet=TagSet{[Tag{name='availabilityZone', value='euw3-az2'}, Tag{name='cacheState', value='READY'}, Tag{name='diskState', value='READY'}, Tag{name='nodeType', value='ELECTABLE'}, Tag{name='provider', value='AWS'}, Tag{name='region', value='EU_WEST_3'}, Tag{name='workloadType', value='OPERATIONAL'}]}, electionId=7fffffff0000000000000069, setVersion=36, topologyVersion=TopologyVersion{processId=69fe370e7afba3a6519b2508, counter=6}, lastWriteDate=Sun May 17 03:43:47 WAT 2026, lastUpdateTimeNanos=63533585017300}
2026-05-17T03:43:47.818+01:00  INFO 28700 --- [MatchService] [ngodb.net:27017] org.mongodb.driver.cluster               : Discovered replica set primary ac-khxyvkv-shard-00-01.ltylxsp.mongodb.net:27017 with max election id 7fffffff0000000000000069 and max set version 36
2026-05-17T05:24:59.455+01:00  INFO 28700 --- [MatchService] [ngodb.net:27017] org.mongodb.driver.cluster               : Exception in monitor thread while connecting to server ac-khxyvkv-shard-00-01.ltylxsp.mongodb.net:27017

com.mongodb.MongoSocketReadException: Exception receiving message
	at com.mongodb.internal.connection.InternalStreamConnection.translateReadException(InternalStreamConnection.java:814) ~[mongodb-driver-core-5.2.1.jar:na]
	at com.mongodb.internal.connection.InternalStreamConnection.receiveResponseBuffers(InternalStreamConnection.java:862) ~[mongodb-driver-core-5.2.1.jar:na]
	at com.mongodb.internal.connection.InternalStreamConnection.receiveCommandMessageResponse(InternalStreamConnection.java:517) ~[mongodb-driver-core-5.2.1.jar:na]
	at com.mongodb.internal.connection.InternalStreamConnection.receive(InternalStreamConnection.java:469) ~[mongodb-driver-core-5.2.1.jar:na]
	at com.mongodb.internal.connection.DefaultServerMonitor$ServerMonitor.lookupServerDescription(DefaultServerMonitor.java:249) ~[mongodb-driver-core-5.2.1.jar:na]
	at com.mongodb.internal.connection.DefaultServerMonitor$ServerMonitor.run(DefaultServerMonitor.java:176) ~[mongodb-driver-core-5.2.1.jar:na]
Caused by: java.net.SocketException: Connection reset
	at java.base/sun.nio.ch.NioSocketImpl.implRead(NioSocketImpl.java:328) ~[na:na]
	at java.base/sun.nio.ch.NioSocketImpl.read(NioSocketImpl.java:355) ~[na:na]
	at java.base/sun.nio.ch.NioSocketImpl$1.read(NioSocketImpl.java:808) ~[na:na]
	at java.base/java.net.Socket$SocketInputStream.read(Socket.java:966) ~[na:na]
	at java.base/sun.security.ssl.SSLSocketInputRecord.read(SSLSocketInputRecord.java:484) ~[na:na]
	at java.base/sun.security.ssl.SSLSocketInputRecord.readHeader(SSLSocketInputRecord.java:478) ~[na:na]
	at java.base/sun.security.ssl.SSLSocketInputRecord.bytesInCompletePacket(SSLSocketInputRecord.java:70) ~[na:na]
	at java.base/sun.security.ssl.SSLSocketImpl.readApplicationRecord(SSLSocketImpl.java:1461) ~[na:na]
	at java.base/sun.security.ssl.SSLSocketImpl$AppInputStream.read(SSLSocketImpl.java:1065) ~[na:na]
	at com.mongodb.internal.connection.SocketStream.read(SocketStream.java:182) ~[mongodb-driver-core-5.2.1.jar:na]
	at com.mongodb.internal.connection.InternalStreamConnection.receiveResponseBuffers(InternalStreamConnection.java:829) ~[mongodb-driver-core-5.2.1.jar:na]
	... 4 common frames omitted

2026-05-17T05:24:59.455+01:00  INFO 28700 --- [MatchService] [ngodb.net:27017] org.mongodb.driver.cluster               : Exception in monitor thread while connecting to server ac-khxyvkv-shard-00-02.ltylxsp.mongodb.net:27017

com.mongodb.MongoSocketReadException: Exception receiving message
	at com.mongodb.internal.connection.InternalStreamConnection.translateReadException(InternalStreamConnection.java:814) ~[mongodb-driver-core-5.2.1.jar:na]
	at com.mongodb.internal.connection.InternalStreamConnection.receiveResponseBuffers(InternalStreamConnection.java:862) ~[mongodb-driver-core-5.2.1.jar:na]
	at com.mongodb.internal.connection.InternalStreamConnection.receiveCommandMessageResponse(InternalStreamConnection.java:517) ~[mongodb-driver-core-5.2.1.jar:na]
	at com.mongodb.internal.connection.InternalStreamConnection.receive(InternalStreamConnection.java:469) ~[mongodb-driver-core-5.2.1.jar:na]
	at com.mongodb.internal.connection.DefaultServerMonitor$ServerMonitor.lookupServerDescription(DefaultServerMonitor.java:249) ~[mongodb-driver-core-5.2.1.jar:na]
	at com.mongodb.internal.connection.DefaultServerMonitor$ServerMonitor.run(DefaultServerMonitor.java:176) ~[mongodb-driver-core-5.2.1.jar:na]
Caused by: java.net.SocketException: Connection reset
	at java.base/sun.nio.ch.NioSocketImpl.implRead(NioSocketImpl.java:328) ~[na:na]
	at java.base/sun.nio.ch.NioSocketImpl.read(NioSocketImpl.java:355) ~[na:na]
	at java.base/sun.nio.ch.NioSocketImpl$1.read(NioSocketImpl.java:808) ~[na:na]
	at java.base/java.net.Socket$SocketInputStream.read(Socket.java:966) ~[na:na]
	at java.base/sun.security.ssl.SSLSocketInputRecord.read(SSLSocketInputRecord.java:484) ~[na:na]
	at java.base/sun.security.ssl.SSLSocketInputRecord.readHeader(SSLSocketInputRecord.java:478) ~[na:na]
	at java.base/sun.security.ssl.SSLSocketInputRecord.bytesInCompletePacket(SSLSocketInputRecord.java:70) ~[na:na]
	at java.base/sun.security.ssl.SSLSocketImpl.readApplicationRecord(SSLSocketImpl.java:1461) ~[na:na]
	at java.base/sun.security.ssl.SSLSocketImpl$AppInputStream.read(SSLSocketImpl.java:1065) ~[na:na]
	at com.mongodb.internal.connection.SocketStream.read(SocketStream.java:182) ~[mongodb-driver-core-5.2.1.jar:na]
	at com.mongodb.internal.connection.InternalStreamConnection.receiveResponseBuffers(InternalStreamConnection.java:829) ~[mongodb-driver-core-5.2.1.jar:na]
	... 4 common frames omitted

2026-05-17T19:27:28.110+01:00  INFO 28700 --- [MatchService] [ngodb.net:27017] org.mongodb.driver.cluster               : Monitor thread successfully connected to server with description ServerDescription{address=ac-khxyvkv-shard-00-02.ltylxsp.mongodb.net:27017, type=REPLICA_SET_SECONDARY, cryptd=false, state=CONNECTED, ok=true, minWireVersion=0, maxWireVersion=25, maxDocumentSize=16777216, logicalSessionTimeoutMinutes=30, roundTripTimeNanos=506682200, minRoundTripTimeNanos=0, setName='atlas-6x6yvm-shard-0', canonicalAddress=ac-khxyvkv-shard-00-02.ltylxsp.mongodb.net:27017, hosts=[ac-khxyvkv-shard-00-00.ltylxsp.mongodb.net:27017, ac-khxyvkv-shard-00-01.ltylxsp.mongodb.net:27017, ac-khxyvkv-shard-00-02.ltylxsp.mongodb.net:27017], passives=[], arbiters=[], primary='ac-khxyvkv-shard-00-01.ltylxsp.mongodb.net:27017', tagSet=TagSet{[Tag{name='availabilityZone', value='euw3-az3'}, Tag{name='cacheState', value='READY'}, Tag{name='diskState', value='READY'}, Tag{name='nodeType', value='ELECTABLE'}, Tag{name='provider', value='AWS'}, Tag{name='region', value='EU_WEST_3'}, Tag{name='workloadType', value='OPERATIONAL'}]}, electionId=null, setVersion=36, topologyVersion=TopologyVersion{processId=69fe3974932517ad87b461cb, counter=3}, lastWriteDate=Sun May 17 19:27:27 WAT 2026, lastUpdateTimeNanos=120160009367000}
2026-05-17T19:27:28.118+01:00  INFO 28700 --- [MatchService] [ngodb.net:27017] org.mongodb.driver.cluster               : Monitor thread successfully connected to server with description ServerDescription{address=ac-khxyvkv-shard-00-01.ltylxsp.mongodb.net:27017, type=REPLICA_SET_PRIMARY, cryptd=false, state=CONNECTED, ok=true, minWireVersion=0, maxWireVersion=25, maxDocumentSize=16777216, logicalSessionTimeoutMinutes=30, roundTripTimeNanos=295439500, minRoundTripTimeNanos=0, setName='atlas-6x6yvm-shard-0', canonicalAddress=ac-khxyvkv-shard-00-01.ltylxsp.mongodb.net:27017, hosts=[ac-khxyvkv-shard-00-00.ltylxsp.mongodb.net:27017, ac-khxyvkv-shard-00-01.ltylxsp.mongodb.net:27017, ac-khxyvkv-shard-00-02.ltylxsp.mongodb.net:27017], passives=[], arbiters=[], primary='ac-khxyvkv-shard-00-01.ltylxsp.mongodb.net:27017', tagSet=TagSet{[Tag{name='availabilityZone', value='euw3-az2'}, Tag{name='cacheState', value='READY'}, Tag{name='diskState', value='READY'}, Tag{name='nodeType', value='ELECTABLE'}, Tag{name='provider', value='AWS'}, Tag{name='region', value='EU_WEST_3'}, Tag{name='workloadType', value='OPERATIONAL'}]}, electionId=7fffffff0000000000000069, setVersion=36, topologyVersion=TopologyVersion{processId=69fe370e7afba3a6519b2508, counter=6}, lastWriteDate=Sun May 17 19:27:27 WAT 2026, lastUpdateTimeNanos=120160017306900}
2026-05-17T19:27:28.121+01:00  INFO 28700 --- [MatchService] [ngodb.net:27017] org.mongodb.driver.cluster               : Discovered replica set primary ac-khxyvkv-shard-00-01.ltylxsp.mongodb.net:27017 with max election id 7fffffff0000000000000069 and max set version 36
2026-05-17T19:27:31.108+01:00  INFO 28700 --- [MatchService] [ngodb.net:27017] org.mongodb.driver.cluster               : Monitor thread successfully connected to server with description ServerDescription{address=ac-khxyvkv-shard-00-00.ltylxsp.mongodb.net:27017, type=REPLICA_SET_SECONDARY, cryptd=false, state=CONNECTED, ok=true, minWireVersion=0, maxWireVersion=25, maxDocumentSize=16777216, logicalSessionTimeoutMinutes=30, roundTripTimeNanos=166202100, minRoundTripTimeNanos=0, setName='atlas-6x6yvm-shard-0', canonicalAddress=ac-khxyvkv-shard-00-00.ltylxsp.mongodb.net:27017, hosts=[ac-khxyvkv-shard-00-00.ltylxsp.mongodb.net:27017, ac-khxyvkv-shard-00-01.ltylxsp.mongodb.net:27017, ac-khxyvkv-shard-00-02.ltylxsp.mongodb.net:27017], passives=[], arbiters=[], primary='ac-khxyvkv-shard-00-01.ltylxsp.mongodb.net:27017', tagSet=TagSet{[Tag{name='availabilityZone', value='euw3-az1'}, Tag{name='cacheState', value='READY'}, Tag{name='diskState', value='READY'}, Tag{name='nodeType', value='ELECTABLE'}, Tag{name='provider', value='AWS'}, Tag{name='region', value='EU_WEST_3'}, Tag{name='workloadType', value='OPERATIONAL'}]}, electionId=null, setVersion=36, topologyVersion=TopologyVersion{processId=69fe3480bce649a00b1f6b90, counter=4}, lastWriteDate=Sun May 17 19:27:30 WAT 2026, lastUpdateTimeNanos=120163007107700}
2026-05-17T21:03:16.891+01:00  INFO 28700 --- [MatchService] [ngodb.net:27017] org.mongodb.driver.cluster               : Exception in monitor thread while connecting to server ac-khxyvkv-shard-00-00.ltylxsp.mongodb.net:27017

com.mongodb.MongoSocketReadException: Exception receiving message
	at com.mongodb.internal.connection.InternalStreamConnection.translateReadException(InternalStreamConnection.java:814) ~[mongodb-driver-core-5.2.1.jar:na]
	at com.mongodb.internal.connection.InternalStreamConnection.receiveResponseBuffers(InternalStreamConnection.java:862) ~[mongodb-driver-core-5.2.1.jar:na]
	at com.mongodb.internal.connection.InternalStreamConnection.receiveCommandMessageResponse(InternalStreamConnection.java:517) ~[mongodb-driver-core-5.2.1.jar:na]
	at com.mongodb.internal.connection.InternalStreamConnection.receive(InternalStreamConnection.java:469) ~[mongodb-driver-core-5.2.1.jar:na]
	at com.mongodb.internal.connection.DefaultServerMonitor$ServerMonitor.lookupServerDescription(DefaultServerMonitor.java:249) ~[mongodb-driver-core-5.2.1.jar:na]
	at com.mongodb.internal.connection.DefaultServerMonitor$ServerMonitor.run(DefaultServerMonitor.java:176) ~[mongodb-driver-core-5.2.1.jar:na]
Caused by: java.net.SocketException: Connection reset
	at java.base/sun.nio.ch.NioSocketImpl.implRead(NioSocketImpl.java:328) ~[na:na]
	at java.base/sun.nio.ch.NioSocketImpl.read(NioSocketImpl.java:355) ~[na:na]
	at java.base/sun.nio.ch.NioSocketImpl$1.read(NioSocketImpl.java:808) ~[na:na]
	at java.base/java.net.Socket$SocketInputStream.read(Socket.java:966) ~[na:na]
	at java.base/sun.security.ssl.SSLSocketInputRecord.read(SSLSocketInputRecord.java:484) ~[na:na]
	at java.base/sun.security.ssl.SSLSocketInputRecord.readHeader(SSLSocketInputRecord.java:478) ~[na:na]
	at java.base/sun.security.ssl.SSLSocketInputRecord.bytesInCompletePacket(SSLSocketInputRecord.java:70) ~[na:na]
	at java.base/sun.security.ssl.SSLSocketImpl.readApplicationRecord(SSLSocketImpl.java:1461) ~[na:na]
	at java.base/sun.security.ssl.SSLSocketImpl$AppInputStream.read(SSLSocketImpl.java:1065) ~[na:na]
	at com.mongodb.internal.connection.SocketStream.read(SocketStream.java:182) ~[mongodb-driver-core-5.2.1.jar:na]
	at com.mongodb.internal.connection.InternalStreamConnection.receiveResponseBuffers(InternalStreamConnection.java:829) ~[mongodb-driver-core-5.2.1.jar:na]
	... 4 common frames omitted

2026-05-17T21:03:16.890+01:00  INFO 28700 --- [MatchService] [ngodb.net:27017] org.mongodb.driver.cluster               : Exception in monitor thread while connecting to server ac-khxyvkv-shard-00-01.ltylxsp.mongodb.net:27017

com.mongodb.MongoSocketReadException: Exception receiving message
	at com.mongodb.internal.connection.InternalStreamConnection.translateReadException(InternalStreamConnection.java:814) ~[mongodb-driver-core-5.2.1.jar:na]
	at com.mongodb.internal.connection.InternalStreamConnection.receiveResponseBuffers(InternalStreamConnection.java:862) ~[mongodb-driver-core-5.2.1.jar:na]
	at com.mongodb.internal.connection.InternalStreamConnection.receiveCommandMessageResponse(InternalStreamConnection.java:517) ~[mongodb-driver-core-5.2.1.jar:na]
	at com.mongodb.internal.connection.InternalStreamConnection.receive(InternalStreamConnection.java:469) ~[mongodb-driver-core-5.2.1.jar:na]
	at com.mongodb.internal.connection.DefaultServerMonitor$ServerMonitor.lookupServerDescription(DefaultServerMonitor.java:249) ~[mongodb-driver-core-5.2.1.jar:na]
	at com.mongodb.internal.connection.DefaultServerMonitor$ServerMonitor.run(DefaultServerMonitor.java:176) ~[mongodb-driver-core-5.2.1.jar:na]
Caused by: java.net.SocketException: Connection reset
	at java.base/sun.nio.ch.NioSocketImpl.implRead(NioSocketImpl.java:328) ~[na:na]
	at java.base/sun.nio.ch.NioSocketImpl.read(NioSocketImpl.java:355) ~[na:na]
	at java.base/sun.nio.ch.NioSocketImpl$1.read(NioSocketImpl.java:808) ~[na:na]
	at java.base/java.net.Socket$SocketInputStream.read(Socket.java:966) ~[na:na]
	at java.base/sun.security.ssl.SSLSocketInputRecord.read(SSLSocketInputRecord.java:484) ~[na:na]
	at java.base/sun.security.ssl.SSLSocketInputRecord.readHeader(SSLSocketInputRecord.java:478) ~[na:na]
	at java.base/sun.security.ssl.SSLSocketInputRecord.bytesInCompletePacket(SSLSocketInputRecord.java:70) ~[na:na]
	at java.base/sun.security.ssl.SSLSocketImpl.readApplicationRecord(SSLSocketImpl.java:1461) ~[na:na]
	at java.base/sun.security.ssl.SSLSocketImpl$AppInputStream.read(SSLSocketImpl.java:1065) ~[na:na]
	at com.mongodb.internal.connection.SocketStream.read(SocketStream.java:182) ~[mongodb-driver-core-5.2.1.jar:na]
	at com.mongodb.internal.connection.InternalStreamConnection.receiveResponseBuffers(InternalStreamConnection.java:829) ~[mongodb-driver-core-5.2.1.jar:na]
	... 4 common frames omitted

2026-05-17T21:03:16.891+01:00  INFO 28700 --- [MatchService] [ngodb.net:27017] org.mongodb.driver.cluster               : Exception in monitor thread while connecting to server ac-khxyvkv-shard-00-02.ltylxsp.mongodb.net:27017

com.mongodb.MongoSocketReadException: Exception receiving message
	at com.mongodb.internal.connection.InternalStreamConnection.translateReadException(InternalStreamConnection.java:814) ~[mongodb-driver-core-5.2.1.jar:na]
	at com.mongodb.internal.connection.InternalStreamConnection.receiveResponseBuffers(InternalStreamConnection.java:862) ~[mongodb-driver-core-5.2.1.jar:na]
	at com.mongodb.internal.connection.InternalStreamConnection.receiveCommandMessageResponse(InternalStreamConnection.java:517) ~[mongodb-driver-core-5.2.1.jar:na]
	at com.mongodb.internal.connection.InternalStreamConnection.receive(InternalStreamConnection.java:469) ~[mongodb-driver-core-5.2.1.jar:na]
	at com.mongodb.internal.connection.DefaultServerMonitor$ServerMonitor.lookupServerDescription(DefaultServerMonitor.java:249) ~[mongodb-driver-core-5.2.1.jar:na]
	at com.mongodb.internal.connection.DefaultServerMonitor$ServerMonitor.run(DefaultServerMonitor.java:176) ~[mongodb-driver-core-5.2.1.jar:na]
Caused by: java.net.SocketException: Connection reset
	at java.base/sun.nio.ch.NioSocketImpl.implRead(NioSocketImpl.java:328) ~[na:na]
	at java.base/sun.nio.ch.NioSocketImpl.read(NioSocketImpl.java:355) ~[na:na]
	at java.base/sun.nio.ch.NioSocketImpl$1.read(NioSocketImpl.java:808) ~[na:na]
	at java.base/java.net.Socket$SocketInputStream.read(Socket.java:966) ~[na:na]
	at java.base/sun.security.ssl.SSLSocketInputRecord.read(SSLSocketInputRecord.java:484) ~[na:na]
	at java.base/sun.security.ssl.SSLSocketInputRecord.readHeader(SSLSocketInputRecord.java:478) ~[na:na]
	at java.base/sun.security.ssl.SSLSocketInputRecord.bytesInCompletePacket(SSLSocketInputRecord.java:70) ~[na:na]
	at java.base/sun.security.ssl.SSLSocketImpl.readApplicationRecord(SSLSocketImpl.java:1461) ~[na:na]
	at java.base/sun.security.ssl.SSLSocketImpl$AppInputStream.read(SSLSocketImpl.java:1065) ~[na:na]
	at com.mongodb.internal.connection.SocketStream.read(SocketStream.java:182) ~[mongodb-driver-core-5.2.1.jar:na]
	at com.mongodb.internal.connection.InternalStreamConnection.receiveResponseBuffers(InternalStreamConnection.java:829) ~[mongodb-driver-core-5.2.1.jar:na]
	... 4 common frames omitted

2026-05-17T21:03:17.319+01:00  INFO 28700 --- [MatchService] [ngodb.net:27017] org.mongodb.driver.cluster               : Exception in monitor thread while connecting to server ac-khxyvkv-shard-00-01.ltylxsp.mongodb.net:27017

com.mongodb.MongoSocketException: Hôte inconnu (ac-khxyvkv-shard-00-01.ltylxsp.mongodb.net)
	at com.mongodb.internal.connection.ServerAddressHelper.getSocketAddresses(ServerAddressHelper.java:75) ~[mongodb-driver-core-5.2.1.jar:na]
	at com.mongodb.internal.connection.SocketStream.initializeSocket(SocketStream.java:100) ~[mongodb-driver-core-5.2.1.jar:na]
	at com.mongodb.internal.connection.SocketStream.open(SocketStream.java:79) ~[mongodb-driver-core-5.2.1.jar:na]
	at com.mongodb.internal.connection.InternalStreamConnection.open(InternalStreamConnection.java:233) ~[mongodb-driver-core-5.2.1.jar:na]
	at com.mongodb.internal.connection.DefaultServerMonitor$ServerMonitor.lookupServerDescription(DefaultServerMonitor.java:219) ~[mongodb-driver-core-5.2.1.jar:na]
	at com.mongodb.internal.connection.DefaultServerMonitor$ServerMonitor.run(DefaultServerMonitor.java:176) ~[mongodb-driver-core-5.2.1.jar:na]
Caused by: java.net.UnknownHostException: Hôte inconnu (ac-khxyvkv-shard-00-01.ltylxsp.mongodb.net)
	at java.base/java.net.Inet6AddressImpl.lookupAllHostAddr(Native Method) ~[na:na]
	at java.base/java.net.InetAddress$PlatformNameService.lookupAllHostAddr(InetAddress.java:933) ~[na:na]
	at java.base/java.net.InetAddress.getAddressesFromNameService(InetAddress.java:1543) ~[na:na]
	at java.base/java.net.InetAddress$NameServiceAddresses.get(InetAddress.java:852) ~[na:na]
	at java.base/java.net.InetAddress.getAllByName0(InetAddress.java:1532) ~[na:na]
	at java.base/java.net.InetAddress.getAllByName(InetAddress.java:1384) ~[na:na]
	at java.base/java.net.InetAddress.getAllByName(InetAddress.java:1305) ~[na:na]
	at com.mongodb.internal.connection.DefaultInetAddressResolver.lookupByName(DefaultInetAddressResolver.java:34) ~[mongodb-driver-core-5.2.1.jar:na]
	at com.mongodb.internal.connection.ServerAddressHelper.getSocketAddresses(ServerAddressHelper.java:71) ~[mongodb-driver-core-5.2.1.jar:na]
	... 5 common frames omitted

2026-05-17T21:03:17.319+01:00  INFO 28700 --- [MatchService] [ngodb.net:27017] org.mongodb.driver.cluster               : Exception in monitor thread while connecting to server ac-khxyvkv-shard-00-00.ltylxsp.mongodb.net:27017

com.mongodb.MongoSocketException: Hôte inconnu (ac-khxyvkv-shard-00-00.ltylxsp.mongodb.net)
	at com.mongodb.internal.connection.ServerAddressHelper.getSocketAddresses(ServerAddressHelper.java:75) ~[mongodb-driver-core-5.2.1.jar:na]
	at com.mongodb.internal.connection.SocketStream.initializeSocket(SocketStream.java:100) ~[mongodb-driver-core-5.2.1.jar:na]
	at com.mongodb.internal.connection.SocketStream.open(SocketStream.java:79) ~[mongodb-driver-core-5.2.1.jar:na]
	at com.mongodb.internal.connection.InternalStreamConnection.open(InternalStreamConnection.java:233) ~[mongodb-driver-core-5.2.1.jar:na]
	at com.mongodb.internal.connection.DefaultServerMonitor$ServerMonitor.lookupServerDescription(DefaultServerMonitor.java:219) ~[mongodb-driver-core-5.2.1.jar:na]
	at com.mongodb.internal.connection.DefaultServerMonitor$ServerMonitor.run(DefaultServerMonitor.java:176) ~[mongodb-driver-core-5.2.1.jar:na]
Caused by: java.net.UnknownHostException: Hôte inconnu (ac-khxyvkv-shard-00-00.ltylxsp.mongodb.net)
	at java.base/java.net.Inet6AddressImpl.lookupAllHostAddr(Native Method) ~[na:na]
	at java.base/java.net.InetAddress$PlatformNameService.lookupAllHostAddr(InetAddress.java:933) ~[na:na]
	at java.base/java.net.InetAddress.getAddressesFromNameService(InetAddress.java:1543) ~[na:na]
	at java.base/java.net.InetAddress$NameServiceAddresses.get(InetAddress.java:852) ~[na:na]
	at java.base/java.net.InetAddress.getAllByName0(InetAddress.java:1532) ~[na:na]
	at java.base/java.net.InetAddress.getAllByName(InetAddress.java:1384) ~[na:na]
	at java.base/java.net.InetAddress.getAllByName(InetAddress.java:1305) ~[na:na]
	at com.mongodb.internal.connection.DefaultInetAddressResolver.lookupByName(DefaultInetAddressResolver.java:34) ~[mongodb-driver-core-5.2.1.jar:na]
	at com.mongodb.internal.connection.ServerAddressHelper.getSocketAddresses(ServerAddressHelper.java:71) ~[mongodb-driver-core-5.2.1.jar:na]
	... 5 common frames omitted

2026-05-17T21:03:17.787+01:00  INFO 28700 --- [MatchService] [ngodb.net:27017] org.mongodb.driver.cluster               : Exception in monitor thread while connecting to server ac-khxyvkv-shard-00-02.ltylxsp.mongodb.net:27017

com.mongodb.MongoSocketOpenException: Exception opening socket
	at com.mongodb.internal.connection.SocketStream.lambda$open$0(SocketStream.java:85) ~[mongodb-driver-core-5.2.1.jar:na]
	at java.base/java.util.Optional.orElseThrow(Optional.java:403) ~[na:na]
	at com.mongodb.internal.connection.SocketStream.open(SocketStream.java:85) ~[mongodb-driver-core-5.2.1.jar:na]
	at com.mongodb.internal.connection.InternalStreamConnection.open(InternalStreamConnection.java:233) ~[mongodb-driver-core-5.2.1.jar:na]
	at com.mongodb.internal.connection.DefaultServerMonitor$ServerMonitor.lookupServerDescription(DefaultServerMonitor.java:219) ~[mongodb-driver-core-5.2.1.jar:na]
	at com.mongodb.internal.connection.DefaultServerMonitor$ServerMonitor.run(DefaultServerMonitor.java:176) ~[mongodb-driver-core-5.2.1.jar:na]
Caused by: java.net.SocketException: Network is unreachable: no further information
	at java.base/sun.nio.ch.Net.pollConnect(Native Method) ~[na:na]
	at java.base/sun.nio.ch.Net.pollConnectNow(Net.java:672) ~[na:na]
	at java.base/sun.nio.ch.NioSocketImpl.timedFinishConnect(NioSocketImpl.java:547) ~[na:na]
	at java.base/sun.nio.ch.NioSocketImpl.connect(NioSocketImpl.java:602) ~[na:na]
	at java.base/java.net.SocksSocketImpl.connect(SocksSocketImpl.java:327) ~[na:na]
	at java.base/java.net.Socket.connect(Socket.java:633) ~[na:na]
	at java.base/sun.security.ssl.SSLSocketImpl.connect(SSLSocketImpl.java:304) ~[na:na]
	at com.mongodb.internal.connection.SocketStreamHelper.initialize(SocketStreamHelper.java:76) ~[mongodb-driver-core-5.2.1.jar:na]
	at com.mongodb.internal.connection.SocketStream.initializeSocket(SocketStream.java:104) ~[mongodb-driver-core-5.2.1.jar:na]
	at com.mongodb.internal.connection.SocketStream.open(SocketStream.java:79) ~[mongodb-driver-core-5.2.1.jar:na]
	... 3 common frames omitted

2026-05-17T21:16:51.253+01:00  INFO 28700 --- [MatchService] [ngodb.net:27017] org.mongodb.driver.cluster               : Monitor thread successfully connected to server with description ServerDescription{address=ac-khxyvkv-shard-00-00.ltylxsp.mongodb.net:27017, type=REPLICA_SET_SECONDARY, cryptd=false, state=CONNECTED, ok=true, minWireVersion=0, maxWireVersion=25, maxDocumentSize=16777216, logicalSessionTimeoutMinutes=30, roundTripTimeNanos=120277600, minRoundTripTimeNanos=0, setName='atlas-6x6yvm-shard-0', canonicalAddress=ac-khxyvkv-shard-00-00.ltylxsp.mongodb.net:27017, hosts=[ac-khxyvkv-shard-00-00.ltylxsp.mongodb.net:27017, ac-khxyvkv-shard-00-01.ltylxsp.mongodb.net:27017, ac-khxyvkv-shard-00-02.ltylxsp.mongodb.net:27017], passives=[], arbiters=[], primary='ac-khxyvkv-shard-00-01.ltylxsp.mongodb.net:27017', tagSet=TagSet{[Tag{name='availabilityZone', value='euw3-az1'}, Tag{name='cacheState', value='READY'}, Tag{name='diskState', value='READY'}, Tag{name='nodeType', value='ELECTABLE'}, Tag{name='provider', value='AWS'}, Tag{name='region', value='EU_WEST_3'}, Tag{name='workloadType', value='OPERATIONAL'}]}, electionId=null, setVersion=36, topologyVersion=TopologyVersion{processId=69fe3480bce649a00b1f6b90, counter=4}, lastWriteDate=Sun May 17 21:16:50 WAT 2026, lastUpdateTimeNanos=126723232842800}
2026-05-17T21:16:51.255+01:00  INFO 28700 --- [MatchService] [ngodb.net:27017] org.mongodb.driver.cluster               : Monitor thread successfully connected to server with description ServerDescription{address=ac-khxyvkv-shard-00-01.ltylxsp.mongodb.net:27017, type=REPLICA_SET_PRIMARY, cryptd=false, state=CONNECTED, ok=true, minWireVersion=0, maxWireVersion=25, maxDocumentSize=16777216, logicalSessionTimeoutMinutes=30, roundTripTimeNanos=120749500, minRoundTripTimeNanos=0, setName='atlas-6x6yvm-shard-0', canonicalAddress=ac-khxyvkv-shard-00-01.ltylxsp.mongodb.net:27017, hosts=[ac-khxyvkv-shard-00-00.ltylxsp.mongodb.net:27017, ac-khxyvkv-shard-00-01.ltylxsp.mongodb.net:27017, ac-khxyvkv-shard-00-02.ltylxsp.mongodb.net:27017], passives=[], arbiters=[], primary='ac-khxyvkv-shard-00-01.ltylxsp.mongodb.net:27017', tagSet=TagSet{[Tag{name='availabilityZone', value='euw3-az2'}, Tag{name='cacheState', value='READY'}, Tag{name='diskState', value='READY'}, Tag{name='nodeType', value='ELECTABLE'}, Tag{name='provider', value='AWS'}, Tag{name='region', value='EU_WEST_3'}, Tag{name='workloadType', value='OPERATIONAL'}]}, electionId=7fffffff0000000000000069, setVersion=36, topologyVersion=TopologyVersion{processId=69fe370e7afba3a6519b2508, counter=6}, lastWriteDate=Sun May 17 21:16:50 WAT 2026, lastUpdateTimeNanos=126723239929500}
2026-05-17T21:16:51.259+01:00  INFO 28700 --- [MatchService] [ngodb.net:27017] org.mongodb.driver.cluster               : Discovered replica set primary ac-khxyvkv-shard-00-01.ltylxsp.mongodb.net:27017 with max election id 7fffffff0000000000000069 and max set version 36
2026-05-17T21:16:52.066+01:00  INFO 28700 --- [MatchService] [ngodb.net:27017] org.mongodb.driver.cluster               : Monitor thread successfully connected to server with description ServerDescription{address=ac-khxyvkv-shard-00-02.ltylxsp.mongodb.net:27017, type=REPLICA_SET_SECONDARY, cryptd=false, state=CONNECTED, ok=true, minWireVersion=0, maxWireVersion=25, maxDocumentSize=16777216, logicalSessionTimeoutMinutes=30, roundTripTimeNanos=394750800, minRoundTripTimeNanos=0, setName='atlas-6x6yvm-shard-0', canonicalAddress=ac-khxyvkv-shard-00-02.ltylxsp.mongodb.net:27017, hosts=[ac-khxyvkv-shard-00-00.ltylxsp.mongodb.net:27017, ac-khxyvkv-shard-00-01.ltylxsp.mongodb.net:27017, ac-khxyvkv-shard-00-02.ltylxsp.mongodb.net:27017], passives=[], arbiters=[], primary='ac-khxyvkv-shard-00-01.ltylxsp.mongodb.net:27017', tagSet=TagSet{[Tag{name='availabilityZone', value='euw3-az3'}, Tag{name='cacheState', value='READY'}, Tag{name='diskState', value='READY'}, Tag{name='nodeType', value='ELECTABLE'}, Tag{name='provider', value='AWS'}, Tag{name='region', value='EU_WEST_3'}, Tag{name='workloadType', value='OPERATIONAL'}]}, electionId=null, setVersion=36, topologyVersion=TopologyVersion{processId=69fe3974932517ad87b461cb, counter=3}, lastWriteDate=Sun May 17 21:16:51 WAT 2026, lastUpdateTimeNanos=126724050423300}
2026-05-18T18:59:06.652+01:00  INFO 28700 --- [MatchService] [ngodb.net:27017] org.mongodb.driver.cluster               : Exception in monitor thread while connecting to server ac-khxyvkv-shard-00-01.ltylxsp.mongodb.net:27017

com.mongodb.MongoSocketReadException: Exception receiving message
	at com.mongodb.internal.connection.InternalStreamConnection.translateReadException(InternalStreamConnection.java:814) ~[mongodb-driver-core-5.2.1.jar:na]
	at com.mongodb.internal.connection.InternalStreamConnection.receiveResponseBuffers(InternalStreamConnection.java:862) ~[mongodb-driver-core-5.2.1.jar:na]
	at com.mongodb.internal.connection.InternalStreamConnection.receiveCommandMessageResponse(InternalStreamConnection.java:517) ~[mongodb-driver-core-5.2.1.jar:na]
	at com.mongodb.internal.connection.InternalStreamConnection.receive(InternalStreamConnection.java:469) ~[mongodb-driver-core-5.2.1.jar:na]
	at com.mongodb.internal.connection.DefaultServerMonitor$ServerMonitor.lookupServerDescription(DefaultServerMonitor.java:249) ~[mongodb-driver-core-5.2.1.jar:na]
	at com.mongodb.internal.connection.DefaultServerMonitor$ServerMonitor.run(DefaultServerMonitor.java:176) ~[mongodb-driver-core-5.2.1.jar:na]
Caused by: java.net.SocketException: Connection reset
	at java.base/sun.nio.ch.NioSocketImpl.implRead(NioSocketImpl.java:328) ~[na:na]
	at java.base/sun.nio.ch.NioSocketImpl.read(NioSocketImpl.java:355) ~[na:na]
	at java.base/sun.nio.ch.NioSocketImpl$1.read(NioSocketImpl.java:808) ~[na:na]
	at java.base/java.net.Socket$SocketInputStream.read(Socket.java:966) ~[na:na]
	at java.base/sun.security.ssl.SSLSocketInputRecord.read(SSLSocketInputRecord.java:484) ~[na:na]
	at java.base/sun.security.ssl.SSLSocketInputRecord.readHeader(SSLSocketInputRecord.java:478) ~[na:na]
	at java.base/sun.security.ssl.SSLSocketInputRecord.bytesInCompletePacket(SSLSocketInputRecord.java:70) ~[na:na]
	at java.base/sun.security.ssl.SSLSocketImpl.readApplicationRecord(SSLSocketImpl.java:1461) ~[na:na]
	at java.base/sun.security.ssl.SSLSocketImpl$AppInputStream.read(SSLSocketImpl.java:1065) ~[na:na]
	at com.mongodb.internal.connection.SocketStream.read(SocketStream.java:182) ~[mongodb-driver-core-5.2.1.jar:na]
	at com.mongodb.internal.connection.InternalStreamConnection.receiveResponseBuffers(InternalStreamConnection.java:829) ~[mongodb-driver-core-5.2.1.jar:na]
	... 4 common frames omitted

2026-05-18T18:59:06.652+01:00  INFO 28700 --- [MatchService] [ngodb.net:27017] org.mongodb.driver.cluster               : Exception in monitor thread while connecting to server ac-khxyvkv-shard-00-00.ltylxsp.mongodb.net:27017

com.mongodb.MongoSocketReadException: Exception receiving message
	at com.mongodb.internal.connection.InternalStreamConnection.translateReadException(InternalStreamConnection.java:814) ~[mongodb-driver-core-5.2.1.jar:na]
	at com.mongodb.internal.connection.InternalStreamConnection.receiveResponseBuffers(InternalStreamConnection.java:862) ~[mongodb-driver-core-5.2.1.jar:na]
	at com.mongodb.internal.connection.InternalStreamConnection.receiveCommandMessageResponse(InternalStreamConnection.java:517) ~[mongodb-driver-core-5.2.1.jar:na]
	at com.mongodb.internal.connection.InternalStreamConnection.receive(InternalStreamConnection.java:469) ~[mongodb-driver-core-5.2.1.jar:na]
	at com.mongodb.internal.connection.DefaultServerMonitor$ServerMonitor.lookupServerDescription(DefaultServerMonitor.java:249) ~[mongodb-driver-core-5.2.1.jar:na]
	at com.mongodb.internal.connection.DefaultServerMonitor$ServerMonitor.run(DefaultServerMonitor.java:176) ~[mongodb-driver-core-5.2.1.jar:na]
Caused by: java.net.SocketException: Connection reset
	at java.base/sun.nio.ch.NioSocketImpl.implRead(NioSocketImpl.java:328) ~[na:na]
	at java.base/sun.nio.ch.NioSocketImpl.read(NioSocketImpl.java:355) ~[na:na]
	at java.base/sun.nio.ch.NioSocketImpl$1.read(NioSocketImpl.java:808) ~[na:na]
	at java.base/java.net.Socket$SocketInputStream.read(Socket.java:966) ~[na:na]
	at java.base/sun.security.ssl.SSLSocketInputRecord.read(SSLSocketInputRecord.java:484) ~[na:na]
	at java.base/sun.security.ssl.SSLSocketInputRecord.readHeader(SSLSocketInputRecord.java:478) ~[na:na]
	at java.base/sun.security.ssl.SSLSocketInputRecord.bytesInCompletePacket(SSLSocketInputRecord.java:70) ~[na:na]
	at java.base/sun.security.ssl.SSLSocketImpl.readApplicationRecord(SSLSocketImpl.java:1461) ~[na:na]
	at java.base/sun.security.ssl.SSLSocketImpl$AppInputStream.read(SSLSocketImpl.java:1065) ~[na:na]
	at com.mongodb.internal.connection.SocketStream.read(SocketStream.java:182) ~[mongodb-driver-core-5.2.1.jar:na]
	at com.mongodb.internal.connection.InternalStreamConnection.receiveResponseBuffers(InternalStreamConnection.java:829) ~[mongodb-driver-core-5.2.1.jar:na]
	... 4 common frames omitted

2026-05-18T18:59:06.652+01:00  INFO 28700 --- [MatchService] [ngodb.net:27017] org.mongodb.driver.cluster               : Exception in monitor thread while connecting to server ac-khxyvkv-shard-00-02.ltylxsp.mongodb.net:27017

com.mongodb.MongoSocketReadException: Exception receiving message
	at com.mongodb.internal.connection.InternalStreamConnection.translateReadException(InternalStreamConnection.java:814) ~[mongodb-driver-core-5.2.1.jar:na]
	at com.mongodb.internal.connection.InternalStreamConnection.receiveResponseBuffers(InternalStreamConnection.java:862) ~[mongodb-driver-core-5.2.1.jar:na]
	at com.mongodb.internal.connection.InternalStreamConnection.receiveCommandMessageResponse(InternalStreamConnection.java:517) ~[mongodb-driver-core-5.2.1.jar:na]
	at com.mongodb.internal.connection.InternalStreamConnection.receive(InternalStreamConnection.java:469) ~[mongodb-driver-core-5.2.1.jar:na]
	at com.mongodb.internal.connection.DefaultServerMonitor$ServerMonitor.lookupServerDescription(DefaultServerMonitor.java:249) ~[mongodb-driver-core-5.2.1.jar:na]
	at com.mongodb.internal.connection.DefaultServerMonitor$ServerMonitor.run(DefaultServerMonitor.java:176) ~[mongodb-driver-core-5.2.1.jar:na]
Caused by: java.net.SocketException: Connection reset
	at java.base/sun.nio.ch.NioSocketImpl.implRead(NioSocketImpl.java:328) ~[na:na]
	at java.base/sun.nio.ch.NioSocketImpl.read(NioSocketImpl.java:355) ~[na:na]
	at java.base/sun.nio.ch.NioSocketImpl$1.read(NioSocketImpl.java:808) ~[na:na]
	at java.base/java.net.Socket$SocketInputStream.read(Socket.java:966) ~[na:na]
	at java.base/sun.security.ssl.SSLSocketInputRecord.read(SSLSocketInputRecord.java:484) ~[na:na]
	at java.base/sun.security.ssl.SSLSocketInputRecord.readHeader(SSLSocketInputRecord.java:478) ~[na:na]
	at java.base/sun.security.ssl.SSLSocketInputRecord.bytesInCompletePacket(SSLSocketInputRecord.java:70) ~[na:na]
	at java.base/sun.security.ssl.SSLSocketImpl.readApplicationRecord(SSLSocketImpl.java:1461) ~[na:na]
	at java.base/sun.security.ssl.SSLSocketImpl$AppInputStream.read(SSLSocketImpl.java:1065) ~[na:na]
	at com.mongodb.internal.connection.SocketStream.read(SocketStream.java:182) ~[mongodb-driver-core-5.2.1.jar:na]
	at com.mongodb.internal.connection.InternalStreamConnection.receiveResponseBuffers(InternalStreamConnection.java:829) ~[mongodb-driver-core-5.2.1.jar:na]
	... 4 common frames omitted

2026-05-18T18:59:08.824+01:00  INFO 28700 --- [MatchService] [ngodb.net:27017] org.mongodb.driver.cluster               : Monitor thread successfully connected to server with description ServerDescription{address=ac-khxyvkv-shard-00-00.ltylxsp.mongodb.net:27017, type=REPLICA_SET_SECONDARY, cryptd=false, state=CONNECTED, ok=true, minWireVersion=0, maxWireVersion=25, maxDocumentSize=16777216, logicalSessionTimeoutMinutes=30, roundTripTimeNanos=428241600, minRoundTripTimeNanos=0, setName='atlas-6x6yvm-shard-0', canonicalAddress=ac-khxyvkv-shard-00-00.ltylxsp.mongodb.net:27017, hosts=[ac-khxyvkv-shard-00-00.ltylxsp.mongodb.net:27017, ac-khxyvkv-shard-00-01.ltylxsp.mongodb.net:27017, ac-khxyvkv-shard-00-02.ltylxsp.mongodb.net:27017], passives=[], arbiters=[], primary='ac-khxyvkv-shard-00-01.ltylxsp.mongodb.net:27017', tagSet=TagSet{[Tag{name='availabilityZone', value='euw3-az1'}, Tag{name='cacheState', value='READY'}, Tag{name='diskState', value='READY'}, Tag{name='nodeType', value='ELECTABLE'}, Tag{name='provider', value='AWS'}, Tag{name='region', value='EU_WEST_3'}, Tag{name='workloadType', value='OPERATIONAL'}]}, electionId=null, setVersion=36, topologyVersion=TopologyVersion{processId=69fe3480bce649a00b1f6b90, counter=4}, lastWriteDate=Mon May 18 18:59:07 WAT 2026, lastUpdateTimeNanos=204866467549200}
2026-05-18T18:59:08.824+01:00  INFO 28700 --- [MatchService] [ngodb.net:27017] org.mongodb.driver.cluster               : Monitor thread successfully connected to server with description ServerDescription{address=ac-khxyvkv-shard-00-02.ltylxsp.mongodb.net:27017, type=REPLICA_SET_SECONDARY, cryptd=false, state=CONNECTED, ok=true, minWireVersion=0, maxWireVersion=25, maxDocumentSize=16777216, logicalSessionTimeoutMinutes=30, roundTripTimeNanos=428241500, minRoundTripTimeNanos=0, setName='atlas-6x6yvm-shard-0', canonicalAddress=ac-khxyvkv-shard-00-02.ltylxsp.mongodb.net:27017, hosts=[ac-khxyvkv-shard-00-00.ltylxsp.mongodb.net:27017, ac-khxyvkv-shard-00-01.ltylxsp.mongodb.net:27017, ac-khxyvkv-shard-00-02.ltylxsp.mongodb.net:27017], passives=[], arbiters=[], primary='ac-khxyvkv-shard-00-01.ltylxsp.mongodb.net:27017', tagSet=TagSet{[Tag{name='availabilityZone', value='euw3-az3'}, Tag{name='cacheState', value='READY'}, Tag{name='diskState', value='READY'}, Tag{name='nodeType', value='ELECTABLE'}, Tag{name='provider', value='AWS'}, Tag{name='region', value='EU_WEST_3'}, Tag{name='workloadType', value='OPERATIONAL'}]}, electionId=null, setVersion=36, topologyVersion=TopologyVersion{processId=69fe3974932517ad87b461cb, counter=3}, lastWriteDate=Mon May 18 18:59:07 WAT 2026, lastUpdateTimeNanos=204866467549100}
2026-05-18T18:59:08.843+01:00  INFO 28700 --- [MatchService] [ngodb.net:27017] org.mongodb.driver.cluster               : Monitor thread successfully connected to server with description ServerDescription{address=ac-khxyvkv-shard-00-01.ltylxsp.mongodb.net:27017, type=REPLICA_SET_PRIMARY, cryptd=false, state=CONNECTED, ok=true, minWireVersion=0, maxWireVersion=25, maxDocumentSize=16777216, logicalSessionTimeoutMinutes=30, roundTripTimeNanos=458235200, minRoundTripTimeNanos=0, setName='atlas-6x6yvm-shard-0', canonicalAddress=ac-khxyvkv-shard-00-01.ltylxsp.mongodb.net:27017, hosts=[ac-khxyvkv-shard-00-00.ltylxsp.mongodb.net:27017, ac-khxyvkv-shard-00-01.ltylxsp.mongodb.net:27017, ac-khxyvkv-shard-00-02.ltylxsp.mongodb.net:27017], passives=[], arbiters=[], primary='ac-khxyvkv-shard-00-01.ltylxsp.mongodb.net:27017', tagSet=TagSet{[Tag{name='availabilityZone', value='euw3-az2'}, Tag{name='cacheState', value='READY'}, Tag{name='diskState', value='READY'}, Tag{name='nodeType', value='ELECTABLE'}, Tag{name='provider', value='AWS'}, Tag{name='region', value='EU_WEST_3'}, Tag{name='workloadType', value='OPERATIONAL'}]}, electionId=7fffffff0000000000000069, setVersion=36, topologyVersion=TopologyVersion{processId=69fe370e7afba3a6519b2508, counter=6}, lastWriteDate=Mon May 18 18:59:07 WAT 2026, lastUpdateTimeNanos=204866497540800}
2026-05-18T18:59:08.860+01:00  INFO 28700 --- [MatchService] [ngodb.net:27017] org.mongodb.driver.cluster               : Discovered replica set primary ac-khxyvkv-shard-00-01.ltylxsp.mongodb.net:27017 with max election id 7fffffff0000000000000069 and max set version 36
2026-05-18T20:43:53.553+01:00  INFO 28700 --- [MatchService] [ngodb.net:27017] org.mongodb.driver.cluster               : Exception in monitor thread while connecting to server ac-khxyvkv-shard-00-02.ltylxsp.mongodb.net:27017

com.mongodb.MongoSocketReadException: Exception receiving message
	at com.mongodb.internal.connection.InternalStreamConnection.translateReadException(InternalStreamConnection.java:814) ~[mongodb-driver-core-5.2.1.jar:na]
	at com.mongodb.internal.connection.InternalStreamConnection.receiveResponseBuffers(InternalStreamConnection.java:862) ~[mongodb-driver-core-5.2.1.jar:na]
	at com.mongodb.internal.connection.InternalStreamConnection.receiveCommandMessageResponse(InternalStreamConnection.java:517) ~[mongodb-driver-core-5.2.1.jar:na]
	at com.mongodb.internal.connection.InternalStreamConnection.receive(InternalStreamConnection.java:469) ~[mongodb-driver-core-5.2.1.jar:na]
	at com.mongodb.internal.connection.DefaultServerMonitor$ServerMonitor.lookupServerDescription(DefaultServerMonitor.java:249) ~[mongodb-driver-core-5.2.1.jar:na]
	at com.mongodb.internal.connection.DefaultServerMonitor$ServerMonitor.run(DefaultServerMonitor.java:176) ~[mongodb-driver-core-5.2.1.jar:na]
Caused by: java.net.SocketException: Connection reset
	at java.base/sun.nio.ch.NioSocketImpl.implRead(NioSocketImpl.java:328) ~[na:na]
	at java.base/sun.nio.ch.NioSocketImpl.read(NioSocketImpl.java:355) ~[na:na]
	at java.base/sun.nio.ch.NioSocketImpl$1.read(NioSocketImpl.java:808) ~[na:na]
	at java.base/java.net.Socket$SocketInputStream.read(Socket.java:966) ~[na:na]
	at java.base/sun.security.ssl.SSLSocketInputRecord.read(SSLSocketInputRecord.java:484) ~[na:na]
	at java.base/sun.security.ssl.SSLSocketInputRecord.readHeader(SSLSocketInputRecord.java:478) ~[na:na]
	at java.base/sun.security.ssl.SSLSocketInputRecord.bytesInCompletePacket(SSLSocketInputRecord.java:70) ~[na:na]
	at java.base/sun.security.ssl.SSLSocketImpl.readApplicationRecord(SSLSocketImpl.java:1461) ~[na:na]
	at java.base/sun.security.ssl.SSLSocketImpl$AppInputStream.read(SSLSocketImpl.java:1065) ~[na:na]
	at com.mongodb.internal.connection.SocketStream.read(SocketStream.java:182) ~[mongodb-driver-core-5.2.1.jar:na]
	at com.mongodb.internal.connection.InternalStreamConnection.receiveResponseBuffers(InternalStreamConnection.java:829) ~[mongodb-driver-core-5.2.1.jar:na]
	... 4 common frames omitted

2026-05-18T20:43:53.549+01:00  INFO 28700 --- [MatchService] [ngodb.net:27017] org.mongodb.driver.cluster               : Exception in monitor thread while connecting to server ac-khxyvkv-shard-00-01.ltylxsp.mongodb.net:27017

com.mongodb.MongoSocketReadException: Exception receiving message
	at com.mongodb.internal.connection.InternalStreamConnection.translateReadException(InternalStreamConnection.java:814) ~[mongodb-driver-core-5.2.1.jar:na]
	at com.mongodb.internal.connection.InternalStreamConnection.receiveResponseBuffers(InternalStreamConnection.java:862) ~[mongodb-driver-core-5.2.1.jar:na]
	at com.mongodb.internal.connection.InternalStreamConnection.receiveCommandMessageResponse(InternalStreamConnection.java:517) ~[mongodb-driver-core-5.2.1.jar:na]
	at com.mongodb.internal.connection.InternalStreamConnection.receive(InternalStreamConnection.java:469) ~[mongodb-driver-core-5.2.1.jar:na]
	at com.mongodb.internal.connection.DefaultServerMonitor$ServerMonitor.lookupServerDescription(DefaultServerMonitor.java:249) ~[mongodb-driver-core-5.2.1.jar:na]
	at com.mongodb.internal.connection.DefaultServerMonitor$ServerMonitor.run(DefaultServerMonitor.java:176) ~[mongodb-driver-core-5.2.1.jar:na]
Caused by: java.net.SocketException: Connection reset
	at java.base/sun.nio.ch.NioSocketImpl.implRead(NioSocketImpl.java:328) ~[na:na]
	at java.base/sun.nio.ch.NioSocketImpl.read(NioSocketImpl.java:355) ~[na:na]
	at java.base/sun.nio.ch.NioSocketImpl$1.read(NioSocketImpl.java:808) ~[na:na]
	at java.base/java.net.Socket$SocketInputStream.read(Socket.java:966) ~[na:na]
	at java.base/sun.security.ssl.SSLSocketInputRecord.read(SSLSocketInputRecord.java:484) ~[na:na]
	at java.base/sun.security.ssl.SSLSocketInputRecord.readHeader(SSLSocketInputRecord.java:478) ~[na:na]
	at java.base/sun.security.ssl.SSLSocketInputRecord.bytesInCompletePacket(SSLSocketInputRecord.java:70) ~[na:na]
	at java.base/sun.security.ssl.SSLSocketImpl.readApplicationRecord(SSLSocketImpl.java:1461) ~[na:na]
	at java.base/sun.security.ssl.SSLSocketImpl$AppInputStream.read(SSLSocketImpl.java:1065) ~[na:na]
	at com.mongodb.internal.connection.SocketStream.read(SocketStream.java:182) ~[mongodb-driver-core-5.2.1.jar:na]
	at com.mongodb.internal.connection.InternalStreamConnection.receiveResponseBuffers(InternalStreamConnection.java:829) ~[mongodb-driver-core-5.2.1.jar:na]
	... 4 common frames omitted

2026-05-18T20:43:53.539+01:00  INFO 28700 --- [MatchService] [ngodb.net:27017] org.mongodb.driver.cluster               : Exception in monitor thread while connecting to server ac-khxyvkv-shard-00-00.ltylxsp.mongodb.net:27017

com.mongodb.MongoSocketReadException: Exception receiving message
	at com.mongodb.internal.connection.InternalStreamConnection.translateReadException(InternalStreamConnection.java:814) ~[mongodb-driver-core-5.2.1.jar:na]
	at com.mongodb.internal.connection.InternalStreamConnection.receiveResponseBuffers(InternalStreamConnection.java:862) ~[mongodb-driver-core-5.2.1.jar:na]
	at com.mongodb.internal.connection.InternalStreamConnection.receiveCommandMessageResponse(InternalStreamConnection.java:517) ~[mongodb-driver-core-5.2.1.jar:na]
	at com.mongodb.internal.connection.InternalStreamConnection.receive(InternalStreamConnection.java:469) ~[mongodb-driver-core-5.2.1.jar:na]
	at com.mongodb.internal.connection.DefaultServerMonitor$ServerMonitor.lookupServerDescription(DefaultServerMonitor.java:249) ~[mongodb-driver-core-5.2.1.jar:na]
	at com.mongodb.internal.connection.DefaultServerMonitor$ServerMonitor.run(DefaultServerMonitor.java:176) ~[mongodb-driver-core-5.2.1.jar:na]
Caused by: java.net.SocketException: Connection reset
	at java.base/sun.nio.ch.NioSocketImpl.implRead(NioSocketImpl.java:328) ~[na:na]
	at java.base/sun.nio.ch.NioSocketImpl.read(NioSocketImpl.java:355) ~[na:na]
	at java.base/sun.nio.ch.NioSocketImpl$1.read(NioSocketImpl.java:808) ~[na:na]
	at java.base/java.net.Socket$SocketInputStream.read(Socket.java:966) ~[na:na]
	at java.base/sun.security.ssl.SSLSocketInputRecord.read(SSLSocketInputRecord.java:484) ~[na:na]
	at java.base/sun.security.ssl.SSLSocketInputRecord.readHeader(SSLSocketInputRecord.java:478) ~[na:na]
	at java.base/sun.security.ssl.SSLSocketInputRecord.bytesInCompletePacket(SSLSocketInputRecord.java:70) ~[na:na]
	at java.base/sun.security.ssl.SSLSocketImpl.readApplicationRecord(SSLSocketImpl.java:1461) ~[na:na]
	at java.base/sun.security.ssl.SSLSocketImpl$AppInputStream.read(SSLSocketImpl.java:1065) ~[na:na]
	at com.mongodb.internal.connection.SocketStream.read(SocketStream.java:182) ~[mongodb-driver-core-5.2.1.jar:na]
	at com.mongodb.internal.connection.InternalStreamConnection.receiveResponseBuffers(InternalStreamConnection.java:829) ~[mongodb-driver-core-5.2.1.jar:na]
	... 4 common frames omitted

2026-05-18T20:43:53.667+01:00  INFO 28700 --- [MatchService] [ngodb.net:27017] org.mongodb.driver.cluster               : Exception in monitor thread while connecting to server ac-khxyvkv-shard-00-00.ltylxsp.mongodb.net:27017

com.mongodb.MongoSocketException: Hôte inconnu (ac-khxyvkv-shard-00-00.ltylxsp.mongodb.net)
	at com.mongodb.internal.connection.ServerAddressHelper.getSocketAddresses(ServerAddressHelper.java:75) ~[mongodb-driver-core-5.2.1.jar:na]
	at com.mongodb.internal.connection.SocketStream.initializeSocket(SocketStream.java:100) ~[mongodb-driver-core-5.2.1.jar:na]
	at com.mongodb.internal.connection.SocketStream.open(SocketStream.java:79) ~[mongodb-driver-core-5.2.1.jar:na]
	at com.mongodb.internal.connection.InternalStreamConnection.open(InternalStreamConnection.java:233) ~[mongodb-driver-core-5.2.1.jar:na]
	at com.mongodb.internal.connection.DefaultServerMonitor$ServerMonitor.lookupServerDescription(DefaultServerMonitor.java:219) ~[mongodb-driver-core-5.2.1.jar:na]
	at com.mongodb.internal.connection.DefaultServerMonitor$ServerMonitor.run(DefaultServerMonitor.java:176) ~[mongodb-driver-core-5.2.1.jar:na]
Caused by: java.net.UnknownHostException: Hôte inconnu (ac-khxyvkv-shard-00-00.ltylxsp.mongodb.net)
	at java.base/java.net.Inet6AddressImpl.lookupAllHostAddr(Native Method) ~[na:na]
	at java.base/java.net.InetAddress$PlatformNameService.lookupAllHostAddr(InetAddress.java:933) ~[na:na]
	at java.base/java.net.InetAddress.getAddressesFromNameService(InetAddress.java:1543) ~[na:na]
	at java.base/java.net.InetAddress$NameServiceAddresses.get(InetAddress.java:852) ~[na:na]
	at java.base/java.net.InetAddress.getAllByName0(InetAddress.java:1532) ~[na:na]
	at java.base/java.net.InetAddress.getAllByName(InetAddress.java:1384) ~[na:na]
	at java.base/java.net.InetAddress.getAllByName(InetAddress.java:1305) ~[na:na]
	at com.mongodb.internal.connection.DefaultInetAddressResolver.lookupByName(DefaultInetAddressResolver.java:34) ~[mongodb-driver-core-5.2.1.jar:na]
	at com.mongodb.internal.connection.ServerAddressHelper.getSocketAddresses(ServerAddressHelper.java:71) ~[mongodb-driver-core-5.2.1.jar:na]
	... 5 common frames omitted

2026-05-18T20:43:53.667+01:00  INFO 28700 --- [MatchService] [ngodb.net:27017] org.mongodb.driver.cluster               : Exception in monitor thread while connecting to server ac-khxyvkv-shard-00-02.ltylxsp.mongodb.net:27017

com.mongodb.MongoSocketException: Hôte inconnu (ac-khxyvkv-shard-00-02.ltylxsp.mongodb.net)
	at com.mongodb.internal.connection.ServerAddressHelper.getSocketAddresses(ServerAddressHelper.java:75) ~[mongodb-driver-core-5.2.1.jar:na]
	at com.mongodb.internal.connection.SocketStream.initializeSocket(SocketStream.java:100) ~[mongodb-driver-core-5.2.1.jar:na]
	at com.mongodb.internal.connection.SocketStream.open(SocketStream.java:79) ~[mongodb-driver-core-5.2.1.jar:na]
	at com.mongodb.internal.connection.InternalStreamConnection.open(InternalStreamConnection.java:233) ~[mongodb-driver-core-5.2.1.jar:na]
	at com.mongodb.internal.connection.DefaultServerMonitor$ServerMonitor.lookupServerDescription(DefaultServerMonitor.java:219) ~[mongodb-driver-core-5.2.1.jar:na]
	at com.mongodb.internal.connection.DefaultServerMonitor$ServerMonitor.run(DefaultServerMonitor.java:176) ~[mongodb-driver-core-5.2.1.jar:na]
Caused by: java.net.UnknownHostException: Hôte inconnu (ac-khxyvkv-shard-00-02.ltylxsp.mongodb.net)
	at java.base/java.net.Inet6AddressImpl.lookupAllHostAddr(Native Method) ~[na:na]
	at java.base/java.net.InetAddress$PlatformNameService.lookupAllHostAddr(InetAddress.java:933) ~[na:na]
	at java.base/java.net.InetAddress.getAddressesFromNameService(InetAddress.java:1543) ~[na:na]
	at java.base/java.net.InetAddress$NameServiceAddresses.get(InetAddress.java:852) ~[na:na]
	at java.base/java.net.InetAddress.getAllByName0(InetAddress.java:1532) ~[na:na]
	at java.base/java.net.InetAddress.getAllByName(InetAddress.java:1384) ~[na:na]
	at java.base/java.net.InetAddress.getAllByName(InetAddress.java:1305) ~[na:na]
	at com.mongodb.internal.connection.DefaultInetAddressResolver.lookupByName(DefaultInetAddressResolver.java:34) ~[mongodb-driver-core-5.2.1.jar:na]
	at com.mongodb.internal.connection.ServerAddressHelper.getSocketAddresses(ServerAddressHelper.java:71) ~[mongodb-driver-core-5.2.1.jar:na]
	... 5 common frames omitted

2026-05-18T20:43:53.668+01:00  INFO 28700 --- [MatchService] [ngodb.net:27017] org.mongodb.driver.cluster               : Exception in monitor thread while connecting to server ac-khxyvkv-shard-00-01.ltylxsp.mongodb.net:27017

com.mongodb.MongoSocketException: Hôte inconnu (ac-khxyvkv-shard-00-01.ltylxsp.mongodb.net)
	at com.mongodb.internal.connection.ServerAddressHelper.getSocketAddresses(ServerAddressHelper.java:75) ~[mongodb-driver-core-5.2.1.jar:na]
	at com.mongodb.internal.connection.SocketStream.initializeSocket(SocketStream.java:100) ~[mongodb-driver-core-5.2.1.jar:na]
	at com.mongodb.internal.connection.SocketStream.open(SocketStream.java:79) ~[mongodb-driver-core-5.2.1.jar:na]
	at com.mongodb.internal.connection.InternalStreamConnection.open(InternalStreamConnection.java:233) ~[mongodb-driver-core-5.2.1.jar:na]
	at com.mongodb.internal.connection.DefaultServerMonitor$ServerMonitor.lookupServerDescription(DefaultServerMonitor.java:219) ~[mongodb-driver-core-5.2.1.jar:na]
	at com.mongodb.internal.connection.DefaultServerMonitor$ServerMonitor.run(DefaultServerMonitor.java:176) ~[mongodb-driver-core-5.2.1.jar:na]
Caused by: java.net.UnknownHostException: Hôte inconnu (ac-khxyvkv-shard-00-01.ltylxsp.mongodb.net)
	at java.base/java.net.Inet6AddressImpl.lookupAllHostAddr(Native Method) ~[na:na]
	at java.base/java.net.InetAddress$PlatformNameService.lookupAllHostAddr(InetAddress.java:933) ~[na:na]
	at java.base/java.net.InetAddress.getAddressesFromNameService(InetAddress.java:1543) ~[na:na]
	at java.base/java.net.InetAddress$NameServiceAddresses.get(InetAddress.java:852) ~[na:na]
	at java.base/java.net.InetAddress.getAllByName0(InetAddress.java:1532) ~[na:na]
	at java.base/java.net.InetAddress.getAllByName(InetAddress.java:1384) ~[na:na]
	at java.base/java.net.InetAddress.getAllByName(InetAddress.java:1305) ~[na:na]
	at com.mongodb.internal.connection.DefaultInetAddressResolver.lookupByName(DefaultInetAddressResolver.java:34) ~[mongodb-driver-core-5.2.1.jar:na]
	at com.mongodb.internal.connection.ServerAddressHelper.getSocketAddresses(ServerAddressHelper.java:71) ~[mongodb-driver-core-5.2.1.jar:na]
	... 5 common frames omitted

2026-05-18T20:59:02.073+01:00  INFO 28700 --- [MatchService] [ngodb.net:27017] org.mongodb.driver.cluster               : Exception in monitor thread while connecting to server ac-khxyvkv-shard-00-02.ltylxsp.mongodb.net:27017

com.mongodb.MongoSocketException: ac-khxyvkv-shard-00-02.ltylxsp.mongodb.net
	at com.mongodb.internal.connection.ServerAddressHelper.getSocketAddresses(ServerAddressHelper.java:75) ~[mongodb-driver-core-5.2.1.jar:na]
	at com.mongodb.internal.connection.SocketStream.initializeSocket(SocketStream.java:100) ~[mongodb-driver-core-5.2.1.jar:na]
	at com.mongodb.internal.connection.SocketStream.open(SocketStream.java:79) ~[mongodb-driver-core-5.2.1.jar:na]
	at com.mongodb.internal.connection.InternalStreamConnection.open(InternalStreamConnection.java:233) ~[mongodb-driver-core-5.2.1.jar:na]
	at com.mongodb.internal.connection.DefaultServerMonitor$ServerMonitor.lookupServerDescription(DefaultServerMonitor.java:219) ~[mongodb-driver-core-5.2.1.jar:na]
	at com.mongodb.internal.connection.DefaultServerMonitor$ServerMonitor.run(DefaultServerMonitor.java:176) ~[mongodb-driver-core-5.2.1.jar:na]
Caused by: java.net.UnknownHostException: ac-khxyvkv-shard-00-02.ltylxsp.mongodb.net
	at java.base/java.net.InetAddress$CachedAddresses.get(InetAddress.java:801) ~[na:na]
	at java.base/java.net.InetAddress.getAllByName0(InetAddress.java:1532) ~[na:na]
	at java.base/java.net.InetAddress.getAllByName(InetAddress.java:1384) ~[na:na]
	at java.base/java.net.InetAddress.getAllByName(InetAddress.java:1305) ~[na:na]
	at com.mongodb.internal.connection.DefaultInetAddressResolver.lookupByName(DefaultInetAddressResolver.java:34) ~[mongodb-driver-core-5.2.1.jar:na]
	at com.mongodb.internal.connection.ServerAddressHelper.getSocketAddresses(ServerAddressHelper.java:71) ~[mongodb-driver-core-5.2.1.jar:na]
	... 5 common frames omitted

2026-05-18T20:59:12.272+01:00  INFO 28700 --- [MatchService] [ngodb.net:27017] org.mongodb.driver.cluster               : Monitor thread successfully connected to server with description ServerDescription{address=ac-khxyvkv-shard-00-02.ltylxsp.mongodb.net:27017, type=REPLICA_SET_SECONDARY, cryptd=false, state=CONNECTED, ok=true, minWireVersion=0, maxWireVersion=25, maxDocumentSize=16777216, logicalSessionTimeoutMinutes=30, roundTripTimeNanos=94189500, minRoundTripTimeNanos=0, setName='atlas-6x6yvm-shard-0', canonicalAddress=ac-khxyvkv-shard-00-02.ltylxsp.mongodb.net:27017, hosts=[ac-khxyvkv-shard-00-00.ltylxsp.mongodb.net:27017, ac-khxyvkv-shard-00-01.ltylxsp.mongodb.net:27017, ac-khxyvkv-shard-00-02.ltylxsp.mongodb.net:27017], passives=[], arbiters=[], primary='ac-khxyvkv-shard-00-01.ltylxsp.mongodb.net:27017', tagSet=TagSet{[Tag{name='availabilityZone', value='euw3-az3'}, Tag{name='cacheState', value='READY'}, Tag{name='diskState', value='READY'}, Tag{name='nodeType', value='ELECTABLE'}, Tag{name='provider', value='AWS'}, Tag{name='region', value='EU_WEST_3'}, Tag{name='workloadType', value='OPERATIONAL'}]}, electionId=null, setVersion=36, topologyVersion=TopologyVersion{processId=69fe3974932517ad87b461cb, counter=3}, lastWriteDate=Mon May 18 20:59:11 WAT 2026, lastUpdateTimeNanos=212069920360600}
2026-05-18T20:59:12.353+01:00  INFO 28700 --- [MatchService] [ngodb.net:27017] org.mongodb.driver.cluster               : Exception in monitor thread while connecting to server ac-khxyvkv-shard-00-01.ltylxsp.mongodb.net:27017

com.mongodb.MongoSocketOpenException: Exception opening socket
	at com.mongodb.internal.connection.SocketStream.lambda$open$0(SocketStream.java:85) ~[mongodb-driver-core-5.2.1.jar:na]
	at java.base/java.util.Optional.orElseThrow(Optional.java:403) ~[na:na]
	at com.mongodb.internal.connection.SocketStream.open(SocketStream.java:85) ~[mongodb-driver-core-5.2.1.jar:na]
	at com.mongodb.internal.connection.InternalStreamConnection.open(InternalStreamConnection.java:233) ~[mongodb-driver-core-5.2.1.jar:na]
	at com.mongodb.internal.connection.DefaultServerMonitor$ServerMonitor.lookupServerDescription(DefaultServerMonitor.java:219) ~[mongodb-driver-core-5.2.1.jar:na]
	at com.mongodb.internal.connection.DefaultServerMonitor$ServerMonitor.run(DefaultServerMonitor.java:176) ~[mongodb-driver-core-5.2.1.jar:na]
Caused by: java.net.SocketTimeoutException: Connect timed out
	at java.base/sun.nio.ch.NioSocketImpl.timedFinishConnect(NioSocketImpl.java:551) ~[na:na]
	at java.base/sun.nio.ch.NioSocketImpl.connect(NioSocketImpl.java:602) ~[na:na]
	at java.base/java.net.SocksSocketImpl.connect(SocksSocketImpl.java:327) ~[na:na]
	at java.base/java.net.Socket.connect(Socket.java:633) ~[na:na]
	at java.base/sun.security.ssl.SSLSocketImpl.connect(SSLSocketImpl.java:304) ~[na:na]
	at com.mongodb.internal.connection.SocketStreamHelper.initialize(SocketStreamHelper.java:76) ~[mongodb-driver-core-5.2.1.jar:na]
	at com.mongodb.internal.connection.SocketStream.initializeSocket(SocketStream.java:104) ~[mongodb-driver-core-5.2.1.jar:na]
	at com.mongodb.internal.connection.SocketStream.open(SocketStream.java:79) ~[mongodb-driver-core-5.2.1.jar:na]
	... 3 common frames omitted

2026-05-18T20:59:14.315+01:00  INFO 28700 --- [MatchService] [ngodb.net:27017] org.mongodb.driver.cluster               : Exception in monitor thread while connecting to server ac-khxyvkv-shard-00-00.ltylxsp.mongodb.net:27017

com.mongodb.MongoSocketOpenException: Exception opening socket
	at com.mongodb.internal.connection.SocketStream.lambda$open$0(SocketStream.java:85) ~[mongodb-driver-core-5.2.1.jar:na]
	at java.base/java.util.Optional.orElseThrow(Optional.java:403) ~[na:na]
	at com.mongodb.internal.connection.SocketStream.open(SocketStream.java:85) ~[mongodb-driver-core-5.2.1.jar:na]
	at com.mongodb.internal.connection.InternalStreamConnection.open(InternalStreamConnection.java:233) ~[mongodb-driver-core-5.2.1.jar:na]
	at com.mongodb.internal.connection.DefaultServerMonitor$ServerMonitor.lookupServerDescription(DefaultServerMonitor.java:219) ~[mongodb-driver-core-5.2.1.jar:na]
	at com.mongodb.internal.connection.DefaultServerMonitor$ServerMonitor.run(DefaultServerMonitor.java:176) ~[mongodb-driver-core-5.2.1.jar:na]
Caused by: java.net.SocketTimeoutException: Connect timed out
	at java.base/sun.nio.ch.NioSocketImpl.timedFinishConnect(NioSocketImpl.java:551) ~[na:na]
	at java.base/sun.nio.ch.NioSocketImpl.connect(NioSocketImpl.java:602) ~[na:na]
	at java.base/java.net.SocksSocketImpl.connect(SocksSocketImpl.java:327) ~[na:na]
	at java.base/java.net.Socket.connect(Socket.java:633) ~[na:na]
	at java.base/sun.security.ssl.SSLSocketImpl.connect(SSLSocketImpl.java:304) ~[na:na]
	at com.mongodb.internal.connection.SocketStreamHelper.initialize(SocketStreamHelper.java:76) ~[mongodb-driver-core-5.2.1.jar:na]
	at com.mongodb.internal.connection.SocketStream.initializeSocket(SocketStream.java:104) ~[mongodb-driver-core-5.2.1.jar:na]
	at com.mongodb.internal.connection.SocketStream.open(SocketStream.java:79) ~[mongodb-driver-core-5.2.1.jar:na]
	... 3 common frames omitted

2026-05-18T20:59:24.551+01:00  INFO 28700 --- [MatchService] [ngodb.net:27017] org.mongodb.driver.cluster               : Monitor thread successfully connected to server with description ServerDescription{address=ac-khxyvkv-shard-00-00.ltylxsp.mongodb.net:27017, type=REPLICA_SET_SECONDARY, cryptd=false, state=CONNECTED, ok=true, minWireVersion=0, maxWireVersion=25, maxDocumentSize=16777216, logicalSessionTimeoutMinutes=30, roundTripTimeNanos=163655400, minRoundTripTimeNanos=0, setName='atlas-6x6yvm-shard-0', canonicalAddress=ac-khxyvkv-shard-00-00.ltylxsp.mongodb.net:27017, hosts=[ac-khxyvkv-shard-00-00.ltylxsp.mongodb.net:27017, ac-khxyvkv-shard-00-01.ltylxsp.mongodb.net:27017, ac-khxyvkv-shard-00-02.ltylxsp.mongodb.net:27017], passives=[], arbiters=[], primary='ac-khxyvkv-shard-00-01.ltylxsp.mongodb.net:27017', tagSet=TagSet{[Tag{name='availabilityZone', value='euw3-az1'}, Tag{name='cacheState', value='READY'}, Tag{name='diskState', value='READY'}, Tag{name='nodeType', value='ELECTABLE'}, Tag{name='provider', value='AWS'}, Tag{name='region', value='EU_WEST_3'}, Tag{name='workloadType', value='OPERATIONAL'}]}, electionId=null, setVersion=36, topologyVersion=TopologyVersion{processId=69fe3480bce649a00b1f6b90, counter=4}, lastWriteDate=Mon May 18 20:59:23 WAT 2026, lastUpdateTimeNanos=212082206443400}
2026-05-18T20:59:42.529+01:00  INFO 28700 --- [MatchService] [ngodb.net:27017] org.mongodb.driver.cluster               : Monitor thread successfully connected to server with description ServerDescription{address=ac-khxyvkv-shard-00-01.ltylxsp.mongodb.net:27017, type=REPLICA_SET_PRIMARY, cryptd=false, state=CONNECTED, ok=true, minWireVersion=0, maxWireVersion=25, maxDocumentSize=16777216, logicalSessionTimeoutMinutes=30, roundTripTimeNanos=87246700, minRoundTripTimeNanos=0, setName='atlas-6x6yvm-shard-0', canonicalAddress=ac-khxyvkv-shard-00-01.ltylxsp.mongodb.net:27017, hosts=[ac-khxyvkv-shard-00-00.ltylxsp.mongodb.net:27017, ac-khxyvkv-shard-00-01.ltylxsp.mongodb.net:27017, ac-khxyvkv-shard-00-02.ltylxsp.mongodb.net:27017], passives=[], arbiters=[], primary='ac-khxyvkv-shard-00-01.ltylxsp.mongodb.net:27017', tagSet=TagSet{[Tag{name='availabilityZone', value='euw3-az2'}, Tag{name='cacheState', value='READY'}, Tag{name='diskState', value='READY'}, Tag{name='nodeType', value='ELECTABLE'}, Tag{name='provider', value='AWS'}, Tag{name='region', value='EU_WEST_3'}, Tag{name='workloadType', value='OPERATIONAL'}]}, electionId=7fffffff0000000000000069, setVersion=36, topologyVersion=TopologyVersion{processId=69fe370e7afba3a6519b2508, counter=6}, lastWriteDate=Mon May 18 20:59:41 WAT 2026, lastUpdateTimeNanos=212100185163900}
2026-05-18T20:59:42.541+01:00  INFO 28700 --- [MatchService] [ngodb.net:27017] org.mongodb.driver.cluster               : Discovered replica set primary ac-khxyvkv-shard-00-01.ltylxsp.mongodb.net:27017 with max election id 7fffffff0000000000000069 and max set version 36
2026-05-18T21:01:51.718+01:00  INFO 28700 --- [MatchService] [ngodb.net:27017] org.mongodb.driver.cluster               : Exception in monitor thread while connecting to server ac-khxyvkv-shard-00-00.ltylxsp.mongodb.net:27017

com.mongodb.MongoSocketReadException: Prematurely reached end of stream
	at com.mongodb.internal.connection.SocketStream.read(SocketStream.java:184) ~[mongodb-driver-core-5.2.1.jar:na]
	at com.mongodb.internal.connection.InternalStreamConnection.receiveResponseBuffers(InternalStreamConnection.java:829) ~[mongodb-driver-core-5.2.1.jar:na]
	at com.mongodb.internal.connection.InternalStreamConnection.receiveCommandMessageResponse(InternalStreamConnection.java:517) ~[mongodb-driver-core-5.2.1.jar:na]
	at com.mongodb.internal.connection.InternalStreamConnection.receive(InternalStreamConnection.java:469) ~[mongodb-driver-core-5.2.1.jar:na]
	at com.mongodb.internal.connection.DefaultServerMonitor$ServerMonitor.lookupServerDescription(DefaultServerMonitor.java:249) ~[mongodb-driver-core-5.2.1.jar:na]
	at com.mongodb.internal.connection.DefaultServerMonitor$ServerMonitor.run(DefaultServerMonitor.java:176) ~[mongodb-driver-core-5.2.1.jar:na]

2026-05-18T21:01:54.060+01:00  INFO 28700 --- [MatchService] [ngodb.net:27017] org.mongodb.driver.cluster               : Exception in monitor thread while connecting to server ac-khxyvkv-shard-00-00.ltylxsp.mongodb.net:27017

com.mongodb.MongoSocketOpenException: Exception opening socket
	at com.mongodb.internal.connection.SocketStream.lambda$open$0(SocketStream.java:85) ~[mongodb-driver-core-5.2.1.jar:na]
	at java.base/java.util.Optional.orElseThrow(Optional.java:403) ~[na:na]
	at com.mongodb.internal.connection.SocketStream.open(SocketStream.java:85) ~[mongodb-driver-core-5.2.1.jar:na]
	at com.mongodb.internal.connection.InternalStreamConnection.open(InternalStreamConnection.java:233) ~[mongodb-driver-core-5.2.1.jar:na]
	at com.mongodb.internal.connection.DefaultServerMonitor$ServerMonitor.lookupServerDescription(DefaultServerMonitor.java:219) ~[mongodb-driver-core-5.2.1.jar:na]
	at com.mongodb.internal.connection.DefaultServerMonitor$ServerMonitor.run(DefaultServerMonitor.java:176) ~[mongodb-driver-core-5.2.1.jar:na]
Caused by: java.net.ConnectException: Connection refused: no further information
	at java.base/sun.nio.ch.Net.pollConnect(Native Method) ~[na:na]
	at java.base/sun.nio.ch.Net.pollConnectNow(Net.java:672) ~[na:na]
	at java.base/sun.nio.ch.NioSocketImpl.timedFinishConnect(NioSocketImpl.java:554) ~[na:na]
	at java.base/sun.nio.ch.NioSocketImpl.connect(NioSocketImpl.java:602) ~[na:na]
	at java.base/java.net.SocksSocketImpl.connect(SocksSocketImpl.java:327) ~[na:na]
	at java.base/java.net.Socket.connect(Socket.java:633) ~[na:na]
	at java.base/sun.security.ssl.SSLSocketImpl.connect(SSLSocketImpl.java:304) ~[na:na]
	at com.mongodb.internal.connection.SocketStreamHelper.initialize(SocketStreamHelper.java:76) ~[mongodb-driver-core-5.2.1.jar:na]
	at com.mongodb.internal.connection.SocketStream.initializeSocket(SocketStream.java:104) ~[mongodb-driver-core-5.2.1.jar:na]
	at com.mongodb.internal.connection.SocketStream.open(SocketStream.java:79) ~[mongodb-driver-core-5.2.1.jar:na]
	... 3 common frames omitted

2026-05-18T21:07:35.620+01:00  INFO 28700 --- [MatchService] [ngodb.net:27017] org.mongodb.driver.cluster               : Exception in monitor thread while connecting to server ac-khxyvkv-shard-00-00.ltylxsp.mongodb.net:27017

com.mongodb.MongoSocketWriteException: Exception sending message
	at com.mongodb.internal.connection.InternalStreamConnection.throwTranslatedWriteException(InternalStreamConnection.java:790) ~[mongodb-driver-core-5.2.1.jar:na]
	at com.mongodb.internal.connection.InternalStreamConnection.sendMessage(InternalStreamConnection.java:675) ~[mongodb-driver-core-5.2.1.jar:na]
	at com.mongodb.internal.connection.InternalStreamConnection.trySendMessage(InternalStreamConnection.java:507) ~[mongodb-driver-core-5.2.1.jar:na]
	at com.mongodb.internal.connection.InternalStreamConnection.sendCommandMessage(InternalStreamConnection.java:482) ~[mongodb-driver-core-5.2.1.jar:na]
	at com.mongodb.internal.connection.InternalStreamConnection.sendAndReceiveInternal(InternalStreamConnection.java:440) ~[mongodb-driver-core-5.2.1.jar:na]
	at com.mongodb.internal.connection.InternalStreamConnection.lambda$sendAndReceive$0(InternalStreamConnection.java:375) ~[mongodb-driver-core-5.2.1.jar:na]
	at com.mongodb.internal.connection.InternalStreamConnection.sendAndReceive(InternalStreamConnection.java:378) ~[mongodb-driver-core-5.2.1.jar:na]
	at com.mongodb.internal.connection.CommandHelper.sendAndReceive(CommandHelper.java:100) ~[mongodb-driver-core-5.2.1.jar:na]
	at com.mongodb.internal.connection.CommandHelper.executeCommand(CommandHelper.java:49) ~[mongodb-driver-core-5.2.1.jar:na]
	at com.mongodb.internal.connection.InternalStreamConnectionInitializer.initializeConnectionDescription(InternalStreamConnectionInitializer.java:144) ~[mongodb-driver-core-5.2.1.jar:na]
	at com.mongodb.internal.connection.InternalStreamConnectionInitializer.startHandshake(InternalStreamConnectionInitializer.java:79) ~[mongodb-driver-core-5.2.1.jar:na]
	at com.mongodb.internal.connection.InternalStreamConnection.open(InternalStreamConnection.java:235) ~[mongodb-driver-core-5.2.1.jar:na]
	at com.mongodb.internal.connection.DefaultServerMonitor$ServerMonitor.lookupServerDescription(DefaultServerMonitor.java:219) ~[mongodb-driver-core-5.2.1.jar:na]
	at com.mongodb.internal.connection.DefaultServerMonitor$ServerMonitor.run(DefaultServerMonitor.java:176) ~[mongodb-driver-core-5.2.1.jar:na]
Caused by: java.net.SocketTimeoutException: Read timed out
	at java.base/sun.nio.ch.NioSocketImpl.timedRead(NioSocketImpl.java:288) ~[na:na]
	at java.base/sun.nio.ch.NioSocketImpl.implRead(NioSocketImpl.java:314) ~[na:na]
	at java.base/sun.nio.ch.NioSocketImpl.read(NioSocketImpl.java:355) ~[na:na]
	at java.base/sun.nio.ch.NioSocketImpl$1.read(NioSocketImpl.java:808) ~[na:na]
	at java.base/java.net.Socket$SocketInputStream.read(Socket.java:966) ~[na:na]
	at java.base/sun.security.ssl.SSLSocketInputRecord.read(SSLSocketInputRecord.java:484) ~[na:na]
	at java.base/sun.security.ssl.SSLSocketInputRecord.readHeader(SSLSocketInputRecord.java:478) ~[na:na]
	at java.base/sun.security.ssl.SSLSocketInputRecord.decode(SSLSocketInputRecord.java:160) ~[na:na]
	at java.base/sun.security.ssl.SSLTransport.decode(SSLTransport.java:111) ~[na:na]
	at java.base/sun.security.ssl.SSLSocketImpl.decode(SSLSocketImpl.java:1506) ~[na:na]
	at java.base/sun.security.ssl.SSLSocketImpl.readHandshakeRecord(SSLSocketImpl.java:1421) ~[na:na]
	at java.base/sun.security.ssl.SSLSocketImpl.startHandshake(SSLSocketImpl.java:455) ~[na:na]
	at java.base/sun.security.ssl.SSLSocketImpl.ensureNegotiated(SSLSocketImpl.java:921) ~[na:na]
	at java.base/sun.security.ssl.SSLSocketImpl$AppOutputStream.write(SSLSocketImpl.java:1291) ~[na:na]
	at com.mongodb.internal.connection.SocketStream.write(SocketStream.java:165) ~[mongodb-driver-core-5.2.1.jar:na]
	at com.mongodb.internal.connection.InternalStreamConnection.sendMessage(InternalStreamConnection.java:672) ~[mongodb-driver-core-5.2.1.jar:na]
	... 12 common frames omitted

2026-05-18T21:07:49.566+01:00  INFO 28700 --- [MatchService] [ngodb.net:27017] org.mongodb.driver.cluster               : Monitor thread successfully connected to server with description ServerDescription{address=ac-khxyvkv-shard-00-00.ltylxsp.mongodb.net:27017, type=REPLICA_SET_SECONDARY, cryptd=false, state=CONNECTED, ok=true, minWireVersion=0, maxWireVersion=25, maxDocumentSize=16777216, logicalSessionTimeoutMinutes=30, roundTripTimeNanos=3831753000, minRoundTripTimeNanos=0, setName='atlas-6x6yvm-shard-0', canonicalAddress=ac-khxyvkv-shard-00-00.ltylxsp.mongodb.net:27017, hosts=[ac-khxyvkv-shard-00-00.ltylxsp.mongodb.net:27017, ac-khxyvkv-shard-00-01.ltylxsp.mongodb.net:27017, ac-khxyvkv-shard-00-02.ltylxsp.mongodb.net:27017], passives=[], arbiters=[], primary='ac-khxyvkv-shard-00-01.ltylxsp.mongodb.net:27017', tagSet=TagSet{[Tag{name='availabilityZone', value='euw3-az1'}, Tag{name='cacheState', value='READY'}, Tag{name='diskState', value='READY'}, Tag{name='nodeType', value='ELECTABLE'}, Tag{name='provider', value='AWS'}, Tag{name='region', value='EU_WEST_3'}, Tag{name='workloadType', value='OPERATIONAL'}]}, electionId=null, setVersion=36, topologyVersion=TopologyVersion{processId=6a0b71594350e6bbf1a71fd2, counter=3}, lastWriteDate=Mon May 18 21:07:48 WAT 2026, lastUpdateTimeNanos=212587212629700}
2026-05-18T21:10:17.206+01:00  INFO 28700 --- [MatchService] [ngodb.net:27017] org.mongodb.driver.cluster               : Exception in monitor thread while connecting to server ac-khxyvkv-shard-00-02.ltylxsp.mongodb.net:27017

com.mongodb.MongoNodeIsRecoveringException: Command failed with error 91 (ShutdownInProgress): 'The server is in quiesce mode and will shut down' on server ac-khxyvkv-shard-00-02.ltylxsp.mongodb.net:27017. The full response is {"topologyVersion": {"processId": {"$oid": "69fe3974932517ad87b461cb"}, "counter": 4}, "ok": 0.0, "errmsg": "The server is in quiesce mode and will shut down", "code": 91, "codeName": "ShutdownInProgress", "remainingQuiesceTimeMillis": 14998, "$clusterTime": {"clusterTime": {"$timestamp": {"t": 1779135015, "i": 1}}, "signature": {"hash": {"$binary": {"base64": "HsslZnI/BQI/JhZsV2q9eJJM6KQ=", "subType": "00"}}, "keyId": 7581590937936068671}}, "operationTime": {"$timestamp": {"t": 1779135015, "i": 1}}}
	at com.mongodb.internal.connection.ProtocolHelper.createSpecialException(ProtocolHelper.java:264) ~[mongodb-driver-core-5.2.1.jar:na]
	at com.mongodb.internal.connection.ProtocolHelper.getCommandFailureException(ProtocolHelper.java:206) ~[mongodb-driver-core-5.2.1.jar:na]
	at com.mongodb.internal.connection.InternalStreamConnection.receiveCommandMessageResponse(InternalStreamConnection.java:520) ~[mongodb-driver-core-5.2.1.jar:na]
	at com.mongodb.internal.connection.InternalStreamConnection.receive(InternalStreamConnection.java:469) ~[mongodb-driver-core-5.2.1.jar:na]
	at com.mongodb.internal.connection.DefaultServerMonitor$ServerMonitor.lookupServerDescription(DefaultServerMonitor.java:249) ~[mongodb-driver-core-5.2.1.jar:na]
	at com.mongodb.internal.connection.DefaultServerMonitor$ServerMonitor.run(DefaultServerMonitor.java:176) ~[mongodb-driver-core-5.2.1.jar:na]

2026-05-18T21:10:41.873+01:00  INFO 28700 --- [MatchService] [ngodb.net:27017] org.mongodb.driver.cluster               : Exception in monitor thread while connecting to server ac-khxyvkv-shard-00-02.ltylxsp.mongodb.net:27017

com.mongodb.MongoSocketReadTimeoutException: Timeout while receiving message
	at com.mongodb.internal.connection.InternalStreamConnection.createReadTimeoutException(InternalStreamConnection.java:824) ~[mongodb-driver-core-5.2.1.jar:na]
	at com.mongodb.internal.connection.InternalStreamConnection.translateReadException(InternalStreamConnection.java:812) ~[mongodb-driver-core-5.2.1.jar:na]
	at com.mongodb.internal.connection.InternalStreamConnection.receiveResponseBuffers(InternalStreamConnection.java:862) ~[mongodb-driver-core-5.2.1.jar:na]
	at com.mongodb.internal.connection.InternalStreamConnection.receiveCommandMessageResponse(InternalStreamConnection.java:517) ~[mongodb-driver-core-5.2.1.jar:na]
	at com.mongodb.internal.connection.InternalStreamConnection.sendAndReceiveInternal(InternalStreamConnection.java:448) ~[mongodb-driver-core-5.2.1.jar:na]
	at com.mongodb.internal.connection.InternalStreamConnection.lambda$sendAndReceive$0(InternalStreamConnection.java:375) ~[mongodb-driver-core-5.2.1.jar:na]
	at com.mongodb.internal.connection.InternalStreamConnection.sendAndReceive(InternalStreamConnection.java:378) ~[mongodb-driver-core-5.2.1.jar:na]
	at com.mongodb.internal.connection.CommandHelper.sendAndReceive(CommandHelper.java:100) ~[mongodb-driver-core-5.2.1.jar:na]
	at com.mongodb.internal.connection.CommandHelper.executeCommand(CommandHelper.java:49) ~[mongodb-driver-core-5.2.1.jar:na]
	at com.mongodb.internal.connection.InternalStreamConnectionInitializer.initializeConnectionDescription(InternalStreamConnectionInitializer.java:144) ~[mongodb-driver-core-5.2.1.jar:na]
	at com.mongodb.internal.connection.InternalStreamConnectionInitializer.startHandshake(InternalStreamConnectionInitializer.java:79) ~[mongodb-driver-core-5.2.1.jar:na]
	at com.mongodb.internal.connection.InternalStreamConnection.open(InternalStreamConnection.java:235) ~[mongodb-driver-core-5.2.1.jar:na]
	at com.mongodb.internal.connection.DefaultServerMonitor$ServerMonitor.lookupServerDescription(DefaultServerMonitor.java:219) ~[mongodb-driver-core-5.2.1.jar:na]
	at com.mongodb.internal.connection.DefaultServerMonitor$ServerMonitor.run(DefaultServerMonitor.java:176) ~[mongodb-driver-core-5.2.1.jar:na]
Caused by: java.net.SocketTimeoutException: Read timed out
	at java.base/sun.nio.ch.NioSocketImpl.timedRead(NioSocketImpl.java:288) ~[na:na]
	at java.base/sun.nio.ch.NioSocketImpl.implRead(NioSocketImpl.java:314) ~[na:na]
	at java.base/sun.nio.ch.NioSocketImpl.read(NioSocketImpl.java:355) ~[na:na]
	at java.base/sun.nio.ch.NioSocketImpl$1.read(NioSocketImpl.java:808) ~[na:na]
	at java.base/java.net.Socket$SocketInputStream.read(Socket.java:966) ~[na:na]
	at java.base/sun.security.ssl.SSLSocketInputRecord.read(SSLSocketInputRecord.java:484) ~[na:na]
	at java.base/sun.security.ssl.SSLSocketInputRecord.readHeader(SSLSocketInputRecord.java:478) ~[na:na]
	at java.base/sun.security.ssl.SSLSocketInputRecord.bytesInCompletePacket(SSLSocketInputRecord.java:70) ~[na:na]
	at java.base/sun.security.ssl.SSLSocketImpl.readApplicationRecord(SSLSocketImpl.java:1461) ~[na:na]
	at java.base/sun.security.ssl.SSLSocketImpl$AppInputStream.read(SSLSocketImpl.java:1065) ~[na:na]
	at com.mongodb.internal.connection.SocketStream.read(SocketStream.java:182) ~[mongodb-driver-core-5.2.1.jar:na]
	at com.mongodb.internal.connection.InternalStreamConnection.receiveResponseBuffers(InternalStreamConnection.java:829) ~[mongodb-driver-core-5.2.1.jar:na]
	... 11 common frames omitted

2026-05-18T21:10:54.135+01:00  INFO 28700 --- [MatchService] [ngodb.net:27017] org.mongodb.driver.cluster               : Exception in monitor thread while connecting to server ac-khxyvkv-shard-00-02.ltylxsp.mongodb.net:27017

com.mongodb.MongoSocketOpenException: Exception opening socket
	at com.mongodb.internal.connection.SocketStream.lambda$open$0(SocketStream.java:85) ~[mongodb-driver-core-5.2.1.jar:na]
	at java.base/java.util.Optional.orElseThrow(Optional.java:403) ~[na:na]
	at com.mongodb.internal.connection.SocketStream.open(SocketStream.java:85) ~[mongodb-driver-core-5.2.1.jar:na]
	at com.mongodb.internal.connection.InternalStreamConnection.open(InternalStreamConnection.java:233) ~[mongodb-driver-core-5.2.1.jar:na]
	at com.mongodb.internal.connection.DefaultServerMonitor$ServerMonitor.lookupServerDescription(DefaultServerMonitor.java:219) ~[mongodb-driver-core-5.2.1.jar:na]
	at com.mongodb.internal.connection.DefaultServerMonitor$ServerMonitor.run(DefaultServerMonitor.java:176) ~[mongodb-driver-core-5.2.1.jar:na]
Caused by: java.net.ConnectException: Connection refused: no further information
	at java.base/sun.nio.ch.Net.pollConnect(Native Method) ~[na:na]
	at java.base/sun.nio.ch.Net.pollConnectNow(Net.java:672) ~[na:na]
	at java.base/sun.nio.ch.NioSocketImpl.timedFinishConnect(NioSocketImpl.java:554) ~[na:na]
	at java.base/sun.nio.ch.NioSocketImpl.connect(NioSocketImpl.java:602) ~[na:na]
	at java.base/java.net.SocksSocketImpl.connect(SocksSocketImpl.java:327) ~[na:na]
	at java.base/java.net.Socket.connect(Socket.java:633) ~[na:na]
	at java.base/sun.security.ssl.SSLSocketImpl.connect(SSLSocketImpl.java:304) ~[na:na]
	at com.mongodb.internal.connection.SocketStreamHelper.initialize(SocketStreamHelper.java:76) ~[mongodb-driver-core-5.2.1.jar:na]
	at com.mongodb.internal.connection.SocketStream.initializeSocket(SocketStream.java:104) ~[mongodb-driver-core-5.2.1.jar:na]
	at com.mongodb.internal.connection.SocketStream.open(SocketStream.java:79) ~[mongodb-driver-core-5.2.1.jar:na]
	... 3 common frames omitted

2026-05-18T21:17:21.581+01:00  INFO 28700 --- [MatchService] [ngodb.net:27017] org.mongodb.driver.cluster               : Monitor thread successfully connected to server with description ServerDescription{address=ac-khxyvkv-shard-00-02.ltylxsp.mongodb.net:27017, type=REPLICA_SET_SECONDARY, cryptd=false, state=CONNECTED, ok=true, minWireVersion=0, maxWireVersion=25, maxDocumentSize=16777216, logicalSessionTimeoutMinutes=30, roundTripTimeNanos=12627447000, minRoundTripTimeNanos=0, setName='atlas-6x6yvm-shard-0', canonicalAddress=ac-khxyvkv-shard-00-02.ltylxsp.mongodb.net:27017, hosts=[ac-khxyvkv-shard-00-00.ltylxsp.mongodb.net:27017, ac-khxyvkv-shard-00-01.ltylxsp.mongodb.net:27017, ac-khxyvkv-shard-00-02.ltylxsp.mongodb.net:27017], passives=[], arbiters=[], primary='ac-khxyvkv-shard-00-01.ltylxsp.mongodb.net:27017', tagSet=TagSet{[Tag{name='availabilityZone', value='euw3-az3'}, Tag{name='cacheState', value='READY'}, Tag{name='diskState', value='READY'}, Tag{name='nodeType', value='ELECTABLE'}, Tag{name='provider', value='AWS'}, Tag{name='region', value='EU_WEST_3'}, Tag{name='workloadType', value='OPERATIONAL'}]}, electionId=null, setVersion=36, topologyVersion=TopologyVersion{processId=6a0b739aa9fe492cf1ce6df6, counter=3}, lastWriteDate=Mon May 18 21:17:20 WAT 2026, lastUpdateTimeNanos=213159224626800}
2026-05-18T21:17:41.615+01:00  INFO 28700 --- [MatchService] [ngodb.net:27017] org.mongodb.driver.cluster               : Exception in monitor thread while connecting to server ac-khxyvkv-shard-00-02.ltylxsp.mongodb.net:27017

com.mongodb.MongoSocketReadTimeoutException: Timeout while receiving message
	at com.mongodb.internal.connection.InternalStreamConnection.createReadTimeoutException(InternalStreamConnection.java:824) ~[mongodb-driver-core-5.2.1.jar:na]
	at com.mongodb.internal.connection.InternalStreamConnection.translateReadException(InternalStreamConnection.java:812) ~[mongodb-driver-core-5.2.1.jar:na]
	at com.mongodb.internal.connection.InternalStreamConnection.receiveResponseBuffers(InternalStreamConnection.java:862) ~[mongodb-driver-core-5.2.1.jar:na]
	at com.mongodb.internal.connection.InternalStreamConnection.receiveCommandMessageResponse(InternalStreamConnection.java:517) ~[mongodb-driver-core-5.2.1.jar:na]
	at com.mongodb.internal.connection.InternalStreamConnection.receive(InternalStreamConnection.java:469) ~[mongodb-driver-core-5.2.1.jar:na]
	at com.mongodb.internal.connection.DefaultServerMonitor$ServerMonitor.lookupServerDescription(DefaultServerMonitor.java:249) ~[mongodb-driver-core-5.2.1.jar:na]
	at com.mongodb.internal.connection.DefaultServerMonitor$ServerMonitor.run(DefaultServerMonitor.java:176) ~[mongodb-driver-core-5.2.1.jar:na]
Caused by: java.net.SocketTimeoutException: Read timed out
	at java.base/sun.nio.ch.NioSocketImpl.timedRead(NioSocketImpl.java:288) ~[na:na]
	at java.base/sun.nio.ch.NioSocketImpl.implRead(NioSocketImpl.java:314) ~[na:na]
	at java.base/sun.nio.ch.NioSocketImpl.read(NioSocketImpl.java:355) ~[na:na]
	at java.base/sun.nio.ch.NioSocketImpl$1.read(NioSocketImpl.java:808) ~[na:na]
	at java.base/java.net.Socket$SocketInputStream.read(Socket.java:966) ~[na:na]
	at java.base/sun.security.ssl.SSLSocketInputRecord.read(SSLSocketInputRecord.java:484) ~[na:na]
	at java.base/sun.security.ssl.SSLSocketInputRecord.readHeader(SSLSocketInputRecord.java:478) ~[na:na]
	at java.base/sun.security.ssl.SSLSocketInputRecord.bytesInCompletePacket(SSLSocketInputRecord.java:70) ~[na:na]
	at java.base/sun.security.ssl.SSLSocketImpl.readApplicationRecord(SSLSocketImpl.java:1461) ~[na:na]
	at java.base/sun.security.ssl.SSLSocketImpl$AppInputStream.read(SSLSocketImpl.java:1065) ~[na:na]
	at com.mongodb.internal.connection.SocketStream.read(SocketStream.java:182) ~[mongodb-driver-core-5.2.1.jar:na]
	at com.mongodb.internal.connection.InternalStreamConnection.receiveResponseBuffers(InternalStreamConnection.java:829) ~[mongodb-driver-core-5.2.1.jar:na]
	... 4 common frames omitted

2026-05-18T21:17:43.614+01:00  INFO 28700 --- [MatchService] [ngodb.net:27017] org.mongodb.driver.cluster               : Monitor thread successfully connected to server with description ServerDescription{address=ac-khxyvkv-shard-00-02.ltylxsp.mongodb.net:27017, type=REPLICA_SET_SECONDARY, cryptd=false, state=CONNECTED, ok=true, minWireVersion=0, maxWireVersion=25, maxDocumentSize=16777216, logicalSessionTimeoutMinutes=30, roundTripTimeNanos=1888242400, minRoundTripTimeNanos=0, setName='atlas-6x6yvm-shard-0', canonicalAddress=ac-khxyvkv-shard-00-02.ltylxsp.mongodb.net:27017, hosts=[ac-khxyvkv-shard-00-00.ltylxsp.mongodb.net:27017, ac-khxyvkv-shard-00-01.ltylxsp.mongodb.net:27017, ac-khxyvkv-shard-00-02.ltylxsp.mongodb.net:27017], passives=[], arbiters=[], primary='ac-khxyvkv-shard-00-01.ltylxsp.mongodb.net:27017', tagSet=TagSet{[Tag{name='availabilityZone', value='euw3-az3'}, Tag{name='cacheState', value='READY'}, Tag{name='diskState', value='READY'}, Tag{name='nodeType', value='ELECTABLE'}, Tag{name='provider', value='AWS'}, Tag{name='region', value='EU_WEST_3'}, Tag{name='workloadType', value='OPERATIONAL'}]}, electionId=null, setVersion=36, topologyVersion=TopologyVersion{processId=6a0b739aa9fe492cf1ce6df6, counter=3}, lastWriteDate=Mon May 18 21:17:42 WAT 2026, lastUpdateTimeNanos=213181269227000}
2026-05-18T21:20:50.366+01:00  INFO 28700 --- [MatchService] [ngodb.net:27017] org.mongodb.driver.cluster               : Monitor thread successfully connected to server with description ServerDescription{address=ac-khxyvkv-shard-00-01.ltylxsp.mongodb.net:27017, type=REPLICA_SET_OTHER, cryptd=false, state=CONNECTED, ok=true, minWireVersion=0, maxWireVersion=25, maxDocumentSize=16777216, logicalSessionTimeoutMinutes=30, roundTripTimeNanos=50671758, minRoundTripTimeNanos=37164900, setName='atlas-6x6yvm-shard-0', canonicalAddress=ac-khxyvkv-shard-00-01.ltylxsp.mongodb.net:27017, hosts=[ac-khxyvkv-shard-00-00.ltylxsp.mongodb.net:27017, ac-khxyvkv-shard-00-01.ltylxsp.mongodb.net:27017, ac-khxyvkv-shard-00-02.ltylxsp.mongodb.net:27017], passives=[], arbiters=[], primary='ac-khxyvkv-shard-00-01.ltylxsp.mongodb.net:27017', tagSet=TagSet{[Tag{name='availabilityZone', value='euw3-az2'}, Tag{name='cacheState', value='READY'}, Tag{name='diskState', value='READY'}, Tag{name='nodeType', value='ELECTABLE'}, Tag{name='provider', value='AWS'}, Tag{name='region', value='EU_WEST_3'}, Tag{name='workloadType', value='OPERATIONAL'}]}, electionId=7fffffff0000000000000069, setVersion=36, topologyVersion=TopologyVersion{processId=69fe370e7afba3a6519b2508, counter=7}, lastWriteDate=Mon May 18 21:20:48 WAT 2026, lastUpdateTimeNanos=213368006159700}
2026-05-18T21:20:50.419+01:00  INFO 28700 --- [MatchService] [ngodb.net:27017] org.mongodb.driver.cluster               : Monitor thread successfully connected to server with description ServerDescription{address=ac-khxyvkv-shard-00-02.ltylxsp.mongodb.net:27017, type=REPLICA_SET_SECONDARY, cryptd=false, state=CONNECTED, ok=true, minWireVersion=0, maxWireVersion=25, maxDocumentSize=16777216, logicalSessionTimeoutMinutes=30, roundTripTimeNanos=76695645, minRoundTripTimeNanos=37196500, setName='atlas-6x6yvm-shard-0', canonicalAddress=ac-khxyvkv-shard-00-02.ltylxsp.mongodb.net:27017, hosts=[ac-khxyvkv-shard-00-00.ltylxsp.mongodb.net:27017, ac-khxyvkv-shard-00-01.ltylxsp.mongodb.net:27017, ac-khxyvkv-shard-00-02.ltylxsp.mongodb.net:27017], passives=[], arbiters=[], primary='ac-khxyvkv-shard-00-02.ltylxsp.mongodb.net:27017', tagSet=TagSet{[Tag{name='availabilityZone', value='euw3-az3'}, Tag{name='cacheState', value='READY'}, Tag{name='diskState', value='READY'}, Tag{name='nodeType', value='ELECTABLE'}, Tag{name='provider', value='AWS'}, Tag{name='region', value='EU_WEST_3'}, Tag{name='workloadType', value='OPERATIONAL'}]}, electionId=7fffffff000000000000006a, setVersion=36, topologyVersion=TopologyVersion{processId=6a0b739aa9fe492cf1ce6df6, counter=4}, lastWriteDate=Mon May 18 21:20:48 WAT 2026, lastUpdateTimeNanos=213368073194000}
2026-05-18T21:20:50.447+01:00  INFO 28700 --- [MatchService] [ngodb.net:27017] org.mongodb.driver.cluster               : Monitor thread successfully connected to server with description ServerDescription{address=ac-khxyvkv-shard-00-01.ltylxsp.mongodb.net:27017, type=REPLICA_SET_SECONDARY, cryptd=false, state=CONNECTED, ok=true, minWireVersion=0, maxWireVersion=25, maxDocumentSize=16777216, logicalSessionTimeoutMinutes=30, roundTripTimeNanos=50671758, minRoundTripTimeNanos=37164900, setName='atlas-6x6yvm-shard-0', canonicalAddress=ac-khxyvkv-shard-00-01.ltylxsp.mongodb.net:27017, hosts=[ac-khxyvkv-shard-00-00.ltylxsp.mongodb.net:27017, ac-khxyvkv-shard-00-01.ltylxsp.mongodb.net:27017, ac-khxyvkv-shard-00-02.ltylxsp.mongodb.net:27017], passives=[], arbiters=[], primary='null', tagSet=TagSet{[Tag{name='availabilityZone', value='euw3-az2'}, Tag{name='cacheState', value='READY'}, Tag{name='diskState', value='READY'}, Tag{name='nodeType', value='ELECTABLE'}, Tag{name='provider', value='AWS'}, Tag{name='region', value='EU_WEST_3'}, Tag{name='workloadType', value='OPERATIONAL'}]}, electionId=null, setVersion=36, topologyVersion=TopologyVersion{processId=69fe370e7afba3a6519b2508, counter=8}, lastWriteDate=Mon May 18 21:20:48 WAT 2026, lastUpdateTimeNanos=213368103100300}
2026-05-18T21:20:50.622+01:00  INFO 28700 --- [MatchService] [ngodb.net:27017] org.mongodb.driver.cluster               : Monitor thread successfully connected to server with description ServerDescription{address=ac-khxyvkv-shard-00-00.ltylxsp.mongodb.net:27017, type=REPLICA_SET_SECONDARY, cryptd=false, state=CONNECTED, ok=true, minWireVersion=0, maxWireVersion=25, maxDocumentSize=16777216, logicalSessionTimeoutMinutes=30, roundTripTimeNanos=49162334, minRoundTripTimeNanos=37519100, setName='atlas-6x6yvm-shard-0', canonicalAddress=ac-khxyvkv-shard-00-00.ltylxsp.mongodb.net:27017, hosts=[ac-khxyvkv-shard-00-00.ltylxsp.mongodb.net:27017, ac-khxyvkv-shard-00-01.ltylxsp.mongodb.net:27017, ac-khxyvkv-shard-00-02.ltylxsp.mongodb.net:27017], passives=[], arbiters=[], primary='null', tagSet=TagSet{[Tag{name='availabilityZone', value='euw3-az1'}, Tag{name='cacheState', value='READY'}, Tag{name='diskState', value='READY'}, Tag{name='nodeType', value='ELECTABLE'}, Tag{name='provider', value='AWS'}, Tag{name='region', value='EU_WEST_3'}, Tag{name='workloadType', value='OPERATIONAL'}]}, electionId=null, setVersion=36, topologyVersion=TopologyVersion{processId=6a0b71594350e6bbf1a71fd2, counter=4}, lastWriteDate=Mon May 18 21:20:48 WAT 2026, lastUpdateTimeNanos=213368277596300}
2026-05-18T21:20:50.635+01:00  INFO 28700 --- [MatchService] [ngodb.net:27017] org.mongodb.driver.cluster               : Monitor thread successfully connected to server with description ServerDescription{address=ac-khxyvkv-shard-00-02.ltylxsp.mongodb.net:27017, type=REPLICA_SET_PRIMARY, cryptd=false, state=CONNECTED, ok=true, minWireVersion=0, maxWireVersion=25, maxDocumentSize=16777216, logicalSessionTimeoutMinutes=30, roundTripTimeNanos=76695645, minRoundTripTimeNanos=37196500, setName='atlas-6x6yvm-shard-0', canonicalAddress=ac-khxyvkv-shard-00-02.ltylxsp.mongodb.net:27017, hosts=[ac-khxyvkv-shard-00-00.ltylxsp.mongodb.net:27017, ac-khxyvkv-shard-00-01.ltylxsp.mongodb.net:27017, ac-khxyvkv-shard-00-02.ltylxsp.mongodb.net:27017], passives=[], arbiters=[], primary='ac-khxyvkv-shard-00-02.ltylxsp.mongodb.net:27017', tagSet=TagSet{[Tag{name='availabilityZone', value='euw3-az3'}, Tag{name='cacheState', value='READY'}, Tag{name='diskState', value='READY'}, Tag{name='nodeType', value='ELECTABLE'}, Tag{name='provider', value='AWS'}, Tag{name='region', value='EU_WEST_3'}, Tag{name='workloadType', value='OPERATIONAL'}]}, electionId=7fffffff000000000000006a, setVersion=36, topologyVersion=TopologyVersion{processId=6a0b739aa9fe492cf1ce6df6, counter=6}, lastWriteDate=Mon May 18 21:20:49 WAT 2026, lastUpdateTimeNanos=213368290782000}
2026-05-18T21:20:50.646+01:00  INFO 28700 --- [MatchService] [ngodb.net:27017] org.mongodb.driver.cluster               : Discovered replica set primary ac-khxyvkv-shard-00-02.ltylxsp.mongodb.net:27017 with max election id 7fffffff000000000000006a and max set version 36
2026-05-18T21:20:51.387+01:00  INFO 28700 --- [MatchService] [ngodb.net:27017] org.mongodb.driver.cluster               : Exception in monitor thread while connecting to server ac-khxyvkv-shard-00-01.ltylxsp.mongodb.net:27017

com.mongodb.MongoNodeIsRecoveringException: Command failed with error 91 (ShutdownInProgress): 'The server is in quiesce mode and will shut down' on server ac-khxyvkv-shard-00-01.ltylxsp.mongodb.net:27017. The full response is {"topologyVersion": {"processId": {"$oid": "69fe370e7afba3a6519b2508"}, "counter": 10}, "ok": 0.0, "errmsg": "The server is in quiesce mode and will shut down", "code": 91, "codeName": "ShutdownInProgress", "remainingQuiesceTimeMillis": 14998, "$clusterTime": {"clusterTime": {"$timestamp": {"t": 1779135649, "i": 2}}, "signature": {"hash": {"$binary": {"base64": "cl5vsc3h0wjqArn7aoJ2Wi/d/zI=", "subType": "00"}}, "keyId": 7581590937936068671}}, "operationTime": {"$timestamp": {"t": 1779135649, "i": 2}}}
	at com.mongodb.internal.connection.ProtocolHelper.createSpecialException(ProtocolHelper.java:264) ~[mongodb-driver-core-5.2.1.jar:na]
	at com.mongodb.internal.connection.ProtocolHelper.getCommandFailureException(ProtocolHelper.java:206) ~[mongodb-driver-core-5.2.1.jar:na]
	at com.mongodb.internal.connection.InternalStreamConnection.receiveCommandMessageResponse(InternalStreamConnection.java:520) ~[mongodb-driver-core-5.2.1.jar:na]
	at com.mongodb.internal.connection.InternalStreamConnection.receive(InternalStreamConnection.java:469) ~[mongodb-driver-core-5.2.1.jar:na]
	at com.mongodb.internal.connection.DefaultServerMonitor$ServerMonitor.lookupServerDescription(DefaultServerMonitor.java:249) ~[mongodb-driver-core-5.2.1.jar:na]
	at com.mongodb.internal.connection.DefaultServerMonitor$ServerMonitor.run(DefaultServerMonitor.java:176) ~[mongodb-driver-core-5.2.1.jar:na]

2026-05-18T21:21:00.624+01:00  INFO 28700 --- [MatchService] [ngodb.net:27017] org.mongodb.driver.cluster               : Monitor thread successfully connected to server with description ServerDescription{address=ac-khxyvkv-shard-00-00.ltylxsp.mongodb.net:27017, type=REPLICA_SET_SECONDARY, cryptd=false, state=CONNECTED, ok=true, minWireVersion=0, maxWireVersion=25, maxDocumentSize=16777216, logicalSessionTimeoutMinutes=30, roundTripTimeNanos=47115827, minRoundTripTimeNanos=37519100, setName='atlas-6x6yvm-shard-0', canonicalAddress=ac-khxyvkv-shard-00-00.ltylxsp.mongodb.net:27017, hosts=[ac-khxyvkv-shard-00-00.ltylxsp.mongodb.net:27017, ac-khxyvkv-shard-00-01.ltylxsp.mongodb.net:27017, ac-khxyvkv-shard-00-02.ltylxsp.mongodb.net:27017], passives=[], arbiters=[], primary='ac-khxyvkv-shard-00-02.ltylxsp.mongodb.net:27017', tagSet=TagSet{[Tag{name='availabilityZone', value='euw3-az1'}, Tag{name='cacheState', value='READY'}, Tag{name='diskState', value='READY'}, Tag{name='nodeType', value='ELECTABLE'}, Tag{name='provider', value='AWS'}, Tag{name='region', value='EU_WEST_3'}, Tag{name='workloadType', value='OPERATIONAL'}]}, electionId=null, setVersion=36, topologyVersion=TopologyVersion{processId=6a0b71594350e6bbf1a71fd2, counter=4}, lastWriteDate=Mon May 18 21:20:59 WAT 2026, lastUpdateTimeNanos=213378279796300}
2026-05-18T21:21:10.807+01:00  INFO 28700 --- [MatchService] [ngodb.net:27017] org.mongodb.driver.cluster               : Exception in monitor thread while connecting to server ac-khxyvkv-shard-00-01.ltylxsp.mongodb.net:27017

com.mongodb.MongoSocketReadException: Prematurely reached end of stream
	at com.mongodb.internal.connection.SocketStream.read(SocketStream.java:184) ~[mongodb-driver-core-5.2.1.jar:na]
	at com.mongodb.internal.connection.InternalStreamConnection.receiveResponseBuffers(InternalStreamConnection.java:829) ~[mongodb-driver-core-5.2.1.jar:na]
	at com.mongodb.internal.connection.InternalStreamConnection.receiveCommandMessageResponse(InternalStreamConnection.java:517) ~[mongodb-driver-core-5.2.1.jar:na]
	at com.mongodb.internal.connection.InternalStreamConnection.sendAndReceiveInternal(InternalStreamConnection.java:448) ~[mongodb-driver-core-5.2.1.jar:na]
	at com.mongodb.internal.connection.InternalStreamConnection.lambda$sendAndReceive$0(InternalStreamConnection.java:375) ~[mongodb-driver-core-5.2.1.jar:na]
	at com.mongodb.internal.connection.InternalStreamConnection.sendAndReceive(InternalStreamConnection.java:378) ~[mongodb-driver-core-5.2.1.jar:na]
	at com.mongodb.internal.connection.CommandHelper.sendAndReceive(CommandHelper.java:100) ~[mongodb-driver-core-5.2.1.jar:na]
	at com.mongodb.internal.connection.CommandHelper.executeCommand(CommandHelper.java:49) ~[mongodb-driver-core-5.2.1.jar:na]
	at com.mongodb.internal.connection.InternalStreamConnectionInitializer.initializeConnectionDescription(InternalStreamConnectionInitializer.java:144) ~[mongodb-driver-core-5.2.1.jar:na]
	at com.mongodb.internal.connection.InternalStreamConnectionInitializer.startHandshake(InternalStreamConnectionInitializer.java:79) ~[mongodb-driver-core-5.2.1.jar:na]
	at com.mongodb.internal.connection.InternalStreamConnection.open(InternalStreamConnection.java:235) ~[mongodb-driver-core-5.2.1.jar:na]
	at com.mongodb.internal.connection.DefaultServerMonitor$ServerMonitor.lookupServerDescription(DefaultServerMonitor.java:219) ~[mongodb-driver-core-5.2.1.jar:na]
	at com.mongodb.internal.connection.DefaultServerMonitor$ServerMonitor.run(DefaultServerMonitor.java:176) ~[mongodb-driver-core-5.2.1.jar:na]

2026-05-18T21:21:23.061+01:00  INFO 28700 --- [MatchService] [ngodb.net:27017] org.mongodb.driver.cluster               : Exception in monitor thread while connecting to server ac-khxyvkv-shard-00-01.ltylxsp.mongodb.net:27017

com.mongodb.MongoSocketOpenException: Exception opening socket
	at com.mongodb.internal.connection.SocketStream.lambda$open$0(SocketStream.java:85) ~[mongodb-driver-core-5.2.1.jar:na]
	at java.base/java.util.Optional.orElseThrow(Optional.java:403) ~[na:na]
	at com.mongodb.internal.connection.SocketStream.open(SocketStream.java:85) ~[mongodb-driver-core-5.2.1.jar:na]
	at com.mongodb.internal.connection.InternalStreamConnection.open(InternalStreamConnection.java:233) ~[mongodb-driver-core-5.2.1.jar:na]
	at com.mongodb.internal.connection.DefaultServerMonitor$ServerMonitor.lookupServerDescription(DefaultServerMonitor.java:219) ~[mongodb-driver-core-5.2.1.jar:na]
	at com.mongodb.internal.connection.DefaultServerMonitor$ServerMonitor.run(DefaultServerMonitor.java:176) ~[mongodb-driver-core-5.2.1.jar:na]
Caused by: java.net.ConnectException: Connection refused: no further information
	at java.base/sun.nio.ch.Net.pollConnect(Native Method) ~[na:na]
	at java.base/sun.nio.ch.Net.pollConnectNow(Net.java:672) ~[na:na]
	at java.base/sun.nio.ch.NioSocketImpl.timedFinishConnect(NioSocketImpl.java:554) ~[na:na]
	at java.base/sun.nio.ch.NioSocketImpl.connect(NioSocketImpl.java:602) ~[na:na]
	at java.base/java.net.SocksSocketImpl.connect(SocksSocketImpl.java:327) ~[na:na]
	at java.base/java.net.Socket.connect(Socket.java:633) ~[na:na]
	at java.base/sun.security.ssl.SSLSocketImpl.connect(SSLSocketImpl.java:304) ~[na:na]
	at com.mongodb.internal.connection.SocketStreamHelper.initialize(SocketStreamHelper.java:76) ~[mongodb-driver-core-5.2.1.jar:na]
	at com.mongodb.internal.connection.SocketStream.initializeSocket(SocketStream.java:104) ~[mongodb-driver-core-5.2.1.jar:na]
	at com.mongodb.internal.connection.SocketStream.open(SocketStream.java:79) ~[mongodb-driver-core-5.2.1.jar:na]
	... 3 common frames omitted

2026-05-18T21:27:34.385+01:00  INFO 28700 --- [MatchService] [ngodb.net:27017] org.mongodb.driver.cluster               : Monitor thread successfully connected to server with description ServerDescription{address=ac-khxyvkv-shard-00-01.ltylxsp.mongodb.net:27017, type=REPLICA_SET_SECONDARY, cryptd=false, state=CONNECTED, ok=true, minWireVersion=0, maxWireVersion=25, maxDocumentSize=16777216, logicalSessionTimeoutMinutes=30, roundTripTimeNanos=18426738100, minRoundTripTimeNanos=0, setName='atlas-6x6yvm-shard-0', canonicalAddress=ac-khxyvkv-shard-00-01.ltylxsp.mongodb.net:27017, hosts=[ac-khxyvkv-shard-00-00.ltylxsp.mongodb.net:27017, ac-khxyvkv-shard-00-01.ltylxsp.mongodb.net:27017, ac-khxyvkv-shard-00-02.ltylxsp.mongodb.net:27017], passives=[], arbiters=[], primary='ac-khxyvkv-shard-00-02.ltylxsp.mongodb.net:27017', tagSet=TagSet{[Tag{name='availabilityZone', value='euw3-az2'}, Tag{name='cacheState', value='READY'}, Tag{name='diskState', value='READY'}, Tag{name='nodeType', value='ELECTABLE'}, Tag{name='provider', value='AWS'}, Tag{name='region', value='EU_WEST_3'}, Tag{name='workloadType', value='OPERATIONAL'}]}, electionId=null, setVersion=36, topologyVersion=TopologyVersion{processId=6a0b7610b7f22932df19d864, counter=3}, lastWriteDate=Mon May 18 21:27:33 WAT 2026, lastUpdateTimeNanos=213772033887400}
2026-05-18T22:54:22.415+01:00  INFO 28700 --- [MatchService] [ngodb.net:27017] org.mongodb.driver.cluster               : Exception in monitor thread while connecting to server ac-khxyvkv-shard-00-01.ltylxsp.mongodb.net:27017

com.mongodb.MongoSocketReadException: Exception receiving message
	at com.mongodb.internal.connection.InternalStreamConnection.translateReadException(InternalStreamConnection.java:814) ~[mongodb-driver-core-5.2.1.jar:na]
	at com.mongodb.internal.connection.InternalStreamConnection.receiveResponseBuffers(InternalStreamConnection.java:862) ~[mongodb-driver-core-5.2.1.jar:na]
	at com.mongodb.internal.connection.InternalStreamConnection.receiveCommandMessageResponse(InternalStreamConnection.java:517) ~[mongodb-driver-core-5.2.1.jar:na]
	at com.mongodb.internal.connection.InternalStreamConnection.receive(InternalStreamConnection.java:469) ~[mongodb-driver-core-5.2.1.jar:na]
	at com.mongodb.internal.connection.DefaultServerMonitor$ServerMonitor.lookupServerDescription(DefaultServerMonitor.java:249) ~[mongodb-driver-core-5.2.1.jar:na]
	at com.mongodb.internal.connection.DefaultServerMonitor$ServerMonitor.run(DefaultServerMonitor.java:176) ~[mongodb-driver-core-5.2.1.jar:na]
Caused by: java.net.SocketException: Connection reset
	at java.base/sun.nio.ch.NioSocketImpl.implRead(NioSocketImpl.java:328) ~[na:na]
	at java.base/sun.nio.ch.NioSocketImpl.read(NioSocketImpl.java:355) ~[na:na]
	at java.base/sun.nio.ch.NioSocketImpl$1.read(NioSocketImpl.java:808) ~[na:na]
	at java.base/java.net.Socket$SocketInputStream.read(Socket.java:966) ~[na:na]
	at java.base/sun.security.ssl.SSLSocketInputRecord.read(SSLSocketInputRecord.java:484) ~[na:na]
	at java.base/sun.security.ssl.SSLSocketInputRecord.readHeader(SSLSocketInputRecord.java:478) ~[na:na]
	at java.base/sun.security.ssl.SSLSocketInputRecord.bytesInCompletePacket(SSLSocketInputRecord.java:70) ~[na:na]
	at java.base/sun.security.ssl.SSLSocketImpl.readApplicationRecord(SSLSocketImpl.java:1461) ~[na:na]
	at java.base/sun.security.ssl.SSLSocketImpl$AppInputStream.read(SSLSocketImpl.java:1065) ~[na:na]
	at com.mongodb.internal.connection.SocketStream.read(SocketStream.java:182) ~[mongodb-driver-core-5.2.1.jar:na]
	at com.mongodb.internal.connection.InternalStreamConnection.receiveResponseBuffers(InternalStreamConnection.java:829) ~[mongodb-driver-core-5.2.1.jar:na]
	... 4 common frames omitted

2026-05-18T22:54:22.416+01:00  INFO 28700 --- [MatchService] [ngodb.net:27017] org.mongodb.driver.cluster               : Exception in monitor thread while connecting to server ac-khxyvkv-shard-00-02.ltylxsp.mongodb.net:27017

com.mongodb.MongoSocketReadException: Exception receiving message
	at com.mongodb.internal.connection.InternalStreamConnection.translateReadException(InternalStreamConnection.java:814) ~[mongodb-driver-core-5.2.1.jar:na]
	at com.mongodb.internal.connection.InternalStreamConnection.receiveResponseBuffers(InternalStreamConnection.java:862) ~[mongodb-driver-core-5.2.1.jar:na]
	at com.mongodb.internal.connection.InternalStreamConnection.receiveCommandMessageResponse(InternalStreamConnection.java:517) ~[mongodb-driver-core-5.2.1.jar:na]
	at com.mongodb.internal.connection.InternalStreamConnection.receive(InternalStreamConnection.java:469) ~[mongodb-driver-core-5.2.1.jar:na]
	at com.mongodb.internal.connection.DefaultServerMonitor$ServerMonitor.lookupServerDescription(DefaultServerMonitor.java:249) ~[mongodb-driver-core-5.2.1.jar:na]
	at com.mongodb.internal.connection.DefaultServerMonitor$ServerMonitor.run(DefaultServerMonitor.java:176) ~[mongodb-driver-core-5.2.1.jar:na]
Caused by: java.net.SocketException: Connection reset
	at java.base/sun.nio.ch.NioSocketImpl.implRead(NioSocketImpl.java:328) ~[na:na]
	at java.base/sun.nio.ch.NioSocketImpl.read(NioSocketImpl.java:355) ~[na:na]
	at java.base/sun.nio.ch.NioSocketImpl$1.read(NioSocketImpl.java:808) ~[na:na]
	at java.base/java.net.Socket$SocketInputStream.read(Socket.java:966) ~[na:na]
	at java.base/sun.security.ssl.SSLSocketInputRecord.read(SSLSocketInputRecord.java:484) ~[na:na]
	at java.base/sun.security.ssl.SSLSocketInputRecord.readHeader(SSLSocketInputRecord.java:478) ~[na:na]
	at java.base/sun.security.ssl.SSLSocketInputRecord.bytesInCompletePacket(SSLSocketInputRecord.java:70) ~[na:na]
	at java.base/sun.security.ssl.SSLSocketImpl.readApplicationRecord(SSLSocketImpl.java:1461) ~[na:na]
	at java.base/sun.security.ssl.SSLSocketImpl$AppInputStream.read(SSLSocketImpl.java:1065) ~[na:na]
	at com.mongodb.internal.connection.SocketStream.read(SocketStream.java:182) ~[mongodb-driver-core-5.2.1.jar:na]
	at com.mongodb.internal.connection.InternalStreamConnection.receiveResponseBuffers(InternalStreamConnection.java:829) ~[mongodb-driver-core-5.2.1.jar:na]
	... 4 common frames omitted

2026-05-18T22:54:22.420+01:00  INFO 28700 --- [MatchService] [ngodb.net:27017] org.mongodb.driver.cluster               : Exception in monitor thread while connecting to server ac-khxyvkv-shard-00-00.ltylxsp.mongodb.net:27017

com.mongodb.MongoSocketReadException: Exception receiving message
	at com.mongodb.internal.connection.InternalStreamConnection.translateReadException(InternalStreamConnection.java:814) ~[mongodb-driver-core-5.2.1.jar:na]
	at com.mongodb.internal.connection.InternalStreamConnection.receiveResponseBuffers(InternalStreamConnection.java:862) ~[mongodb-driver-core-5.2.1.jar:na]
	at com.mongodb.internal.connection.InternalStreamConnection.receiveCommandMessageResponse(InternalStreamConnection.java:517) ~[mongodb-driver-core-5.2.1.jar:na]
	at com.mongodb.internal.connection.InternalStreamConnection.receive(InternalStreamConnection.java:469) ~[mongodb-driver-core-5.2.1.jar:na]
	at com.mongodb.internal.connection.DefaultServerMonitor$ServerMonitor.lookupServerDescription(DefaultServerMonitor.java:249) ~[mongodb-driver-core-5.2.1.jar:na]
	at com.mongodb.internal.connection.DefaultServerMonitor$ServerMonitor.run(DefaultServerMonitor.java:176) ~[mongodb-driver-core-5.2.1.jar:na]
Caused by: java.net.SocketException: Connection reset
	at java.base/sun.nio.ch.NioSocketImpl.implRead(NioSocketImpl.java:328) ~[na:na]
	at java.base/sun.nio.ch.NioSocketImpl.read(NioSocketImpl.java:355) ~[na:na]
	at java.base/sun.nio.ch.NioSocketImpl$1.read(NioSocketImpl.java:808) ~[na:na]
	at java.base/java.net.Socket$SocketInputStream.read(Socket.java:966) ~[na:na]
	at java.base/sun.security.ssl.SSLSocketInputRecord.read(SSLSocketInputRecord.java:484) ~[na:na]
	at java.base/sun.security.ssl.SSLSocketInputRecord.readHeader(SSLSocketInputRecord.java:478) ~[na:na]
	at java.base/sun.security.ssl.SSLSocketInputRecord.bytesInCompletePacket(SSLSocketInputRecord.java:70) ~[na:na]
	at java.base/sun.security.ssl.SSLSocketImpl.readApplicationRecord(SSLSocketImpl.java:1461) ~[na:na]
	at java.base/sun.security.ssl.SSLSocketImpl$AppInputStream.read(SSLSocketImpl.java:1065) ~[na:na]
	at com.mongodb.internal.connection.SocketStream.read(SocketStream.java:182) ~[mongodb-driver-core-5.2.1.jar:na]
	at com.mongodb.internal.connection.InternalStreamConnection.receiveResponseBuffers(InternalStreamConnection.java:829) ~[mongodb-driver-core-5.2.1.jar:na]
	... 4 common frames omitted

2026-05-18T22:54:23.028+01:00  INFO 28700 --- [MatchService] [ngodb.net:27017] org.mongodb.driver.cluster               : Exception in monitor thread while connecting to server ac-khxyvkv-shard-00-02.ltylxsp.mongodb.net:27017

com.mongodb.MongoSocketException: Hôte inconnu (ac-khxyvkv-shard-00-02.ltylxsp.mongodb.net)
	at com.mongodb.internal.connection.ServerAddressHelper.getSocketAddresses(ServerAddressHelper.java:75) ~[mongodb-driver-core-5.2.1.jar:na]
	at com.mongodb.internal.connection.SocketStream.initializeSocket(SocketStream.java:100) ~[mongodb-driver-core-5.2.1.jar:na]
	at com.mongodb.internal.connection.SocketStream.open(SocketStream.java:79) ~[mongodb-driver-core-5.2.1.jar:na]
	at com.mongodb.internal.connection.InternalStreamConnection.open(InternalStreamConnection.java:233) ~[mongodb-driver-core-5.2.1.jar:na]
	at com.mongodb.internal.connection.DefaultServerMonitor$ServerMonitor.lookupServerDescription(DefaultServerMonitor.java:219) ~[mongodb-driver-core-5.2.1.jar:na]
	at com.mongodb.internal.connection.DefaultServerMonitor$ServerMonitor.run(DefaultServerMonitor.java:176) ~[mongodb-driver-core-5.2.1.jar:na]
Caused by: java.net.UnknownHostException: Hôte inconnu (ac-khxyvkv-shard-00-02.ltylxsp.mongodb.net)
	at java.base/java.net.Inet6AddressImpl.lookupAllHostAddr(Native Method) ~[na:na]
	at java.base/java.net.InetAddress$PlatformNameService.lookupAllHostAddr(InetAddress.java:933) ~[na:na]
	at java.base/java.net.InetAddress.getAddressesFromNameService(InetAddress.java:1543) ~[na:na]
	at java.base/java.net.InetAddress$NameServiceAddresses.get(InetAddress.java:852) ~[na:na]
	at java.base/java.net.InetAddress.getAllByName0(InetAddress.java:1532) ~[na:na]
	at java.base/java.net.InetAddress.getAllByName(InetAddress.java:1384) ~[na:na]
	at java.base/java.net.InetAddress.getAllByName(InetAddress.java:1305) ~[na:na]
	at com.mongodb.internal.connection.DefaultInetAddressResolver.lookupByName(DefaultInetAddressResolver.java:34) ~[mongodb-driver-core-5.2.1.jar:na]
	at com.mongodb.internal.connection.ServerAddressHelper.getSocketAddresses(ServerAddressHelper.java:71) ~[mongodb-driver-core-5.2.1.jar:na]
	... 5 common frames omitted

2026-05-18T22:54:23.028+01:00  INFO 28700 --- [MatchService] [ngodb.net:27017] org.mongodb.driver.cluster               : Exception in monitor thread while connecting to server ac-khxyvkv-shard-00-00.ltylxsp.mongodb.net:27017

com.mongodb.MongoSocketException: Hôte inconnu (ac-khxyvkv-shard-00-00.ltylxsp.mongodb.net)
	at com.mongodb.internal.connection.ServerAddressHelper.getSocketAddresses(ServerAddressHelper.java:75) ~[mongodb-driver-core-5.2.1.jar:na]
	at com.mongodb.internal.connection.SocketStream.initializeSocket(SocketStream.java:100) ~[mongodb-driver-core-5.2.1.jar:na]
	at com.mongodb.internal.connection.SocketStream.open(SocketStream.java:79) ~[mongodb-driver-core-5.2.1.jar:na]
	at com.mongodb.internal.connection.InternalStreamConnection.open(InternalStreamConnection.java:233) ~[mongodb-driver-core-5.2.1.jar:na]
	at com.mongodb.internal.connection.DefaultServerMonitor$ServerMonitor.lookupServerDescription(DefaultServerMonitor.java:219) ~[mongodb-driver-core-5.2.1.jar:na]
	at com.mongodb.internal.connection.DefaultServerMonitor$ServerMonitor.run(DefaultServerMonitor.java:176) ~[mongodb-driver-core-5.2.1.jar:na]
Caused by: java.net.UnknownHostException: Hôte inconnu (ac-khxyvkv-shard-00-00.ltylxsp.mongodb.net)
	at java.base/java.net.Inet6AddressImpl.lookupAllHostAddr(Native Method) ~[na:na]
	at java.base/java.net.InetAddress$PlatformNameService.lookupAllHostAddr(InetAddress.java:933) ~[na:na]
	at java.base/java.net.InetAddress.getAddressesFromNameService(InetAddress.java:1543) ~[na:na]
	at java.base/java.net.InetAddress$NameServiceAddresses.get(InetAddress.java:852) ~[na:na]
	at java.base/java.net.InetAddress.getAllByName0(InetAddress.java:1532) ~[na:na]
	at java.base/java.net.InetAddress.getAllByName(InetAddress.java:1384) ~[na:na]
	at java.base/java.net.InetAddress.getAllByName(InetAddress.java:1305) ~[na:na]
	at com.mongodb.internal.connection.DefaultInetAddressResolver.lookupByName(DefaultInetAddressResolver.java:34) ~[mongodb-driver-core-5.2.1.jar:na]
	at com.mongodb.internal.connection.ServerAddressHelper.getSocketAddresses(ServerAddressHelper.java:71) ~[mongodb-driver-core-5.2.1.jar:na]
	... 5 common frames omitted

2026-05-18T22:54:23.075+01:00  INFO 28700 --- [MatchService] [ngodb.net:27017] org.mongodb.driver.cluster               : Exception in monitor thread while connecting to server ac-khxyvkv-shard-00-01.ltylxsp.mongodb.net:27017

com.mongodb.MongoSocketOpenException: Exception opening socket
	at com.mongodb.internal.connection.SocketStream.lambda$open$0(SocketStream.java:85) ~[mongodb-driver-core-5.2.1.jar:na]
	at java.base/java.util.Optional.orElseThrow(Optional.java:403) ~[na:na]
	at com.mongodb.internal.connection.SocketStream.open(SocketStream.java:85) ~[mongodb-driver-core-5.2.1.jar:na]
	at com.mongodb.internal.connection.InternalStreamConnection.open(InternalStreamConnection.java:233) ~[mongodb-driver-core-5.2.1.jar:na]
	at com.mongodb.internal.connection.DefaultServerMonitor$ServerMonitor.lookupServerDescription(DefaultServerMonitor.java:219) ~[mongodb-driver-core-5.2.1.jar:na]
	at com.mongodb.internal.connection.DefaultServerMonitor$ServerMonitor.run(DefaultServerMonitor.java:176) ~[mongodb-driver-core-5.2.1.jar:na]
Caused by: java.net.SocketException: Network is unreachable: no further information
	at java.base/sun.nio.ch.Net.pollConnect(Native Method) ~[na:na]
	at java.base/sun.nio.ch.Net.pollConnectNow(Net.java:672) ~[na:na]
	at java.base/sun.nio.ch.NioSocketImpl.timedFinishConnect(NioSocketImpl.java:547) ~[na:na]
	at java.base/sun.nio.ch.NioSocketImpl.connect(NioSocketImpl.java:602) ~[na:na]
	at java.base/java.net.SocksSocketImpl.connect(SocksSocketImpl.java:327) ~[na:na]
	at java.base/java.net.Socket.connect(Socket.java:633) ~[na:na]
	at java.base/sun.security.ssl.SSLSocketImpl.connect(SSLSocketImpl.java:304) ~[na:na]
	at com.mongodb.internal.connection.SocketStreamHelper.initialize(SocketStreamHelper.java:76) ~[mongodb-driver-core-5.2.1.jar:na]
	at com.mongodb.internal.connection.SocketStream.initializeSocket(SocketStream.java:104) ~[mongodb-driver-core-5.2.1.jar:na]
	at com.mongodb.internal.connection.SocketStream.open(SocketStream.java:79) ~[mongodb-driver-core-5.2.1.jar:na]
	... 3 common frames omitted

2026-05-18T23:40:17.731+01:00  INFO 28700 --- [MatchService] [ngodb.net:27017] org.mongodb.driver.cluster               : Monitor thread successfully connected to server with description ServerDescription{address=ac-khxyvkv-shard-00-00.ltylxsp.mongodb.net:27017, type=REPLICA_SET_SECONDARY, cryptd=false, state=CONNECTED, ok=true, minWireVersion=0, maxWireVersion=25, maxDocumentSize=16777216, logicalSessionTimeoutMinutes=30, roundTripTimeNanos=351865800, minRoundTripTimeNanos=0, setName='atlas-6x6yvm-shard-0', canonicalAddress=ac-khxyvkv-shard-00-00.ltylxsp.mongodb.net:27017, hosts=[ac-khxyvkv-shard-00-00.ltylxsp.mongodb.net:27017, ac-khxyvkv-shard-00-01.ltylxsp.mongodb.net:27017, ac-khxyvkv-shard-00-02.ltylxsp.mongodb.net:27017], passives=[], arbiters=[], primary='ac-khxyvkv-shard-00-02.ltylxsp.mongodb.net:27017', tagSet=TagSet{[Tag{name='availabilityZone', value='euw3-az1'}, Tag{name='cacheState', value='READY'}, Tag{name='diskState', value='READY'}, Tag{name='nodeType', value='ELECTABLE'}, Tag{name='provider', value='AWS'}, Tag{name='region', value='EU_WEST_3'}, Tag{name='workloadType', value='OPERATIONAL'}]}, electionId=null, setVersion=36, topologyVersion=TopologyVersion{processId=6a0b71594350e6bbf1a71fd2, counter=4}, lastWriteDate=Mon May 18 23:40:16 WAT 2026, lastUpdateTimeNanos=221735373510500}
2026-05-18T23:40:17.731+01:00  INFO 28700 --- [MatchService] [ngodb.net:27017] org.mongodb.driver.cluster               : Monitor thread successfully connected to server with description ServerDescription{address=ac-khxyvkv-shard-00-02.ltylxsp.mongodb.net:27017, type=REPLICA_SET_PRIMARY, cryptd=false, state=CONNECTED, ok=true, minWireVersion=0, maxWireVersion=25, maxDocumentSize=16777216, logicalSessionTimeoutMinutes=30, roundTripTimeNanos=356190900, minRoundTripTimeNanos=0, setName='atlas-6x6yvm-shard-0', canonicalAddress=ac-khxyvkv-shard-00-02.ltylxsp.mongodb.net:27017, hosts=[ac-khxyvkv-shard-00-00.ltylxsp.mongodb.net:27017, ac-khxyvkv-shard-00-01.ltylxsp.mongodb.net:27017, ac-khxyvkv-shard-00-02.ltylxsp.mongodb.net:27017], passives=[], arbiters=[], primary='ac-khxyvkv-shard-00-02.ltylxsp.mongodb.net:27017', tagSet=TagSet{[Tag{name='availabilityZone', value='euw3-az3'}, Tag{name='cacheState', value='READY'}, Tag{name='diskState', value='READY'}, Tag{name='nodeType', value='ELECTABLE'}, Tag{name='provider', value='AWS'}, Tag{name='region', value='EU_WEST_3'}, Tag{name='workloadType', value='OPERATIONAL'}]}, electionId=7fffffff000000000000006a, setVersion=36, topologyVersion=TopologyVersion{processId=6a0b739aa9fe492cf1ce6df6, counter=6}, lastWriteDate=Mon May 18 23:40:16 WAT 2026, lastUpdateTimeNanos=221735377835200}
2026-05-18T23:40:17.732+01:00  INFO 28700 --- [MatchService] [ngodb.net:27017] org.mongodb.driver.cluster               : Monitor thread successfully connected to server with description ServerDescription{address=ac-khxyvkv-shard-00-01.ltylxsp.mongodb.net:27017, type=REPLICA_SET_SECONDARY, cryptd=false, state=CONNECTED, ok=true, minWireVersion=0, maxWireVersion=25, maxDocumentSize=16777216, logicalSessionTimeoutMinutes=30, roundTripTimeNanos=339025100, minRoundTripTimeNanos=0, setName='atlas-6x6yvm-shard-0', canonicalAddress=ac-khxyvkv-shard-00-01.ltylxsp.mongodb.net:27017, hosts=[ac-khxyvkv-shard-00-00.ltylxsp.mongodb.net:27017, ac-khxyvkv-shard-00-01.ltylxsp.mongodb.net:27017, ac-khxyvkv-shard-00-02.ltylxsp.mongodb.net:27017], passives=[], arbiters=[], primary='ac-khxyvkv-shard-00-02.ltylxsp.mongodb.net:27017', tagSet=TagSet{[Tag{name='availabilityZone', value='euw3-az2'}, Tag{name='cacheState', value='READY'}, Tag{name='diskState', value='READY'}, Tag{name='nodeType', value='ELECTABLE'}, Tag{name='provider', value='AWS'}, Tag{name='region', value='EU_WEST_3'}, Tag{name='workloadType', value='OPERATIONAL'}]}, electionId=null, setVersion=36, topologyVersion=TopologyVersion{processId=6a0b7610b7f22932df19d864, counter=3}, lastWriteDate=Mon May 18 23:40:16 WAT 2026, lastUpdateTimeNanos=221735373603100}
2026-05-18T23:40:17.770+01:00  INFO 28700 --- [MatchService] [ngodb.net:27017] org.mongodb.driver.cluster               : Discovered replica set primary ac-khxyvkv-shard-00-02.ltylxsp.mongodb.net:27017 with max election id 7fffffff000000000000006a and max set version 36
2026-05-19T13:34:45.963+01:00  INFO 28700 --- [MatchService] [ngodb.net:27017] org.mongodb.driver.cluster               : Exception in monitor thread while connecting to server ac-khxyvkv-shard-00-01.ltylxsp.mongodb.net:27017

com.mongodb.MongoSocketReadException: Exception receiving message
	at com.mongodb.internal.connection.InternalStreamConnection.translateReadException(InternalStreamConnection.java:814) ~[mongodb-driver-core-5.2.1.jar:na]
	at com.mongodb.internal.connection.InternalStreamConnection.receiveResponseBuffers(InternalStreamConnection.java:862) ~[mongodb-driver-core-5.2.1.jar:na]
	at com.mongodb.internal.connection.InternalStreamConnection.receiveCommandMessageResponse(InternalStreamConnection.java:517) ~[mongodb-driver-core-5.2.1.jar:na]
	at com.mongodb.internal.connection.InternalStreamConnection.receive(InternalStreamConnection.java:469) ~[mongodb-driver-core-5.2.1.jar:na]
	at com.mongodb.internal.connection.DefaultServerMonitor$ServerMonitor.lookupServerDescription(DefaultServerMonitor.java:249) ~[mongodb-driver-core-5.2.1.jar:na]
	at com.mongodb.internal.connection.DefaultServerMonitor$ServerMonitor.run(DefaultServerMonitor.java:176) ~[mongodb-driver-core-5.2.1.jar:na]
Caused by: java.net.SocketException: Connection reset
	at java.base/sun.nio.ch.NioSocketImpl.implRead(NioSocketImpl.java:328) ~[na:na]
	at java.base/sun.nio.ch.NioSocketImpl.read(NioSocketImpl.java:355) ~[na:na]
	at java.base/sun.nio.ch.NioSocketImpl$1.read(NioSocketImpl.java:808) ~[na:na]
	at java.base/java.net.Socket$SocketInputStream.read(Socket.java:966) ~[na:na]
	at java.base/sun.security.ssl.SSLSocketInputRecord.read(SSLSocketInputRecord.java:484) ~[na:na]
	at java.base/sun.security.ssl.SSLSocketInputRecord.readHeader(SSLSocketInputRecord.java:478) ~[na:na]
	at java.base/sun.security.ssl.SSLSocketInputRecord.bytesInCompletePacket(SSLSocketInputRecord.java:70) ~[na:na]
	at java.base/sun.security.ssl.SSLSocketImpl.readApplicationRecord(SSLSocketImpl.java:1461) ~[na:na]
	at java.base/sun.security.ssl.SSLSocketImpl$AppInputStream.read(SSLSocketImpl.java:1065) ~[na:na]
	at com.mongodb.internal.connection.SocketStream.read(SocketStream.java:182) ~[mongodb-driver-core-5.2.1.jar:na]
	at com.mongodb.internal.connection.InternalStreamConnection.receiveResponseBuffers(InternalStreamConnection.java:829) ~[mongodb-driver-core-5.2.1.jar:na]
	... 4 common frames omitted

2026-05-19T13:34:45.963+01:00  INFO 28700 --- [MatchService] [ngodb.net:27017] org.mongodb.driver.cluster               : Exception in monitor thread while connecting to server ac-khxyvkv-shard-00-00.ltylxsp.mongodb.net:27017

com.mongodb.MongoSocketReadException: Exception receiving message
	at com.mongodb.internal.connection.InternalStreamConnection.translateReadException(InternalStreamConnection.java:814) ~[mongodb-driver-core-5.2.1.jar:na]
	at com.mongodb.internal.connection.InternalStreamConnection.receiveResponseBuffers(InternalStreamConnection.java:862) ~[mongodb-driver-core-5.2.1.jar:na]
	at com.mongodb.internal.connection.InternalStreamConnection.receiveCommandMessageResponse(InternalStreamConnection.java:517) ~[mongodb-driver-core-5.2.1.jar:na]
	at com.mongodb.internal.connection.InternalStreamConnection.receive(InternalStreamConnection.java:469) ~[mongodb-driver-core-5.2.1.jar:na]
	at com.mongodb.internal.connection.DefaultServerMonitor$ServerMonitor.lookupServerDescription(DefaultServerMonitor.java:249) ~[mongodb-driver-core-5.2.1.jar:na]
	at com.mongodb.internal.connection.DefaultServerMonitor$ServerMonitor.run(DefaultServerMonitor.java:176) ~[mongodb-driver-core-5.2.1.jar:na]
Caused by: java.net.SocketException: Connection reset
	at java.base/sun.nio.ch.NioSocketImpl.implRead(NioSocketImpl.java:328) ~[na:na]
	at java.base/sun.nio.ch.NioSocketImpl.read(NioSocketImpl.java:355) ~[na:na]
	at java.base/sun.nio.ch.NioSocketImpl$1.read(NioSocketImpl.java:808) ~[na:na]
	at java.base/java.net.Socket$SocketInputStream.read(Socket.java:966) ~[na:na]
	at java.base/sun.security.ssl.SSLSocketInputRecord.read(SSLSocketInputRecord.java:484) ~[na:na]
	at java.base/sun.security.ssl.SSLSocketInputRecord.readHeader(SSLSocketInputRecord.java:478) ~[na:na]
	at java.base/sun.security.ssl.SSLSocketInputRecord.bytesInCompletePacket(SSLSocketInputRecord.java:70) ~[na:na]
	at java.base/sun.security.ssl.SSLSocketImpl.readApplicationRecord(SSLSocketImpl.java:1461) ~[na:na]
	at java.base/sun.security.ssl.SSLSocketImpl$AppInputStream.read(SSLSocketImpl.java:1065) ~[na:na]
	at com.mongodb.internal.connection.SocketStream.read(SocketStream.java:182) ~[mongodb-driver-core-5.2.1.jar:na]
	at com.mongodb.internal.connection.InternalStreamConnection.receiveResponseBuffers(InternalStreamConnection.java:829) ~[mongodb-driver-core-5.2.1.jar:na]
	... 4 common frames omitted

2026-05-19T13:34:45.967+01:00  INFO 28700 --- [MatchService] [ngodb.net:27017] org.mongodb.driver.cluster               : Exception in monitor thread while connecting to server ac-khxyvkv-shard-00-02.ltylxsp.mongodb.net:27017

com.mongodb.MongoSocketReadException: Exception receiving message
	at com.mongodb.internal.connection.InternalStreamConnection.translateReadException(InternalStreamConnection.java:814) ~[mongodb-driver-core-5.2.1.jar:na]
	at com.mongodb.internal.connection.InternalStreamConnection.receiveResponseBuffers(InternalStreamConnection.java:862) ~[mongodb-driver-core-5.2.1.jar:na]
	at com.mongodb.internal.connection.InternalStreamConnection.receiveCommandMessageResponse(InternalStreamConnection.java:517) ~[mongodb-driver-core-5.2.1.jar:na]
	at com.mongodb.internal.connection.InternalStreamConnection.receive(InternalStreamConnection.java:469) ~[mongodb-driver-core-5.2.1.jar:na]
	at com.mongodb.internal.connection.DefaultServerMonitor$ServerMonitor.lookupServerDescription(DefaultServerMonitor.java:249) ~[mongodb-driver-core-5.2.1.jar:na]
	at com.mongodb.internal.connection.DefaultServerMonitor$ServerMonitor.run(DefaultServerMonitor.java:176) ~[mongodb-driver-core-5.2.1.jar:na]
Caused by: java.net.SocketException: Connection reset
	at java.base/sun.nio.ch.NioSocketImpl.implRead(NioSocketImpl.java:328) ~[na:na]
	at java.base/sun.nio.ch.NioSocketImpl.read(NioSocketImpl.java:355) ~[na:na]
	at java.base/sun.nio.ch.NioSocketImpl$1.read(NioSocketImpl.java:808) ~[na:na]
	at java.base/java.net.Socket$SocketInputStream.read(Socket.java:966) ~[na:na]
	at java.base/sun.security.ssl.SSLSocketInputRecord.read(SSLSocketInputRecord.java:484) ~[na:na]
	at java.base/sun.security.ssl.SSLSocketInputRecord.readHeader(SSLSocketInputRecord.java:478) ~[na:na]
	at java.base/sun.security.ssl.SSLSocketInputRecord.bytesInCompletePacket(SSLSocketInputRecord.java:70) ~[na:na]
	at java.base/sun.security.ssl.SSLSocketImpl.readApplicationRecord(SSLSocketImpl.java:1461) ~[na:na]
	at java.base/sun.security.ssl.SSLSocketImpl$AppInputStream.read(SSLSocketImpl.java:1065) ~[na:na]
	at com.mongodb.internal.connection.SocketStream.read(SocketStream.java:182) ~[mongodb-driver-core-5.2.1.jar:na]
	at com.mongodb.internal.connection.InternalStreamConnection.receiveResponseBuffers(InternalStreamConnection.java:829) ~[mongodb-driver-core-5.2.1.jar:na]
	... 4 common frames omitted

2026-05-19T13:34:46.704+01:00  INFO 28700 --- [MatchService] [ngodb.net:27017] org.mongodb.driver.cluster               : Monitor thread successfully connected to server with description ServerDescription{address=ac-khxyvkv-shard-00-00.ltylxsp.mongodb.net:27017, type=REPLICA_SET_SECONDARY, cryptd=false, state=CONNECTED, ok=true, minWireVersion=0, maxWireVersion=25, maxDocumentSize=16777216, logicalSessionTimeoutMinutes=30, roundTripTimeNanos=464644200, minRoundTripTimeNanos=0, setName='atlas-6x6yvm-shard-0', canonicalAddress=ac-khxyvkv-shard-00-00.ltylxsp.mongodb.net:27017, hosts=[ac-khxyvkv-shard-00-00.ltylxsp.mongodb.net:27017, ac-khxyvkv-shard-00-01.ltylxsp.mongodb.net:27017, ac-khxyvkv-shard-00-02.ltylxsp.mongodb.net:27017], passives=[], arbiters=[], primary='ac-khxyvkv-shard-00-02.ltylxsp.mongodb.net:27017', tagSet=TagSet{[Tag{name='availabilityZone', value='euw3-az1'}, Tag{name='cacheState', value='READY'}, Tag{name='diskState', value='READY'}, Tag{name='nodeType', value='ELECTABLE'}, Tag{name='provider', value='AWS'}, Tag{name='region', value='EU_WEST_3'}, Tag{name='workloadType', value='OPERATIONAL'}]}, electionId=null, setVersion=36, topologyVersion=TopologyVersion{processId=6a0b71594350e6bbf1a71fd2, counter=4}, lastWriteDate=Tue May 19 13:34:45 WAT 2026, lastUpdateTimeNanos=271809848838199}
2026-05-19T13:34:46.752+01:00  INFO 28700 --- [MatchService] [ngodb.net:27017] org.mongodb.driver.cluster               : Monitor thread successfully connected to server with description ServerDescription{address=ac-khxyvkv-shard-00-02.ltylxsp.mongodb.net:27017, type=REPLICA_SET_PRIMARY, cryptd=false, state=CONNECTED, ok=true, minWireVersion=0, maxWireVersion=25, maxDocumentSize=16777216, logicalSessionTimeoutMinutes=30, roundTripTimeNanos=360283899, minRoundTripTimeNanos=0, setName='atlas-6x6yvm-shard-0', canonicalAddress=ac-khxyvkv-shard-00-02.ltylxsp.mongodb.net:27017, hosts=[ac-khxyvkv-shard-00-00.ltylxsp.mongodb.net:27017, ac-khxyvkv-shard-00-01.ltylxsp.mongodb.net:27017, ac-khxyvkv-shard-00-02.ltylxsp.mongodb.net:27017], passives=[], arbiters=[], primary='ac-khxyvkv-shard-00-02.ltylxsp.mongodb.net:27017', tagSet=TagSet{[Tag{name='availabilityZone', value='euw3-az3'}, Tag{name='cacheState', value='READY'}, Tag{name='diskState', value='READY'}, Tag{name='nodeType', value='ELECTABLE'}, Tag{name='provider', value='AWS'}, Tag{name='region', value='EU_WEST_3'}, Tag{name='workloadType', value='OPERATIONAL'}]}, electionId=7fffffff000000000000006a, setVersion=36, topologyVersion=TopologyVersion{processId=6a0b739aa9fe492cf1ce6df6, counter=6}, lastWriteDate=Tue May 19 13:34:45 WAT 2026, lastUpdateTimeNanos=271809896219800}
2026-05-19T13:34:46.753+01:00  INFO 28700 --- [MatchService] [ngodb.net:27017] org.mongodb.driver.cluster               : Discovered replica set primary ac-khxyvkv-shard-00-02.ltylxsp.mongodb.net:27017 with max election id 7fffffff000000000000006a and max set version 36
2026-05-19T13:34:46.923+01:00  INFO 28700 --- [MatchService] [ngodb.net:27017] org.mongodb.driver.cluster               : Monitor thread successfully connected to server with description ServerDescription{address=ac-khxyvkv-shard-00-01.ltylxsp.mongodb.net:27017, type=REPLICA_SET_SECONDARY, cryptd=false, state=CONNECTED, ok=true, minWireVersion=0, maxWireVersion=25, maxDocumentSize=16777216, logicalSessionTimeoutMinutes=30, roundTripTimeNanos=532286700, minRoundTripTimeNanos=0, setName='atlas-6x6yvm-shard-0', canonicalAddress=ac-khxyvkv-shard-00-01.ltylxsp.mongodb.net:27017, hosts=[ac-khxyvkv-shard-00-00.ltylxsp.mongodb.net:27017, ac-khxyvkv-shard-00-01.ltylxsp.mongodb.net:27017, ac-khxyvkv-shard-00-02.ltylxsp.mongodb.net:27017], passives=[], arbiters=[], primary='ac-khxyvkv-shard-00-02.ltylxsp.mongodb.net:27017', tagSet=TagSet{[Tag{name='availabilityZone', value='euw3-az2'}, Tag{name='cacheState', value='READY'}, Tag{name='diskState', value='READY'}, Tag{name='nodeType', value='ELECTABLE'}, Tag{name='provider', value='AWS'}, Tag{name='region', value='EU_WEST_3'}, Tag{name='workloadType', value='OPERATIONAL'}]}, electionId=null, setVersion=36, topologyVersion=TopologyVersion{processId=6a0b7610b7f22932df19d864, counter=3}, lastWriteDate=Tue May 19 13:34:45 WAT 2026, lastUpdateTimeNanos=271810068236900}
2026-05-19T14:35:09.711+01:00  INFO 28700 --- [MatchService] [ngodb.net:27017] org.mongodb.driver.cluster               : Exception in monitor thread while connecting to server ac-khxyvkv-shard-00-01.ltylxsp.mongodb.net:27017

com.mongodb.MongoSocketReadTimeoutException: Timeout while receiving message
	at com.mongodb.internal.connection.InternalStreamConnection.createReadTimeoutException(InternalStreamConnection.java:824) ~[mongodb-driver-core-5.2.1.jar:na]
	at com.mongodb.internal.connection.InternalStreamConnection.translateReadException(InternalStreamConnection.java:812) ~[mongodb-driver-core-5.2.1.jar:na]
	at com.mongodb.internal.connection.InternalStreamConnection.receiveResponseBuffers(InternalStreamConnection.java:862) ~[mongodb-driver-core-5.2.1.jar:na]
	at com.mongodb.internal.connection.InternalStreamConnection.receiveCommandMessageResponse(InternalStreamConnection.java:517) ~[mongodb-driver-core-5.2.1.jar:na]
	at com.mongodb.internal.connection.InternalStreamConnection.receive(InternalStreamConnection.java:469) ~[mongodb-driver-core-5.2.1.jar:na]
	at com.mongodb.internal.connection.DefaultServerMonitor$ServerMonitor.lookupServerDescription(DefaultServerMonitor.java:249) ~[mongodb-driver-core-5.2.1.jar:na]
	at com.mongodb.internal.connection.DefaultServerMonitor$ServerMonitor.run(DefaultServerMonitor.java:176) ~[mongodb-driver-core-5.2.1.jar:na]
Caused by: java.net.SocketTimeoutException: Read timed out
	at java.base/sun.nio.ch.NioSocketImpl.timedRead(NioSocketImpl.java:288) ~[na:na]
	at java.base/sun.nio.ch.NioSocketImpl.implRead(NioSocketImpl.java:314) ~[na:na]
	at java.base/sun.nio.ch.NioSocketImpl.read(NioSocketImpl.java:355) ~[na:na]
	at java.base/sun.nio.ch.NioSocketImpl$1.read(NioSocketImpl.java:808) ~[na:na]
	at java.base/java.net.Socket$SocketInputStream.read(Socket.java:966) ~[na:na]
	at java.base/sun.security.ssl.SSLSocketInputRecord.read(SSLSocketInputRecord.java:484) ~[na:na]
	at java.base/sun.security.ssl.SSLSocketInputRecord.readHeader(SSLSocketInputRecord.java:478) ~[na:na]
	at java.base/sun.security.ssl.SSLSocketInputRecord.bytesInCompletePacket(SSLSocketInputRecord.java:70) ~[na:na]
	at java.base/sun.security.ssl.SSLSocketImpl.readApplicationRecord(SSLSocketImpl.java:1461) ~[na:na]
	at java.base/sun.security.ssl.SSLSocketImpl$AppInputStream.read(SSLSocketImpl.java:1065) ~[na:na]
	at com.mongodb.internal.connection.SocketStream.read(SocketStream.java:182) ~[mongodb-driver-core-5.2.1.jar:na]
	at com.mongodb.internal.connection.InternalStreamConnection.receiveResponseBuffers(InternalStreamConnection.java:829) ~[mongodb-driver-core-5.2.1.jar:na]
	... 4 common frames omitted

2026-05-19T14:35:09.733+01:00  INFO 28700 --- [MatchService] [ngodb.net:27017] org.mongodb.driver.cluster               : Exception in monitor thread while connecting to server ac-khxyvkv-shard-00-00.ltylxsp.mongodb.net:27017

com.mongodb.MongoSocketReadTimeoutException: Timeout while receiving message
	at com.mongodb.internal.connection.InternalStreamConnection.createReadTimeoutException(InternalStreamConnection.java:824) ~[mongodb-driver-core-5.2.1.jar:na]
	at com.mongodb.internal.connection.InternalStreamConnection.translateReadException(InternalStreamConnection.java:812) ~[mongodb-driver-core-5.2.1.jar:na]
	at com.mongodb.internal.connection.InternalStreamConnection.receiveResponseBuffers(InternalStreamConnection.java:862) ~[mongodb-driver-core-5.2.1.jar:na]
	at com.mongodb.internal.connection.InternalStreamConnection.receiveCommandMessageResponse(InternalStreamConnection.java:517) ~[mongodb-driver-core-5.2.1.jar:na]
	at com.mongodb.internal.connection.InternalStreamConnection.receive(InternalStreamConnection.java:469) ~[mongodb-driver-core-5.2.1.jar:na]
	at com.mongodb.internal.connection.DefaultServerMonitor$ServerMonitor.lookupServerDescription(DefaultServerMonitor.java:249) ~[mongodb-driver-core-5.2.1.jar:na]
	at com.mongodb.internal.connection.DefaultServerMonitor$ServerMonitor.run(DefaultServerMonitor.java:176) ~[mongodb-driver-core-5.2.1.jar:na]
Caused by: java.net.SocketTimeoutException: Read timed out
	at java.base/sun.nio.ch.NioSocketImpl.timedRead(NioSocketImpl.java:288) ~[na:na]
	at java.base/sun.nio.ch.NioSocketImpl.implRead(NioSocketImpl.java:314) ~[na:na]
	at java.base/sun.nio.ch.NioSocketImpl.read(NioSocketImpl.java:355) ~[na:na]
	at java.base/sun.nio.ch.NioSocketImpl$1.read(NioSocketImpl.java:808) ~[na:na]
	at java.base/java.net.Socket$SocketInputStream.read(Socket.java:966) ~[na:na]
	at java.base/sun.security.ssl.SSLSocketInputRecord.read(SSLSocketInputRecord.java:484) ~[na:na]
	at java.base/sun.security.ssl.SSLSocketInputRecord.readHeader(SSLSocketInputRecord.java:478) ~[na:na]
	at java.base/sun.security.ssl.SSLSocketInputRecord.bytesInCompletePacket(SSLSocketInputRecord.java:70) ~[na:na]
	at java.base/sun.security.ssl.SSLSocketImpl.readApplicationRecord(SSLSocketImpl.java:1461) ~[na:na]
	at java.base/sun.security.ssl.SSLSocketImpl$AppInputStream.read(SSLSocketImpl.java:1065) ~[na:na]
	at com.mongodb.internal.connection.SocketStream.read(SocketStream.java:182) ~[mongodb-driver-core-5.2.1.jar:na]
	at com.mongodb.internal.connection.InternalStreamConnection.receiveResponseBuffers(InternalStreamConnection.java:829) ~[mongodb-driver-core-5.2.1.jar:na]
	... 4 common frames omitted

2026-05-19T14:35:09.899+01:00  INFO 28700 --- [MatchService] [ngodb.net:27017] org.mongodb.driver.cluster               : Exception in monitor thread while connecting to server ac-khxyvkv-shard-00-02.ltylxsp.mongodb.net:27017

com.mongodb.MongoSocketReadTimeoutException: Timeout while receiving message
	at com.mongodb.internal.connection.InternalStreamConnection.createReadTimeoutException(InternalStreamConnection.java:824) ~[mongodb-driver-core-5.2.1.jar:na]
	at com.mongodb.internal.connection.InternalStreamConnection.translateReadException(InternalStreamConnection.java:812) ~[mongodb-driver-core-5.2.1.jar:na]
	at com.mongodb.internal.connection.InternalStreamConnection.receiveResponseBuffers(InternalStreamConnection.java:862) ~[mongodb-driver-core-5.2.1.jar:na]
	at com.mongodb.internal.connection.InternalStreamConnection.receiveCommandMessageResponse(InternalStreamConnection.java:517) ~[mongodb-driver-core-5.2.1.jar:na]
	at com.mongodb.internal.connection.InternalStreamConnection.receive(InternalStreamConnection.java:469) ~[mongodb-driver-core-5.2.1.jar:na]
	at com.mongodb.internal.connection.DefaultServerMonitor$ServerMonitor.lookupServerDescription(DefaultServerMonitor.java:249) ~[mongodb-driver-core-5.2.1.jar:na]
	at com.mongodb.internal.connection.DefaultServerMonitor$ServerMonitor.run(DefaultServerMonitor.java:176) ~[mongodb-driver-core-5.2.1.jar:na]
Caused by: java.net.SocketTimeoutException: Read timed out
	at java.base/sun.nio.ch.NioSocketImpl.timedRead(NioSocketImpl.java:288) ~[na:na]
	at java.base/sun.nio.ch.NioSocketImpl.implRead(NioSocketImpl.java:314) ~[na:na]
	at java.base/sun.nio.ch.NioSocketImpl.read(NioSocketImpl.java:355) ~[na:na]
	at java.base/sun.nio.ch.NioSocketImpl$1.read(NioSocketImpl.java:808) ~[na:na]
	at java.base/java.net.Socket$SocketInputStream.read(Socket.java:966) ~[na:na]
	at java.base/sun.security.ssl.SSLSocketInputRecord.read(SSLSocketInputRecord.java:484) ~[na:na]
	at java.base/sun.security.ssl.SSLSocketInputRecord.readHeader(SSLSocketInputRecord.java:478) ~[na:na]
	at java.base/sun.security.ssl.SSLSocketInputRecord.bytesInCompletePacket(SSLSocketInputRecord.java:70) ~[na:na]
	at java.base/sun.security.ssl.SSLSocketImpl.readApplicationRecord(SSLSocketImpl.java:1461) ~[na:na]
	at java.base/sun.security.ssl.SSLSocketImpl$AppInputStream.read(SSLSocketImpl.java:1065) ~[na:na]
	at com.mongodb.internal.connection.SocketStream.read(SocketStream.java:182) ~[mongodb-driver-core-5.2.1.jar:na]
	at com.mongodb.internal.connection.InternalStreamConnection.receiveResponseBuffers(InternalStreamConnection.java:829) ~[mongodb-driver-core-5.2.1.jar:na]
	... 4 common frames omitted

2026-05-19T14:35:20.568+01:00  INFO 28700 --- [MatchService] [ngodb.net:27017] org.mongodb.driver.cluster               : Exception in monitor thread while connecting to server ac-khxyvkv-shard-00-01.ltylxsp.mongodb.net:27017

com.mongodb.MongoSocketException: Hôte inconnu (ac-khxyvkv-shard-00-01.ltylxsp.mongodb.net)
	at com.mongodb.internal.connection.ServerAddressHelper.getSocketAddresses(ServerAddressHelper.java:75) ~[mongodb-driver-core-5.2.1.jar:na]
	at com.mongodb.internal.connection.SocketStream.initializeSocket(SocketStream.java:100) ~[mongodb-driver-core-5.2.1.jar:na]
	at com.mongodb.internal.connection.SocketStream.open(SocketStream.java:79) ~[mongodb-driver-core-5.2.1.jar:na]
	at com.mongodb.internal.connection.InternalStreamConnection.open(InternalStreamConnection.java:233) ~[mongodb-driver-core-5.2.1.jar:na]
	at com.mongodb.internal.connection.DefaultServerMonitor$ServerMonitor.lookupServerDescription(DefaultServerMonitor.java:219) ~[mongodb-driver-core-5.2.1.jar:na]
	at com.mongodb.internal.connection.DefaultServerMonitor$ServerMonitor.run(DefaultServerMonitor.java:176) ~[mongodb-driver-core-5.2.1.jar:na]
Caused by: java.net.UnknownHostException: Hôte inconnu (ac-khxyvkv-shard-00-01.ltylxsp.mongodb.net)
	at java.base/java.net.Inet6AddressImpl.lookupAllHostAddr(Native Method) ~[na:na]
	at java.base/java.net.InetAddress$PlatformNameService.lookupAllHostAddr(InetAddress.java:933) ~[na:na]
	at java.base/java.net.InetAddress.getAddressesFromNameService(InetAddress.java:1543) ~[na:na]
	at java.base/java.net.InetAddress$NameServiceAddresses.get(InetAddress.java:852) ~[na:na]
	at java.base/java.net.InetAddress.getAllByName0(InetAddress.java:1532) ~[na:na]
	at java.base/java.net.InetAddress.getAllByName(InetAddress.java:1384) ~[na:na]
	at java.base/java.net.InetAddress.getAllByName(InetAddress.java:1305) ~[na:na]
	at com.mongodb.internal.connection.DefaultInetAddressResolver.lookupByName(DefaultInetAddressResolver.java:34) ~[mongodb-driver-core-5.2.1.jar:na]
	at com.mongodb.internal.connection.ServerAddressHelper.getSocketAddresses(ServerAddressHelper.java:71) ~[mongodb-driver-core-5.2.1.jar:na]
	... 5 common frames omitted

2026-05-19T14:35:20.604+01:00  INFO 28700 --- [MatchService] [ngodb.net:27017] org.mongodb.driver.cluster               : Exception in monitor thread while connecting to server ac-khxyvkv-shard-00-00.ltylxsp.mongodb.net:27017

com.mongodb.MongoSocketException: Hôte inconnu (ac-khxyvkv-shard-00-00.ltylxsp.mongodb.net)
	at com.mongodb.internal.connection.ServerAddressHelper.getSocketAddresses(ServerAddressHelper.java:75) ~[mongodb-driver-core-5.2.1.jar:na]
	at com.mongodb.internal.connection.SocketStream.initializeSocket(SocketStream.java:100) ~[mongodb-driver-core-5.2.1.jar:na]
	at com.mongodb.internal.connection.SocketStream.open(SocketStream.java:79) ~[mongodb-driver-core-5.2.1.jar:na]
	at com.mongodb.internal.connection.InternalStreamConnection.open(InternalStreamConnection.java:233) ~[mongodb-driver-core-5.2.1.jar:na]
	at com.mongodb.internal.connection.DefaultServerMonitor$ServerMonitor.lookupServerDescription(DefaultServerMonitor.java:219) ~[mongodb-driver-core-5.2.1.jar:na]
	at com.mongodb.internal.connection.DefaultServerMonitor$ServerMonitor.run(DefaultServerMonitor.java:176) ~[mongodb-driver-core-5.2.1.jar:na]
Caused by: java.net.UnknownHostException: Hôte inconnu (ac-khxyvkv-shard-00-00.ltylxsp.mongodb.net)
	at java.base/java.net.Inet6AddressImpl.lookupAllHostAddr(Native Method) ~[na:na]
	at java.base/java.net.InetAddress$PlatformNameService.lookupAllHostAddr(InetAddress.java:933) ~[na:na]
	at java.base/java.net.InetAddress.getAddressesFromNameService(InetAddress.java:1543) ~[na:na]
	at java.base/java.net.InetAddress$NameServiceAddresses.get(InetAddress.java:852) ~[na:na]
	at java.base/java.net.InetAddress.getAllByName0(InetAddress.java:1532) ~[na:na]
	at java.base/java.net.InetAddress.getAllByName(InetAddress.java:1384) ~[na:na]
	at java.base/java.net.InetAddress.getAllByName(InetAddress.java:1305) ~[na:na]
	at com.mongodb.internal.connection.DefaultInetAddressResolver.lookupByName(DefaultInetAddressResolver.java:34) ~[mongodb-driver-core-5.2.1.jar:na]
	at com.mongodb.internal.connection.ServerAddressHelper.getSocketAddresses(ServerAddressHelper.java:71) ~[mongodb-driver-core-5.2.1.jar:na]
	... 5 common frames omitted

2026-05-19T14:35:20.792+01:00  INFO 28700 --- [MatchService] [ngodb.net:27017] org.mongodb.driver.cluster               : Exception in monitor thread while connecting to server ac-khxyvkv-shard-00-02.ltylxsp.mongodb.net:27017

com.mongodb.MongoSocketException: Hôte inconnu (ac-khxyvkv-shard-00-02.ltylxsp.mongodb.net)
	at com.mongodb.internal.connection.ServerAddressHelper.getSocketAddresses(ServerAddressHelper.java:75) ~[mongodb-driver-core-5.2.1.jar:na]
	at com.mongodb.internal.connection.SocketStream.initializeSocket(SocketStream.java:100) ~[mongodb-driver-core-5.2.1.jar:na]
	at com.mongodb.internal.connection.SocketStream.open(SocketStream.java:79) ~[mongodb-driver-core-5.2.1.jar:na]
	at com.mongodb.internal.connection.InternalStreamConnection.open(InternalStreamConnection.java:233) ~[mongodb-driver-core-5.2.1.jar:na]
	at com.mongodb.internal.connection.DefaultServerMonitor$ServerMonitor.lookupServerDescription(DefaultServerMonitor.java:219) ~[mongodb-driver-core-5.2.1.jar:na]
	at com.mongodb.internal.connection.DefaultServerMonitor$ServerMonitor.run(DefaultServerMonitor.java:176) ~[mongodb-driver-core-5.2.1.jar:na]
Caused by: java.net.UnknownHostException: Hôte inconnu (ac-khxyvkv-shard-00-02.ltylxsp.mongodb.net)
	at java.base/java.net.Inet6AddressImpl.lookupAllHostAddr(Native Method) ~[na:na]
	at java.base/java.net.InetAddress$PlatformNameService.lookupAllHostAddr(InetAddress.java:933) ~[na:na]
	at java.base/java.net.InetAddress.getAddressesFromNameService(InetAddress.java:1543) ~[na:na]
	at java.base/java.net.InetAddress$NameServiceAddresses.get(InetAddress.java:852) ~[na:na]
	at java.base/java.net.InetAddress.getAllByName0(InetAddress.java:1532) ~[na:na]
	at java.base/java.net.InetAddress.getAllByName(InetAddress.java:1384) ~[na:na]
	at java.base/java.net.InetAddress.getAllByName(InetAddress.java:1305) ~[na:na]
	at com.mongodb.internal.connection.DefaultInetAddressResolver.lookupByName(DefaultInetAddressResolver.java:34) ~[mongodb-driver-core-5.2.1.jar:na]
	at com.mongodb.internal.connection.ServerAddressHelper.getSocketAddresses(ServerAddressHelper.java:71) ~[mongodb-driver-core-5.2.1.jar:na]
	... 5 common frames omitted

2026-05-19T14:35:30.593+01:00  INFO 28700 --- [MatchService] [ngodb.net:27017] org.mongodb.driver.cluster               : Exception in monitor thread while connecting to server ac-khxyvkv-shard-00-01.ltylxsp.mongodb.net:27017

com.mongodb.MongoSocketException: ac-khxyvkv-shard-00-01.ltylxsp.mongodb.net
	at com.mongodb.internal.connection.ServerAddressHelper.getSocketAddresses(ServerAddressHelper.java:75) ~[mongodb-driver-core-5.2.1.jar:na]
	at com.mongodb.internal.connection.SocketStream.initializeSocket(SocketStream.java:100) ~[mongodb-driver-core-5.2.1.jar:na]
	at com.mongodb.internal.connection.SocketStream.open(SocketStream.java:79) ~[mongodb-driver-core-5.2.1.jar:na]
	at com.mongodb.internal.connection.InternalStreamConnection.open(InternalStreamConnection.java:233) ~[mongodb-driver-core-5.2.1.jar:na]
	at com.mongodb.internal.connection.DefaultServerMonitor$ServerMonitor.lookupServerDescription(DefaultServerMonitor.java:219) ~[mongodb-driver-core-5.2.1.jar:na]
	at com.mongodb.internal.connection.DefaultServerMonitor$ServerMonitor.run(DefaultServerMonitor.java:176) ~[mongodb-driver-core-5.2.1.jar:na]
Caused by: java.net.UnknownHostException: ac-khxyvkv-shard-00-01.ltylxsp.mongodb.net
	at java.base/java.net.InetAddress$CachedAddresses.get(InetAddress.java:801) ~[na:na]
	at java.base/java.net.InetAddress.getAllByName0(InetAddress.java:1532) ~[na:na]
	at java.base/java.net.InetAddress.getAllByName(InetAddress.java:1384) ~[na:na]
	at java.base/java.net.InetAddress.getAllByName(InetAddress.java:1305) ~[na:na]
	at com.mongodb.internal.connection.DefaultInetAddressResolver.lookupByName(DefaultInetAddressResolver.java:34) ~[mongodb-driver-core-5.2.1.jar:na]
	at com.mongodb.internal.connection.ServerAddressHelper.getSocketAddresses(ServerAddressHelper.java:71) ~[mongodb-driver-core-5.2.1.jar:na]
	... 5 common frames omitted

2026-05-19T14:35:51.895+01:00  INFO 28700 --- [MatchService] [ngodb.net:27017] org.mongodb.driver.cluster               : Exception in monitor thread while connecting to server ac-khxyvkv-shard-00-02.ltylxsp.mongodb.net:27017

com.mongodb.MongoSocketException: ac-khxyvkv-shard-00-02.ltylxsp.mongodb.net
	at com.mongodb.internal.connection.ServerAddressHelper.getSocketAddresses(ServerAddressHelper.java:75) ~[mongodb-driver-core-5.2.1.jar:na]
	at com.mongodb.internal.connection.SocketStream.initializeSocket(SocketStream.java:100) ~[mongodb-driver-core-5.2.1.jar:na]
	at com.mongodb.internal.connection.SocketStream.open(SocketStream.java:79) ~[mongodb-driver-core-5.2.1.jar:na]
	at com.mongodb.internal.connection.InternalStreamConnection.open(InternalStreamConnection.java:233) ~[mongodb-driver-core-5.2.1.jar:na]
	at com.mongodb.internal.connection.DefaultServerMonitor$ServerMonitor.lookupServerDescription(DefaultServerMonitor.java:219) ~[mongodb-driver-core-5.2.1.jar:na]
	at com.mongodb.internal.connection.DefaultServerMonitor$ServerMonitor.run(DefaultServerMonitor.java:176) ~[mongodb-driver-core-5.2.1.jar:na]
Caused by: java.net.UnknownHostException: ac-khxyvkv-shard-00-02.ltylxsp.mongodb.net
	at java.base/java.net.InetAddress$CachedAddresses.get(InetAddress.java:801) ~[na:na]
	at java.base/java.net.InetAddress$NameServiceAddresses.get(InetAddress.java:887) ~[na:na]
	at java.base/java.net.InetAddress.getAllByName0(InetAddress.java:1532) ~[na:na]
	at java.base/java.net.InetAddress.getAllByName(InetAddress.java:1384) ~[na:na]
	at java.base/java.net.InetAddress.getAllByName(InetAddress.java:1305) ~[na:na]
	at com.mongodb.internal.connection.DefaultInetAddressResolver.lookupByName(DefaultInetAddressResolver.java:34) ~[mongodb-driver-core-5.2.1.jar:na]
	at com.mongodb.internal.connection.ServerAddressHelper.getSocketAddresses(ServerAddressHelper.java:71) ~[mongodb-driver-core-5.2.1.jar:na]
	... 5 common frames omitted

2026-05-19T14:36:05.927+01:00  INFO 28700 --- [MatchService] [ngodb.net:27017] org.mongodb.driver.cluster               : Exception in monitor thread while connecting to server ac-khxyvkv-shard-00-02.ltylxsp.mongodb.net:27017

com.mongodb.MongoSocketException: Hôte inconnu (ac-khxyvkv-shard-00-02.ltylxsp.mongodb.net)
	at com.mongodb.internal.connection.ServerAddressHelper.getSocketAddresses(ServerAddressHelper.java:75) ~[mongodb-driver-core-5.2.1.jar:na]
	at com.mongodb.internal.connection.SocketStream.initializeSocket(SocketStream.java:100) ~[mongodb-driver-core-5.2.1.jar:na]
	at com.mongodb.internal.connection.SocketStream.open(SocketStream.java:79) ~[mongodb-driver-core-5.2.1.jar:na]
	at com.mongodb.internal.connection.InternalStreamConnection.open(InternalStreamConnection.java:233) ~[mongodb-driver-core-5.2.1.jar:na]
	at com.mongodb.internal.connection.DefaultServerMonitor$ServerMonitor.lookupServerDescription(DefaultServerMonitor.java:219) ~[mongodb-driver-core-5.2.1.jar:na]
	at com.mongodb.internal.connection.DefaultServerMonitor$ServerMonitor.run(DefaultServerMonitor.java:176) ~[mongodb-driver-core-5.2.1.jar:na]
Caused by: java.net.UnknownHostException: Hôte inconnu (ac-khxyvkv-shard-00-02.ltylxsp.mongodb.net)
	at java.base/java.net.Inet6AddressImpl.lookupAllHostAddr(Native Method) ~[na:na]
	at java.base/java.net.InetAddress$PlatformNameService.lookupAllHostAddr(InetAddress.java:933) ~[na:na]
	at java.base/java.net.InetAddress.getAddressesFromNameService(InetAddress.java:1543) ~[na:na]
	at java.base/java.net.InetAddress$NameServiceAddresses.get(InetAddress.java:852) ~[na:na]
	at java.base/java.net.InetAddress.getAllByName0(InetAddress.java:1532) ~[na:na]
	at java.base/java.net.InetAddress.getAllByName(InetAddress.java:1384) ~[na:na]
	at java.base/java.net.InetAddress.getAllByName(InetAddress.java:1305) ~[na:na]
	at com.mongodb.internal.connection.DefaultInetAddressResolver.lookupByName(DefaultInetAddressResolver.java:34) ~[mongodb-driver-core-5.2.1.jar:na]
	at com.mongodb.internal.connection.ServerAddressHelper.getSocketAddresses(ServerAddressHelper.java:71) ~[mongodb-driver-core-5.2.1.jar:na]
	... 5 common frames omitted

2026-05-19T14:36:27.760+01:00  INFO 28700 --- [MatchService] [ngodb.net:27017] org.mongodb.driver.cluster               : Exception in monitor thread while connecting to server ac-khxyvkv-shard-00-00.ltylxsp.mongodb.net:27017

com.mongodb.MongoSocketException: ac-khxyvkv-shard-00-00.ltylxsp.mongodb.net
	at com.mongodb.internal.connection.ServerAddressHelper.getSocketAddresses(ServerAddressHelper.java:75) ~[mongodb-driver-core-5.2.1.jar:na]
	at com.mongodb.internal.connection.SocketStream.initializeSocket(SocketStream.java:100) ~[mongodb-driver-core-5.2.1.jar:na]
	at com.mongodb.internal.connection.SocketStream.open(SocketStream.java:79) ~[mongodb-driver-core-5.2.1.jar:na]
	at com.mongodb.internal.connection.InternalStreamConnection.open(InternalStreamConnection.java:233) ~[mongodb-driver-core-5.2.1.jar:na]
	at com.mongodb.internal.connection.DefaultServerMonitor$ServerMonitor.lookupServerDescription(DefaultServerMonitor.java:219) ~[mongodb-driver-core-5.2.1.jar:na]
	at com.mongodb.internal.connection.DefaultServerMonitor$ServerMonitor.run(DefaultServerMonitor.java:176) ~[mongodb-driver-core-5.2.1.jar:na]
Caused by: java.net.UnknownHostException: ac-khxyvkv-shard-00-00.ltylxsp.mongodb.net
	at java.base/java.net.InetAddress$CachedAddresses.get(InetAddress.java:801) ~[na:na]
	at java.base/java.net.InetAddress$NameServiceAddresses.get(InetAddress.java:887) ~[na:na]
	at java.base/java.net.InetAddress.getAllByName0(InetAddress.java:1532) ~[na:na]
	at java.base/java.net.InetAddress.getAllByName(InetAddress.java:1384) ~[na:na]
	at java.base/java.net.InetAddress.getAllByName(InetAddress.java:1305) ~[na:na]
	at com.mongodb.internal.connection.DefaultInetAddressResolver.lookupByName(DefaultInetAddressResolver.java:34) ~[mongodb-driver-core-5.2.1.jar:na]
	at com.mongodb.internal.connection.ServerAddressHelper.getSocketAddresses(ServerAddressHelper.java:71) ~[mongodb-driver-core-5.2.1.jar:na]
	... 5 common frames omitted

2026-05-19T14:36:27.960+01:00  INFO 28700 --- [MatchService] [ngodb.net:27017] org.mongodb.driver.cluster               : Exception in monitor thread while connecting to server ac-khxyvkv-shard-00-02.ltylxsp.mongodb.net:27017

com.mongodb.MongoSocketException: ac-khxyvkv-shard-00-02.ltylxsp.mongodb.net
	at com.mongodb.internal.connection.ServerAddressHelper.getSocketAddresses(ServerAddressHelper.java:75) ~[mongodb-driver-core-5.2.1.jar:na]
	at com.mongodb.internal.connection.SocketStream.initializeSocket(SocketStream.java:100) ~[mongodb-driver-core-5.2.1.jar:na]
	at com.mongodb.internal.connection.SocketStream.open(SocketStream.java:79) ~[mongodb-driver-core-5.2.1.jar:na]
	at com.mongodb.internal.connection.InternalStreamConnection.open(InternalStreamConnection.java:233) ~[mongodb-driver-core-5.2.1.jar:na]
	at com.mongodb.internal.connection.DefaultServerMonitor$ServerMonitor.lookupServerDescription(DefaultServerMonitor.java:219) ~[mongodb-driver-core-5.2.1.jar:na]
	at com.mongodb.internal.connection.DefaultServerMonitor$ServerMonitor.run(DefaultServerMonitor.java:176) ~[mongodb-driver-core-5.2.1.jar:na]
Caused by: java.net.UnknownHostException: ac-khxyvkv-shard-00-02.ltylxsp.mongodb.net
	at java.base/java.net.InetAddress$CachedAddresses.get(InetAddress.java:801) ~[na:na]
	at java.base/java.net.InetAddress$NameServiceAddresses.get(InetAddress.java:887) ~[na:na]
	at java.base/java.net.InetAddress.getAllByName0(InetAddress.java:1532) ~[na:na]
	at java.base/java.net.InetAddress.getAllByName(InetAddress.java:1384) ~[na:na]
	at java.base/java.net.InetAddress.getAllByName(InetAddress.java:1305) ~[na:na]
	at com.mongodb.internal.connection.DefaultInetAddressResolver.lookupByName(DefaultInetAddressResolver.java:34) ~[mongodb-driver-core-5.2.1.jar:na]
	at com.mongodb.internal.connection.ServerAddressHelper.getSocketAddresses(ServerAddressHelper.java:71) ~[mongodb-driver-core-5.2.1.jar:na]
	... 5 common frames omitted

2026-05-19T14:36:37.973+01:00  INFO 28700 --- [MatchService] [ngodb.net:27017] org.mongodb.driver.cluster               : Exception in monitor thread while connecting to server ac-khxyvkv-shard-00-02.ltylxsp.mongodb.net:27017

com.mongodb.MongoSocketException: Hôte inconnu (ac-khxyvkv-shard-00-02.ltylxsp.mongodb.net)
	at com.mongodb.internal.connection.ServerAddressHelper.getSocketAddresses(ServerAddressHelper.java:75) ~[mongodb-driver-core-5.2.1.jar:na]
	at com.mongodb.internal.connection.SocketStream.initializeSocket(SocketStream.java:100) ~[mongodb-driver-core-5.2.1.jar:na]
	at com.mongodb.internal.connection.SocketStream.open(SocketStream.java:79) ~[mongodb-driver-core-5.2.1.jar:na]
	at com.mongodb.internal.connection.InternalStreamConnection.open(InternalStreamConnection.java:233) ~[mongodb-driver-core-5.2.1.jar:na]
	at com.mongodb.internal.connection.DefaultServerMonitor$ServerMonitor.lookupServerDescription(DefaultServerMonitor.java:219) ~[mongodb-driver-core-5.2.1.jar:na]
	at com.mongodb.internal.connection.DefaultServerMonitor$ServerMonitor.run(DefaultServerMonitor.java:176) ~[mongodb-driver-core-5.2.1.jar:na]
Caused by: java.net.UnknownHostException: Hôte inconnu (ac-khxyvkv-shard-00-02.ltylxsp.mongodb.net)
	at java.base/java.net.Inet6AddressImpl.lookupAllHostAddr(Native Method) ~[na:na]
	at java.base/java.net.InetAddress$PlatformNameService.lookupAllHostAddr(InetAddress.java:933) ~[na:na]
	at java.base/java.net.InetAddress.getAddressesFromNameService(InetAddress.java:1543) ~[na:na]
	at java.base/java.net.InetAddress$NameServiceAddresses.get(InetAddress.java:852) ~[na:na]
	at java.base/java.net.InetAddress.getAllByName0(InetAddress.java:1532) ~[na:na]
	at java.base/java.net.InetAddress.getAllByName(InetAddress.java:1384) ~[na:na]
	at java.base/java.net.InetAddress.getAllByName(InetAddress.java:1305) ~[na:na]
	at com.mongodb.internal.connection.DefaultInetAddressResolver.lookupByName(DefaultInetAddressResolver.java:34) ~[mongodb-driver-core-5.2.1.jar:na]
	at com.mongodb.internal.connection.ServerAddressHelper.getSocketAddresses(ServerAddressHelper.java:71) ~[mongodb-driver-core-5.2.1.jar:na]
	... 5 common frames omitted

2026-05-19T14:36:47.989+01:00  INFO 28700 --- [MatchService] [ngodb.net:27017] org.mongodb.driver.cluster               : Exception in monitor thread while connecting to server ac-khxyvkv-shard-00-02.ltylxsp.mongodb.net:27017

com.mongodb.MongoSocketException: ac-khxyvkv-shard-00-02.ltylxsp.mongodb.net
	at com.mongodb.internal.connection.ServerAddressHelper.getSocketAddresses(ServerAddressHelper.java:75) ~[mongodb-driver-core-5.2.1.jar:na]
	at com.mongodb.internal.connection.SocketStream.initializeSocket(SocketStream.java:100) ~[mongodb-driver-core-5.2.1.jar:na]
	at com.mongodb.internal.connection.SocketStream.open(SocketStream.java:79) ~[mongodb-driver-core-5.2.1.jar:na]
	at com.mongodb.internal.connection.InternalStreamConnection.open(InternalStreamConnection.java:233) ~[mongodb-driver-core-5.2.1.jar:na]
	at com.mongodb.internal.connection.DefaultServerMonitor$ServerMonitor.lookupServerDescription(DefaultServerMonitor.java:219) ~[mongodb-driver-core-5.2.1.jar:na]
	at com.mongodb.internal.connection.DefaultServerMonitor$ServerMonitor.run(DefaultServerMonitor.java:176) ~[mongodb-driver-core-5.2.1.jar:na]
Caused by: java.net.UnknownHostException: ac-khxyvkv-shard-00-02.ltylxsp.mongodb.net
	at java.base/java.net.InetAddress$CachedAddresses.get(InetAddress.java:801) ~[na:na]
	at java.base/java.net.InetAddress.getAllByName0(InetAddress.java:1532) ~[na:na]
	at java.base/java.net.InetAddress.getAllByName(InetAddress.java:1384) ~[na:na]
	at java.base/java.net.InetAddress.getAllByName(InetAddress.java:1305) ~[na:na]
	at com.mongodb.internal.connection.DefaultInetAddressResolver.lookupByName(DefaultInetAddressResolver.java:34) ~[mongodb-driver-core-5.2.1.jar:na]
	at com.mongodb.internal.connection.ServerAddressHelper.getSocketAddresses(ServerAddressHelper.java:71) ~[mongodb-driver-core-5.2.1.jar:na]
	... 5 common frames omitted

2026-05-19T14:36:58.556+01:00  INFO 28700 --- [MatchService] [ngodb.net:27017] org.mongodb.driver.cluster               : Monitor thread successfully connected to server with description ServerDescription{address=ac-khxyvkv-shard-00-00.ltylxsp.mongodb.net:27017, type=REPLICA_SET_SECONDARY, cryptd=false, state=CONNECTED, ok=true, minWireVersion=0, maxWireVersion=25, maxDocumentSize=16777216, logicalSessionTimeoutMinutes=30, roundTripTimeNanos=452374901, minRoundTripTimeNanos=0, setName='atlas-6x6yvm-shard-0', canonicalAddress=ac-khxyvkv-shard-00-00.ltylxsp.mongodb.net:27017, hosts=[ac-khxyvkv-shard-00-00.ltylxsp.mongodb.net:27017, ac-khxyvkv-shard-00-01.ltylxsp.mongodb.net:27017, ac-khxyvkv-shard-00-02.ltylxsp.mongodb.net:27017], passives=[], arbiters=[], primary='ac-khxyvkv-shard-00-02.ltylxsp.mongodb.net:27017', tagSet=TagSet{[Tag{name='availabilityZone', value='euw3-az1'}, Tag{name='cacheState', value='READY'}, Tag{name='diskState', value='READY'}, Tag{name='nodeType', value='ELECTABLE'}, Tag{name='provider', value='AWS'}, Tag{name='region', value='EU_WEST_3'}, Tag{name='workloadType', value='OPERATIONAL'}]}, electionId=null, setVersion=36, topologyVersion=TopologyVersion{processId=6a0b71594350e6bbf1a71fd2, counter=4}, lastWriteDate=Tue May 19 14:36:57 WAT 2026, lastUpdateTimeNanos=275542231359799}
2026-05-19T14:36:58.581+01:00  INFO 28700 --- [MatchService] [ngodb.net:27017] org.mongodb.driver.cluster               : Monitor thread successfully connected to server with description ServerDescription{address=ac-khxyvkv-shard-00-02.ltylxsp.mongodb.net:27017, type=REPLICA_SET_PRIMARY, cryptd=false, state=CONNECTED, ok=true, minWireVersion=0, maxWireVersion=25, maxDocumentSize=16777216, logicalSessionTimeoutMinutes=30, roundTripTimeNanos=479094500, minRoundTripTimeNanos=0, setName='atlas-6x6yvm-shard-0', canonicalAddress=ac-khxyvkv-shard-00-02.ltylxsp.mongodb.net:27017, hosts=[ac-khxyvkv-shard-00-00.ltylxsp.mongodb.net:27017, ac-khxyvkv-shard-00-01.ltylxsp.mongodb.net:27017, ac-khxyvkv-shard-00-02.ltylxsp.mongodb.net:27017], passives=[], arbiters=[], primary='ac-khxyvkv-shard-00-02.ltylxsp.mongodb.net:27017', tagSet=TagSet{[Tag{name='availabilityZone', value='euw3-az3'}, Tag{name='cacheState', value='READY'}, Tag{name='diskState', value='READY'}, Tag{name='nodeType', value='ELECTABLE'}, Tag{name='provider', value='AWS'}, Tag{name='region', value='EU_WEST_3'}, Tag{name='workloadType', value='OPERATIONAL'}]}, electionId=7fffffff000000000000006a, setVersion=36, topologyVersion=TopologyVersion{processId=6a0b739aa9fe492cf1ce6df6, counter=6}, lastWriteDate=Tue May 19 14:36:57 WAT 2026, lastUpdateTimeNanos=275542266185900}
2026-05-19T14:36:58.595+01:00  INFO 28700 --- [MatchService] [ngodb.net:27017] org.mongodb.driver.cluster               : Discovered replica set primary ac-khxyvkv-shard-00-02.ltylxsp.mongodb.net:27017 with max election id 7fffffff000000000000006a and max set version 36
2026-05-19T14:37:07.956+01:00  INFO 28700 --- [MatchService] [ngodb.net:27017] org.mongodb.driver.cluster               : Monitor thread successfully connected to server with description ServerDescription{address=ac-khxyvkv-shard-00-01.ltylxsp.mongodb.net:27017, type=REPLICA_SET_SECONDARY, cryptd=false, state=CONNECTED, ok=true, minWireVersion=0, maxWireVersion=25, maxDocumentSize=16777216, logicalSessionTimeoutMinutes=30, roundTripTimeNanos=118326600, minRoundTripTimeNanos=0, setName='atlas-6x6yvm-shard-0', canonicalAddress=ac-khxyvkv-shard-00-01.ltylxsp.mongodb.net:27017, hosts=[ac-khxyvkv-shard-00-00.ltylxsp.mongodb.net:27017, ac-khxyvkv-shard-00-01.ltylxsp.mongodb.net:27017, ac-khxyvkv-shard-00-02.ltylxsp.mongodb.net:27017], passives=[], arbiters=[], primary='ac-khxyvkv-shard-00-02.ltylxsp.mongodb.net:27017', tagSet=TagSet{[Tag{name='availabilityZone', value='euw3-az2'}, Tag{name='cacheState', value='READY'}, Tag{name='diskState', value='READY'}, Tag{name='nodeType', value='ELECTABLE'}, Tag{name='provider', value='AWS'}, Tag{name='region', value='EU_WEST_3'}, Tag{name='workloadType', value='OPERATIONAL'}]}, electionId=null, setVersion=36, topologyVersion=TopologyVersion{processId=6a0b7610b7f22932df19d864, counter=3}, lastWriteDate=Tue May 19 14:37:07 WAT 2026, lastUpdateTimeNanos=275551641798400}
2026-05-19T14:37:27.963+01:00  INFO 28700 --- [MatchService] [ngodb.net:27017] org.mongodb.driver.cluster               : Exception in monitor thread while connecting to server ac-khxyvkv-shard-00-01.ltylxsp.mongodb.net:27017

com.mongodb.MongoSocketReadTimeoutException: Timeout while receiving message
	at com.mongodb.internal.connection.InternalStreamConnection.createReadTimeoutException(InternalStreamConnection.java:824) ~[mongodb-driver-core-5.2.1.jar:na]
	at com.mongodb.internal.connection.InternalStreamConnection.translateReadException(InternalStreamConnection.java:812) ~[mongodb-driver-core-5.2.1.jar:na]
	at com.mongodb.internal.connection.InternalStreamConnection.receiveResponseBuffers(InternalStreamConnection.java:862) ~[mongodb-driver-core-5.2.1.jar:na]
	at com.mongodb.internal.connection.InternalStreamConnection.receiveCommandMessageResponse(InternalStreamConnection.java:517) ~[mongodb-driver-core-5.2.1.jar:na]
	at com.mongodb.internal.connection.InternalStreamConnection.receive(InternalStreamConnection.java:469) ~[mongodb-driver-core-5.2.1.jar:na]
	at com.mongodb.internal.connection.DefaultServerMonitor$ServerMonitor.lookupServerDescription(DefaultServerMonitor.java:249) ~[mongodb-driver-core-5.2.1.jar:na]
	at com.mongodb.internal.connection.DefaultServerMonitor$ServerMonitor.run(DefaultServerMonitor.java:176) ~[mongodb-driver-core-5.2.1.jar:na]
Caused by: java.net.SocketTimeoutException: Read timed out
	at java.base/sun.nio.ch.NioSocketImpl.timedRead(NioSocketImpl.java:288) ~[na:na]
	at java.base/sun.nio.ch.NioSocketImpl.implRead(NioSocketImpl.java:314) ~[na:na]
	at java.base/sun.nio.ch.NioSocketImpl.read(NioSocketImpl.java:355) ~[na:na]
	at java.base/sun.nio.ch.NioSocketImpl$1.read(NioSocketImpl.java:808) ~[na:na]
	at java.base/java.net.Socket$SocketInputStream.read(Socket.java:966) ~[na:na]
	at java.base/sun.security.ssl.SSLSocketInputRecord.read(SSLSocketInputRecord.java:484) ~[na:na]
	at java.base/sun.security.ssl.SSLSocketInputRecord.readHeader(SSLSocketInputRecord.java:478) ~[na:na]
	at java.base/sun.security.ssl.SSLSocketInputRecord.bytesInCompletePacket(SSLSocketInputRecord.java:70) ~[na:na]
	at java.base/sun.security.ssl.SSLSocketImpl.readApplicationRecord(SSLSocketImpl.java:1461) ~[na:na]
	at java.base/sun.security.ssl.SSLSocketImpl$AppInputStream.read(SSLSocketImpl.java:1065) ~[na:na]
	at com.mongodb.internal.connection.SocketStream.read(SocketStream.java:182) ~[mongodb-driver-core-5.2.1.jar:na]
	at com.mongodb.internal.connection.InternalStreamConnection.receiveResponseBuffers(InternalStreamConnection.java:829) ~[mongodb-driver-core-5.2.1.jar:na]
	... 4 common frames omitted

2026-05-19T14:37:28.000+01:00  INFO 28700 --- [MatchService] [ngodb.net:27017] org.mongodb.driver.cluster               : Exception in monitor thread while connecting to server ac-khxyvkv-shard-00-01.ltylxsp.mongodb.net:27017

com.mongodb.MongoSocketOpenException: Exception opening socket
	at com.mongodb.internal.connection.SocketStream.lambda$open$0(SocketStream.java:85) ~[mongodb-driver-core-5.2.1.jar:na]
	at java.base/java.util.Optional.orElseThrow(Optional.java:403) ~[na:na]
	at com.mongodb.internal.connection.SocketStream.open(SocketStream.java:85) ~[mongodb-driver-core-5.2.1.jar:na]
	at com.mongodb.internal.connection.InternalStreamConnection.open(InternalStreamConnection.java:233) ~[mongodb-driver-core-5.2.1.jar:na]
	at com.mongodb.internal.connection.DefaultServerMonitor$ServerMonitor.lookupServerDescription(DefaultServerMonitor.java:219) ~[mongodb-driver-core-5.2.1.jar:na]
	at com.mongodb.internal.connection.DefaultServerMonitor$ServerMonitor.run(DefaultServerMonitor.java:176) ~[mongodb-driver-core-5.2.1.jar:na]
Caused by: java.net.NoRouteToHostException: No route to host: no further information
	at java.base/sun.nio.ch.Net.pollConnect(Native Method) ~[na:na]
	at java.base/sun.nio.ch.Net.pollConnectNow(Net.java:672) ~[na:na]
	at java.base/sun.nio.ch.NioSocketImpl.timedFinishConnect(NioSocketImpl.java:547) ~[na:na]
	at java.base/sun.nio.ch.NioSocketImpl.connect(NioSocketImpl.java:602) ~[na:na]
	at java.base/java.net.SocksSocketImpl.connect(SocksSocketImpl.java:327) ~[na:na]
	at java.base/java.net.Socket.connect(Socket.java:633) ~[na:na]
	at java.base/sun.security.ssl.SSLSocketImpl.connect(SSLSocketImpl.java:304) ~[na:na]
	at com.mongodb.internal.connection.SocketStreamHelper.initialize(SocketStreamHelper.java:76) ~[mongodb-driver-core-5.2.1.jar:na]
	at com.mongodb.internal.connection.SocketStream.initializeSocket(SocketStream.java:104) ~[mongodb-driver-core-5.2.1.jar:na]
	at com.mongodb.internal.connection.SocketStream.open(SocketStream.java:79) ~[mongodb-driver-core-5.2.1.jar:na]
	... 3 common frames omitted

2026-05-19T14:37:28.724+01:00  INFO 28700 --- [MatchService] [ngodb.net:27017] org.mongodb.driver.cluster               : Exception in monitor thread while connecting to server ac-khxyvkv-shard-00-00.ltylxsp.mongodb.net:27017

com.mongodb.MongoSocketReadTimeoutException: Timeout while receiving message
	at com.mongodb.internal.connection.InternalStreamConnection.createReadTimeoutException(InternalStreamConnection.java:824) ~[mongodb-driver-core-5.2.1.jar:na]
	at com.mongodb.internal.connection.InternalStreamConnection.translateReadException(InternalStreamConnection.java:812) ~[mongodb-driver-core-5.2.1.jar:na]
	at com.mongodb.internal.connection.InternalStreamConnection.receiveResponseBuffers(InternalStreamConnection.java:862) ~[mongodb-driver-core-5.2.1.jar:na]
	at com.mongodb.internal.connection.InternalStreamConnection.receiveCommandMessageResponse(InternalStreamConnection.java:517) ~[mongodb-driver-core-5.2.1.jar:na]
	at com.mongodb.internal.connection.InternalStreamConnection.receive(InternalStreamConnection.java:469) ~[mongodb-driver-core-5.2.1.jar:na]
	at com.mongodb.internal.connection.DefaultServerMonitor$ServerMonitor.lookupServerDescription(DefaultServerMonitor.java:249) ~[mongodb-driver-core-5.2.1.jar:na]
	at com.mongodb.internal.connection.DefaultServerMonitor$ServerMonitor.run(DefaultServerMonitor.java:176) ~[mongodb-driver-core-5.2.1.jar:na]
Caused by: java.net.SocketTimeoutException: Read timed out
	at java.base/sun.nio.ch.NioSocketImpl.timedRead(NioSocketImpl.java:288) ~[na:na]
	at java.base/sun.nio.ch.NioSocketImpl.implRead(NioSocketImpl.java:314) ~[na:na]
	at java.base/sun.nio.ch.NioSocketImpl.read(NioSocketImpl.java:355) ~[na:na]
	at java.base/sun.nio.ch.NioSocketImpl$1.read(NioSocketImpl.java:808) ~[na:na]
	at java.base/java.net.Socket$SocketInputStream.read(Socket.java:966) ~[na:na]
	at java.base/sun.security.ssl.SSLSocketInputRecord.read(SSLSocketInputRecord.java:484) ~[na:na]
	at java.base/sun.security.ssl.SSLSocketInputRecord.readHeader(SSLSocketInputRecord.java:478) ~[na:na]
	at java.base/sun.security.ssl.SSLSocketInputRecord.bytesInCompletePacket(SSLSocketInputRecord.java:70) ~[na:na]
	at java.base/sun.security.ssl.SSLSocketImpl.readApplicationRecord(SSLSocketImpl.java:1461) ~[na:na]
	at java.base/sun.security.ssl.SSLSocketImpl$AppInputStream.read(SSLSocketImpl.java:1065) ~[na:na]
	at com.mongodb.internal.connection.SocketStream.read(SocketStream.java:182) ~[mongodb-driver-core-5.2.1.jar:na]
	at com.mongodb.internal.connection.InternalStreamConnection.receiveResponseBuffers(InternalStreamConnection.java:829) ~[mongodb-driver-core-5.2.1.jar:na]
	... 4 common frames omitted

2026-05-19T14:37:28.728+01:00  INFO 28700 --- [MatchService] [ngodb.net:27017] org.mongodb.driver.cluster               : Exception in monitor thread while connecting to server ac-khxyvkv-shard-00-00.ltylxsp.mongodb.net:27017

com.mongodb.MongoSocketException: Hôte inconnu (ac-khxyvkv-shard-00-00.ltylxsp.mongodb.net)
	at com.mongodb.internal.connection.ServerAddressHelper.getSocketAddresses(ServerAddressHelper.java:75) ~[mongodb-driver-core-5.2.1.jar:na]
	at com.mongodb.internal.connection.SocketStream.initializeSocket(SocketStream.java:100) ~[mongodb-driver-core-5.2.1.jar:na]
	at com.mongodb.internal.connection.SocketStream.open(SocketStream.java:79) ~[mongodb-driver-core-5.2.1.jar:na]
	at com.mongodb.internal.connection.InternalStreamConnection.open(InternalStreamConnection.java:233) ~[mongodb-driver-core-5.2.1.jar:na]
	at com.mongodb.internal.connection.DefaultServerMonitor$ServerMonitor.lookupServerDescription(DefaultServerMonitor.java:219) ~[mongodb-driver-core-5.2.1.jar:na]
	at com.mongodb.internal.connection.DefaultServerMonitor$ServerMonitor.run(DefaultServerMonitor.java:176) ~[mongodb-driver-core-5.2.1.jar:na]
Caused by: java.net.UnknownHostException: Hôte inconnu (ac-khxyvkv-shard-00-00.ltylxsp.mongodb.net)
	at java.base/java.net.Inet6AddressImpl.lookupAllHostAddr(Native Method) ~[na:na]
	at java.base/java.net.InetAddress$PlatformNameService.lookupAllHostAddr(InetAddress.java:933) ~[na:na]
	at java.base/java.net.InetAddress.getAddressesFromNameService(InetAddress.java:1543) ~[na:na]
	at java.base/java.net.InetAddress$NameServiceAddresses.get(InetAddress.java:852) ~[na:na]
	at java.base/java.net.InetAddress.getAllByName0(InetAddress.java:1532) ~[na:na]
	at java.base/java.net.InetAddress.getAllByName(InetAddress.java:1384) ~[na:na]
	at java.base/java.net.InetAddress.getAllByName(InetAddress.java:1305) ~[na:na]
	at com.mongodb.internal.connection.DefaultInetAddressResolver.lookupByName(DefaultInetAddressResolver.java:34) ~[mongodb-driver-core-5.2.1.jar:na]
	at com.mongodb.internal.connection.ServerAddressHelper.getSocketAddresses(ServerAddressHelper.java:71) ~[mongodb-driver-core-5.2.1.jar:na]
	... 5 common frames omitted

2026-05-19T14:37:28.740+01:00  INFO 28700 --- [MatchService] [ngodb.net:27017] org.mongodb.driver.cluster               : Exception in monitor thread while connecting to server ac-khxyvkv-shard-00-02.ltylxsp.mongodb.net:27017

com.mongodb.MongoSocketReadTimeoutException: Timeout while receiving message
	at com.mongodb.internal.connection.InternalStreamConnection.createReadTimeoutException(InternalStreamConnection.java:824) ~[mongodb-driver-core-5.2.1.jar:na]
	at com.mongodb.internal.connection.InternalStreamConnection.translateReadException(InternalStreamConnection.java:812) ~[mongodb-driver-core-5.2.1.jar:na]
	at com.mongodb.internal.connection.InternalStreamConnection.receiveResponseBuffers(InternalStreamConnection.java:862) ~[mongodb-driver-core-5.2.1.jar:na]
	at com.mongodb.internal.connection.InternalStreamConnection.receiveCommandMessageResponse(InternalStreamConnection.java:517) ~[mongodb-driver-core-5.2.1.jar:na]
	at com.mongodb.internal.connection.InternalStreamConnection.receive(InternalStreamConnection.java:469) ~[mongodb-driver-core-5.2.1.jar:na]
	at com.mongodb.internal.connection.DefaultServerMonitor$ServerMonitor.lookupServerDescription(DefaultServerMonitor.java:249) ~[mongodb-driver-core-5.2.1.jar:na]
	at com.mongodb.internal.connection.DefaultServerMonitor$ServerMonitor.run(DefaultServerMonitor.java:176) ~[mongodb-driver-core-5.2.1.jar:na]
Caused by: java.net.SocketTimeoutException: Read timed out
	at java.base/sun.nio.ch.NioSocketImpl.timedRead(NioSocketImpl.java:288) ~[na:na]
	at java.base/sun.nio.ch.NioSocketImpl.implRead(NioSocketImpl.java:314) ~[na:na]
	at java.base/sun.nio.ch.NioSocketImpl.read(NioSocketImpl.java:355) ~[na:na]
	at java.base/sun.nio.ch.NioSocketImpl$1.read(NioSocketImpl.java:808) ~[na:na]
	at java.base/java.net.Socket$SocketInputStream.read(Socket.java:966) ~[na:na]
	at java.base/sun.security.ssl.SSLSocketInputRecord.read(SSLSocketInputRecord.java:484) ~[na:na]
	at java.base/sun.security.ssl.SSLSocketInputRecord.readHeader(SSLSocketInputRecord.java:478) ~[na:na]
	at java.base/sun.security.ssl.SSLSocketInputRecord.bytesInCompletePacket(SSLSocketInputRecord.java:70) ~[na:na]
	at java.base/sun.security.ssl.SSLSocketImpl.readApplicationRecord(SSLSocketImpl.java:1461) ~[na:na]
	at java.base/sun.security.ssl.SSLSocketImpl$AppInputStream.read(SSLSocketImpl.java:1065) ~[na:na]
	at com.mongodb.internal.connection.SocketStream.read(SocketStream.java:182) ~[mongodb-driver-core-5.2.1.jar:na]
	at com.mongodb.internal.connection.InternalStreamConnection.receiveResponseBuffers(InternalStreamConnection.java:829) ~[mongodb-driver-core-5.2.1.jar:na]
	... 4 common frames omitted

2026-05-19T14:37:28.741+01:00  INFO 28700 --- [MatchService] [ngodb.net:27017] org.mongodb.driver.cluster               : Exception in monitor thread while connecting to server ac-khxyvkv-shard-00-02.ltylxsp.mongodb.net:27017

com.mongodb.MongoSocketException: Hôte inconnu (ac-khxyvkv-shard-00-02.ltylxsp.mongodb.net)
	at com.mongodb.internal.connection.ServerAddressHelper.getSocketAddresses(ServerAddressHelper.java:75) ~[mongodb-driver-core-5.2.1.jar:na]
	at com.mongodb.internal.connection.SocketStream.initializeSocket(SocketStream.java:100) ~[mongodb-driver-core-5.2.1.jar:na]
	at com.mongodb.internal.connection.SocketStream.open(SocketStream.java:79) ~[mongodb-driver-core-5.2.1.jar:na]
	at com.mongodb.internal.connection.InternalStreamConnection.open(InternalStreamConnection.java:233) ~[mongodb-driver-core-5.2.1.jar:na]
	at com.mongodb.internal.connection.DefaultServerMonitor$ServerMonitor.lookupServerDescription(DefaultServerMonitor.java:219) ~[mongodb-driver-core-5.2.1.jar:na]
	at com.mongodb.internal.connection.DefaultServerMonitor$ServerMonitor.run(DefaultServerMonitor.java:176) ~[mongodb-driver-core-5.2.1.jar:na]
Caused by: java.net.UnknownHostException: Hôte inconnu (ac-khxyvkv-shard-00-02.ltylxsp.mongodb.net)
	at java.base/java.net.Inet6AddressImpl.lookupAllHostAddr(Native Method) ~[na:na]
	at java.base/java.net.InetAddress$PlatformNameService.lookupAllHostAddr(InetAddress.java:933) ~[na:na]
	at java.base/java.net.InetAddress.getAddressesFromNameService(InetAddress.java:1543) ~[na:na]
	at java.base/java.net.InetAddress$NameServiceAddresses.get(InetAddress.java:852) ~[na:na]
	at java.base/java.net.InetAddress.getAllByName0(InetAddress.java:1532) ~[na:na]
	at java.base/java.net.InetAddress.getAllByName(InetAddress.java:1384) ~[na:na]
	at java.base/java.net.InetAddress.getAllByName(InetAddress.java:1305) ~[na:na]
	at com.mongodb.internal.connection.DefaultInetAddressResolver.lookupByName(DefaultInetAddressResolver.java:34) ~[mongodb-driver-core-5.2.1.jar:na]
	at com.mongodb.internal.connection.ServerAddressHelper.getSocketAddresses(ServerAddressHelper.java:71) ~[mongodb-driver-core-5.2.1.jar:na]
	... 5 common frames omitted

2026-05-19T14:37:38.024+01:00  INFO 28700 --- [MatchService] [ngodb.net:27017] org.mongodb.driver.cluster               : Exception in monitor thread while connecting to server ac-khxyvkv-shard-00-01.ltylxsp.mongodb.net:27017

com.mongodb.MongoSocketException: Hôte inconnu (ac-khxyvkv-shard-00-01.ltylxsp.mongodb.net)
	at com.mongodb.internal.connection.ServerAddressHelper.getSocketAddresses(ServerAddressHelper.java:75) ~[mongodb-driver-core-5.2.1.jar:na]
	at com.mongodb.internal.connection.SocketStream.initializeSocket(SocketStream.java:100) ~[mongodb-driver-core-5.2.1.jar:na]
	at com.mongodb.internal.connection.SocketStream.open(SocketStream.java:79) ~[mongodb-driver-core-5.2.1.jar:na]
	at com.mongodb.internal.connection.InternalStreamConnection.open(InternalStreamConnection.java:233) ~[mongodb-driver-core-5.2.1.jar:na]
	at com.mongodb.internal.connection.DefaultServerMonitor$ServerMonitor.lookupServerDescription(DefaultServerMonitor.java:219) ~[mongodb-driver-core-5.2.1.jar:na]
	at com.mongodb.internal.connection.DefaultServerMonitor$ServerMonitor.run(DefaultServerMonitor.java:176) ~[mongodb-driver-core-5.2.1.jar:na]
Caused by: java.net.UnknownHostException: Hôte inconnu (ac-khxyvkv-shard-00-01.ltylxsp.mongodb.net)
	at java.base/java.net.Inet6AddressImpl.lookupAllHostAddr(Native Method) ~[na:na]
	at java.base/java.net.InetAddress$PlatformNameService.lookupAllHostAddr(InetAddress.java:933) ~[na:na]
	at java.base/java.net.InetAddress.getAddressesFromNameService(InetAddress.java:1543) ~[na:na]
	at java.base/java.net.InetAddress$NameServiceAddresses.get(InetAddress.java:852) ~[na:na]
	at java.base/java.net.InetAddress.getAllByName0(InetAddress.java:1532) ~[na:na]
	at java.base/java.net.InetAddress.getAllByName(InetAddress.java:1384) ~[na:na]
	at java.base/java.net.InetAddress.getAllByName(InetAddress.java:1305) ~[na:na]
	at com.mongodb.internal.connection.DefaultInetAddressResolver.lookupByName(DefaultInetAddressResolver.java:34) ~[mongodb-driver-core-5.2.1.jar:na]
	at com.mongodb.internal.connection.ServerAddressHelper.getSocketAddresses(ServerAddressHelper.java:71) ~[mongodb-driver-core-5.2.1.jar:na]
	... 5 common frames omitted

2026-05-19T14:38:18.783+01:00  INFO 28700 --- [MatchService] [ngodb.net:27017] org.mongodb.driver.cluster               : Exception in monitor thread while connecting to server ac-khxyvkv-shard-00-00.ltylxsp.mongodb.net:27017

com.mongodb.MongoSocketException: ac-khxyvkv-shard-00-00.ltylxsp.mongodb.net
	at com.mongodb.internal.connection.ServerAddressHelper.getSocketAddresses(ServerAddressHelper.java:75) ~[mongodb-driver-core-5.2.1.jar:na]
	at com.mongodb.internal.connection.SocketStream.initializeSocket(SocketStream.java:100) ~[mongodb-driver-core-5.2.1.jar:na]
	at com.mongodb.internal.connection.SocketStream.open(SocketStream.java:79) ~[mongodb-driver-core-5.2.1.jar:na]
	at com.mongodb.internal.connection.InternalStreamConnection.open(InternalStreamConnection.java:233) ~[mongodb-driver-core-5.2.1.jar:na]
	at com.mongodb.internal.connection.DefaultServerMonitor$ServerMonitor.lookupServerDescription(DefaultServerMonitor.java:219) ~[mongodb-driver-core-5.2.1.jar:na]
	at com.mongodb.internal.connection.DefaultServerMonitor$ServerMonitor.run(DefaultServerMonitor.java:176) ~[mongodb-driver-core-5.2.1.jar:na]
Caused by: java.net.UnknownHostException: ac-khxyvkv-shard-00-00.ltylxsp.mongodb.net
	at java.base/java.net.InetAddress$CachedAddresses.get(InetAddress.java:801) ~[na:na]
	at java.base/java.net.InetAddress.getAllByName0(InetAddress.java:1532) ~[na:na]
	at java.base/java.net.InetAddress.getAllByName(InetAddress.java:1384) ~[na:na]
	at java.base/java.net.InetAddress.getAllByName(InetAddress.java:1305) ~[na:na]
	at com.mongodb.internal.connection.DefaultInetAddressResolver.lookupByName(DefaultInetAddressResolver.java:34) ~[mongodb-driver-core-5.2.1.jar:na]
	at com.mongodb.internal.connection.ServerAddressHelper.getSocketAddresses(ServerAddressHelper.java:71) ~[mongodb-driver-core-5.2.1.jar:na]
	... 5 common frames omitted

2026-05-19T14:38:19.015+01:00  INFO 28700 --- [MatchService] [ngodb.net:27017] org.mongodb.driver.cluster               : Monitor thread successfully connected to server with description ServerDescription{address=ac-khxyvkv-shard-00-02.ltylxsp.mongodb.net:27017, type=REPLICA_SET_PRIMARY, cryptd=false, state=CONNECTED, ok=true, minWireVersion=0, maxWireVersion=25, maxDocumentSize=16777216, logicalSessionTimeoutMinutes=30, roundTripTimeNanos=174803200, minRoundTripTimeNanos=0, setName='atlas-6x6yvm-shard-0', canonicalAddress=ac-khxyvkv-shard-00-02.ltylxsp.mongodb.net:27017, hosts=[ac-khxyvkv-shard-00-00.ltylxsp.mongodb.net:27017, ac-khxyvkv-shard-00-01.ltylxsp.mongodb.net:27017, ac-khxyvkv-shard-00-02.ltylxsp.mongodb.net:27017], passives=[], arbiters=[], primary='ac-khxyvkv-shard-00-02.ltylxsp.mongodb.net:27017', tagSet=TagSet{[Tag{name='availabilityZone', value='euw3-az3'}, Tag{name='cacheState', value='READY'}, Tag{name='diskState', value='READY'}, Tag{name='nodeType', value='ELECTABLE'}, Tag{name='provider', value='AWS'}, Tag{name='region', value='EU_WEST_3'}, Tag{name='workloadType', value='OPERATIONAL'}]}, electionId=7fffffff000000000000006a, setVersion=36, topologyVersion=TopologyVersion{processId=6a0b739aa9fe492cf1ce6df6, counter=6}, lastWriteDate=Tue May 19 14:38:18 WAT 2026, lastUpdateTimeNanos=275622709554400}
2026-05-19T14:38:19.016+01:00  INFO 28700 --- [MatchService] [ngodb.net:27017] org.mongodb.driver.cluster               : Discovered replica set primary ac-khxyvkv-shard-00-02.ltylxsp.mongodb.net:27017 with max election id 7fffffff000000000000006a and max set version 36
2026-05-19T14:38:28.218+01:00  INFO 28700 --- [MatchService] [ngodb.net:27017] org.mongodb.driver.cluster               : Monitor thread successfully connected to server with description ServerDescription{address=ac-khxyvkv-shard-00-01.ltylxsp.mongodb.net:27017, type=REPLICA_SET_SECONDARY, cryptd=false, state=CONNECTED, ok=true, minWireVersion=0, maxWireVersion=25, maxDocumentSize=16777216, logicalSessionTimeoutMinutes=30, roundTripTimeNanos=104503000, minRoundTripTimeNanos=0, setName='atlas-6x6yvm-shard-0', canonicalAddress=ac-khxyvkv-shard-00-01.ltylxsp.mongodb.net:27017, hosts=[ac-khxyvkv-shard-00-00.ltylxsp.mongodb.net:27017, ac-khxyvkv-shard-00-01.ltylxsp.mongodb.net:27017, ac-khxyvkv-shard-00-02.ltylxsp.mongodb.net:27017], passives=[], arbiters=[], primary='ac-khxyvkv-shard-00-02.ltylxsp.mongodb.net:27017', tagSet=TagSet{[Tag{name='availabilityZone', value='euw3-az2'}, Tag{name='cacheState', value='READY'}, Tag{name='diskState', value='READY'}, Tag{name='nodeType', value='ELECTABLE'}, Tag{name='provider', value='AWS'}, Tag{name='region', value='EU_WEST_3'}, Tag{name='workloadType', value='OPERATIONAL'}]}, electionId=null, setVersion=36, topologyVersion=TopologyVersion{processId=6a0b7610b7f22932df19d864, counter=3}, lastWriteDate=Tue May 19 14:38:27 WAT 2026, lastUpdateTimeNanos=275631914098900}
2026-05-19T14:38:28.958+01:00  INFO 28700 --- [MatchService] [ngodb.net:27017] org.mongodb.driver.cluster               : Monitor thread successfully connected to server with description ServerDescription{address=ac-khxyvkv-shard-00-00.ltylxsp.mongodb.net:27017, type=REPLICA_SET_SECONDARY, cryptd=false, state=CONNECTED, ok=true, minWireVersion=0, maxWireVersion=25, maxDocumentSize=16777216, logicalSessionTimeoutMinutes=30, roundTripTimeNanos=115650600, minRoundTripTimeNanos=0, setName='atlas-6x6yvm-shard-0', canonicalAddress=ac-khxyvkv-shard-00-00.ltylxsp.mongodb.net:27017, hosts=[ac-khxyvkv-shard-00-00.ltylxsp.mongodb.net:27017, ac-khxyvkv-shard-00-01.ltylxsp.mongodb.net:27017, ac-khxyvkv-shard-00-02.ltylxsp.mongodb.net:27017], passives=[], arbiters=[], primary='ac-khxyvkv-shard-00-02.ltylxsp.mongodb.net:27017', tagSet=TagSet{[Tag{name='availabilityZone', value='euw3-az1'}, Tag{name='cacheState', value='READY'}, Tag{name='diskState', value='READY'}, Tag{name='nodeType', value='ELECTABLE'}, Tag{name='provider', value='AWS'}, Tag{name='region', value='EU_WEST_3'}, Tag{name='workloadType', value='OPERATIONAL'}]}, electionId=null, setVersion=36, topologyVersion=TopologyVersion{processId=6a0b71594350e6bbf1a71fd2, counter=4}, lastWriteDate=Tue May 19 14:38:28 WAT 2026, lastUpdateTimeNanos=275632654408400}
2026-05-19T16:01:52.842+01:00  INFO 28700 --- [MatchService] [ngodb.net:27017] org.mongodb.driver.cluster               : Exception in monitor thread while connecting to server ac-khxyvkv-shard-00-01.ltylxsp.mongodb.net:27017

com.mongodb.MongoSocketReadException: Exception receiving message
	at com.mongodb.internal.connection.InternalStreamConnection.translateReadException(InternalStreamConnection.java:814) ~[mongodb-driver-core-5.2.1.jar:na]
	at com.mongodb.internal.connection.InternalStreamConnection.receiveResponseBuffers(InternalStreamConnection.java:862) ~[mongodb-driver-core-5.2.1.jar:na]
	at com.mongodb.internal.connection.InternalStreamConnection.receiveCommandMessageResponse(InternalStreamConnection.java:517) ~[mongodb-driver-core-5.2.1.jar:na]
	at com.mongodb.internal.connection.InternalStreamConnection.receive(InternalStreamConnection.java:469) ~[mongodb-driver-core-5.2.1.jar:na]
	at com.mongodb.internal.connection.DefaultServerMonitor$ServerMonitor.lookupServerDescription(DefaultServerMonitor.java:249) ~[mongodb-driver-core-5.2.1.jar:na]
	at com.mongodb.internal.connection.DefaultServerMonitor$ServerMonitor.run(DefaultServerMonitor.java:176) ~[mongodb-driver-core-5.2.1.jar:na]
Caused by: java.net.SocketException: Connection reset
	at java.base/sun.nio.ch.NioSocketImpl.implRead(NioSocketImpl.java:328) ~[na:na]
	at java.base/sun.nio.ch.NioSocketImpl.read(NioSocketImpl.java:355) ~[na:na]
	at java.base/sun.nio.ch.NioSocketImpl$1.read(NioSocketImpl.java:808) ~[na:na]
	at java.base/java.net.Socket$SocketInputStream.read(Socket.java:966) ~[na:na]
	at java.base/sun.security.ssl.SSLSocketInputRecord.read(SSLSocketInputRecord.java:484) ~[na:na]
	at java.base/sun.security.ssl.SSLSocketInputRecord.readHeader(SSLSocketInputRecord.java:478) ~[na:na]
	at java.base/sun.security.ssl.SSLSocketInputRecord.bytesInCompletePacket(SSLSocketInputRecord.java:70) ~[na:na]
	at java.base/sun.security.ssl.SSLSocketImpl.readApplicationRecord(SSLSocketImpl.java:1461) ~[na:na]
	at java.base/sun.security.ssl.SSLSocketImpl$AppInputStream.read(SSLSocketImpl.java:1065) ~[na:na]
	at com.mongodb.internal.connection.SocketStream.read(SocketStream.java:182) ~[mongodb-driver-core-5.2.1.jar:na]
	at com.mongodb.internal.connection.InternalStreamConnection.receiveResponseBuffers(InternalStreamConnection.java:829) ~[mongodb-driver-core-5.2.1.jar:na]
	... 4 common frames omitted

2026-05-19T16:01:52.793+01:00  INFO 28700 --- [MatchService] [ngodb.net:27017] org.mongodb.driver.cluster               : Exception in monitor thread while connecting to server ac-khxyvkv-shard-00-00.ltylxsp.mongodb.net:27017

com.mongodb.MongoSocketReadException: Exception receiving message
	at com.mongodb.internal.connection.InternalStreamConnection.translateReadException(InternalStreamConnection.java:814) ~[mongodb-driver-core-5.2.1.jar:na]
	at com.mongodb.internal.connection.InternalStreamConnection.receiveResponseBuffers(InternalStreamConnection.java:862) ~[mongodb-driver-core-5.2.1.jar:na]
	at com.mongodb.internal.connection.InternalStreamConnection.receiveCommandMessageResponse(InternalStreamConnection.java:517) ~[mongodb-driver-core-5.2.1.jar:na]
	at com.mongodb.internal.connection.InternalStreamConnection.receive(InternalStreamConnection.java:469) ~[mongodb-driver-core-5.2.1.jar:na]
	at com.mongodb.internal.connection.DefaultServerMonitor$ServerMonitor.lookupServerDescription(DefaultServerMonitor.java:249) ~[mongodb-driver-core-5.2.1.jar:na]
	at com.mongodb.internal.connection.DefaultServerMonitor$ServerMonitor.run(DefaultServerMonitor.java:176) ~[mongodb-driver-core-5.2.1.jar:na]
Caused by: java.net.SocketException: Connection reset
	at java.base/sun.nio.ch.NioSocketImpl.implRead(NioSocketImpl.java:328) ~[na:na]
	at java.base/sun.nio.ch.NioSocketImpl.read(NioSocketImpl.java:355) ~[na:na]
	at java.base/sun.nio.ch.NioSocketImpl$1.read(NioSocketImpl.java:808) ~[na:na]
	at java.base/java.net.Socket$SocketInputStream.read(Socket.java:966) ~[na:na]
	at java.base/sun.security.ssl.SSLSocketInputRecord.read(SSLSocketInputRecord.java:484) ~[na:na]
	at java.base/sun.security.ssl.SSLSocketInputRecord.readHeader(SSLSocketInputRecord.java:478) ~[na:na]
	at java.base/sun.security.ssl.SSLSocketInputRecord.bytesInCompletePacket(SSLSocketInputRecord.java:70) ~[na:na]
	at java.base/sun.security.ssl.SSLSocketImpl.readApplicationRecord(SSLSocketImpl.java:1461) ~[na:na]
	at java.base/sun.security.ssl.SSLSocketImpl$AppInputStream.read(SSLSocketImpl.java:1065) ~[na:na]
	at com.mongodb.internal.connection.SocketStream.read(SocketStream.java:182) ~[mongodb-driver-core-5.2.1.jar:na]
	at com.mongodb.internal.connection.InternalStreamConnection.receiveResponseBuffers(InternalStreamConnection.java:829) ~[mongodb-driver-core-5.2.1.jar:na]
	... 4 common frames omitted

2026-05-19T16:01:53.317+01:00  INFO 28700 --- [MatchService] [ngodb.net:27017] org.mongodb.driver.cluster               : Exception in monitor thread while connecting to server ac-khxyvkv-shard-00-01.ltylxsp.mongodb.net:27017

com.mongodb.MongoSocketException: Hôte inconnu (ac-khxyvkv-shard-00-01.ltylxsp.mongodb.net)
	at com.mongodb.internal.connection.ServerAddressHelper.getSocketAddresses(ServerAddressHelper.java:75) ~[mongodb-driver-core-5.2.1.jar:na]
	at com.mongodb.internal.connection.SocketStream.initializeSocket(SocketStream.java:100) ~[mongodb-driver-core-5.2.1.jar:na]
	at com.mongodb.internal.connection.SocketStream.open(SocketStream.java:79) ~[mongodb-driver-core-5.2.1.jar:na]
	at com.mongodb.internal.connection.InternalStreamConnection.open(InternalStreamConnection.java:233) ~[mongodb-driver-core-5.2.1.jar:na]
	at com.mongodb.internal.connection.DefaultServerMonitor$ServerMonitor.lookupServerDescription(DefaultServerMonitor.java:219) ~[mongodb-driver-core-5.2.1.jar:na]
	at com.mongodb.internal.connection.DefaultServerMonitor$ServerMonitor.run(DefaultServerMonitor.java:176) ~[mongodb-driver-core-5.2.1.jar:na]
Caused by: java.net.UnknownHostException: Hôte inconnu (ac-khxyvkv-shard-00-01.ltylxsp.mongodb.net)
	at java.base/java.net.Inet6AddressImpl.lookupAllHostAddr(Native Method) ~[na:na]
	at java.base/java.net.InetAddress$PlatformNameService.lookupAllHostAddr(InetAddress.java:933) ~[na:na]
	at java.base/java.net.InetAddress.getAddressesFromNameService(InetAddress.java:1543) ~[na:na]
	at java.base/java.net.InetAddress$NameServiceAddresses.get(InetAddress.java:852) ~[na:na]
	at java.base/java.net.InetAddress.getAllByName0(InetAddress.java:1532) ~[na:na]
	at java.base/java.net.InetAddress.getAllByName(InetAddress.java:1384) ~[na:na]
	at java.base/java.net.InetAddress.getAllByName(InetAddress.java:1305) ~[na:na]
	at com.mongodb.internal.connection.DefaultInetAddressResolver.lookupByName(DefaultInetAddressResolver.java:34) ~[mongodb-driver-core-5.2.1.jar:na]
	at com.mongodb.internal.connection.ServerAddressHelper.getSocketAddresses(ServerAddressHelper.java:71) ~[mongodb-driver-core-5.2.1.jar:na]
	... 5 common frames omitted

2026-05-19T16:01:53.337+01:00  INFO 28700 --- [MatchService] [ngodb.net:27017] org.mongodb.driver.cluster               : Exception in monitor thread while connecting to server ac-khxyvkv-shard-00-00.ltylxsp.mongodb.net:27017

com.mongodb.MongoSocketException: Hôte inconnu (ac-khxyvkv-shard-00-00.ltylxsp.mongodb.net)
	at com.mongodb.internal.connection.ServerAddressHelper.getSocketAddresses(ServerAddressHelper.java:75) ~[mongodb-driver-core-5.2.1.jar:na]
	at com.mongodb.internal.connection.SocketStream.initializeSocket(SocketStream.java:100) ~[mongodb-driver-core-5.2.1.jar:na]
	at com.mongodb.internal.connection.SocketStream.open(SocketStream.java:79) ~[mongodb-driver-core-5.2.1.jar:na]
	at com.mongodb.internal.connection.InternalStreamConnection.open(InternalStreamConnection.java:233) ~[mongodb-driver-core-5.2.1.jar:na]
	at com.mongodb.internal.connection.DefaultServerMonitor$ServerMonitor.lookupServerDescription(DefaultServerMonitor.java:219) ~[mongodb-driver-core-5.2.1.jar:na]
	at com.mongodb.internal.connection.DefaultServerMonitor$ServerMonitor.run(DefaultServerMonitor.java:176) ~[mongodb-driver-core-5.2.1.jar:na]
Caused by: java.net.UnknownHostException: Hôte inconnu (ac-khxyvkv-shard-00-00.ltylxsp.mongodb.net)
	at java.base/java.net.Inet6AddressImpl.lookupAllHostAddr(Native Method) ~[na:na]
	at java.base/java.net.InetAddress$PlatformNameService.lookupAllHostAddr(InetAddress.java:933) ~[na:na]
	at java.base/java.net.InetAddress.getAddressesFromNameService(InetAddress.java:1543) ~[na:na]
	at java.base/java.net.InetAddress$NameServiceAddresses.get(InetAddress.java:852) ~[na:na]
	at java.base/java.net.InetAddress.getAllByName0(InetAddress.java:1532) ~[na:na]
	at java.base/java.net.InetAddress.getAllByName(InetAddress.java:1384) ~[na:na]
	at java.base/java.net.InetAddress.getAllByName(InetAddress.java:1305) ~[na:na]
	at com.mongodb.internal.connection.DefaultInetAddressResolver.lookupByName(DefaultInetAddressResolver.java:34) ~[mongodb-driver-core-5.2.1.jar:na]
	at com.mongodb.internal.connection.ServerAddressHelper.getSocketAddresses(ServerAddressHelper.java:71) ~[mongodb-driver-core-5.2.1.jar:na]
	... 5 common frames omitted

2026-05-19T16:01:52.799+01:00  INFO 28700 --- [MatchService] [ngodb.net:27017] org.mongodb.driver.cluster               : Exception in monitor thread while connecting to server ac-khxyvkv-shard-00-02.ltylxsp.mongodb.net:27017

com.mongodb.MongoSocketReadException: Exception receiving message
	at com.mongodb.internal.connection.InternalStreamConnection.translateReadException(InternalStreamConnection.java:814) ~[mongodb-driver-core-5.2.1.jar:na]
	at com.mongodb.internal.connection.InternalStreamConnection.receiveResponseBuffers(InternalStreamConnection.java:862) ~[mongodb-driver-core-5.2.1.jar:na]
	at com.mongodb.internal.connection.InternalStreamConnection.receiveCommandMessageResponse(InternalStreamConnection.java:517) ~[mongodb-driver-core-5.2.1.jar:na]
	at com.mongodb.internal.connection.InternalStreamConnection.receive(InternalStreamConnection.java:469) ~[mongodb-driver-core-5.2.1.jar:na]
	at com.mongodb.internal.connection.DefaultServerMonitor$ServerMonitor.lookupServerDescription(DefaultServerMonitor.java:249) ~[mongodb-driver-core-5.2.1.jar:na]
	at com.mongodb.internal.connection.DefaultServerMonitor$ServerMonitor.run(DefaultServerMonitor.java:176) ~[mongodb-driver-core-5.2.1.jar:na]
Caused by: java.net.SocketException: Connection reset
	at java.base/sun.nio.ch.NioSocketImpl.implRead(NioSocketImpl.java:328) ~[na:na]
	at java.base/sun.nio.ch.NioSocketImpl.read(NioSocketImpl.java:355) ~[na:na]
	at java.base/sun.nio.ch.NioSocketImpl$1.read(NioSocketImpl.java:808) ~[na:na]
	at java.base/java.net.Socket$SocketInputStream.read(Socket.java:966) ~[na:na]
	at java.base/sun.security.ssl.SSLSocketInputRecord.read(SSLSocketInputRecord.java:484) ~[na:na]
	at java.base/sun.security.ssl.SSLSocketInputRecord.readHeader(SSLSocketInputRecord.java:478) ~[na:na]
	at java.base/sun.security.ssl.SSLSocketInputRecord.bytesInCompletePacket(SSLSocketInputRecord.java:70) ~[na:na]
	at java.base/sun.security.ssl.SSLSocketImpl.readApplicationRecord(SSLSocketImpl.java:1461) ~[na:na]
	at java.base/sun.security.ssl.SSLSocketImpl$AppInputStream.read(SSLSocketImpl.java:1065) ~[na:na]
	at com.mongodb.internal.connection.SocketStream.read(SocketStream.java:182) ~[mongodb-driver-core-5.2.1.jar:na]
	at com.mongodb.internal.connection.InternalStreamConnection.receiveResponseBuffers(InternalStreamConnection.java:829) ~[mongodb-driver-core-5.2.1.jar:na]
	... 4 common frames omitted

2026-05-19T16:01:53.354+01:00  INFO 28700 --- [MatchService] [ngodb.net:27017] org.mongodb.driver.cluster               : Exception in monitor thread while connecting to server ac-khxyvkv-shard-00-02.ltylxsp.mongodb.net:27017

com.mongodb.MongoSocketException: Hôte inconnu (ac-khxyvkv-shard-00-02.ltylxsp.mongodb.net)
	at com.mongodb.internal.connection.ServerAddressHelper.getSocketAddresses(ServerAddressHelper.java:75) ~[mongodb-driver-core-5.2.1.jar:na]
	at com.mongodb.internal.connection.SocketStream.initializeSocket(SocketStream.java:100) ~[mongodb-driver-core-5.2.1.jar:na]
	at com.mongodb.internal.connection.SocketStream.open(SocketStream.java:79) ~[mongodb-driver-core-5.2.1.jar:na]
	at com.mongodb.internal.connection.InternalStreamConnection.open(InternalStreamConnection.java:233) ~[mongodb-driver-core-5.2.1.jar:na]
	at com.mongodb.internal.connection.DefaultServerMonitor$ServerMonitor.lookupServerDescription(DefaultServerMonitor.java:219) ~[mongodb-driver-core-5.2.1.jar:na]
	at com.mongodb.internal.connection.DefaultServerMonitor$ServerMonitor.run(DefaultServerMonitor.java:176) ~[mongodb-driver-core-5.2.1.jar:na]
Caused by: java.net.UnknownHostException: Hôte inconnu (ac-khxyvkv-shard-00-02.ltylxsp.mongodb.net)
	at java.base/java.net.Inet6AddressImpl.lookupAllHostAddr(Native Method) ~[na:na]
	at java.base/java.net.InetAddress$PlatformNameService.lookupAllHostAddr(InetAddress.java:933) ~[na:na]
	at java.base/java.net.InetAddress.getAddressesFromNameService(InetAddress.java:1543) ~[na:na]
	at java.base/java.net.InetAddress$NameServiceAddresses.get(InetAddress.java:852) ~[na:na]
	at java.base/java.net.InetAddress.getAllByName0(InetAddress.java:1532) ~[na:na]
	at java.base/java.net.InetAddress.getAllByName(InetAddress.java:1384) ~[na:na]
	at java.base/java.net.InetAddress.getAllByName(InetAddress.java:1305) ~[na:na]
	at com.mongodb.internal.connection.DefaultInetAddressResolver.lookupByName(DefaultInetAddressResolver.java:34) ~[mongodb-driver-core-5.2.1.jar:na]
	at com.mongodb.internal.connection.ServerAddressHelper.getSocketAddresses(ServerAddressHelper.java:71) ~[mongodb-driver-core-5.2.1.jar:na]
	... 5 common frames omitted

2026-05-19T16:19:06.955+01:00  INFO 28700 --- [MatchService] [ngodb.net:27017] org.mongodb.driver.cluster               : Monitor thread successfully connected to server with description ServerDescription{address=ac-khxyvkv-shard-00-01.ltylxsp.mongodb.net:27017, type=REPLICA_SET_SECONDARY, cryptd=false, state=CONNECTED, ok=true, minWireVersion=0, maxWireVersion=25, maxDocumentSize=16777216, logicalSessionTimeoutMinutes=30, roundTripTimeNanos=255149000, minRoundTripTimeNanos=0, setName='atlas-6x6yvm-shard-0', canonicalAddress=ac-khxyvkv-shard-00-01.ltylxsp.mongodb.net:27017, hosts=[ac-khxyvkv-shard-00-00.ltylxsp.mongodb.net:27017, ac-khxyvkv-shard-00-01.ltylxsp.mongodb.net:27017, ac-khxyvkv-shard-00-02.ltylxsp.mongodb.net:27017], passives=[], arbiters=[], primary='ac-khxyvkv-shard-00-02.ltylxsp.mongodb.net:27017', tagSet=TagSet{[Tag{name='availabilityZone', value='euw3-az2'}, Tag{name='cacheState', value='READY'}, Tag{name='diskState', value='READY'}, Tag{name='nodeType', value='ELECTABLE'}, Tag{name='provider', value='AWS'}, Tag{name='region', value='EU_WEST_3'}, Tag{name='workloadType', value='OPERATIONAL'}]}, electionId=null, setVersion=36, topologyVersion=TopologyVersion{processId=6a0b7610b7f22932df19d864, counter=3}, lastWriteDate=Tue May 19 16:19:06 WAT 2026, lastUpdateTimeNanos=281670804775400}
2026-05-19T16:19:06.955+01:00  INFO 28700 --- [MatchService] [ngodb.net:27017] org.mongodb.driver.cluster               : Monitor thread successfully connected to server with description ServerDescription{address=ac-khxyvkv-shard-00-02.ltylxsp.mongodb.net:27017, type=REPLICA_SET_PRIMARY, cryptd=false, state=CONNECTED, ok=true, minWireVersion=0, maxWireVersion=25, maxDocumentSize=16777216, logicalSessionTimeoutMinutes=30, roundTripTimeNanos=254544000, minRoundTripTimeNanos=0, setName='atlas-6x6yvm-shard-0', canonicalAddress=ac-khxyvkv-shard-00-02.ltylxsp.mongodb.net:27017, hosts=[ac-khxyvkv-shard-00-00.ltylxsp.mongodb.net:27017, ac-khxyvkv-shard-00-01.ltylxsp.mongodb.net:27017, ac-khxyvkv-shard-00-02.ltylxsp.mongodb.net:27017], passives=[], arbiters=[], primary='ac-khxyvkv-shard-00-02.ltylxsp.mongodb.net:27017', tagSet=TagSet{[Tag{name='availabilityZone', value='euw3-az3'}, Tag{name='cacheState', value='READY'}, Tag{name='diskState', value='READY'}, Tag{name='nodeType', value='ELECTABLE'}, Tag{name='provider', value='AWS'}, Tag{name='region', value='EU_WEST_3'}, Tag{name='workloadType', value='OPERATIONAL'}]}, electionId=7fffffff000000000000006a, setVersion=36, topologyVersion=TopologyVersion{processId=6a0b739aa9fe492cf1ce6df6, counter=6}, lastWriteDate=Tue May 19 16:19:06 WAT 2026, lastUpdateTimeNanos=281670804172300}
2026-05-19T16:19:06.968+01:00  INFO 28700 --- [MatchService] [ngodb.net:27017] org.mongodb.driver.cluster               : Monitor thread successfully connected to server with description ServerDescription{address=ac-khxyvkv-shard-00-00.ltylxsp.mongodb.net:27017, type=REPLICA_SET_SECONDARY, cryptd=false, state=CONNECTED, ok=true, minWireVersion=0, maxWireVersion=25, maxDocumentSize=16777216, logicalSessionTimeoutMinutes=30, roundTripTimeNanos=277296300, minRoundTripTimeNanos=0, setName='atlas-6x6yvm-shard-0', canonicalAddress=ac-khxyvkv-shard-00-00.ltylxsp.mongodb.net:27017, hosts=[ac-khxyvkv-shard-00-00.ltylxsp.mongodb.net:27017, ac-khxyvkv-shard-00-01.ltylxsp.mongodb.net:27017, ac-khxyvkv-shard-00-02.ltylxsp.mongodb.net:27017], passives=[], arbiters=[], primary='ac-khxyvkv-shard-00-02.ltylxsp.mongodb.net:27017', tagSet=TagSet{[Tag{name='availabilityZone', value='euw3-az1'}, Tag{name='cacheState', value='READY'}, Tag{name='diskState', value='READY'}, Tag{name='nodeType', value='ELECTABLE'}, Tag{name='provider', value='AWS'}, Tag{name='region', value='EU_WEST_3'}, Tag{name='workloadType', value='OPERATIONAL'}]}, electionId=null, setVersion=36, topologyVersion=TopologyVersion{processId=6a0b71594350e6bbf1a71fd2, counter=4}, lastWriteDate=Tue May 19 16:19:06 WAT 2026, lastUpdateTimeNanos=281670826922800}
2026-05-19T16:19:06.973+01:00  INFO 28700 --- [MatchService] [ngodb.net:27017] org.mongodb.driver.cluster               : Discovered replica set primary ac-khxyvkv-shard-00-02.ltylxsp.mongodb.net:27017 with max election id 7fffffff000000000000006a and max set version 36
2026-05-23T16:04:32.224+01:00  INFO 28700 --- [MatchService] [ngodb.net:27017] org.mongodb.driver.cluster               : Exception in monitor thread while connecting to server ac-khxyvkv-shard-00-01.ltylxsp.mongodb.net:27017

com.mongodb.MongoSocketReadException: Exception receiving message
	at com.mongodb.internal.connection.InternalStreamConnection.translateReadException(InternalStreamConnection.java:814) ~[mongodb-driver-core-5.2.1.jar:na]
	at com.mongodb.internal.connection.InternalStreamConnection.receiveResponseBuffers(InternalStreamConnection.java:862) ~[mongodb-driver-core-5.2.1.jar:na]
	at com.mongodb.internal.connection.InternalStreamConnection.receiveCommandMessageResponse(InternalStreamConnection.java:517) ~[mongodb-driver-core-5.2.1.jar:na]
	at com.mongodb.internal.connection.InternalStreamConnection.receive(InternalStreamConnection.java:469) ~[mongodb-driver-core-5.2.1.jar:na]
	at com.mongodb.internal.connection.DefaultServerMonitor$ServerMonitor.lookupServerDescription(DefaultServerMonitor.java:249) ~[mongodb-driver-core-5.2.1.jar:na]
	at com.mongodb.internal.connection.DefaultServerMonitor$ServerMonitor.run(DefaultServerMonitor.java:176) ~[mongodb-driver-core-5.2.1.jar:na]
Caused by: java.net.SocketException: Connection reset
	at java.base/sun.nio.ch.NioSocketImpl.implRead(NioSocketImpl.java:328) ~[na:na]
	at java.base/sun.nio.ch.NioSocketImpl.read(NioSocketImpl.java:355) ~[na:na]
	at java.base/sun.nio.ch.NioSocketImpl$1.read(NioSocketImpl.java:808) ~[na:na]
	at java.base/java.net.Socket$SocketInputStream.read(Socket.java:966) ~[na:na]
	at java.base/sun.security.ssl.SSLSocketInputRecord.read(SSLSocketInputRecord.java:484) ~[na:na]
	at java.base/sun.security.ssl.SSLSocketInputRecord.readHeader(SSLSocketInputRecord.java:478) ~[na:na]
	at java.base/sun.security.ssl.SSLSocketInputRecord.bytesInCompletePacket(SSLSocketInputRecord.java:70) ~[na:na]
	at java.base/sun.security.ssl.SSLSocketImpl.readApplicationRecord(SSLSocketImpl.java:1461) ~[na:na]
	at java.base/sun.security.ssl.SSLSocketImpl$AppInputStream.read(SSLSocketImpl.java:1065) ~[na:na]
	at com.mongodb.internal.connection.SocketStream.read(SocketStream.java:182) ~[mongodb-driver-core-5.2.1.jar:na]
	at com.mongodb.internal.connection.InternalStreamConnection.receiveResponseBuffers(InternalStreamConnection.java:829) ~[mongodb-driver-core-5.2.1.jar:na]
	... 4 common frames omitted

2026-05-23T16:04:32.224+01:00  INFO 28700 --- [MatchService] [ngodb.net:27017] org.mongodb.driver.cluster               : Exception in monitor thread while connecting to server ac-khxyvkv-shard-00-02.ltylxsp.mongodb.net:27017

com.mongodb.MongoSocketReadException: Exception receiving message
	at com.mongodb.internal.connection.InternalStreamConnection.translateReadException(InternalStreamConnection.java:814) ~[mongodb-driver-core-5.2.1.jar:na]
	at com.mongodb.internal.connection.InternalStreamConnection.receiveResponseBuffers(InternalStreamConnection.java:862) ~[mongodb-driver-core-5.2.1.jar:na]
	at com.mongodb.internal.connection.InternalStreamConnection.receiveCommandMessageResponse(InternalStreamConnection.java:517) ~[mongodb-driver-core-5.2.1.jar:na]
	at com.mongodb.internal.connection.InternalStreamConnection.receive(InternalStreamConnection.java:469) ~[mongodb-driver-core-5.2.1.jar:na]
	at com.mongodb.internal.connection.DefaultServerMonitor$ServerMonitor.lookupServerDescription(DefaultServerMonitor.java:249) ~[mongodb-driver-core-5.2.1.jar:na]
	at com.mongodb.internal.connection.DefaultServerMonitor$ServerMonitor.run(DefaultServerMonitor.java:176) ~[mongodb-driver-core-5.2.1.jar:na]
Caused by: java.net.SocketException: Connection reset
	at java.base/sun.nio.ch.NioSocketImpl.implRead(NioSocketImpl.java:328) ~[na:na]
	at java.base/sun.nio.ch.NioSocketImpl.read(NioSocketImpl.java:355) ~[na:na]
	at java.base/sun.nio.ch.NioSocketImpl$1.read(NioSocketImpl.java:808) ~[na:na]
	at java.base/java.net.Socket$SocketInputStream.read(Socket.java:966) ~[na:na]
	at java.base/sun.security.ssl.SSLSocketInputRecord.read(SSLSocketInputRecord.java:484) ~[na:na]
	at java.base/sun.security.ssl.SSLSocketInputRecord.readHeader(SSLSocketInputRecord.java:478) ~[na:na]
	at java.base/sun.security.ssl.SSLSocketInputRecord.bytesInCompletePacket(SSLSocketInputRecord.java:70) ~[na:na]
	at java.base/sun.security.ssl.SSLSocketImpl.readApplicationRecord(SSLSocketImpl.java:1461) ~[na:na]
	at java.base/sun.security.ssl.SSLSocketImpl$AppInputStream.read(SSLSocketImpl.java:1065) ~[na:na]
	at com.mongodb.internal.connection.SocketStream.read(SocketStream.java:182) ~[mongodb-driver-core-5.2.1.jar:na]
	at com.mongodb.internal.connection.InternalStreamConnection.receiveResponseBuffers(InternalStreamConnection.java:829) ~[mongodb-driver-core-5.2.1.jar:na]
	... 4 common frames omitted

2026-05-23T16:04:32.224+01:00  INFO 28700 --- [MatchService] [ngodb.net:27017] org.mongodb.driver.cluster               : Exception in monitor thread while connecting to server ac-khxyvkv-shard-00-00.ltylxsp.mongodb.net:27017

com.mongodb.MongoSocketReadException: Exception receiving message
	at com.mongodb.internal.connection.InternalStreamConnection.translateReadException(InternalStreamConnection.java:814) ~[mongodb-driver-core-5.2.1.jar:na]
	at com.mongodb.internal.connection.InternalStreamConnection.receiveResponseBuffers(InternalStreamConnection.java:862) ~[mongodb-driver-core-5.2.1.jar:na]
	at com.mongodb.internal.connection.InternalStreamConnection.receiveCommandMessageResponse(InternalStreamConnection.java:517) ~[mongodb-driver-core-5.2.1.jar:na]
	at com.mongodb.internal.connection.InternalStreamConnection.receive(InternalStreamConnection.java:469) ~[mongodb-driver-core-5.2.1.jar:na]
	at com.mongodb.internal.connection.DefaultServerMonitor$ServerMonitor.lookupServerDescription(DefaultServerMonitor.java:249) ~[mongodb-driver-core-5.2.1.jar:na]
	at com.mongodb.internal.connection.DefaultServerMonitor$ServerMonitor.run(DefaultServerMonitor.java:176) ~[mongodb-driver-core-5.2.1.jar:na]
Caused by: java.net.SocketException: Connection reset
	at java.base/sun.nio.ch.NioSocketImpl.implRead(NioSocketImpl.java:328) ~[na:na]
	at java.base/sun.nio.ch.NioSocketImpl.read(NioSocketImpl.java:355) ~[na:na]
	at java.base/sun.nio.ch.NioSocketImpl$1.read(NioSocketImpl.java:808) ~[na:na]
	at java.base/java.net.Socket$SocketInputStream.read(Socket.java:966) ~[na:na]
	at java.base/sun.security.ssl.SSLSocketInputRecord.read(SSLSocketInputRecord.java:484) ~[na:na]
	at java.base/sun.security.ssl.SSLSocketInputRecord.readHeader(SSLSocketInputRecord.java:478) ~[na:na]
	at java.base/sun.security.ssl.SSLSocketInputRecord.bytesInCompletePacket(SSLSocketInputRecord.java:70) ~[na:na]
	at java.base/sun.security.ssl.SSLSocketImpl.readApplicationRecord(SSLSocketImpl.java:1461) ~[na:na]
	at java.base/sun.security.ssl.SSLSocketImpl$AppInputStream.read(SSLSocketImpl.java:1065) ~[na:na]
	at com.mongodb.internal.connection.SocketStream.read(SocketStream.java:182) ~[mongodb-driver-core-5.2.1.jar:na]
	at com.mongodb.internal.connection.InternalStreamConnection.receiveResponseBuffers(InternalStreamConnection.java:829) ~[mongodb-driver-core-5.2.1.jar:na]
	... 4 common frames omitted

2026-05-23T16:04:33.280+01:00  INFO 28700 --- [MatchService] [ngodb.net:27017] org.mongodb.driver.cluster               : Exception in monitor thread while connecting to server ac-khxyvkv-shard-00-02.ltylxsp.mongodb.net:27017

com.mongodb.MongoSocketException: Hôte inconnu (ac-khxyvkv-shard-00-02.ltylxsp.mongodb.net)
	at com.mongodb.internal.connection.ServerAddressHelper.getSocketAddresses(ServerAddressHelper.java:75) ~[mongodb-driver-core-5.2.1.jar:na]
	at com.mongodb.internal.connection.SocketStream.initializeSocket(SocketStream.java:100) ~[mongodb-driver-core-5.2.1.jar:na]
	at com.mongodb.internal.connection.SocketStream.open(SocketStream.java:79) ~[mongodb-driver-core-5.2.1.jar:na]
	at com.mongodb.internal.connection.InternalStreamConnection.open(InternalStreamConnection.java:233) ~[mongodb-driver-core-5.2.1.jar:na]
	at com.mongodb.internal.connection.DefaultServerMonitor$ServerMonitor.lookupServerDescription(DefaultServerMonitor.java:219) ~[mongodb-driver-core-5.2.1.jar:na]
	at com.mongodb.internal.connection.DefaultServerMonitor$ServerMonitor.run(DefaultServerMonitor.java:176) ~[mongodb-driver-core-5.2.1.jar:na]
Caused by: java.net.UnknownHostException: Hôte inconnu (ac-khxyvkv-shard-00-02.ltylxsp.mongodb.net)
	at java.base/java.net.Inet6AddressImpl.lookupAllHostAddr(Native Method) ~[na:na]
	at java.base/java.net.InetAddress$PlatformNameService.lookupAllHostAddr(InetAddress.java:933) ~[na:na]
	at java.base/java.net.InetAddress.getAddressesFromNameService(InetAddress.java:1543) ~[na:na]
	at java.base/java.net.InetAddress$NameServiceAddresses.get(InetAddress.java:852) ~[na:na]
	at java.base/java.net.InetAddress.getAllByName0(InetAddress.java:1532) ~[na:na]
	at java.base/java.net.InetAddress.getAllByName(InetAddress.java:1384) ~[na:na]
	at java.base/java.net.InetAddress.getAllByName(InetAddress.java:1305) ~[na:na]
	at com.mongodb.internal.connection.DefaultInetAddressResolver.lookupByName(DefaultInetAddressResolver.java:34) ~[mongodb-driver-core-5.2.1.jar:na]
	at com.mongodb.internal.connection.ServerAddressHelper.getSocketAddresses(ServerAddressHelper.java:71) ~[mongodb-driver-core-5.2.1.jar:na]
	... 5 common frames omitted

2026-05-23T16:04:33.280+01:00  INFO 28700 --- [MatchService] [ngodb.net:27017] org.mongodb.driver.cluster               : Exception in monitor thread while connecting to server ac-khxyvkv-shard-00-01.ltylxsp.mongodb.net:27017

com.mongodb.MongoSocketException: Hôte inconnu (ac-khxyvkv-shard-00-01.ltylxsp.mongodb.net)
	at com.mongodb.internal.connection.ServerAddressHelper.getSocketAddresses(ServerAddressHelper.java:75) ~[mongodb-driver-core-5.2.1.jar:na]
	at com.mongodb.internal.connection.SocketStream.initializeSocket(SocketStream.java:100) ~[mongodb-driver-core-5.2.1.jar:na]
	at com.mongodb.internal.connection.SocketStream.open(SocketStream.java:79) ~[mongodb-driver-core-5.2.1.jar:na]
	at com.mongodb.internal.connection.InternalStreamConnection.open(InternalStreamConnection.java:233) ~[mongodb-driver-core-5.2.1.jar:na]
	at com.mongodb.internal.connection.DefaultServerMonitor$ServerMonitor.lookupServerDescription(DefaultServerMonitor.java:219) ~[mongodb-driver-core-5.2.1.jar:na]
	at com.mongodb.internal.connection.DefaultServerMonitor$ServerMonitor.run(DefaultServerMonitor.java:176) ~[mongodb-driver-core-5.2.1.jar:na]
Caused by: java.net.UnknownHostException: Hôte inconnu (ac-khxyvkv-shard-00-01.ltylxsp.mongodb.net)
	at java.base/java.net.Inet6AddressImpl.lookupAllHostAddr(Native Method) ~[na:na]
	at java.base/java.net.InetAddress$PlatformNameService.lookupAllHostAddr(InetAddress.java:933) ~[na:na]
	at java.base/java.net.InetAddress.getAddressesFromNameService(InetAddress.java:1543) ~[na:na]
	at java.base/java.net.InetAddress$NameServiceAddresses.get(InetAddress.java:852) ~[na:na]
	at java.base/java.net.InetAddress.getAllByName0(InetAddress.java:1532) ~[na:na]
	at java.base/java.net.InetAddress.getAllByName(InetAddress.java:1384) ~[na:na]
	at java.base/java.net.InetAddress.getAllByName(InetAddress.java:1305) ~[na:na]
	at com.mongodb.internal.connection.DefaultInetAddressResolver.lookupByName(DefaultInetAddressResolver.java:34) ~[mongodb-driver-core-5.2.1.jar:na]
	at com.mongodb.internal.connection.ServerAddressHelper.getSocketAddresses(ServerAddressHelper.java:71) ~[mongodb-driver-core-5.2.1.jar:na]
	... 5 common frames omitted

2026-05-23T16:04:33.328+01:00  INFO 28700 --- [MatchService] [ngodb.net:27017] org.mongodb.driver.cluster               : Exception in monitor thread while connecting to server ac-khxyvkv-shard-00-00.ltylxsp.mongodb.net:27017

com.mongodb.MongoSocketException: Hôte inconnu (ac-khxyvkv-shard-00-00.ltylxsp.mongodb.net)
	at com.mongodb.internal.connection.ServerAddressHelper.getSocketAddresses(ServerAddressHelper.java:75) ~[mongodb-driver-core-5.2.1.jar:na]
	at com.mongodb.internal.connection.SocketStream.initializeSocket(SocketStream.java:100) ~[mongodb-driver-core-5.2.1.jar:na]
	at com.mongodb.internal.connection.SocketStream.open(SocketStream.java:79) ~[mongodb-driver-core-5.2.1.jar:na]
	at com.mongodb.internal.connection.InternalStreamConnection.open(InternalStreamConnection.java:233) ~[mongodb-driver-core-5.2.1.jar:na]
	at com.mongodb.internal.connection.DefaultServerMonitor$ServerMonitor.lookupServerDescription(DefaultServerMonitor.java:219) ~[mongodb-driver-core-5.2.1.jar:na]
	at com.mongodb.internal.connection.DefaultServerMonitor$ServerMonitor.run(DefaultServerMonitor.java:176) ~[mongodb-driver-core-5.2.1.jar:na]
Caused by: java.net.UnknownHostException: Hôte inconnu (ac-khxyvkv-shard-00-00.ltylxsp.mongodb.net)
	at java.base/java.net.Inet6AddressImpl.lookupAllHostAddr(Native Method) ~[na:na]
	at java.base/java.net.InetAddress$PlatformNameService.lookupAllHostAddr(InetAddress.java:933) ~[na:na]
	at java.base/java.net.InetAddress.getAddressesFromNameService(InetAddress.java:1543) ~[na:na]
	at java.base/java.net.InetAddress$NameServiceAddresses.get(InetAddress.java:852) ~[na:na]
	at java.base/java.net.InetAddress.getAllByName0(InetAddress.java:1532) ~[na:na]
	at java.base/java.net.InetAddress.getAllByName(InetAddress.java:1384) ~[na:na]
	at java.base/java.net.InetAddress.getAllByName(InetAddress.java:1305) ~[na:na]
	at com.mongodb.internal.connection.DefaultInetAddressResolver.lookupByName(DefaultInetAddressResolver.java:34) ~[mongodb-driver-core-5.2.1.jar:na]
	at com.mongodb.internal.connection.ServerAddressHelper.getSocketAddresses(ServerAddressHelper.java:71) ~[mongodb-driver-core-5.2.1.jar:na]
	... 5 common frames omitted

2026-05-23T16:04:46.758+01:00  INFO 28700 --- [MatchService] [ngodb.net:27017] org.mongodb.driver.cluster               : Monitor thread successfully connected to server with description ServerDescription{address=ac-khxyvkv-shard-00-01.ltylxsp.mongodb.net:27017, type=REPLICA_SET_PRIMARY, cryptd=false, state=CONNECTED, ok=true, minWireVersion=0, maxWireVersion=25, maxDocumentSize=16777216, logicalSessionTimeoutMinutes=30, roundTripTimeNanos=1818508700, minRoundTripTimeNanos=0, setName='atlas-6x6yvm-shard-0', canonicalAddress=ac-khxyvkv-shard-00-01.ltylxsp.mongodb.net:27017, hosts=[ac-khxyvkv-shard-00-00.ltylxsp.mongodb.net:27017, ac-khxyvkv-shard-00-01.ltylxsp.mongodb.net:27017, ac-khxyvkv-shard-00-02.ltylxsp.mongodb.net:27017], passives=[], arbiters=[], primary='ac-khxyvkv-shard-00-01.ltylxsp.mongodb.net:27017', tagSet=TagSet{[Tag{name='availabilityZone', value='euw3-az2'}, Tag{name='cacheState', value='READY'}, Tag{name='diskState', value='READY'}, Tag{name='nodeType', value='ELECTABLE'}, Tag{name='provider', value='AWS'}, Tag{name='region', value='EU_WEST_3'}, Tag{name='workloadType', value='OPERATIONAL'}]}, electionId=7fffffff000000000000006b, setVersion=36, topologyVersion=TopologyVersion{processId=6a10ad2db025c004c20c2eaf, counter=6}, lastWriteDate=Sat May 23 16:04:45 WAT 2026, lastUpdateTimeNanos=626415900064600}
2026-05-23T16:04:48.834+01:00  INFO 28700 --- [MatchService] [ngodb.net:27017] org.mongodb.driver.cluster               : Monitor thread successfully connected to server with description ServerDescription{address=ac-khxyvkv-shard-00-02.ltylxsp.mongodb.net:27017, type=REPLICA_SET_SECONDARY, cryptd=false, state=CONNECTED, ok=true, minWireVersion=0, maxWireVersion=25, maxDocumentSize=16777216, logicalSessionTimeoutMinutes=30, roundTripTimeNanos=3892170800, minRoundTripTimeNanos=0, setName='atlas-6x6yvm-shard-0', canonicalAddress=ac-khxyvkv-shard-00-02.ltylxsp.mongodb.net:27017, hosts=[ac-khxyvkv-shard-00-00.ltylxsp.mongodb.net:27017, ac-khxyvkv-shard-00-01.ltylxsp.mongodb.net:27017, ac-khxyvkv-shard-00-02.ltylxsp.mongodb.net:27017], passives=[], arbiters=[], primary='ac-khxyvkv-shard-00-01.ltylxsp.mongodb.net:27017', tagSet=TagSet{[Tag{name='availabilityZone', value='euw3-az3'}, Tag{name='cacheState', value='READY'}, Tag{name='diskState', value='READY'}, Tag{name='nodeType', value='ELECTABLE'}, Tag{name='provider', value='AWS'}, Tag{name='region', value='EU_WEST_3'}, Tag{name='workloadType', value='OPERATIONAL'}]}, electionId=null, setVersion=36, topologyVersion=TopologyVersion{processId=6a10afacc3c0145a7299563d, counter=3}, lastWriteDate=Sat May 23 16:04:45 WAT 2026, lastUpdateTimeNanos=626417982396900}
2026-05-23T16:04:48.849+01:00  INFO 28700 --- [MatchService] [ngodb.net:27017] org.mongodb.driver.cluster               : Discovered replica set primary ac-khxyvkv-shard-00-01.ltylxsp.mongodb.net:27017 with max election id 7fffffff000000000000006b and max set version 36
2026-05-23T16:04:54.842+01:00  INFO 28700 --- [MatchService] [ngodb.net:27017] org.mongodb.driver.cluster               : Exception in monitor thread while connecting to server ac-khxyvkv-shard-00-00.ltylxsp.mongodb.net:27017

com.mongodb.MongoSocketOpenException: Exception opening socket
	at com.mongodb.internal.connection.SocketStream.lambda$open$0(SocketStream.java:85) ~[mongodb-driver-core-5.2.1.jar:na]
	at java.base/java.util.Optional.orElseThrow(Optional.java:403) ~[na:na]
	at com.mongodb.internal.connection.SocketStream.open(SocketStream.java:85) ~[mongodb-driver-core-5.2.1.jar:na]
	at com.mongodb.internal.connection.InternalStreamConnection.open(InternalStreamConnection.java:233) ~[mongodb-driver-core-5.2.1.jar:na]
	at com.mongodb.internal.connection.DefaultServerMonitor$ServerMonitor.lookupServerDescription(DefaultServerMonitor.java:219) ~[mongodb-driver-core-5.2.1.jar:na]
	at com.mongodb.internal.connection.DefaultServerMonitor$ServerMonitor.run(DefaultServerMonitor.java:176) ~[mongodb-driver-core-5.2.1.jar:na]
Caused by: java.net.SocketTimeoutException: Connect timed out
	at java.base/sun.nio.ch.NioSocketImpl.timedFinishConnect(NioSocketImpl.java:551) ~[na:na]
	at java.base/sun.nio.ch.NioSocketImpl.connect(NioSocketImpl.java:602) ~[na:na]
	at java.base/java.net.SocksSocketImpl.connect(SocksSocketImpl.java:327) ~[na:na]
	at java.base/java.net.Socket.connect(Socket.java:633) ~[na:na]
	at java.base/sun.security.ssl.SSLSocketImpl.connect(SSLSocketImpl.java:304) ~[na:na]
	at com.mongodb.internal.connection.SocketStreamHelper.initialize(SocketStreamHelper.java:76) ~[mongodb-driver-core-5.2.1.jar:na]
	at com.mongodb.internal.connection.SocketStream.initializeSocket(SocketStream.java:104) ~[mongodb-driver-core-5.2.1.jar:na]
	at com.mongodb.internal.connection.SocketStream.open(SocketStream.java:79) ~[mongodb-driver-core-5.2.1.jar:na]
	... 3 common frames omitted

2026-05-23T16:05:05.451+01:00  INFO 28700 --- [MatchService] [ngodb.net:27017] org.mongodb.driver.cluster               : Monitor thread successfully connected to server with description ServerDescription{address=ac-khxyvkv-shard-00-00.ltylxsp.mongodb.net:27017, type=REPLICA_SET_SECONDARY, cryptd=false, state=CONNECTED, ok=true, minWireVersion=0, maxWireVersion=25, maxDocumentSize=16777216, logicalSessionTimeoutMinutes=30, roundTripTimeNanos=377870800, minRoundTripTimeNanos=0, setName='atlas-6x6yvm-shard-0', canonicalAddress=ac-khxyvkv-shard-00-00.ltylxsp.mongodb.net:27017, hosts=[ac-khxyvkv-shard-00-00.ltylxsp.mongodb.net:27017, ac-khxyvkv-shard-00-01.ltylxsp.mongodb.net:27017, ac-khxyvkv-shard-00-02.ltylxsp.mongodb.net:27017], passives=[], arbiters=[], primary='ac-khxyvkv-shard-00-01.ltylxsp.mongodb.net:27017', tagSet=TagSet{[Tag{name='availabilityZone', value='euw3-az1'}, Tag{name='cacheState', value='READY'}, Tag{name='diskState', value='READY'}, Tag{name='nodeType', value='ELECTABLE'}, Tag{name='provider', value='AWS'}, Tag{name='region', value='EU_WEST_3'}, Tag{name='workloadType', value='OPERATIONAL'}]}, electionId=null, setVersion=36, topologyVersion=TopologyVersion{processId=6a10aaf2adb9cf8404387343, counter=4}, lastWriteDate=Sat May 23 16:05:03 WAT 2026, lastUpdateTimeNanos=626434592895800}
2026-05-23T17:21:44.538+01:00  INFO 28700 --- [MatchService] [ngodb.net:27017] org.mongodb.driver.cluster               : Exception in monitor thread while connecting to server ac-khxyvkv-shard-00-02.ltylxsp.mongodb.net:27017

com.mongodb.MongoSocketReadException: Exception receiving message
	at com.mongodb.internal.connection.InternalStreamConnection.translateReadException(InternalStreamConnection.java:814) ~[mongodb-driver-core-5.2.1.jar:na]
	at com.mongodb.internal.connection.InternalStreamConnection.receiveResponseBuffers(InternalStreamConnection.java:862) ~[mongodb-driver-core-5.2.1.jar:na]
	at com.mongodb.internal.connection.InternalStreamConnection.receiveCommandMessageResponse(InternalStreamConnection.java:517) ~[mongodb-driver-core-5.2.1.jar:na]
	at com.mongodb.internal.connection.InternalStreamConnection.receive(InternalStreamConnection.java:469) ~[mongodb-driver-core-5.2.1.jar:na]
	at com.mongodb.internal.connection.DefaultServerMonitor$ServerMonitor.lookupServerDescription(DefaultServerMonitor.java:249) ~[mongodb-driver-core-5.2.1.jar:na]
	at com.mongodb.internal.connection.DefaultServerMonitor$ServerMonitor.run(DefaultServerMonitor.java:176) ~[mongodb-driver-core-5.2.1.jar:na]
Caused by: java.net.SocketException: Connection reset
	at java.base/sun.nio.ch.NioSocketImpl.implRead(NioSocketImpl.java:328) ~[na:na]
	at java.base/sun.nio.ch.NioSocketImpl.read(NioSocketImpl.java:355) ~[na:na]
	at java.base/sun.nio.ch.NioSocketImpl$1.read(NioSocketImpl.java:808) ~[na:na]
	at java.base/java.net.Socket$SocketInputStream.read(Socket.java:966) ~[na:na]
	at java.base/sun.security.ssl.SSLSocketInputRecord.read(SSLSocketInputRecord.java:484) ~[na:na]
	at java.base/sun.security.ssl.SSLSocketInputRecord.readHeader(SSLSocketInputRecord.java:478) ~[na:na]
	at java.base/sun.security.ssl.SSLSocketInputRecord.bytesInCompletePacket(SSLSocketInputRecord.java:70) ~[na:na]
	at java.base/sun.security.ssl.SSLSocketImpl.readApplicationRecord(SSLSocketImpl.java:1461) ~[na:na]
	at java.base/sun.security.ssl.SSLSocketImpl$AppInputStream.read(SSLSocketImpl.java:1065) ~[na:na]
	at com.mongodb.internal.connection.SocketStream.read(SocketStream.java:182) ~[mongodb-driver-core-5.2.1.jar:na]
	at com.mongodb.internal.connection.InternalStreamConnection.receiveResponseBuffers(InternalStreamConnection.java:829) ~[mongodb-driver-core-5.2.1.jar:na]
	... 4 common frames omitted

2026-05-23T17:21:44.538+01:00  INFO 28700 --- [MatchService] [ngodb.net:27017] org.mongodb.driver.cluster               : Exception in monitor thread while connecting to server ac-khxyvkv-shard-00-01.ltylxsp.mongodb.net:27017

com.mongodb.MongoSocketReadException: Exception receiving message
	at com.mongodb.internal.connection.InternalStreamConnection.translateReadException(InternalStreamConnection.java:814) ~[mongodb-driver-core-5.2.1.jar:na]
	at com.mongodb.internal.connection.InternalStreamConnection.receiveResponseBuffers(InternalStreamConnection.java:862) ~[mongodb-driver-core-5.2.1.jar:na]
	at com.mongodb.internal.connection.InternalStreamConnection.receiveCommandMessageResponse(InternalStreamConnection.java:517) ~[mongodb-driver-core-5.2.1.jar:na]
	at com.mongodb.internal.connection.InternalStreamConnection.receive(InternalStreamConnection.java:469) ~[mongodb-driver-core-5.2.1.jar:na]
	at com.mongodb.internal.connection.DefaultServerMonitor$ServerMonitor.lookupServerDescription(DefaultServerMonitor.java:249) ~[mongodb-driver-core-5.2.1.jar:na]
	at com.mongodb.internal.connection.DefaultServerMonitor$ServerMonitor.run(DefaultServerMonitor.java:176) ~[mongodb-driver-core-5.2.1.jar:na]
Caused by: java.net.SocketException: Connection reset
	at java.base/sun.nio.ch.NioSocketImpl.implRead(NioSocketImpl.java:328) ~[na:na]
	at java.base/sun.nio.ch.NioSocketImpl.read(NioSocketImpl.java:355) ~[na:na]
	at java.base/sun.nio.ch.NioSocketImpl$1.read(NioSocketImpl.java:808) ~[na:na]
	at java.base/java.net.Socket$SocketInputStream.read(Socket.java:966) ~[na:na]
	at java.base/sun.security.ssl.SSLSocketInputRecord.read(SSLSocketInputRecord.java:484) ~[na:na]
	at java.base/sun.security.ssl.SSLSocketInputRecord.readHeader(SSLSocketInputRecord.java:478) ~[na:na]
	at java.base/sun.security.ssl.SSLSocketInputRecord.bytesInCompletePacket(SSLSocketInputRecord.java:70) ~[na:na]
	at java.base/sun.security.ssl.SSLSocketImpl.readApplicationRecord(SSLSocketImpl.java:1461) ~[na:na]
	at java.base/sun.security.ssl.SSLSocketImpl$AppInputStream.read(SSLSocketImpl.java:1065) ~[na:na]
	at com.mongodb.internal.connection.SocketStream.read(SocketStream.java:182) ~[mongodb-driver-core-5.2.1.jar:na]
	at com.mongodb.internal.connection.InternalStreamConnection.receiveResponseBuffers(InternalStreamConnection.java:829) ~[mongodb-driver-core-5.2.1.jar:na]
	... 4 common frames omitted

2026-05-23T17:21:44.538+01:00  INFO 28700 --- [MatchService] [ngodb.net:27017] org.mongodb.driver.cluster               : Exception in monitor thread while connecting to server ac-khxyvkv-shard-00-00.ltylxsp.mongodb.net:27017

com.mongodb.MongoSocketReadException: Exception receiving message
	at com.mongodb.internal.connection.InternalStreamConnection.translateReadException(InternalStreamConnection.java:814) ~[mongodb-driver-core-5.2.1.jar:na]
	at com.mongodb.internal.connection.InternalStreamConnection.receiveResponseBuffers(InternalStreamConnection.java:862) ~[mongodb-driver-core-5.2.1.jar:na]
	at com.mongodb.internal.connection.InternalStreamConnection.receiveCommandMessageResponse(InternalStreamConnection.java:517) ~[mongodb-driver-core-5.2.1.jar:na]
	at com.mongodb.internal.connection.InternalStreamConnection.receive(InternalStreamConnection.java:469) ~[mongodb-driver-core-5.2.1.jar:na]
	at com.mongodb.internal.connection.DefaultServerMonitor$ServerMonitor.lookupServerDescription(DefaultServerMonitor.java:249) ~[mongodb-driver-core-5.2.1.jar:na]
	at com.mongodb.internal.connection.DefaultServerMonitor$ServerMonitor.run(DefaultServerMonitor.java:176) ~[mongodb-driver-core-5.2.1.jar:na]
Caused by: java.net.SocketException: Connection reset
	at java.base/sun.nio.ch.NioSocketImpl.implRead(NioSocketImpl.java:328) ~[na:na]
	at java.base/sun.nio.ch.NioSocketImpl.read(NioSocketImpl.java:355) ~[na:na]
	at java.base/sun.nio.ch.NioSocketImpl$1.read(NioSocketImpl.java:808) ~[na:na]
	at java.base/java.net.Socket$SocketInputStream.read(Socket.java:966) ~[na:na]
	at java.base/sun.security.ssl.SSLSocketInputRecord.read(SSLSocketInputRecord.java:484) ~[na:na]
	at java.base/sun.security.ssl.SSLSocketInputRecord.readHeader(SSLSocketInputRecord.java:478) ~[na:na]
	at java.base/sun.security.ssl.SSLSocketInputRecord.bytesInCompletePacket(SSLSocketInputRecord.java:70) ~[na:na]
	at java.base/sun.security.ssl.SSLSocketImpl.readApplicationRecord(SSLSocketImpl.java:1461) ~[na:na]
	at java.base/sun.security.ssl.SSLSocketImpl$AppInputStream.read(SSLSocketImpl.java:1065) ~[na:na]
	at com.mongodb.internal.connection.SocketStream.read(SocketStream.java:182) ~[mongodb-driver-core-5.2.1.jar:na]
	at com.mongodb.internal.connection.InternalStreamConnection.receiveResponseBuffers(InternalStreamConnection.java:829) ~[mongodb-driver-core-5.2.1.jar:na]
	... 4 common frames omitted

2026-05-23T17:21:44.847+01:00  INFO 28700 --- [MatchService] [ngodb.net:27017] org.mongodb.driver.cluster               : Exception in monitor thread while connecting to server ac-khxyvkv-shard-00-02.ltylxsp.mongodb.net:27017

com.mongodb.MongoSocketException: Hôte inconnu (ac-khxyvkv-shard-00-02.ltylxsp.mongodb.net)
	at com.mongodb.internal.connection.ServerAddressHelper.getSocketAddresses(ServerAddressHelper.java:75) ~[mongodb-driver-core-5.2.1.jar:na]
	at com.mongodb.internal.connection.SocketStream.initializeSocket(SocketStream.java:100) ~[mongodb-driver-core-5.2.1.jar:na]
	at com.mongodb.internal.connection.SocketStream.open(SocketStream.java:79) ~[mongodb-driver-core-5.2.1.jar:na]
	at com.mongodb.internal.connection.InternalStreamConnection.open(InternalStreamConnection.java:233) ~[mongodb-driver-core-5.2.1.jar:na]
	at com.mongodb.internal.connection.DefaultServerMonitor$ServerMonitor.lookupServerDescription(DefaultServerMonitor.java:219) ~[mongodb-driver-core-5.2.1.jar:na]
	at com.mongodb.internal.connection.DefaultServerMonitor$ServerMonitor.run(DefaultServerMonitor.java:176) ~[mongodb-driver-core-5.2.1.jar:na]
Caused by: java.net.UnknownHostException: Hôte inconnu (ac-khxyvkv-shard-00-02.ltylxsp.mongodb.net)
	at java.base/java.net.Inet6AddressImpl.lookupAllHostAddr(Native Method) ~[na:na]
	at java.base/java.net.InetAddress$PlatformNameService.lookupAllHostAddr(InetAddress.java:933) ~[na:na]
	at java.base/java.net.InetAddress.getAddressesFromNameService(InetAddress.java:1543) ~[na:na]
	at java.base/java.net.InetAddress$NameServiceAddresses.get(InetAddress.java:852) ~[na:na]
	at java.base/java.net.InetAddress.getAllByName0(InetAddress.java:1532) ~[na:na]
	at java.base/java.net.InetAddress.getAllByName(InetAddress.java:1384) ~[na:na]
	at java.base/java.net.InetAddress.getAllByName(InetAddress.java:1305) ~[na:na]
	at com.mongodb.internal.connection.DefaultInetAddressResolver.lookupByName(DefaultInetAddressResolver.java:34) ~[mongodb-driver-core-5.2.1.jar:na]
	at com.mongodb.internal.connection.ServerAddressHelper.getSocketAddresses(ServerAddressHelper.java:71) ~[mongodb-driver-core-5.2.1.jar:na]
	... 5 common frames omitted

2026-05-23T17:21:44.847+01:00  INFO 28700 --- [MatchService] [ngodb.net:27017] org.mongodb.driver.cluster               : Exception in monitor thread while connecting to server ac-khxyvkv-shard-00-00.ltylxsp.mongodb.net:27017

com.mongodb.MongoSocketException: Hôte inconnu (ac-khxyvkv-shard-00-00.ltylxsp.mongodb.net)
	at com.mongodb.internal.connection.ServerAddressHelper.getSocketAddresses(ServerAddressHelper.java:75) ~[mongodb-driver-core-5.2.1.jar:na]
	at com.mongodb.internal.connection.SocketStream.initializeSocket(SocketStream.java:100) ~[mongodb-driver-core-5.2.1.jar:na]
	at com.mongodb.internal.connection.SocketStream.open(SocketStream.java:79) ~[mongodb-driver-core-5.2.1.jar:na]
	at com.mongodb.internal.connection.InternalStreamConnection.open(InternalStreamConnection.java:233) ~[mongodb-driver-core-5.2.1.jar:na]
	at com.mongodb.internal.connection.DefaultServerMonitor$ServerMonitor.lookupServerDescription(DefaultServerMonitor.java:219) ~[mongodb-driver-core-5.2.1.jar:na]
	at com.mongodb.internal.connection.DefaultServerMonitor$ServerMonitor.run(DefaultServerMonitor.java:176) ~[mongodb-driver-core-5.2.1.jar:na]
Caused by: java.net.UnknownHostException: Hôte inconnu (ac-khxyvkv-shard-00-00.ltylxsp.mongodb.net)
	at java.base/java.net.Inet6AddressImpl.lookupAllHostAddr(Native Method) ~[na:na]
	at java.base/java.net.InetAddress$PlatformNameService.lookupAllHostAddr(InetAddress.java:933) ~[na:na]
	at java.base/java.net.InetAddress.getAddressesFromNameService(InetAddress.java:1543) ~[na:na]
	at java.base/java.net.InetAddress$NameServiceAddresses.get(InetAddress.java:852) ~[na:na]
	at java.base/java.net.InetAddress.getAllByName0(InetAddress.java:1532) ~[na:na]
	at java.base/java.net.InetAddress.getAllByName(InetAddress.java:1384) ~[na:na]
	at java.base/java.net.InetAddress.getAllByName(InetAddress.java:1305) ~[na:na]
	at com.mongodb.internal.connection.DefaultInetAddressResolver.lookupByName(DefaultInetAddressResolver.java:34) ~[mongodb-driver-core-5.2.1.jar:na]
	at com.mongodb.internal.connection.ServerAddressHelper.getSocketAddresses(ServerAddressHelper.java:71) ~[mongodb-driver-core-5.2.1.jar:na]
	... 5 common frames omitted

2026-05-23T17:21:44.985+01:00  INFO 28700 --- [MatchService] [ngodb.net:27017] org.mongodb.driver.cluster               : Exception in monitor thread while connecting to server ac-khxyvkv-shard-00-01.ltylxsp.mongodb.net:27017

com.mongodb.MongoSocketOpenException: Exception opening socket
	at com.mongodb.internal.connection.SocketStream.lambda$open$0(SocketStream.java:85) ~[mongodb-driver-core-5.2.1.jar:na]
	at java.base/java.util.Optional.orElseThrow(Optional.java:403) ~[na:na]
	at com.mongodb.internal.connection.SocketStream.open(SocketStream.java:85) ~[mongodb-driver-core-5.2.1.jar:na]
	at com.mongodb.internal.connection.InternalStreamConnection.open(InternalStreamConnection.java:233) ~[mongodb-driver-core-5.2.1.jar:na]
	at com.mongodb.internal.connection.DefaultServerMonitor$ServerMonitor.lookupServerDescription(DefaultServerMonitor.java:219) ~[mongodb-driver-core-5.2.1.jar:na]
	at com.mongodb.internal.connection.DefaultServerMonitor$ServerMonitor.run(DefaultServerMonitor.java:176) ~[mongodb-driver-core-5.2.1.jar:na]
Caused by: java.net.SocketException: Network is unreachable: no further information
	at java.base/sun.nio.ch.Net.pollConnect(Native Method) ~[na:na]
	at java.base/sun.nio.ch.Net.pollConnectNow(Net.java:672) ~[na:na]
	at java.base/sun.nio.ch.NioSocketImpl.timedFinishConnect(NioSocketImpl.java:547) ~[na:na]
	at java.base/sun.nio.ch.NioSocketImpl.connect(NioSocketImpl.java:602) ~[na:na]
	at java.base/java.net.SocksSocketImpl.connect(SocksSocketImpl.java:327) ~[na:na]
	at java.base/java.net.Socket.connect(Socket.java:633) ~[na:na]
	at java.base/sun.security.ssl.SSLSocketImpl.connect(SSLSocketImpl.java:304) ~[na:na]
	at com.mongodb.internal.connection.SocketStreamHelper.initialize(SocketStreamHelper.java:76) ~[mongodb-driver-core-5.2.1.jar:na]
	at com.mongodb.internal.connection.SocketStream.initializeSocket(SocketStream.java:104) ~[mongodb-driver-core-5.2.1.jar:na]
	at com.mongodb.internal.connection.SocketStream.open(SocketStream.java:79) ~[mongodb-driver-core-5.2.1.jar:na]
	... 3 common frames omitted

2026-05-23T17:46:30.928+01:00  INFO 28700 --- [MatchService] [ngodb.net:27017] org.mongodb.driver.cluster               : Monitor thread successfully connected to server with description ServerDescription{address=ac-khxyvkv-shard-00-02.ltylxsp.mongodb.net:27017, type=REPLICA_SET_SECONDARY, cryptd=false, state=CONNECTED, ok=true, minWireVersion=0, maxWireVersion=25, maxDocumentSize=16777216, logicalSessionTimeoutMinutes=30, roundTripTimeNanos=243151000, minRoundTripTimeNanos=0, setName='atlas-6x6yvm-shard-0', canonicalAddress=ac-khxyvkv-shard-00-02.ltylxsp.mongodb.net:27017, hosts=[ac-khxyvkv-shard-00-00.ltylxsp.mongodb.net:27017, ac-khxyvkv-shard-00-01.ltylxsp.mongodb.net:27017, ac-khxyvkv-shard-00-02.ltylxsp.mongodb.net:27017], passives=[], arbiters=[], primary='ac-khxyvkv-shard-00-01.ltylxsp.mongodb.net:27017', tagSet=TagSet{[Tag{name='availabilityZone', value='euw3-az3'}, Tag{name='cacheState', value='READY'}, Tag{name='diskState', value='READY'}, Tag{name='nodeType', value='ELECTABLE'}, Tag{name='provider', value='AWS'}, Tag{name='region', value='EU_WEST_3'}, Tag{name='workloadType', value='OPERATIONAL'}]}, electionId=null, setVersion=36, topologyVersion=TopologyVersion{processId=6a10afacc3c0145a7299563d, counter=3}, lastWriteDate=Sat May 23 17:46:30 WAT 2026, lastUpdateTimeNanos=632521513117500}
2026-05-23T17:46:30.928+01:00  INFO 28700 --- [MatchService] [ngodb.net:27017] org.mongodb.driver.cluster               : Monitor thread successfully connected to server with description ServerDescription{address=ac-khxyvkv-shard-00-00.ltylxsp.mongodb.net:27017, type=REPLICA_SET_SECONDARY, cryptd=false, state=CONNECTED, ok=true, minWireVersion=0, maxWireVersion=25, maxDocumentSize=16777216, logicalSessionTimeoutMinutes=30, roundTripTimeNanos=233644700, minRoundTripTimeNanos=0, setName='atlas-6x6yvm-shard-0', canonicalAddress=ac-khxyvkv-shard-00-00.ltylxsp.mongodb.net:27017, hosts=[ac-khxyvkv-shard-00-00.ltylxsp.mongodb.net:27017, ac-khxyvkv-shard-00-01.ltylxsp.mongodb.net:27017, ac-khxyvkv-shard-00-02.ltylxsp.mongodb.net:27017], passives=[], arbiters=[], primary='ac-khxyvkv-shard-00-01.ltylxsp.mongodb.net:27017', tagSet=TagSet{[Tag{name='availabilityZone', value='euw3-az1'}, Tag{name='cacheState', value='READY'}, Tag{name='diskState', value='READY'}, Tag{name='nodeType', value='ELECTABLE'}, Tag{name='provider', value='AWS'}, Tag{name='region', value='EU_WEST_3'}, Tag{name='workloadType', value='OPERATIONAL'}]}, electionId=null, setVersion=36, topologyVersion=TopologyVersion{processId=6a10aaf2adb9cf8404387343, counter=4}, lastWriteDate=Sat May 23 17:46:30 WAT 2026, lastUpdateTimeNanos=632521514631200}
2026-05-23T17:46:31.187+01:00  INFO 28700 --- [MatchService] [ngodb.net:27017] org.mongodb.driver.cluster               : Monitor thread successfully connected to server with description ServerDescription{address=ac-khxyvkv-shard-00-01.ltylxsp.mongodb.net:27017, type=REPLICA_SET_PRIMARY, cryptd=false, state=CONNECTED, ok=true, minWireVersion=0, maxWireVersion=25, maxDocumentSize=16777216, logicalSessionTimeoutMinutes=30, roundTripTimeNanos=338682200, minRoundTripTimeNanos=0, setName='atlas-6x6yvm-shard-0', canonicalAddress=ac-khxyvkv-shard-00-01.ltylxsp.mongodb.net:27017, hosts=[ac-khxyvkv-shard-00-00.ltylxsp.mongodb.net:27017, ac-khxyvkv-shard-00-01.ltylxsp.mongodb.net:27017, ac-khxyvkv-shard-00-02.ltylxsp.mongodb.net:27017], passives=[], arbiters=[], primary='ac-khxyvkv-shard-00-01.ltylxsp.mongodb.net:27017', tagSet=TagSet{[Tag{name='availabilityZone', value='euw3-az2'}, Tag{name='cacheState', value='READY'}, Tag{name='diskState', value='READY'}, Tag{name='nodeType', value='ELECTABLE'}, Tag{name='provider', value='AWS'}, Tag{name='region', value='EU_WEST_3'}, Tag{name='workloadType', value='OPERATIONAL'}]}, electionId=7fffffff000000000000006b, setVersion=36, topologyVersion=TopologyVersion{processId=6a10ad2db025c004c20c2eaf, counter=6}, lastWriteDate=Sat May 23 17:46:30 WAT 2026, lastUpdateTimeNanos=632521783476900}
2026-05-23T17:46:31.206+01:00  INFO 28700 --- [MatchService] [ngodb.net:27017] org.mongodb.driver.cluster               : Discovered replica set primary ac-khxyvkv-shard-00-01.ltylxsp.mongodb.net:27017 with max election id 7fffffff000000000000006b and max set version 36
2026-05-23T19:24:13.758+01:00  INFO 28700 --- [MatchService] [ngodb.net:27017] org.mongodb.driver.cluster               : Exception in monitor thread while connecting to server ac-khxyvkv-shard-00-00.ltylxsp.mongodb.net:27017

com.mongodb.MongoSocketReadTimeoutException: Timeout while receiving message
	at com.mongodb.internal.connection.InternalStreamConnection.createReadTimeoutException(InternalStreamConnection.java:824) ~[mongodb-driver-core-5.2.1.jar:na]
	at com.mongodb.internal.connection.InternalStreamConnection.translateReadException(InternalStreamConnection.java:812) ~[mongodb-driver-core-5.2.1.jar:na]
	at com.mongodb.internal.connection.InternalStreamConnection.receiveResponseBuffers(InternalStreamConnection.java:862) ~[mongodb-driver-core-5.2.1.jar:na]
	at com.mongodb.internal.connection.InternalStreamConnection.receiveCommandMessageResponse(InternalStreamConnection.java:517) ~[mongodb-driver-core-5.2.1.jar:na]
	at com.mongodb.internal.connection.InternalStreamConnection.receive(InternalStreamConnection.java:469) ~[mongodb-driver-core-5.2.1.jar:na]
	at com.mongodb.internal.connection.DefaultServerMonitor$ServerMonitor.lookupServerDescription(DefaultServerMonitor.java:249) ~[mongodb-driver-core-5.2.1.jar:na]
	at com.mongodb.internal.connection.DefaultServerMonitor$ServerMonitor.run(DefaultServerMonitor.java:176) ~[mongodb-driver-core-5.2.1.jar:na]
Caused by: java.net.SocketTimeoutException: Read timed out
	at java.base/sun.nio.ch.NioSocketImpl.timedRead(NioSocketImpl.java:288) ~[na:na]
	at java.base/sun.nio.ch.NioSocketImpl.implRead(NioSocketImpl.java:314) ~[na:na]
	at java.base/sun.nio.ch.NioSocketImpl.read(NioSocketImpl.java:355) ~[na:na]
	at java.base/sun.nio.ch.NioSocketImpl$1.read(NioSocketImpl.java:808) ~[na:na]
	at java.base/java.net.Socket$SocketInputStream.read(Socket.java:966) ~[na:na]
	at java.base/sun.security.ssl.SSLSocketInputRecord.read(SSLSocketInputRecord.java:484) ~[na:na]
	at java.base/sun.security.ssl.SSLSocketInputRecord.readHeader(SSLSocketInputRecord.java:478) ~[na:na]
	at java.base/sun.security.ssl.SSLSocketInputRecord.bytesInCompletePacket(SSLSocketInputRecord.java:70) ~[na:na]
	at java.base/sun.security.ssl.SSLSocketImpl.readApplicationRecord(SSLSocketImpl.java:1461) ~[na:na]
	at java.base/sun.security.ssl.SSLSocketImpl$AppInputStream.read(SSLSocketImpl.java:1065) ~[na:na]
	at com.mongodb.internal.connection.SocketStream.read(SocketStream.java:182) ~[mongodb-driver-core-5.2.1.jar:na]
	at com.mongodb.internal.connection.InternalStreamConnection.receiveResponseBuffers(InternalStreamConnection.java:829) ~[mongodb-driver-core-5.2.1.jar:na]
	... 4 common frames omitted

2026-05-23T19:24:13.934+01:00  INFO 28700 --- [MatchService] [ngodb.net:27017] org.mongodb.driver.cluster               : Exception in monitor thread while connecting to server ac-khxyvkv-shard-00-01.ltylxsp.mongodb.net:27017

com.mongodb.MongoSocketReadTimeoutException: Timeout while receiving message
	at com.mongodb.internal.connection.InternalStreamConnection.createReadTimeoutException(InternalStreamConnection.java:824) ~[mongodb-driver-core-5.2.1.jar:na]
	at com.mongodb.internal.connection.InternalStreamConnection.translateReadException(InternalStreamConnection.java:812) ~[mongodb-driver-core-5.2.1.jar:na]
	at com.mongodb.internal.connection.InternalStreamConnection.receiveResponseBuffers(InternalStreamConnection.java:862) ~[mongodb-driver-core-5.2.1.jar:na]
	at com.mongodb.internal.connection.InternalStreamConnection.receiveCommandMessageResponse(InternalStreamConnection.java:517) ~[mongodb-driver-core-5.2.1.jar:na]
	at com.mongodb.internal.connection.InternalStreamConnection.receive(InternalStreamConnection.java:469) ~[mongodb-driver-core-5.2.1.jar:na]
	at com.mongodb.internal.connection.DefaultServerMonitor$ServerMonitor.lookupServerDescription(DefaultServerMonitor.java:249) ~[mongodb-driver-core-5.2.1.jar:na]
	at com.mongodb.internal.connection.DefaultServerMonitor$ServerMonitor.run(DefaultServerMonitor.java:176) ~[mongodb-driver-core-5.2.1.jar:na]
Caused by: java.net.SocketTimeoutException: Read timed out
	at java.base/sun.nio.ch.NioSocketImpl.timedRead(NioSocketImpl.java:288) ~[na:na]
	at java.base/sun.nio.ch.NioSocketImpl.implRead(NioSocketImpl.java:314) ~[na:na]
	at java.base/sun.nio.ch.NioSocketImpl.read(NioSocketImpl.java:355) ~[na:na]
	at java.base/sun.nio.ch.NioSocketImpl$1.read(NioSocketImpl.java:808) ~[na:na]
	at java.base/java.net.Socket$SocketInputStream.read(Socket.java:966) ~[na:na]
	at java.base/sun.security.ssl.SSLSocketInputRecord.read(SSLSocketInputRecord.java:484) ~[na:na]
	at java.base/sun.security.ssl.SSLSocketInputRecord.readHeader(SSLSocketInputRecord.java:478) ~[na:na]
	at java.base/sun.security.ssl.SSLSocketInputRecord.bytesInCompletePacket(SSLSocketInputRecord.java:70) ~[na:na]
	at java.base/sun.security.ssl.SSLSocketImpl.readApplicationRecord(SSLSocketImpl.java:1461) ~[na:na]
	at java.base/sun.security.ssl.SSLSocketImpl$AppInputStream.read(SSLSocketImpl.java:1065) ~[na:na]
	at com.mongodb.internal.connection.SocketStream.read(SocketStream.java:182) ~[mongodb-driver-core-5.2.1.jar:na]
	at com.mongodb.internal.connection.InternalStreamConnection.receiveResponseBuffers(InternalStreamConnection.java:829) ~[mongodb-driver-core-5.2.1.jar:na]
	... 4 common frames omitted

2026-05-23T19:24:13.996+01:00  INFO 28700 --- [MatchService] [ngodb.net:27017] org.mongodb.driver.cluster               : Exception in monitor thread while connecting to server ac-khxyvkv-shard-00-02.ltylxsp.mongodb.net:27017

com.mongodb.MongoSocketReadTimeoutException: Timeout while receiving message
	at com.mongodb.internal.connection.InternalStreamConnection.createReadTimeoutException(InternalStreamConnection.java:824) ~[mongodb-driver-core-5.2.1.jar:na]
	at com.mongodb.internal.connection.InternalStreamConnection.translateReadException(InternalStreamConnection.java:812) ~[mongodb-driver-core-5.2.1.jar:na]
	at com.mongodb.internal.connection.InternalStreamConnection.receiveResponseBuffers(InternalStreamConnection.java:862) ~[mongodb-driver-core-5.2.1.jar:na]
	at com.mongodb.internal.connection.InternalStreamConnection.receiveCommandMessageResponse(InternalStreamConnection.java:517) ~[mongodb-driver-core-5.2.1.jar:na]
	at com.mongodb.internal.connection.InternalStreamConnection.receive(InternalStreamConnection.java:469) ~[mongodb-driver-core-5.2.1.jar:na]
	at com.mongodb.internal.connection.DefaultServerMonitor$ServerMonitor.lookupServerDescription(DefaultServerMonitor.java:249) ~[mongodb-driver-core-5.2.1.jar:na]
	at com.mongodb.internal.connection.DefaultServerMonitor$ServerMonitor.run(DefaultServerMonitor.java:176) ~[mongodb-driver-core-5.2.1.jar:na]
Caused by: java.net.SocketTimeoutException: Read timed out
	at java.base/sun.nio.ch.NioSocketImpl.timedRead(NioSocketImpl.java:288) ~[na:na]
	at java.base/sun.nio.ch.NioSocketImpl.implRead(NioSocketImpl.java:314) ~[na:na]
	at java.base/sun.nio.ch.NioSocketImpl.read(NioSocketImpl.java:355) ~[na:na]
	at java.base/sun.nio.ch.NioSocketImpl$1.read(NioSocketImpl.java:808) ~[na:na]
	at java.base/java.net.Socket$SocketInputStream.read(Socket.java:966) ~[na:na]
	at java.base/sun.security.ssl.SSLSocketInputRecord.read(SSLSocketInputRecord.java:484) ~[na:na]
	at java.base/sun.security.ssl.SSLSocketInputRecord.readHeader(SSLSocketInputRecord.java:478) ~[na:na]
	at java.base/sun.security.ssl.SSLSocketInputRecord.bytesInCompletePacket(SSLSocketInputRecord.java:70) ~[na:na]
	at java.base/sun.security.ssl.SSLSocketImpl.readApplicationRecord(SSLSocketImpl.java:1461) ~[na:na]
	at java.base/sun.security.ssl.SSLSocketImpl$AppInputStream.read(SSLSocketImpl.java:1065) ~[na:na]
	at com.mongodb.internal.connection.SocketStream.read(SocketStream.java:182) ~[mongodb-driver-core-5.2.1.jar:na]
	at com.mongodb.internal.connection.InternalStreamConnection.receiveResponseBuffers(InternalStreamConnection.java:829) ~[mongodb-driver-core-5.2.1.jar:na]
	... 4 common frames omitted

2026-05-23T19:24:14.189+01:00  INFO 28700 --- [MatchService] [ngodb.net:27017] org.mongodb.driver.cluster               : Monitor thread successfully connected to server with description ServerDescription{address=ac-khxyvkv-shard-00-00.ltylxsp.mongodb.net:27017, type=REPLICA_SET_SECONDARY, cryptd=false, state=CONNECTED, ok=true, minWireVersion=0, maxWireVersion=25, maxDocumentSize=16777216, logicalSessionTimeoutMinutes=30, roundTripTimeNanos=188401200, minRoundTripTimeNanos=0, setName='atlas-6x6yvm-shard-0', canonicalAddress=ac-khxyvkv-shard-00-00.ltylxsp.mongodb.net:27017, hosts=[ac-khxyvkv-shard-00-00.ltylxsp.mongodb.net:27017, ac-khxyvkv-shard-00-01.ltylxsp.mongodb.net:27017, ac-khxyvkv-shard-00-02.ltylxsp.mongodb.net:27017], passives=[], arbiters=[], primary='ac-khxyvkv-shard-00-01.ltylxsp.mongodb.net:27017', tagSet=TagSet{[Tag{name='availabilityZone', value='euw3-az1'}, Tag{name='cacheState', value='READY'}, Tag{name='diskState', value='READY'}, Tag{name='nodeType', value='ELECTABLE'}, Tag{name='provider', value='AWS'}, Tag{name='region', value='EU_WEST_3'}, Tag{name='workloadType', value='OPERATIONAL'}]}, electionId=null, setVersion=36, topologyVersion=TopologyVersion{processId=6a10aaf2adb9cf8404387343, counter=4}, lastWriteDate=Sat May 23 19:24:13 WAT 2026, lastUpdateTimeNanos=638389678365400}
2026-05-23T19:24:14.189+01:00  INFO 28700 --- [MatchService] [ngodb.net:27017] org.mongodb.driver.cluster               : Monitor thread successfully connected to server with description ServerDescription{address=ac-khxyvkv-shard-00-02.ltylxsp.mongodb.net:27017, type=REPLICA_SET_SECONDARY, cryptd=false, state=CONNECTED, ok=true, minWireVersion=0, maxWireVersion=25, maxDocumentSize=16777216, logicalSessionTimeoutMinutes=30, roundTripTimeNanos=141634300, minRoundTripTimeNanos=0, setName='atlas-6x6yvm-shard-0', canonicalAddress=ac-khxyvkv-shard-00-02.ltylxsp.mongodb.net:27017, hosts=[ac-khxyvkv-shard-00-00.ltylxsp.mongodb.net:27017, ac-khxyvkv-shard-00-01.ltylxsp.mongodb.net:27017, ac-khxyvkv-shard-00-02.ltylxsp.mongodb.net:27017], passives=[], arbiters=[], primary='ac-khxyvkv-shard-00-01.ltylxsp.mongodb.net:27017', tagSet=TagSet{[Tag{name='availabilityZone', value='euw3-az3'}, Tag{name='cacheState', value='READY'}, Tag{name='diskState', value='READY'}, Tag{name='nodeType', value='ELECTABLE'}, Tag{name='provider', value='AWS'}, Tag{name='region', value='EU_WEST_3'}, Tag{name='workloadType', value='OPERATIONAL'}]}, electionId=null, setVersion=36, topologyVersion=TopologyVersion{processId=6a10afacc3c0145a7299563d, counter=3}, lastWriteDate=Sat May 23 19:24:13 WAT 2026, lastUpdateTimeNanos=638389675753700}
2026-05-23T19:24:14.190+01:00  INFO 28700 --- [MatchService] [ngodb.net:27017] org.mongodb.driver.cluster               : Monitor thread successfully connected to server with description ServerDescription{address=ac-khxyvkv-shard-00-01.ltylxsp.mongodb.net:27017, type=REPLICA_SET_PRIMARY, cryptd=false, state=CONNECTED, ok=true, minWireVersion=0, maxWireVersion=25, maxDocumentSize=16777216, logicalSessionTimeoutMinutes=30, roundTripTimeNanos=183509900, minRoundTripTimeNanos=0, setName='atlas-6x6yvm-shard-0', canonicalAddress=ac-khxyvkv-shard-00-01.ltylxsp.mongodb.net:27017, hosts=[ac-khxyvkv-shard-00-00.ltylxsp.mongodb.net:27017, ac-khxyvkv-shard-00-01.ltylxsp.mongodb.net:27017, ac-khxyvkv-shard-00-02.ltylxsp.mongodb.net:27017], passives=[], arbiters=[], primary='ac-khxyvkv-shard-00-01.ltylxsp.mongodb.net:27017', tagSet=TagSet{[Tag{name='availabilityZone', value='euw3-az2'}, Tag{name='cacheState', value='READY'}, Tag{name='diskState', value='READY'}, Tag{name='nodeType', value='ELECTABLE'}, Tag{name='provider', value='AWS'}, Tag{name='region', value='EU_WEST_3'}, Tag{name='workloadType', value='OPERATIONAL'}]}, electionId=7fffffff000000000000006b, setVersion=36, topologyVersion=TopologyVersion{processId=6a10ad2db025c004c20c2eaf, counter=6}, lastWriteDate=Sat May 23 19:24:13 WAT 2026, lastUpdateTimeNanos=638389673475300}
2026-05-23T19:24:14.199+01:00  INFO 28700 --- [MatchService] [ngodb.net:27017] org.mongodb.driver.cluster               : Discovered replica set primary ac-khxyvkv-shard-00-01.ltylxsp.mongodb.net:27017 with max election id 7fffffff000000000000006b and max set version 36
2026-05-23T20:43:43.062+01:00  INFO 28700 --- [MatchService] [ngodb.net:27017] org.mongodb.driver.cluster               : Exception in monitor thread while connecting to server ac-khxyvkv-shard-00-02.ltylxsp.mongodb.net:27017

com.mongodb.MongoSocketReadException: Exception receiving message
	at com.mongodb.internal.connection.InternalStreamConnection.translateReadException(InternalStreamConnection.java:814) ~[mongodb-driver-core-5.2.1.jar:na]
	at com.mongodb.internal.connection.InternalStreamConnection.receiveResponseBuffers(InternalStreamConnection.java:862) ~[mongodb-driver-core-5.2.1.jar:na]
	at com.mongodb.internal.connection.InternalStreamConnection.receiveCommandMessageResponse(InternalStreamConnection.java:517) ~[mongodb-driver-core-5.2.1.jar:na]
	at com.mongodb.internal.connection.InternalStreamConnection.receive(InternalStreamConnection.java:469) ~[mongodb-driver-core-5.2.1.jar:na]
	at com.mongodb.internal.connection.DefaultServerMonitor$ServerMonitor.lookupServerDescription(DefaultServerMonitor.java:249) ~[mongodb-driver-core-5.2.1.jar:na]
	at com.mongodb.internal.connection.DefaultServerMonitor$ServerMonitor.run(DefaultServerMonitor.java:176) ~[mongodb-driver-core-5.2.1.jar:na]
Caused by: java.net.SocketException: Connection reset
	at java.base/sun.nio.ch.NioSocketImpl.implRead(NioSocketImpl.java:328) ~[na:na]
	at java.base/sun.nio.ch.NioSocketImpl.read(NioSocketImpl.java:355) ~[na:na]
	at java.base/sun.nio.ch.NioSocketImpl$1.read(NioSocketImpl.java:808) ~[na:na]
	at java.base/java.net.Socket$SocketInputStream.read(Socket.java:966) ~[na:na]
	at java.base/sun.security.ssl.SSLSocketInputRecord.read(SSLSocketInputRecord.java:484) ~[na:na]
	at java.base/sun.security.ssl.SSLSocketInputRecord.readHeader(SSLSocketInputRecord.java:478) ~[na:na]
	at java.base/sun.security.ssl.SSLSocketInputRecord.bytesInCompletePacket(SSLSocketInputRecord.java:70) ~[na:na]
	at java.base/sun.security.ssl.SSLSocketImpl.readApplicationRecord(SSLSocketImpl.java:1461) ~[na:na]
	at java.base/sun.security.ssl.SSLSocketImpl$AppInputStream.read(SSLSocketImpl.java:1065) ~[na:na]
	at com.mongodb.internal.connection.SocketStream.read(SocketStream.java:182) ~[mongodb-driver-core-5.2.1.jar:na]
	at com.mongodb.internal.connection.InternalStreamConnection.receiveResponseBuffers(InternalStreamConnection.java:829) ~[mongodb-driver-core-5.2.1.jar:na]
	... 4 common frames omitted

2026-05-23T20:43:43.076+01:00  INFO 28700 --- [MatchService] [ngodb.net:27017] org.mongodb.driver.cluster               : Exception in monitor thread while connecting to server ac-khxyvkv-shard-00-00.ltylxsp.mongodb.net:27017

com.mongodb.MongoSocketReadException: Exception receiving message
	at com.mongodb.internal.connection.InternalStreamConnection.translateReadException(InternalStreamConnection.java:814) ~[mongodb-driver-core-5.2.1.jar:na]
	at com.mongodb.internal.connection.InternalStreamConnection.receiveResponseBuffers(InternalStreamConnection.java:862) ~[mongodb-driver-core-5.2.1.jar:na]
	at com.mongodb.internal.connection.InternalStreamConnection.receiveCommandMessageResponse(InternalStreamConnection.java:517) ~[mongodb-driver-core-5.2.1.jar:na]
	at com.mongodb.internal.connection.InternalStreamConnection.receive(InternalStreamConnection.java:469) ~[mongodb-driver-core-5.2.1.jar:na]
	at com.mongodb.internal.connection.DefaultServerMonitor$ServerMonitor.lookupServerDescription(DefaultServerMonitor.java:249) ~[mongodb-driver-core-5.2.1.jar:na]
	at com.mongodb.internal.connection.DefaultServerMonitor$ServerMonitor.run(DefaultServerMonitor.java:176) ~[mongodb-driver-core-5.2.1.jar:na]
Caused by: java.net.SocketException: Connection reset
	at java.base/sun.nio.ch.NioSocketImpl.implRead(NioSocketImpl.java:328) ~[na:na]
	at java.base/sun.nio.ch.NioSocketImpl.read(NioSocketImpl.java:355) ~[na:na]
	at java.base/sun.nio.ch.NioSocketImpl$1.read(NioSocketImpl.java:808) ~[na:na]
	at java.base/java.net.Socket$SocketInputStream.read(Socket.java:966) ~[na:na]
	at java.base/sun.security.ssl.SSLSocketInputRecord.read(SSLSocketInputRecord.java:484) ~[na:na]
	at java.base/sun.security.ssl.SSLSocketInputRecord.readHeader(SSLSocketInputRecord.java:478) ~[na:na]
	at java.base/sun.security.ssl.SSLSocketInputRecord.bytesInCompletePacket(SSLSocketInputRecord.java:70) ~[na:na]
	at java.base/sun.security.ssl.SSLSocketImpl.readApplicationRecord(SSLSocketImpl.java:1461) ~[na:na]
	at java.base/sun.security.ssl.SSLSocketImpl$AppInputStream.read(SSLSocketImpl.java:1065) ~[na:na]
	at com.mongodb.internal.connection.SocketStream.read(SocketStream.java:182) ~[mongodb-driver-core-5.2.1.jar:na]
	at com.mongodb.internal.connection.InternalStreamConnection.receiveResponseBuffers(InternalStreamConnection.java:829) ~[mongodb-driver-core-5.2.1.jar:na]
	... 4 common frames omitted

2026-05-23T20:43:43.076+01:00  INFO 28700 --- [MatchService] [ngodb.net:27017] org.mongodb.driver.cluster               : Exception in monitor thread while connecting to server ac-khxyvkv-shard-00-01.ltylxsp.mongodb.net:27017

com.mongodb.MongoSocketReadException: Exception receiving message
	at com.mongodb.internal.connection.InternalStreamConnection.translateReadException(InternalStreamConnection.java:814) ~[mongodb-driver-core-5.2.1.jar:na]
	at com.mongodb.internal.connection.InternalStreamConnection.receiveResponseBuffers(InternalStreamConnection.java:862) ~[mongodb-driver-core-5.2.1.jar:na]
	at com.mongodb.internal.connection.InternalStreamConnection.receiveCommandMessageResponse(InternalStreamConnection.java:517) ~[mongodb-driver-core-5.2.1.jar:na]
	at com.mongodb.internal.connection.InternalStreamConnection.receive(InternalStreamConnection.java:469) ~[mongodb-driver-core-5.2.1.jar:na]
	at com.mongodb.internal.connection.DefaultServerMonitor$ServerMonitor.lookupServerDescription(DefaultServerMonitor.java:249) ~[mongodb-driver-core-5.2.1.jar:na]
	at com.mongodb.internal.connection.DefaultServerMonitor$ServerMonitor.run(DefaultServerMonitor.java:176) ~[mongodb-driver-core-5.2.1.jar:na]
Caused by: java.net.SocketException: Connection reset
	at java.base/sun.nio.ch.NioSocketImpl.implRead(NioSocketImpl.java:328) ~[na:na]
	at java.base/sun.nio.ch.NioSocketImpl.read(NioSocketImpl.java:355) ~[na:na]
	at java.base/sun.nio.ch.NioSocketImpl$1.read(NioSocketImpl.java:808) ~[na:na]
	at java.base/java.net.Socket$SocketInputStream.read(Socket.java:966) ~[na:na]
	at java.base/sun.security.ssl.SSLSocketInputRecord.read(SSLSocketInputRecord.java:484) ~[na:na]
	at java.base/sun.security.ssl.SSLSocketInputRecord.readHeader(SSLSocketInputRecord.java:478) ~[na:na]
	at java.base/sun.security.ssl.SSLSocketInputRecord.bytesInCompletePacket(SSLSocketInputRecord.java:70) ~[na:na]
	at java.base/sun.security.ssl.SSLSocketImpl.readApplicationRecord(SSLSocketImpl.java:1461) ~[na:na]
	at java.base/sun.security.ssl.SSLSocketImpl$AppInputStream.read(SSLSocketImpl.java:1065) ~[na:na]
	at com.mongodb.internal.connection.SocketStream.read(SocketStream.java:182) ~[mongodb-driver-core-5.2.1.jar:na]
	at com.mongodb.internal.connection.InternalStreamConnection.receiveResponseBuffers(InternalStreamConnection.java:829) ~[mongodb-driver-core-5.2.1.jar:na]
	... 4 common frames omitted

2026-05-23T20:43:43.678+01:00  INFO 28700 --- [MatchService] [ngodb.net:27017] org.mongodb.driver.cluster               : Exception in monitor thread while connecting to server ac-khxyvkv-shard-00-00.ltylxsp.mongodb.net:27017

com.mongodb.MongoSocketException: Hôte inconnu (ac-khxyvkv-shard-00-00.ltylxsp.mongodb.net)
	at com.mongodb.internal.connection.ServerAddressHelper.getSocketAddresses(ServerAddressHelper.java:75) ~[mongodb-driver-core-5.2.1.jar:na]
	at com.mongodb.internal.connection.SocketStream.initializeSocket(SocketStream.java:100) ~[mongodb-driver-core-5.2.1.jar:na]
	at com.mongodb.internal.connection.SocketStream.open(SocketStream.java:79) ~[mongodb-driver-core-5.2.1.jar:na]
	at com.mongodb.internal.connection.InternalStreamConnection.open(InternalStreamConnection.java:233) ~[mongodb-driver-core-5.2.1.jar:na]
	at com.mongodb.internal.connection.DefaultServerMonitor$ServerMonitor.lookupServerDescription(DefaultServerMonitor.java:219) ~[mongodb-driver-core-5.2.1.jar:na]
	at com.mongodb.internal.connection.DefaultServerMonitor$ServerMonitor.run(DefaultServerMonitor.java:176) ~[mongodb-driver-core-5.2.1.jar:na]
Caused by: java.net.UnknownHostException: Hôte inconnu (ac-khxyvkv-shard-00-00.ltylxsp.mongodb.net)
	at java.base/java.net.Inet6AddressImpl.lookupAllHostAddr(Native Method) ~[na:na]
	at java.base/java.net.InetAddress$PlatformNameService.lookupAllHostAddr(InetAddress.java:933) ~[na:na]
	at java.base/java.net.InetAddress.getAddressesFromNameService(InetAddress.java:1543) ~[na:na]
	at java.base/java.net.InetAddress$NameServiceAddresses.get(InetAddress.java:852) ~[na:na]
	at java.base/java.net.InetAddress.getAllByName0(InetAddress.java:1532) ~[na:na]
	at java.base/java.net.InetAddress.getAllByName(InetAddress.java:1384) ~[na:na]
	at java.base/java.net.InetAddress.getAllByName(InetAddress.java:1305) ~[na:na]
	at com.mongodb.internal.connection.DefaultInetAddressResolver.lookupByName(DefaultInetAddressResolver.java:34) ~[mongodb-driver-core-5.2.1.jar:na]
	at com.mongodb.internal.connection.ServerAddressHelper.getSocketAddresses(ServerAddressHelper.java:71) ~[mongodb-driver-core-5.2.1.jar:na]
	... 5 common frames omitted

2026-05-23T20:43:43.720+01:00  INFO 28700 --- [MatchService] [ngodb.net:27017] org.mongodb.driver.cluster               : Exception in monitor thread while connecting to server ac-khxyvkv-shard-00-01.ltylxsp.mongodb.net:27017

com.mongodb.MongoSocketException: Hôte inconnu (ac-khxyvkv-shard-00-01.ltylxsp.mongodb.net)
	at com.mongodb.internal.connection.ServerAddressHelper.getSocketAddresses(ServerAddressHelper.java:75) ~[mongodb-driver-core-5.2.1.jar:na]
	at com.mongodb.internal.connection.SocketStream.initializeSocket(SocketStream.java:100) ~[mongodb-driver-core-5.2.1.jar:na]
	at com.mongodb.internal.connection.SocketStream.open(SocketStream.java:79) ~[mongodb-driver-core-5.2.1.jar:na]
	at com.mongodb.internal.connection.InternalStreamConnection.open(InternalStreamConnection.java:233) ~[mongodb-driver-core-5.2.1.jar:na]
	at com.mongodb.internal.connection.DefaultServerMonitor$ServerMonitor.lookupServerDescription(DefaultServerMonitor.java:219) ~[mongodb-driver-core-5.2.1.jar:na]
	at com.mongodb.internal.connection.DefaultServerMonitor$ServerMonitor.run(DefaultServerMonitor.java:176) ~[mongodb-driver-core-5.2.1.jar:na]
Caused by: java.net.UnknownHostException: Hôte inconnu (ac-khxyvkv-shard-00-01.ltylxsp.mongodb.net)
	at java.base/java.net.Inet6AddressImpl.lookupAllHostAddr(Native Method) ~[na:na]
	at java.base/java.net.InetAddress$PlatformNameService.lookupAllHostAddr(InetAddress.java:933) ~[na:na]
	at java.base/java.net.InetAddress.getAddressesFromNameService(InetAddress.java:1543) ~[na:na]
	at java.base/java.net.InetAddress$NameServiceAddresses.get(InetAddress.java:852) ~[na:na]
	at java.base/java.net.InetAddress.getAllByName0(InetAddress.java:1532) ~[na:na]
	at java.base/java.net.InetAddress.getAllByName(InetAddress.java:1384) ~[na:na]
	at java.base/java.net.InetAddress.getAllByName(InetAddress.java:1305) ~[na:na]
	at com.mongodb.internal.connection.DefaultInetAddressResolver.lookupByName(DefaultInetAddressResolver.java:34) ~[mongodb-driver-core-5.2.1.jar:na]
	at com.mongodb.internal.connection.ServerAddressHelper.getSocketAddresses(ServerAddressHelper.java:71) ~[mongodb-driver-core-5.2.1.jar:na]
	... 5 common frames omitted

2026-05-23T20:43:43.677+01:00  INFO 28700 --- [MatchService] [ngodb.net:27017] org.mongodb.driver.cluster               : Exception in monitor thread while connecting to server ac-khxyvkv-shard-00-02.ltylxsp.mongodb.net:27017

com.mongodb.MongoSocketException: Hôte inconnu (ac-khxyvkv-shard-00-02.ltylxsp.mongodb.net)
	at com.mongodb.internal.connection.ServerAddressHelper.getSocketAddresses(ServerAddressHelper.java:75) ~[mongodb-driver-core-5.2.1.jar:na]
	at com.mongodb.internal.connection.SocketStream.initializeSocket(SocketStream.java:100) ~[mongodb-driver-core-5.2.1.jar:na]
	at com.mongodb.internal.connection.SocketStream.open(SocketStream.java:79) ~[mongodb-driver-core-5.2.1.jar:na]
	at com.mongodb.internal.connection.InternalStreamConnection.open(InternalStreamConnection.java:233) ~[mongodb-driver-core-5.2.1.jar:na]
	at com.mongodb.internal.connection.DefaultServerMonitor$ServerMonitor.lookupServerDescription(DefaultServerMonitor.java:219) ~[mongodb-driver-core-5.2.1.jar:na]
	at com.mongodb.internal.connection.DefaultServerMonitor$ServerMonitor.run(DefaultServerMonitor.java:176) ~[mongodb-driver-core-5.2.1.jar:na]
Caused by: java.net.UnknownHostException: Hôte inconnu (ac-khxyvkv-shard-00-02.ltylxsp.mongodb.net)
	at java.base/java.net.Inet6AddressImpl.lookupAllHostAddr(Native Method) ~[na:na]
	at java.base/java.net.InetAddress$PlatformNameService.lookupAllHostAddr(InetAddress.java:933) ~[na:na]
	at java.base/java.net.InetAddress.getAddressesFromNameService(InetAddress.java:1543) ~[na:na]
	at java.base/java.net.InetAddress$NameServiceAddresses.get(InetAddress.java:852) ~[na:na]
	at java.base/java.net.InetAddress.getAllByName0(InetAddress.java:1532) ~[na:na]
	at java.base/java.net.InetAddress.getAllByName(InetAddress.java:1384) ~[na:na]
	at java.base/java.net.InetAddress.getAllByName(InetAddress.java:1305) ~[na:na]
	at com.mongodb.internal.connection.DefaultInetAddressResolver.lookupByName(DefaultInetAddressResolver.java:34) ~[mongodb-driver-core-5.2.1.jar:na]
	at com.mongodb.internal.connection.ServerAddressHelper.getSocketAddresses(ServerAddressHelper.java:71) ~[mongodb-driver-core-5.2.1.jar:na]
	... 5 common frames omitted

2026-05-23T20:43:54.342+01:00  INFO 28700 --- [MatchService] [ngodb.net:27017] org.mongodb.driver.cluster               : Monitor thread successfully connected to server with description ServerDescription{address=ac-khxyvkv-shard-00-02.ltylxsp.mongodb.net:27017, type=REPLICA_SET_SECONDARY, cryptd=false, state=CONNECTED, ok=true, minWireVersion=0, maxWireVersion=25, maxDocumentSize=16777216, logicalSessionTimeoutMinutes=30, roundTripTimeNanos=446011100, minRoundTripTimeNanos=0, setName='atlas-6x6yvm-shard-0', canonicalAddress=ac-khxyvkv-shard-00-02.ltylxsp.mongodb.net:27017, hosts=[ac-khxyvkv-shard-00-00.ltylxsp.mongodb.net:27017, ac-khxyvkv-shard-00-01.ltylxsp.mongodb.net:27017, ac-khxyvkv-shard-00-02.ltylxsp.mongodb.net:27017], passives=[], arbiters=[], primary='ac-khxyvkv-shard-00-01.ltylxsp.mongodb.net:27017', tagSet=TagSet{[Tag{name='availabilityZone', value='euw3-az3'}, Tag{name='cacheState', value='READY'}, Tag{name='diskState', value='READY'}, Tag{name='nodeType', value='ELECTABLE'}, Tag{name='provider', value='AWS'}, Tag{name='region', value='EU_WEST_3'}, Tag{name='workloadType', value='OPERATIONAL'}]}, electionId=null, setVersion=36, topologyVersion=TopologyVersion{processId=6a10afacc3c0145a7299563d, counter=3}, lastWriteDate=Sat May 23 20:43:53 WAT 2026, lastUpdateTimeNanos=643169824727400}
2026-05-23T20:43:54.352+01:00  INFO 28700 --- [MatchService] [ngodb.net:27017] org.mongodb.driver.cluster               : Monitor thread successfully connected to server with description ServerDescription{address=ac-khxyvkv-shard-00-01.ltylxsp.mongodb.net:27017, type=REPLICA_SET_PRIMARY, cryptd=false, state=CONNECTED, ok=true, minWireVersion=0, maxWireVersion=25, maxDocumentSize=16777216, logicalSessionTimeoutMinutes=30, roundTripTimeNanos=468873600, minRoundTripTimeNanos=0, setName='atlas-6x6yvm-shard-0', canonicalAddress=ac-khxyvkv-shard-00-01.ltylxsp.mongodb.net:27017, hosts=[ac-khxyvkv-shard-00-00.ltylxsp.mongodb.net:27017, ac-khxyvkv-shard-00-01.ltylxsp.mongodb.net:27017, ac-khxyvkv-shard-00-02.ltylxsp.mongodb.net:27017], passives=[], arbiters=[], primary='ac-khxyvkv-shard-00-01.ltylxsp.mongodb.net:27017', tagSet=TagSet{[Tag{name='availabilityZone', value='euw3-az2'}, Tag{name='cacheState', value='READY'}, Tag{name='diskState', value='READY'}, Tag{name='nodeType', value='ELECTABLE'}, Tag{name='provider', value='AWS'}, Tag{name='region', value='EU_WEST_3'}, Tag{name='workloadType', value='OPERATIONAL'}]}, electionId=7fffffff000000000000006b, setVersion=36, topologyVersion=TopologyVersion{processId=6a10ad2db025c004c20c2eaf, counter=6}, lastWriteDate=Sat May 23 20:43:53 WAT 2026, lastUpdateTimeNanos=643169847310500}
2026-05-23T20:43:54.354+01:00  INFO 28700 --- [MatchService] [ngodb.net:27017] org.mongodb.driver.cluster               : Monitor thread successfully connected to server with description ServerDescription{address=ac-khxyvkv-shard-00-00.ltylxsp.mongodb.net:27017, type=REPLICA_SET_SECONDARY, cryptd=false, state=CONNECTED, ok=true, minWireVersion=0, maxWireVersion=25, maxDocumentSize=16777216, logicalSessionTimeoutMinutes=30, roundTripTimeNanos=470448600, minRoundTripTimeNanos=0, setName='atlas-6x6yvm-shard-0', canonicalAddress=ac-khxyvkv-shard-00-00.ltylxsp.mongodb.net:27017, hosts=[ac-khxyvkv-shard-00-00.ltylxsp.mongodb.net:27017, ac-khxyvkv-shard-00-01.ltylxsp.mongodb.net:27017, ac-khxyvkv-shard-00-02.ltylxsp.mongodb.net:27017], passives=[], arbiters=[], primary='ac-khxyvkv-shard-00-01.ltylxsp.mongodb.net:27017', tagSet=TagSet{[Tag{name='availabilityZone', value='euw3-az1'}, Tag{name='cacheState', value='READY'}, Tag{name='diskState', value='READY'}, Tag{name='nodeType', value='ELECTABLE'}, Tag{name='provider', value='AWS'}, Tag{name='region', value='EU_WEST_3'}, Tag{name='workloadType', value='OPERATIONAL'}]}, electionId=null, setVersion=36, topologyVersion=TopologyVersion{processId=6a10aaf2adb9cf8404387343, counter=4}, lastWriteDate=Sat May 23 20:43:53 WAT 2026, lastUpdateTimeNanos=643169848919100}
2026-05-23T20:43:54.360+01:00  INFO 28700 --- [MatchService] [ngodb.net:27017] org.mongodb.driver.cluster               : Discovered replica set primary ac-khxyvkv-shard-00-01.ltylxsp.mongodb.net:27017 with max election id 7fffffff000000000000006b and max set version 36
2026-05-25T02:02:14.592+01:00  INFO 28700 --- [MatchService] [ngodb.net:27017] org.mongodb.driver.cluster               : Exception in monitor thread while connecting to server ac-khxyvkv-shard-00-02.ltylxsp.mongodb.net:27017

com.mongodb.MongoSocketReadException: Exception receiving message
	at com.mongodb.internal.connection.InternalStreamConnection.translateReadException(InternalStreamConnection.java:814) ~[mongodb-driver-core-5.2.1.jar:na]
	at com.mongodb.internal.connection.InternalStreamConnection.receiveResponseBuffers(InternalStreamConnection.java:862) ~[mongodb-driver-core-5.2.1.jar:na]
	at com.mongodb.internal.connection.InternalStreamConnection.receiveCommandMessageResponse(InternalStreamConnection.java:517) ~[mongodb-driver-core-5.2.1.jar:na]
	at com.mongodb.internal.connection.InternalStreamConnection.receive(InternalStreamConnection.java:469) ~[mongodb-driver-core-5.2.1.jar:na]
	at com.mongodb.internal.connection.DefaultServerMonitor$ServerMonitor.lookupServerDescription(DefaultServerMonitor.java:249) ~[mongodb-driver-core-5.2.1.jar:na]
	at com.mongodb.internal.connection.DefaultServerMonitor$ServerMonitor.run(DefaultServerMonitor.java:176) ~[mongodb-driver-core-5.2.1.jar:na]
Caused by: java.net.SocketException: Connection reset
	at java.base/sun.nio.ch.NioSocketImpl.implRead(NioSocketImpl.java:328) ~[na:na]
	at java.base/sun.nio.ch.NioSocketImpl.read(NioSocketImpl.java:355) ~[na:na]
	at java.base/sun.nio.ch.NioSocketImpl$1.read(NioSocketImpl.java:808) ~[na:na]
	at java.base/java.net.Socket$SocketInputStream.read(Socket.java:966) ~[na:na]
	at java.base/sun.security.ssl.SSLSocketInputRecord.read(SSLSocketInputRecord.java:484) ~[na:na]
	at java.base/sun.security.ssl.SSLSocketInputRecord.readHeader(SSLSocketInputRecord.java:478) ~[na:na]
	at java.base/sun.security.ssl.SSLSocketInputRecord.bytesInCompletePacket(SSLSocketInputRecord.java:70) ~[na:na]
	at java.base/sun.security.ssl.SSLSocketImpl.readApplicationRecord(SSLSocketImpl.java:1461) ~[na:na]
	at java.base/sun.security.ssl.SSLSocketImpl$AppInputStream.read(SSLSocketImpl.java:1065) ~[na:na]
	at com.mongodb.internal.connection.SocketStream.read(SocketStream.java:182) ~[mongodb-driver-core-5.2.1.jar:na]
	at com.mongodb.internal.connection.InternalStreamConnection.receiveResponseBuffers(InternalStreamConnection.java:829) ~[mongodb-driver-core-5.2.1.jar:na]
	... 4 common frames omitted

2026-05-25T02:02:14.592+01:00  INFO 28700 --- [MatchService] [ngodb.net:27017] org.mongodb.driver.cluster               : Exception in monitor thread while connecting to server ac-khxyvkv-shard-00-01.ltylxsp.mongodb.net:27017

com.mongodb.MongoSocketReadException: Exception receiving message
	at com.mongodb.internal.connection.InternalStreamConnection.translateReadException(InternalStreamConnection.java:814) ~[mongodb-driver-core-5.2.1.jar:na]
	at com.mongodb.internal.connection.InternalStreamConnection.receiveResponseBuffers(InternalStreamConnection.java:862) ~[mongodb-driver-core-5.2.1.jar:na]
	at com.mongodb.internal.connection.InternalStreamConnection.receiveCommandMessageResponse(InternalStreamConnection.java:517) ~[mongodb-driver-core-5.2.1.jar:na]
	at com.mongodb.internal.connection.InternalStreamConnection.receive(InternalStreamConnection.java:469) ~[mongodb-driver-core-5.2.1.jar:na]
	at com.mongodb.internal.connection.DefaultServerMonitor$ServerMonitor.lookupServerDescription(DefaultServerMonitor.java:249) ~[mongodb-driver-core-5.2.1.jar:na]
	at com.mongodb.internal.connection.DefaultServerMonitor$ServerMonitor.run(DefaultServerMonitor.java:176) ~[mongodb-driver-core-5.2.1.jar:na]
Caused by: java.net.SocketException: Connection reset
	at java.base/sun.nio.ch.NioSocketImpl.implRead(NioSocketImpl.java:328) ~[na:na]
	at java.base/sun.nio.ch.NioSocketImpl.read(NioSocketImpl.java:355) ~[na:na]
	at java.base/sun.nio.ch.NioSocketImpl$1.read(NioSocketImpl.java:808) ~[na:na]
	at java.base/java.net.Socket$SocketInputStream.read(Socket.java:966) ~[na:na]
	at java.base/sun.security.ssl.SSLSocketInputRecord.read(SSLSocketInputRecord.java:484) ~[na:na]
	at java.base/sun.security.ssl.SSLSocketInputRecord.readHeader(SSLSocketInputRecord.java:478) ~[na:na]
	at java.base/sun.security.ssl.SSLSocketInputRecord.bytesInCompletePacket(SSLSocketInputRecord.java:70) ~[na:na]
	at java.base/sun.security.ssl.SSLSocketImpl.readApplicationRecord(SSLSocketImpl.java:1461) ~[na:na]
	at java.base/sun.security.ssl.SSLSocketImpl$AppInputStream.read(SSLSocketImpl.java:1065) ~[na:na]
	at com.mongodb.internal.connection.SocketStream.read(SocketStream.java:182) ~[mongodb-driver-core-5.2.1.jar:na]
	at com.mongodb.internal.connection.InternalStreamConnection.receiveResponseBuffers(InternalStreamConnection.java:829) ~[mongodb-driver-core-5.2.1.jar:na]
	... 4 common frames omitted

2026-05-25T02:02:14.592+01:00  INFO 28700 --- [MatchService] [ngodb.net:27017] org.mongodb.driver.cluster               : Exception in monitor thread while connecting to server ac-khxyvkv-shard-00-00.ltylxsp.mongodb.net:27017

com.mongodb.MongoSocketReadException: Exception receiving message
	at com.mongodb.internal.connection.InternalStreamConnection.translateReadException(InternalStreamConnection.java:814) ~[mongodb-driver-core-5.2.1.jar:na]
	at com.mongodb.internal.connection.InternalStreamConnection.receiveResponseBuffers(InternalStreamConnection.java:862) ~[mongodb-driver-core-5.2.1.jar:na]
	at com.mongodb.internal.connection.InternalStreamConnection.receiveCommandMessageResponse(InternalStreamConnection.java:517) ~[mongodb-driver-core-5.2.1.jar:na]
	at com.mongodb.internal.connection.InternalStreamConnection.receive(InternalStreamConnection.java:469) ~[mongodb-driver-core-5.2.1.jar:na]
	at com.mongodb.internal.connection.DefaultServerMonitor$ServerMonitor.lookupServerDescription(DefaultServerMonitor.java:249) ~[mongodb-driver-core-5.2.1.jar:na]
	at com.mongodb.internal.connection.DefaultServerMonitor$ServerMonitor.run(DefaultServerMonitor.java:176) ~[mongodb-driver-core-5.2.1.jar:na]
Caused by: java.net.SocketException: Connection reset
	at java.base/sun.nio.ch.NioSocketImpl.implRead(NioSocketImpl.java:328) ~[na:na]
	at java.base/sun.nio.ch.NioSocketImpl.read(NioSocketImpl.java:355) ~[na:na]
	at java.base/sun.nio.ch.NioSocketImpl$1.read(NioSocketImpl.java:808) ~[na:na]
	at java.base/java.net.Socket$SocketInputStream.read(Socket.java:966) ~[na:na]
	at java.base/sun.security.ssl.SSLSocketInputRecord.read(SSLSocketInputRecord.java:484) ~[na:na]
	at java.base/sun.security.ssl.SSLSocketInputRecord.readHeader(SSLSocketInputRecord.java:478) ~[na:na]
	at java.base/sun.security.ssl.SSLSocketInputRecord.bytesInCompletePacket(SSLSocketInputRecord.java:70) ~[na:na]
	at java.base/sun.security.ssl.SSLSocketImpl.readApplicationRecord(SSLSocketImpl.java:1461) ~[na:na]
	at java.base/sun.security.ssl.SSLSocketImpl$AppInputStream.read(SSLSocketImpl.java:1065) ~[na:na]
	at com.mongodb.internal.connection.SocketStream.read(SocketStream.java:182) ~[mongodb-driver-core-5.2.1.jar:na]
	at com.mongodb.internal.connection.InternalStreamConnection.receiveResponseBuffers(InternalStreamConnection.java:829) ~[mongodb-driver-core-5.2.1.jar:na]
	... 4 common frames omitted

2026-05-25T02:02:15.431+01:00  INFO 28700 --- [MatchService] [ngodb.net:27017] org.mongodb.driver.cluster               : Exception in monitor thread while connecting to server ac-khxyvkv-shard-00-01.ltylxsp.mongodb.net:27017

com.mongodb.MongoSocketException: Hôte inconnu (ac-khxyvkv-shard-00-01.ltylxsp.mongodb.net)
	at com.mongodb.internal.connection.ServerAddressHelper.getSocketAddresses(ServerAddressHelper.java:75) ~[mongodb-driver-core-5.2.1.jar:na]
	at com.mongodb.internal.connection.SocketStream.initializeSocket(SocketStream.java:100) ~[mongodb-driver-core-5.2.1.jar:na]
	at com.mongodb.internal.connection.SocketStream.open(SocketStream.java:79) ~[mongodb-driver-core-5.2.1.jar:na]
	at com.mongodb.internal.connection.InternalStreamConnection.open(InternalStreamConnection.java:233) ~[mongodb-driver-core-5.2.1.jar:na]
	at com.mongodb.internal.connection.DefaultServerMonitor$ServerMonitor.lookupServerDescription(DefaultServerMonitor.java:219) ~[mongodb-driver-core-5.2.1.jar:na]
	at com.mongodb.internal.connection.DefaultServerMonitor$ServerMonitor.run(DefaultServerMonitor.java:176) ~[mongodb-driver-core-5.2.1.jar:na]
Caused by: java.net.UnknownHostException: Hôte inconnu (ac-khxyvkv-shard-00-01.ltylxsp.mongodb.net)
	at java.base/java.net.Inet6AddressImpl.lookupAllHostAddr(Native Method) ~[na:na]
	at java.base/java.net.InetAddress$PlatformNameService.lookupAllHostAddr(InetAddress.java:933) ~[na:na]
	at java.base/java.net.InetAddress.getAddressesFromNameService(InetAddress.java:1543) ~[na:na]
	at java.base/java.net.InetAddress$NameServiceAddresses.get(InetAddress.java:852) ~[na:na]
	at java.base/java.net.InetAddress.getAllByName0(InetAddress.java:1532) ~[na:na]
	at java.base/java.net.InetAddress.getAllByName(InetAddress.java:1384) ~[na:na]
	at java.base/java.net.InetAddress.getAllByName(InetAddress.java:1305) ~[na:na]
	at com.mongodb.internal.connection.DefaultInetAddressResolver.lookupByName(DefaultInetAddressResolver.java:34) ~[mongodb-driver-core-5.2.1.jar:na]
	at com.mongodb.internal.connection.ServerAddressHelper.getSocketAddresses(ServerAddressHelper.java:71) ~[mongodb-driver-core-5.2.1.jar:na]
	... 5 common frames omitted

2026-05-25T02:02:15.431+01:00  INFO 28700 --- [MatchService] [ngodb.net:27017] org.mongodb.driver.cluster               : Exception in monitor thread while connecting to server ac-khxyvkv-shard-00-02.ltylxsp.mongodb.net:27017

com.mongodb.MongoSocketException: Hôte inconnu (ac-khxyvkv-shard-00-02.ltylxsp.mongodb.net)
	at com.mongodb.internal.connection.ServerAddressHelper.getSocketAddresses(ServerAddressHelper.java:75) ~[mongodb-driver-core-5.2.1.jar:na]
	at com.mongodb.internal.connection.SocketStream.initializeSocket(SocketStream.java:100) ~[mongodb-driver-core-5.2.1.jar:na]
	at com.mongodb.internal.connection.SocketStream.open(SocketStream.java:79) ~[mongodb-driver-core-5.2.1.jar:na]
	at com.mongodb.internal.connection.InternalStreamConnection.open(InternalStreamConnection.java:233) ~[mongodb-driver-core-5.2.1.jar:na]
	at com.mongodb.internal.connection.DefaultServerMonitor$ServerMonitor.lookupServerDescription(DefaultServerMonitor.java:219) ~[mongodb-driver-core-5.2.1.jar:na]
	at com.mongodb.internal.connection.DefaultServerMonitor$ServerMonitor.run(DefaultServerMonitor.java:176) ~[mongodb-driver-core-5.2.1.jar:na]
Caused by: java.net.UnknownHostException: Hôte inconnu (ac-khxyvkv-shard-00-02.ltylxsp.mongodb.net)
	at java.base/java.net.Inet6AddressImpl.lookupAllHostAddr(Native Method) ~[na:na]
	at java.base/java.net.InetAddress$PlatformNameService.lookupAllHostAddr(InetAddress.java:933) ~[na:na]
	at java.base/java.net.InetAddress.getAddressesFromNameService(InetAddress.java:1543) ~[na:na]
	at java.base/java.net.InetAddress$NameServiceAddresses.get(InetAddress.java:852) ~[na:na]
	at java.base/java.net.InetAddress.getAllByName0(InetAddress.java:1532) ~[na:na]
	at java.base/java.net.InetAddress.getAllByName(InetAddress.java:1384) ~[na:na]
	at java.base/java.net.InetAddress.getAllByName(InetAddress.java:1305) ~[na:na]
	at com.mongodb.internal.connection.DefaultInetAddressResolver.lookupByName(DefaultInetAddressResolver.java:34) ~[mongodb-driver-core-5.2.1.jar:na]
	at com.mongodb.internal.connection.ServerAddressHelper.getSocketAddresses(ServerAddressHelper.java:71) ~[mongodb-driver-core-5.2.1.jar:na]
	... 5 common frames omitted

2026-05-25T02:02:15.430+01:00  INFO 28700 --- [MatchService] [ngodb.net:27017] org.mongodb.driver.cluster               : Exception in monitor thread while connecting to server ac-khxyvkv-shard-00-00.ltylxsp.mongodb.net:27017

com.mongodb.MongoSocketException: Hôte inconnu (ac-khxyvkv-shard-00-00.ltylxsp.mongodb.net)
	at com.mongodb.internal.connection.ServerAddressHelper.getSocketAddresses(ServerAddressHelper.java:75) ~[mongodb-driver-core-5.2.1.jar:na]
	at com.mongodb.internal.connection.SocketStream.initializeSocket(SocketStream.java:100) ~[mongodb-driver-core-5.2.1.jar:na]
	at com.mongodb.internal.connection.SocketStream.open(SocketStream.java:79) ~[mongodb-driver-core-5.2.1.jar:na]
	at com.mongodb.internal.connection.InternalStreamConnection.open(InternalStreamConnection.java:233) ~[mongodb-driver-core-5.2.1.jar:na]
	at com.mongodb.internal.connection.DefaultServerMonitor$ServerMonitor.lookupServerDescription(DefaultServerMonitor.java:219) ~[mongodb-driver-core-5.2.1.jar:na]
	at com.mongodb.internal.connection.DefaultServerMonitor$ServerMonitor.run(DefaultServerMonitor.java:176) ~[mongodb-driver-core-5.2.1.jar:na]
Caused by: java.net.UnknownHostException: Hôte inconnu (ac-khxyvkv-shard-00-00.ltylxsp.mongodb.net)
	at java.base/java.net.Inet6AddressImpl.lookupAllHostAddr(Native Method) ~[na:na]
	at java.base/java.net.InetAddress$PlatformNameService.lookupAllHostAddr(InetAddress.java:933) ~[na:na]
	at java.base/java.net.InetAddress.getAddressesFromNameService(InetAddress.java:1543) ~[na:na]
	at java.base/java.net.InetAddress$NameServiceAddresses.get(InetAddress.java:852) ~[na:na]
	at java.base/java.net.InetAddress.getAllByName0(InetAddress.java:1532) ~[na:na]
	at java.base/java.net.InetAddress.getAllByName(InetAddress.java:1384) ~[na:na]
	at java.base/java.net.InetAddress.getAllByName(InetAddress.java:1305) ~[na:na]
	at com.mongodb.internal.connection.DefaultInetAddressResolver.lookupByName(DefaultInetAddressResolver.java:34) ~[mongodb-driver-core-5.2.1.jar:na]
	at com.mongodb.internal.connection.ServerAddressHelper.getSocketAddresses(ServerAddressHelper.java:71) ~[mongodb-driver-core-5.2.1.jar:na]
	... 5 common frames omitted

2026-05-25T02:02:26.718+01:00  INFO 28700 --- [MatchService] [ngodb.net:27017] org.mongodb.driver.cluster               : Exception in monitor thread while connecting to server ac-khxyvkv-shard-00-01.ltylxsp.mongodb.net:27017

com.mongodb.MongoSocketException: ac-khxyvkv-shard-00-01.ltylxsp.mongodb.net
	at com.mongodb.internal.connection.ServerAddressHelper.getSocketAddresses(ServerAddressHelper.java:75) ~[mongodb-driver-core-5.2.1.jar:na]
	at com.mongodb.internal.connection.SocketStream.initializeSocket(SocketStream.java:100) ~[mongodb-driver-core-5.2.1.jar:na]
	at com.mongodb.internal.connection.SocketStream.open(SocketStream.java:79) ~[mongodb-driver-core-5.2.1.jar:na]
	at com.mongodb.internal.connection.InternalStreamConnection.open(InternalStreamConnection.java:233) ~[mongodb-driver-core-5.2.1.jar:na]
	at com.mongodb.internal.connection.DefaultServerMonitor$ServerMonitor.lookupServerDescription(DefaultServerMonitor.java:219) ~[mongodb-driver-core-5.2.1.jar:na]
	at com.mongodb.internal.connection.DefaultServerMonitor$ServerMonitor.run(DefaultServerMonitor.java:176) ~[mongodb-driver-core-5.2.1.jar:na]
Caused by: java.net.UnknownHostException: ac-khxyvkv-shard-00-01.ltylxsp.mongodb.net
	at java.base/java.net.InetAddress$CachedAddresses.get(InetAddress.java:801) ~[na:na]
	at java.base/java.net.InetAddress.getAllByName0(InetAddress.java:1532) ~[na:na]
	at java.base/java.net.InetAddress.getAllByName(InetAddress.java:1384) ~[na:na]
	at java.base/java.net.InetAddress.getAllByName(InetAddress.java:1305) ~[na:na]
	at com.mongodb.internal.connection.DefaultInetAddressResolver.lookupByName(DefaultInetAddressResolver.java:34) ~[mongodb-driver-core-5.2.1.jar:na]
	at com.mongodb.internal.connection.ServerAddressHelper.getSocketAddresses(ServerAddressHelper.java:71) ~[mongodb-driver-core-5.2.1.jar:na]
	... 5 common frames omitted

2026-05-25T02:02:38.193+01:00  INFO 28700 --- [MatchService] [ngodb.net:27017] org.mongodb.driver.cluster               : Monitor thread successfully connected to server with description ServerDescription{address=ac-khxyvkv-shard-00-01.ltylxsp.mongodb.net:27017, type=REPLICA_SET_PRIMARY, cryptd=false, state=CONNECTED, ok=true, minWireVersion=0, maxWireVersion=25, maxDocumentSize=16777216, logicalSessionTimeoutMinutes=30, roundTripTimeNanos=358314500, minRoundTripTimeNanos=0, setName='atlas-6x6yvm-shard-0', canonicalAddress=ac-khxyvkv-shard-00-01.ltylxsp.mongodb.net:27017, hosts=[ac-khxyvkv-shard-00-00.ltylxsp.mongodb.net:27017, ac-khxyvkv-shard-00-01.ltylxsp.mongodb.net:27017, ac-khxyvkv-shard-00-02.ltylxsp.mongodb.net:27017], passives=[], arbiters=[], primary='ac-khxyvkv-shard-00-01.ltylxsp.mongodb.net:27017', tagSet=TagSet{[Tag{name='availabilityZone', value='euw3-az2'}, Tag{name='cacheState', value='READY'}, Tag{name='diskState', value='READY'}, Tag{name='nodeType', value='ELECTABLE'}, Tag{name='provider', value='AWS'}, Tag{name='region', value='EU_WEST_3'}, Tag{name='workloadType', value='OPERATIONAL'}]}, electionId=7fffffff000000000000006b, setVersion=36, topologyVersion=TopologyVersion{processId=6a10ad2db025c004c20c2eaf, counter=6}, lastWriteDate=Mon May 25 02:02:37 WAT 2026, lastUpdateTimeNanos=748699947822600}
2026-05-25T02:02:38.193+01:00  INFO 28700 --- [MatchService] [ngodb.net:27017] org.mongodb.driver.cluster               : Monitor thread successfully connected to server with description ServerDescription{address=ac-khxyvkv-shard-00-02.ltylxsp.mongodb.net:27017, type=REPLICA_SET_SECONDARY, cryptd=false, state=CONNECTED, ok=true, minWireVersion=0, maxWireVersion=25, maxDocumentSize=16777216, logicalSessionTimeoutMinutes=30, roundTripTimeNanos=355043000, minRoundTripTimeNanos=0, setName='atlas-6x6yvm-shard-0', canonicalAddress=ac-khxyvkv-shard-00-02.ltylxsp.mongodb.net:27017, hosts=[ac-khxyvkv-shard-00-00.ltylxsp.mongodb.net:27017, ac-khxyvkv-shard-00-01.ltylxsp.mongodb.net:27017, ac-khxyvkv-shard-00-02.ltylxsp.mongodb.net:27017], passives=[], arbiters=[], primary='ac-khxyvkv-shard-00-01.ltylxsp.mongodb.net:27017', tagSet=TagSet{[Tag{name='availabilityZone', value='euw3-az3'}, Tag{name='cacheState', value='READY'}, Tag{name='diskState', value='READY'}, Tag{name='nodeType', value='ELECTABLE'}, Tag{name='provider', value='AWS'}, Tag{name='region', value='EU_WEST_3'}, Tag{name='workloadType', value='OPERATIONAL'}]}, electionId=null, setVersion=36, topologyVersion=TopologyVersion{processId=6a10afacc3c0145a7299563d, counter=3}, lastWriteDate=Mon May 25 02:02:37 WAT 2026, lastUpdateTimeNanos=748699944535600}
2026-05-25T02:02:38.193+01:00  INFO 28700 --- [MatchService] [ngodb.net:27017] org.mongodb.driver.cluster               : Monitor thread successfully connected to server with description ServerDescription{address=ac-khxyvkv-shard-00-00.ltylxsp.mongodb.net:27017, type=REPLICA_SET_SECONDARY, cryptd=false, state=CONNECTED, ok=true, minWireVersion=0, maxWireVersion=25, maxDocumentSize=16777216, logicalSessionTimeoutMinutes=30, roundTripTimeNanos=352620500, minRoundTripTimeNanos=0, setName='atlas-6x6yvm-shard-0', canonicalAddress=ac-khxyvkv-shard-00-00.ltylxsp.mongodb.net:27017, hosts=[ac-khxyvkv-shard-00-00.ltylxsp.mongodb.net:27017, ac-khxyvkv-shard-00-01.ltylxsp.mongodb.net:27017, ac-khxyvkv-shard-00-02.ltylxsp.mongodb.net:27017], passives=[], arbiters=[], primary='ac-khxyvkv-shard-00-01.ltylxsp.mongodb.net:27017', tagSet=TagSet{[Tag{name='availabilityZone', value='euw3-az1'}, Tag{name='cacheState', value='READY'}, Tag{name='diskState', value='READY'}, Tag{name='nodeType', value='ELECTABLE'}, Tag{name='provider', value='AWS'}, Tag{name='region', value='EU_WEST_3'}, Tag{name='workloadType', value='OPERATIONAL'}]}, electionId=null, setVersion=36, topologyVersion=TopologyVersion{processId=6a10aaf2adb9cf8404387343, counter=4}, lastWriteDate=Mon May 25 02:02:37 WAT 2026, lastUpdateTimeNanos=748699942274000}
2026-05-25T02:02:38.206+01:00  INFO 28700 --- [MatchService] [ngodb.net:27017] org.mongodb.driver.cluster               : Discovered replica set primary ac-khxyvkv-shard-00-01.ltylxsp.mongodb.net:27017 with max election id 7fffffff000000000000006b and max set version 36
2026-05-25T03:37:22.894+01:00  INFO 28700 --- [MatchService] [ngodb.net:27017] org.mongodb.driver.cluster               : Exception in monitor thread while connecting to server ac-khxyvkv-shard-00-01.ltylxsp.mongodb.net:27017

com.mongodb.MongoSocketReadException: Exception receiving message
	at com.mongodb.internal.connection.InternalStreamConnection.translateReadException(InternalStreamConnection.java:814) ~[mongodb-driver-core-5.2.1.jar:na]
	at com.mongodb.internal.connection.InternalStreamConnection.receiveResponseBuffers(InternalStreamConnection.java:862) ~[mongodb-driver-core-5.2.1.jar:na]
	at com.mongodb.internal.connection.InternalStreamConnection.receiveCommandMessageResponse(InternalStreamConnection.java:517) ~[mongodb-driver-core-5.2.1.jar:na]
	at com.mongodb.internal.connection.InternalStreamConnection.receive(InternalStreamConnection.java:469) ~[mongodb-driver-core-5.2.1.jar:na]
	at com.mongodb.internal.connection.DefaultServerMonitor$ServerMonitor.lookupServerDescription(DefaultServerMonitor.java:249) ~[mongodb-driver-core-5.2.1.jar:na]
	at com.mongodb.internal.connection.DefaultServerMonitor$ServerMonitor.run(DefaultServerMonitor.java:176) ~[mongodb-driver-core-5.2.1.jar:na]
Caused by: java.net.SocketException: Connection reset
	at java.base/sun.nio.ch.NioSocketImpl.implRead(NioSocketImpl.java:328) ~[na:na]
	at java.base/sun.nio.ch.NioSocketImpl.read(NioSocketImpl.java:355) ~[na:na]
	at java.base/sun.nio.ch.NioSocketImpl$1.read(NioSocketImpl.java:808) ~[na:na]
	at java.base/java.net.Socket$SocketInputStream.read(Socket.java:966) ~[na:na]
	at java.base/sun.security.ssl.SSLSocketInputRecord.read(SSLSocketInputRecord.java:484) ~[na:na]
	at java.base/sun.security.ssl.SSLSocketInputRecord.readHeader(SSLSocketInputRecord.java:478) ~[na:na]
	at java.base/sun.security.ssl.SSLSocketInputRecord.bytesInCompletePacket(SSLSocketInputRecord.java:70) ~[na:na]
	at java.base/sun.security.ssl.SSLSocketImpl.readApplicationRecord(SSLSocketImpl.java:1461) ~[na:na]
	at java.base/sun.security.ssl.SSLSocketImpl$AppInputStream.read(SSLSocketImpl.java:1065) ~[na:na]
	at com.mongodb.internal.connection.SocketStream.read(SocketStream.java:182) ~[mongodb-driver-core-5.2.1.jar:na]
	at com.mongodb.internal.connection.InternalStreamConnection.receiveResponseBuffers(InternalStreamConnection.java:829) ~[mongodb-driver-core-5.2.1.jar:na]
	... 4 common frames omitted

2026-05-25T03:37:22.895+01:00  INFO 28700 --- [MatchService] [ngodb.net:27017] org.mongodb.driver.cluster               : Exception in monitor thread while connecting to server ac-khxyvkv-shard-00-00.ltylxsp.mongodb.net:27017

com.mongodb.MongoSocketReadException: Exception receiving message
	at com.mongodb.internal.connection.InternalStreamConnection.translateReadException(InternalStreamConnection.java:814) ~[mongodb-driver-core-5.2.1.jar:na]
	at com.mongodb.internal.connection.InternalStreamConnection.receiveResponseBuffers(InternalStreamConnection.java:862) ~[mongodb-driver-core-5.2.1.jar:na]
	at com.mongodb.internal.connection.InternalStreamConnection.receiveCommandMessageResponse(InternalStreamConnection.java:517) ~[mongodb-driver-core-5.2.1.jar:na]
	at com.mongodb.internal.connection.InternalStreamConnection.receive(InternalStreamConnection.java:469) ~[mongodb-driver-core-5.2.1.jar:na]
	at com.mongodb.internal.connection.DefaultServerMonitor$ServerMonitor.lookupServerDescription(DefaultServerMonitor.java:249) ~[mongodb-driver-core-5.2.1.jar:na]
	at com.mongodb.internal.connection.DefaultServerMonitor$ServerMonitor.run(DefaultServerMonitor.java:176) ~[mongodb-driver-core-5.2.1.jar:na]
Caused by: java.net.SocketException: Connection reset
	at java.base/sun.nio.ch.NioSocketImpl.implRead(NioSocketImpl.java:328) ~[na:na]
	at java.base/sun.nio.ch.NioSocketImpl.read(NioSocketImpl.java:355) ~[na:na]
	at java.base/sun.nio.ch.NioSocketImpl$1.read(NioSocketImpl.java:808) ~[na:na]
	at java.base/java.net.Socket$SocketInputStream.read(Socket.java:966) ~[na:na]
	at java.base/sun.security.ssl.SSLSocketInputRecord.read(SSLSocketInputRecord.java:484) ~[na:na]
	at java.base/sun.security.ssl.SSLSocketInputRecord.readHeader(SSLSocketInputRecord.java:478) ~[na:na]
	at java.base/sun.security.ssl.SSLSocketInputRecord.bytesInCompletePacket(SSLSocketInputRecord.java:70) ~[na:na]
	at java.base/sun.security.ssl.SSLSocketImpl.readApplicationRecord(SSLSocketImpl.java:1461) ~[na:na]
	at java.base/sun.security.ssl.SSLSocketImpl$AppInputStream.read(SSLSocketImpl.java:1065) ~[na:na]
	at com.mongodb.internal.connection.SocketStream.read(SocketStream.java:182) ~[mongodb-driver-core-5.2.1.jar:na]
	at com.mongodb.internal.connection.InternalStreamConnection.receiveResponseBuffers(InternalStreamConnection.java:829) ~[mongodb-driver-core-5.2.1.jar:na]
	... 4 common frames omitted

2026-05-25T03:37:22.911+01:00  INFO 28700 --- [MatchService] [ngodb.net:27017] org.mongodb.driver.cluster               : Exception in monitor thread while connecting to server ac-khxyvkv-shard-00-02.ltylxsp.mongodb.net:27017

com.mongodb.MongoSocketReadException: Exception receiving message
	at com.mongodb.internal.connection.InternalStreamConnection.translateReadException(InternalStreamConnection.java:814) ~[mongodb-driver-core-5.2.1.jar:na]
	at com.mongodb.internal.connection.InternalStreamConnection.receiveResponseBuffers(InternalStreamConnection.java:862) ~[mongodb-driver-core-5.2.1.jar:na]
	at com.mongodb.internal.connection.InternalStreamConnection.receiveCommandMessageResponse(InternalStreamConnection.java:517) ~[mongodb-driver-core-5.2.1.jar:na]
	at com.mongodb.internal.connection.InternalStreamConnection.receive(InternalStreamConnection.java:469) ~[mongodb-driver-core-5.2.1.jar:na]
	at com.mongodb.internal.connection.DefaultServerMonitor$ServerMonitor.lookupServerDescription(DefaultServerMonitor.java:249) ~[mongodb-driver-core-5.2.1.jar:na]
	at com.mongodb.internal.connection.DefaultServerMonitor$ServerMonitor.run(DefaultServerMonitor.java:176) ~[mongodb-driver-core-5.2.1.jar:na]
Caused by: java.net.SocketException: Connection reset
	at java.base/sun.nio.ch.NioSocketImpl.implRead(NioSocketImpl.java:328) ~[na:na]
	at java.base/sun.nio.ch.NioSocketImpl.read(NioSocketImpl.java:355) ~[na:na]
	at java.base/sun.nio.ch.NioSocketImpl$1.read(NioSocketImpl.java:808) ~[na:na]
	at java.base/java.net.Socket$SocketInputStream.read(Socket.java:966) ~[na:na]
	at java.base/sun.security.ssl.SSLSocketInputRecord.read(SSLSocketInputRecord.java:484) ~[na:na]
	at java.base/sun.security.ssl.SSLSocketInputRecord.readHeader(SSLSocketInputRecord.java:478) ~[na:na]
	at java.base/sun.security.ssl.SSLSocketInputRecord.bytesInCompletePacket(SSLSocketInputRecord.java:70) ~[na:na]
	at java.base/sun.security.ssl.SSLSocketImpl.readApplicationRecord(SSLSocketImpl.java:1461) ~[na:na]
	at java.base/sun.security.ssl.SSLSocketImpl$AppInputStream.read(SSLSocketImpl.java:1065) ~[na:na]
	at com.mongodb.internal.connection.SocketStream.read(SocketStream.java:182) ~[mongodb-driver-core-5.2.1.jar:na]
	at com.mongodb.internal.connection.InternalStreamConnection.receiveResponseBuffers(InternalStreamConnection.java:829) ~[mongodb-driver-core-5.2.1.jar:na]
	... 4 common frames omitted

2026-05-25T03:37:24.305+01:00  INFO 28700 --- [MatchService] [ngodb.net:27017] org.mongodb.driver.cluster               : Monitor thread successfully connected to server with description ServerDescription{address=ac-khxyvkv-shard-00-02.ltylxsp.mongodb.net:27017, type=REPLICA_SET_SECONDARY, cryptd=false, state=CONNECTED, ok=true, minWireVersion=0, maxWireVersion=25, maxDocumentSize=16777216, logicalSessionTimeoutMinutes=30, roundTripTimeNanos=393649200, minRoundTripTimeNanos=0, setName='atlas-6x6yvm-shard-0', canonicalAddress=ac-khxyvkv-shard-00-02.ltylxsp.mongodb.net:27017, hosts=[ac-khxyvkv-shard-00-00.ltylxsp.mongodb.net:27017, ac-khxyvkv-shard-00-01.ltylxsp.mongodb.net:27017, ac-khxyvkv-shard-00-02.ltylxsp.mongodb.net:27017], passives=[], arbiters=[], primary='ac-khxyvkv-shard-00-01.ltylxsp.mongodb.net:27017', tagSet=TagSet{[Tag{name='availabilityZone', value='euw3-az3'}, Tag{name='cacheState', value='READY'}, Tag{name='diskState', value='READY'}, Tag{name='nodeType', value='ELECTABLE'}, Tag{name='provider', value='AWS'}, Tag{name='region', value='EU_WEST_3'}, Tag{name='workloadType', value='OPERATIONAL'}]}, electionId=null, setVersion=36, topologyVersion=TopologyVersion{processId=6a10afacc3c0145a7299563d, counter=3}, lastWriteDate=Mon May 25 03:37:23 WAT 2026, lastUpdateTimeNanos=754386387618000}
2026-05-25T03:37:24.322+01:00  INFO 28700 --- [MatchService] [ngodb.net:27017] org.mongodb.driver.cluster               : Monitor thread successfully connected to server with description ServerDescription{address=ac-khxyvkv-shard-00-00.ltylxsp.mongodb.net:27017, type=REPLICA_SET_SECONDARY, cryptd=false, state=CONNECTED, ok=true, minWireVersion=0, maxWireVersion=25, maxDocumentSize=16777216, logicalSessionTimeoutMinutes=30, roundTripTimeNanos=420560700, minRoundTripTimeNanos=0, setName='atlas-6x6yvm-shard-0', canonicalAddress=ac-khxyvkv-shard-00-00.ltylxsp.mongodb.net:27017, hosts=[ac-khxyvkv-shard-00-00.ltylxsp.mongodb.net:27017, ac-khxyvkv-shard-00-01.ltylxsp.mongodb.net:27017, ac-khxyvkv-shard-00-02.ltylxsp.mongodb.net:27017], passives=[], arbiters=[], primary='ac-khxyvkv-shard-00-01.ltylxsp.mongodb.net:27017', tagSet=TagSet{[Tag{name='availabilityZone', value='euw3-az1'}, Tag{name='cacheState', value='READY'}, Tag{name='diskState', value='READY'}, Tag{name='nodeType', value='ELECTABLE'}, Tag{name='provider', value='AWS'}, Tag{name='region', value='EU_WEST_3'}, Tag{name='workloadType', value='OPERATIONAL'}]}, electionId=null, setVersion=36, topologyVersion=TopologyVersion{processId=6a10aaf2adb9cf8404387343, counter=4}, lastWriteDate=Mon May 25 03:37:23 WAT 2026, lastUpdateTimeNanos=754386415244200}
2026-05-25T03:37:24.722+01:00  INFO 28700 --- [MatchService] [ngodb.net:27017] org.mongodb.driver.cluster               : Monitor thread successfully connected to server with description ServerDescription{address=ac-khxyvkv-shard-00-01.ltylxsp.mongodb.net:27017, type=REPLICA_SET_PRIMARY, cryptd=false, state=CONNECTED, ok=true, minWireVersion=0, maxWireVersion=25, maxDocumentSize=16777216, logicalSessionTimeoutMinutes=30, roundTripTimeNanos=150053800, minRoundTripTimeNanos=0, setName='atlas-6x6yvm-shard-0', canonicalAddress=ac-khxyvkv-shard-00-01.ltylxsp.mongodb.net:27017, hosts=[ac-khxyvkv-shard-00-00.ltylxsp.mongodb.net:27017, ac-khxyvkv-shard-00-01.ltylxsp.mongodb.net:27017, ac-khxyvkv-shard-00-02.ltylxsp.mongodb.net:27017], passives=[], arbiters=[], primary='ac-khxyvkv-shard-00-01.ltylxsp.mongodb.net:27017', tagSet=TagSet{[Tag{name='availabilityZone', value='euw3-az2'}, Tag{name='cacheState', value='READY'}, Tag{name='diskState', value='READY'}, Tag{name='nodeType', value='ELECTABLE'}, Tag{name='provider', value='AWS'}, Tag{name='region', value='EU_WEST_3'}, Tag{name='workloadType', value='OPERATIONAL'}]}, electionId=7fffffff000000000000006b, setVersion=36, topologyVersion=TopologyVersion{processId=6a10ad2db025c004c20c2eaf, counter=6}, lastWriteDate=Mon May 25 03:37:24 WAT 2026, lastUpdateTimeNanos=754386816009500}
2026-05-25T03:37:24.745+01:00  INFO 28700 --- [MatchService] [ngodb.net:27017] org.mongodb.driver.cluster               : Discovered replica set primary ac-khxyvkv-shard-00-01.ltylxsp.mongodb.net:27017 with max election id 7fffffff000000000000006b and max set version 36
2026-05-27T18:12:39.648+01:00  INFO 28700 --- [MatchService] [ngodb.net:27017] org.mongodb.driver.cluster               : Exception in monitor thread while connecting to server ac-khxyvkv-shard-00-01.ltylxsp.mongodb.net:27017

com.mongodb.MongoSocketReadException: Exception receiving message
	at com.mongodb.internal.connection.InternalStreamConnection.translateReadException(InternalStreamConnection.java:814) ~[mongodb-driver-core-5.2.1.jar:na]
	at com.mongodb.internal.connection.InternalStreamConnection.receiveResponseBuffers(InternalStreamConnection.java:862) ~[mongodb-driver-core-5.2.1.jar:na]
	at com.mongodb.internal.connection.InternalStreamConnection.receiveCommandMessageResponse(InternalStreamConnection.java:517) ~[mongodb-driver-core-5.2.1.jar:na]
	at com.mongodb.internal.connection.InternalStreamConnection.receive(InternalStreamConnection.java:469) ~[mongodb-driver-core-5.2.1.jar:na]
	at com.mongodb.internal.connection.DefaultServerMonitor$ServerMonitor.lookupServerDescription(DefaultServerMonitor.java:249) ~[mongodb-driver-core-5.2.1.jar:na]
	at com.mongodb.internal.connection.DefaultServerMonitor$ServerMonitor.run(DefaultServerMonitor.java:176) ~[mongodb-driver-core-5.2.1.jar:na]
Caused by: java.net.SocketException: Connection reset
	at java.base/sun.nio.ch.NioSocketImpl.implRead(NioSocketImpl.java:328) ~[na:na]
	at java.base/sun.nio.ch.NioSocketImpl.read(NioSocketImpl.java:355) ~[na:na]
	at java.base/sun.nio.ch.NioSocketImpl$1.read(NioSocketImpl.java:808) ~[na:na]
	at java.base/java.net.Socket$SocketInputStream.read(Socket.java:966) ~[na:na]
	at java.base/sun.security.ssl.SSLSocketInputRecord.read(SSLSocketInputRecord.java:484) ~[na:na]
	at java.base/sun.security.ssl.SSLSocketInputRecord.readHeader(SSLSocketInputRecord.java:478) ~[na:na]
	at java.base/sun.security.ssl.SSLSocketInputRecord.bytesInCompletePacket(SSLSocketInputRecord.java:70) ~[na:na]
	at java.base/sun.security.ssl.SSLSocketImpl.readApplicationRecord(SSLSocketImpl.java:1461) ~[na:na]
	at java.base/sun.security.ssl.SSLSocketImpl$AppInputStream.read(SSLSocketImpl.java:1065) ~[na:na]
	at com.mongodb.internal.connection.SocketStream.read(SocketStream.java:182) ~[mongodb-driver-core-5.2.1.jar:na]
	at com.mongodb.internal.connection.InternalStreamConnection.receiveResponseBuffers(InternalStreamConnection.java:829) ~[mongodb-driver-core-5.2.1.jar:na]
	... 4 common frames omitted

2026-05-27T18:12:39.843+01:00  INFO 28700 --- [MatchService] [ngodb.net:27017] org.mongodb.driver.cluster               : Exception in monitor thread while connecting to server ac-khxyvkv-shard-00-02.ltylxsp.mongodb.net:27017

com.mongodb.MongoSocketReadException: Exception receiving message
	at com.mongodb.internal.connection.InternalStreamConnection.translateReadException(InternalStreamConnection.java:814) ~[mongodb-driver-core-5.2.1.jar:na]
	at com.mongodb.internal.connection.InternalStreamConnection.receiveResponseBuffers(InternalStreamConnection.java:862) ~[mongodb-driver-core-5.2.1.jar:na]
	at com.mongodb.internal.connection.InternalStreamConnection.receiveCommandMessageResponse(InternalStreamConnection.java:517) ~[mongodb-driver-core-5.2.1.jar:na]
	at com.mongodb.internal.connection.InternalStreamConnection.receive(InternalStreamConnection.java:469) ~[mongodb-driver-core-5.2.1.jar:na]
	at com.mongodb.internal.connection.DefaultServerMonitor$ServerMonitor.lookupServerDescription(DefaultServerMonitor.java:249) ~[mongodb-driver-core-5.2.1.jar:na]
	at com.mongodb.internal.connection.DefaultServerMonitor$ServerMonitor.run(DefaultServerMonitor.java:176) ~[mongodb-driver-core-5.2.1.jar:na]
Caused by: java.net.SocketException: Connection reset
	at java.base/sun.nio.ch.NioSocketImpl.implRead(NioSocketImpl.java:328) ~[na:na]
	at java.base/sun.nio.ch.NioSocketImpl.read(NioSocketImpl.java:355) ~[na:na]
	at java.base/sun.nio.ch.NioSocketImpl$1.read(NioSocketImpl.java:808) ~[na:na]
	at java.base/java.net.Socket$SocketInputStream.read(Socket.java:966) ~[na:na]
	at java.base/sun.security.ssl.SSLSocketInputRecord.read(SSLSocketInputRecord.java:484) ~[na:na]
	at java.base/sun.security.ssl.SSLSocketInputRecord.readHeader(SSLSocketInputRecord.java:478) ~[na:na]
	at java.base/sun.security.ssl.SSLSocketInputRecord.bytesInCompletePacket(SSLSocketInputRecord.java:70) ~[na:na]
	at java.base/sun.security.ssl.SSLSocketImpl.readApplicationRecord(SSLSocketImpl.java:1461) ~[na:na]
	at java.base/sun.security.ssl.SSLSocketImpl$AppInputStream.read(SSLSocketImpl.java:1065) ~[na:na]
	at com.mongodb.internal.connection.SocketStream.read(SocketStream.java:182) ~[mongodb-driver-core-5.2.1.jar:na]
	at com.mongodb.internal.connection.InternalStreamConnection.receiveResponseBuffers(InternalStreamConnection.java:829) ~[mongodb-driver-core-5.2.1.jar:na]
	... 4 common frames omitted

2026-05-27T18:12:39.824+01:00  INFO 28700 --- [MatchService] [ngodb.net:27017] org.mongodb.driver.cluster               : Exception in monitor thread while connecting to server ac-khxyvkv-shard-00-00.ltylxsp.mongodb.net:27017

com.mongodb.MongoSocketReadException: Exception receiving message
	at com.mongodb.internal.connection.InternalStreamConnection.translateReadException(InternalStreamConnection.java:814) ~[mongodb-driver-core-5.2.1.jar:na]
	at com.mongodb.internal.connection.InternalStreamConnection.receiveResponseBuffers(InternalStreamConnection.java:862) ~[mongodb-driver-core-5.2.1.jar:na]
	at com.mongodb.internal.connection.InternalStreamConnection.receiveCommandMessageResponse(InternalStreamConnection.java:517) ~[mongodb-driver-core-5.2.1.jar:na]
	at com.mongodb.internal.connection.InternalStreamConnection.receive(InternalStreamConnection.java:469) ~[mongodb-driver-core-5.2.1.jar:na]
	at com.mongodb.internal.connection.DefaultServerMonitor$ServerMonitor.lookupServerDescription(DefaultServerMonitor.java:249) ~[mongodb-driver-core-5.2.1.jar:na]
	at com.mongodb.internal.connection.DefaultServerMonitor$ServerMonitor.run(DefaultServerMonitor.java:176) ~[mongodb-driver-core-5.2.1.jar:na]
Caused by: java.net.SocketException: Connection reset
	at java.base/sun.nio.ch.NioSocketImpl.implRead(NioSocketImpl.java:328) ~[na:na]
	at java.base/sun.nio.ch.NioSocketImpl.read(NioSocketImpl.java:355) ~[na:na]
	at java.base/sun.nio.ch.NioSocketImpl$1.read(NioSocketImpl.java:808) ~[na:na]
	at java.base/java.net.Socket$SocketInputStream.read(Socket.java:966) ~[na:na]
	at java.base/sun.security.ssl.SSLSocketInputRecord.read(SSLSocketInputRecord.java:484) ~[na:na]
	at java.base/sun.security.ssl.SSLSocketInputRecord.readHeader(SSLSocketInputRecord.java:478) ~[na:na]
	at java.base/sun.security.ssl.SSLSocketInputRecord.bytesInCompletePacket(SSLSocketInputRecord.java:70) ~[na:na]
	at java.base/sun.security.ssl.SSLSocketImpl.readApplicationRecord(SSLSocketImpl.java:1461) ~[na:na]
	at java.base/sun.security.ssl.SSLSocketImpl$AppInputStream.read(SSLSocketImpl.java:1065) ~[na:na]
	at com.mongodb.internal.connection.SocketStream.read(SocketStream.java:182) ~[mongodb-driver-core-5.2.1.jar:na]
	at com.mongodb.internal.connection.InternalStreamConnection.receiveResponseBuffers(InternalStreamConnection.java:829) ~[mongodb-driver-core-5.2.1.jar:na]
	... 4 common frames omitted

2026-05-27T18:12:41.052+01:00  INFO 28700 --- [MatchService] [ngodb.net:27017] org.mongodb.driver.cluster               : Exception in monitor thread while connecting to server ac-khxyvkv-shard-00-02.ltylxsp.mongodb.net:27017

com.mongodb.MongoSocketException: Hôte inconnu (ac-khxyvkv-shard-00-02.ltylxsp.mongodb.net)
	at com.mongodb.internal.connection.ServerAddressHelper.getSocketAddresses(ServerAddressHelper.java:75) ~[mongodb-driver-core-5.2.1.jar:na]
	at com.mongodb.internal.connection.SocketStream.initializeSocket(SocketStream.java:100) ~[mongodb-driver-core-5.2.1.jar:na]
	at com.mongodb.internal.connection.SocketStream.open(SocketStream.java:79) ~[mongodb-driver-core-5.2.1.jar:na]
	at com.mongodb.internal.connection.InternalStreamConnection.open(InternalStreamConnection.java:233) ~[mongodb-driver-core-5.2.1.jar:na]
	at com.mongodb.internal.connection.DefaultServerMonitor$ServerMonitor.lookupServerDescription(DefaultServerMonitor.java:219) ~[mongodb-driver-core-5.2.1.jar:na]
	at com.mongodb.internal.connection.DefaultServerMonitor$ServerMonitor.run(DefaultServerMonitor.java:176) ~[mongodb-driver-core-5.2.1.jar:na]
Caused by: java.net.UnknownHostException: Hôte inconnu (ac-khxyvkv-shard-00-02.ltylxsp.mongodb.net)
	at java.base/java.net.Inet6AddressImpl.lookupAllHostAddr(Native Method) ~[na:na]
	at java.base/java.net.InetAddress$PlatformNameService.lookupAllHostAddr(InetAddress.java:933) ~[na:na]
	at java.base/java.net.InetAddress.getAddressesFromNameService(InetAddress.java:1543) ~[na:na]
	at java.base/java.net.InetAddress$NameServiceAddresses.get(InetAddress.java:852) ~[na:na]
	at java.base/java.net.InetAddress.getAllByName0(InetAddress.java:1532) ~[na:na]
	at java.base/java.net.InetAddress.getAllByName(InetAddress.java:1384) ~[na:na]
	at java.base/java.net.InetAddress.getAllByName(InetAddress.java:1305) ~[na:na]
	at com.mongodb.internal.connection.DefaultInetAddressResolver.lookupByName(DefaultInetAddressResolver.java:34) ~[mongodb-driver-core-5.2.1.jar:na]
	at com.mongodb.internal.connection.ServerAddressHelper.getSocketAddresses(ServerAddressHelper.java:71) ~[mongodb-driver-core-5.2.1.jar:na]
	... 5 common frames omitted

2026-05-27T18:12:41.052+01:00  INFO 28700 --- [MatchService] [ngodb.net:27017] org.mongodb.driver.cluster               : Exception in monitor thread while connecting to server ac-khxyvkv-shard-00-01.ltylxsp.mongodb.net:27017

com.mongodb.MongoSocketException: Hôte inconnu (ac-khxyvkv-shard-00-01.ltylxsp.mongodb.net)
	at com.mongodb.internal.connection.ServerAddressHelper.getSocketAddresses(ServerAddressHelper.java:75) ~[mongodb-driver-core-5.2.1.jar:na]
	at com.mongodb.internal.connection.SocketStream.initializeSocket(SocketStream.java:100) ~[mongodb-driver-core-5.2.1.jar:na]
	at com.mongodb.internal.connection.SocketStream.open(SocketStream.java:79) ~[mongodb-driver-core-5.2.1.jar:na]
	at com.mongodb.internal.connection.InternalStreamConnection.open(InternalStreamConnection.java:233) ~[mongodb-driver-core-5.2.1.jar:na]
	at com.mongodb.internal.connection.DefaultServerMonitor$ServerMonitor.lookupServerDescription(DefaultServerMonitor.java:219) ~[mongodb-driver-core-5.2.1.jar:na]
	at com.mongodb.internal.connection.DefaultServerMonitor$ServerMonitor.run(DefaultServerMonitor.java:176) ~[mongodb-driver-core-5.2.1.jar:na]
Caused by: java.net.UnknownHostException: Hôte inconnu (ac-khxyvkv-shard-00-01.ltylxsp.mongodb.net)
	at java.base/java.net.Inet6AddressImpl.lookupAllHostAddr(Native Method) ~[na:na]
	at java.base/java.net.InetAddress$PlatformNameService.lookupAllHostAddr(InetAddress.java:933) ~[na:na]
	at java.base/java.net.InetAddress.getAddressesFromNameService(InetAddress.java:1543) ~[na:na]
	at java.base/java.net.InetAddress$NameServiceAddresses.get(InetAddress.java:852) ~[na:na]
	at java.base/java.net.InetAddress.getAllByName0(InetAddress.java:1532) ~[na:na]
	at java.base/java.net.InetAddress.getAllByName(InetAddress.java:1384) ~[na:na]
	at java.base/java.net.InetAddress.getAllByName(InetAddress.java:1305) ~[na:na]
	at com.mongodb.internal.connection.DefaultInetAddressResolver.lookupByName(DefaultInetAddressResolver.java:34) ~[mongodb-driver-core-5.2.1.jar:na]
	at com.mongodb.internal.connection.ServerAddressHelper.getSocketAddresses(ServerAddressHelper.java:71) ~[mongodb-driver-core-5.2.1.jar:na]
	... 5 common frames omitted

2026-05-27T18:12:41.053+01:00  INFO 28700 --- [MatchService] [ngodb.net:27017] org.mongodb.driver.cluster               : Exception in monitor thread while connecting to server ac-khxyvkv-shard-00-00.ltylxsp.mongodb.net:27017

com.mongodb.MongoSocketException: Hôte inconnu (ac-khxyvkv-shard-00-00.ltylxsp.mongodb.net)
	at com.mongodb.internal.connection.ServerAddressHelper.getSocketAddresses(ServerAddressHelper.java:75) ~[mongodb-driver-core-5.2.1.jar:na]
	at com.mongodb.internal.connection.SocketStream.initializeSocket(SocketStream.java:100) ~[mongodb-driver-core-5.2.1.jar:na]
	at com.mongodb.internal.connection.SocketStream.open(SocketStream.java:79) ~[mongodb-driver-core-5.2.1.jar:na]
	at com.mongodb.internal.connection.InternalStreamConnection.open(InternalStreamConnection.java:233) ~[mongodb-driver-core-5.2.1.jar:na]
	at com.mongodb.internal.connection.DefaultServerMonitor$ServerMonitor.lookupServerDescription(DefaultServerMonitor.java:219) ~[mongodb-driver-core-5.2.1.jar:na]
	at com.mongodb.internal.connection.DefaultServerMonitor$ServerMonitor.run(DefaultServerMonitor.java:176) ~[mongodb-driver-core-5.2.1.jar:na]
Caused by: java.net.UnknownHostException: Hôte inconnu (ac-khxyvkv-shard-00-00.ltylxsp.mongodb.net)
	at java.base/java.net.Inet6AddressImpl.lookupAllHostAddr(Native Method) ~[na:na]
	at java.base/java.net.InetAddress$PlatformNameService.lookupAllHostAddr(InetAddress.java:933) ~[na:na]
	at java.base/java.net.InetAddress.getAddressesFromNameService(InetAddress.java:1543) ~[na:na]
	at java.base/java.net.InetAddress$NameServiceAddresses.get(InetAddress.java:852) ~[na:na]
	at java.base/java.net.InetAddress.getAllByName0(InetAddress.java:1532) ~[na:na]
	at java.base/java.net.InetAddress.getAllByName(InetAddress.java:1384) ~[na:na]
	at java.base/java.net.InetAddress.getAllByName(InetAddress.java:1305) ~[na:na]
	at com.mongodb.internal.connection.DefaultInetAddressResolver.lookupByName(DefaultInetAddressResolver.java:34) ~[mongodb-driver-core-5.2.1.jar:na]
	at com.mongodb.internal.connection.ServerAddressHelper.getSocketAddresses(ServerAddressHelper.java:71) ~[mongodb-driver-core-5.2.1.jar:na]
	... 5 common frames omitted

2026-05-27T18:13:03.730+01:00  INFO 28700 --- [MatchService] [ngodb.net:27017] org.mongodb.driver.cluster               : Monitor thread successfully connected to server with description ServerDescription{address=ac-khxyvkv-shard-00-02.ltylxsp.mongodb.net:27017, type=REPLICA_SET_SECONDARY, cryptd=false, state=CONNECTED, ok=true, minWireVersion=0, maxWireVersion=25, maxDocumentSize=16777216, logicalSessionTimeoutMinutes=30, roundTripTimeNanos=8368096600, minRoundTripTimeNanos=0, setName='atlas-6x6yvm-shard-0', canonicalAddress=ac-khxyvkv-shard-00-02.ltylxsp.mongodb.net:27017, hosts=[ac-khxyvkv-shard-00-00.ltylxsp.mongodb.net:27017, ac-khxyvkv-shard-00-01.ltylxsp.mongodb.net:27017, ac-khxyvkv-shard-00-02.ltylxsp.mongodb.net:27017], passives=[], arbiters=[], primary='ac-khxyvkv-shard-00-01.ltylxsp.mongodb.net:27017', tagSet=TagSet{[Tag{name='availabilityZone', value='euw3-az3'}, Tag{name='cacheState', value='READY'}, Tag{name='diskState', value='READY'}, Tag{name='nodeType', value='ELECTABLE'}, Tag{name='provider', value='AWS'}, Tag{name='region', value='EU_WEST_3'}, Tag{name='workloadType', value='OPERATIONAL'}]}, electionId=null, setVersion=36, topologyVersion=TopologyVersion{processId=6a10afacc3c0145a7299563d, counter=3}, lastWriteDate=Wed May 27 18:12:55 WAT 2026, lastUpdateTimeNanos=979732024033200}
2026-05-27T18:13:03.730+01:00  INFO 28700 --- [MatchService] [ngodb.net:27017] org.mongodb.driver.cluster               : Monitor thread successfully connected to server with description ServerDescription{address=ac-khxyvkv-shard-00-01.ltylxsp.mongodb.net:27017, type=REPLICA_SET_PRIMARY, cryptd=false, state=CONNECTED, ok=true, minWireVersion=0, maxWireVersion=25, maxDocumentSize=16777216, logicalSessionTimeoutMinutes=30, roundTripTimeNanos=8221028200, minRoundTripTimeNanos=0, setName='atlas-6x6yvm-shard-0', canonicalAddress=ac-khxyvkv-shard-00-01.ltylxsp.mongodb.net:27017, hosts=[ac-khxyvkv-shard-00-00.ltylxsp.mongodb.net:27017, ac-khxyvkv-shard-00-01.ltylxsp.mongodb.net:27017, ac-khxyvkv-shard-00-02.ltylxsp.mongodb.net:27017], passives=[], arbiters=[], primary='ac-khxyvkv-shard-00-01.ltylxsp.mongodb.net:27017', tagSet=TagSet{[Tag{name='availabilityZone', value='euw3-az2'}, Tag{name='cacheState', value='READY'}, Tag{name='diskState', value='READY'}, Tag{name='nodeType', value='ELECTABLE'}, Tag{name='provider', value='AWS'}, Tag{name='region', value='EU_WEST_3'}, Tag{name='workloadType', value='OPERATIONAL'}]}, electionId=7fffffff000000000000006b, setVersion=36, topologyVersion=TopologyVersion{processId=6a10ad2db025c004c20c2eaf, counter=6}, lastWriteDate=Wed May 27 18:12:54 WAT 2026, lastUpdateTimeNanos=979732024229400}
2026-05-27T18:13:03.732+01:00  INFO 28700 --- [MatchService] [ngodb.net:27017] org.mongodb.driver.cluster               : Monitor thread successfully connected to server with description ServerDescription{address=ac-khxyvkv-shard-00-00.ltylxsp.mongodb.net:27017, type=REPLICA_SET_SECONDARY, cryptd=false, state=CONNECTED, ok=true, minWireVersion=0, maxWireVersion=25, maxDocumentSize=16777216, logicalSessionTimeoutMinutes=30, roundTripTimeNanos=5586828300, minRoundTripTimeNanos=0, setName='atlas-6x6yvm-shard-0', canonicalAddress=ac-khxyvkv-shard-00-00.ltylxsp.mongodb.net:27017, hosts=[ac-khxyvkv-shard-00-00.ltylxsp.mongodb.net:27017, ac-khxyvkv-shard-00-01.ltylxsp.mongodb.net:27017, ac-khxyvkv-shard-00-02.ltylxsp.mongodb.net:27017], passives=[], arbiters=[], primary='ac-khxyvkv-shard-00-01.ltylxsp.mongodb.net:27017', tagSet=TagSet{[Tag{name='availabilityZone', value='euw3-az1'}, Tag{name='cacheState', value='READY'}, Tag{name='diskState', value='READY'}, Tag{name='nodeType', value='ELECTABLE'}, Tag{name='provider', value='AWS'}, Tag{name='region', value='EU_WEST_3'}, Tag{name='workloadType', value='OPERATIONAL'}]}, electionId=null, setVersion=36, topologyVersion=TopologyVersion{processId=6a10aaf2adb9cf8404387343, counter=4}, lastWriteDate=Wed May 27 18:12:56 WAT 2026, lastUpdateTimeNanos=979732024298300}
2026-05-27T18:13:10.971+01:00  INFO 28700 --- [MatchService] [ngodb.net:27017] org.mongodb.driver.cluster               : Discovered replica set primary ac-khxyvkv-shard-00-01.ltylxsp.mongodb.net:27017 with max election id 7fffffff000000000000006b and max set version 36
2026-05-27T18:39:50.390+01:00  INFO 28700 --- [MatchService] [ngodb.net:27017] org.mongodb.driver.cluster               : Exception in monitor thread while connecting to server ac-khxyvkv-shard-00-00.ltylxsp.mongodb.net:27017

com.mongodb.MongoSocketReadException: Exception receiving message
	at com.mongodb.internal.connection.InternalStreamConnection.translateReadException(InternalStreamConnection.java:814) ~[mongodb-driver-core-5.2.1.jar:na]
	at com.mongodb.internal.connection.InternalStreamConnection.receiveResponseBuffers(InternalStreamConnection.java:862) ~[mongodb-driver-core-5.2.1.jar:na]
	at com.mongodb.internal.connection.InternalStreamConnection.receiveCommandMessageResponse(InternalStreamConnection.java:517) ~[mongodb-driver-core-5.2.1.jar:na]
	at com.mongodb.internal.connection.InternalStreamConnection.receive(InternalStreamConnection.java:469) ~[mongodb-driver-core-5.2.1.jar:na]
	at com.mongodb.internal.connection.DefaultServerMonitor$ServerMonitor.lookupServerDescription(DefaultServerMonitor.java:249) ~[mongodb-driver-core-5.2.1.jar:na]
	at com.mongodb.internal.connection.DefaultServerMonitor$ServerMonitor.run(DefaultServerMonitor.java:176) ~[mongodb-driver-core-5.2.1.jar:na]
Caused by: java.net.SocketException: Connection reset
	at java.base/sun.nio.ch.NioSocketImpl.implRead(NioSocketImpl.java:328) ~[na:na]
	at java.base/sun.nio.ch.NioSocketImpl.read(NioSocketImpl.java:355) ~[na:na]
	at java.base/sun.nio.ch.NioSocketImpl$1.read(NioSocketImpl.java:808) ~[na:na]
	at java.base/java.net.Socket$SocketInputStream.read(Socket.java:966) ~[na:na]
	at java.base/sun.security.ssl.SSLSocketInputRecord.read(SSLSocketInputRecord.java:484) ~[na:na]
	at java.base/sun.security.ssl.SSLSocketInputRecord.readHeader(SSLSocketInputRecord.java:478) ~[na:na]
	at java.base/sun.security.ssl.SSLSocketInputRecord.bytesInCompletePacket(SSLSocketInputRecord.java:70) ~[na:na]
	at java.base/sun.security.ssl.SSLSocketImpl.readApplicationRecord(SSLSocketImpl.java:1461) ~[na:na]
	at java.base/sun.security.ssl.SSLSocketImpl$AppInputStream.read(SSLSocketImpl.java:1065) ~[na:na]
	at com.mongodb.internal.connection.SocketStream.read(SocketStream.java:182) ~[mongodb-driver-core-5.2.1.jar:na]
	at com.mongodb.internal.connection.InternalStreamConnection.receiveResponseBuffers(InternalStreamConnection.java:829) ~[mongodb-driver-core-5.2.1.jar:na]
	... 4 common frames omitted

2026-05-27T18:39:50.383+01:00  INFO 28700 --- [MatchService] [ngodb.net:27017] org.mongodb.driver.cluster               : Exception in monitor thread while connecting to server ac-khxyvkv-shard-00-01.ltylxsp.mongodb.net:27017

com.mongodb.MongoSocketReadException: Exception receiving message
	at com.mongodb.internal.connection.InternalStreamConnection.translateReadException(InternalStreamConnection.java:814) ~[mongodb-driver-core-5.2.1.jar:na]
	at com.mongodb.internal.connection.InternalStreamConnection.receiveResponseBuffers(InternalStreamConnection.java:862) ~[mongodb-driver-core-5.2.1.jar:na]
	at com.mongodb.internal.connection.InternalStreamConnection.receiveCommandMessageResponse(InternalStreamConnection.java:517) ~[mongodb-driver-core-5.2.1.jar:na]
	at com.mongodb.internal.connection.InternalStreamConnection.receive(InternalStreamConnection.java:469) ~[mongodb-driver-core-5.2.1.jar:na]
	at com.mongodb.internal.connection.DefaultServerMonitor$ServerMonitor.lookupServerDescription(DefaultServerMonitor.java:249) ~[mongodb-driver-core-5.2.1.jar:na]
	at com.mongodb.internal.connection.DefaultServerMonitor$ServerMonitor.run(DefaultServerMonitor.java:176) ~[mongodb-driver-core-5.2.1.jar:na]
Caused by: java.net.SocketException: Connection reset
	at java.base/sun.nio.ch.NioSocketImpl.implRead(NioSocketImpl.java:328) ~[na:na]
	at java.base/sun.nio.ch.NioSocketImpl.read(NioSocketImpl.java:355) ~[na:na]
	at java.base/sun.nio.ch.NioSocketImpl$1.read(NioSocketImpl.java:808) ~[na:na]
	at java.base/java.net.Socket$SocketInputStream.read(Socket.java:966) ~[na:na]
	at java.base/sun.security.ssl.SSLSocketInputRecord.read(SSLSocketInputRecord.java:484) ~[na:na]
	at java.base/sun.security.ssl.SSLSocketInputRecord.readHeader(SSLSocketInputRecord.java:478) ~[na:na]
	at java.base/sun.security.ssl.SSLSocketInputRecord.bytesInCompletePacket(SSLSocketInputRecord.java:70) ~[na:na]
	at java.base/sun.security.ssl.SSLSocketImpl.readApplicationRecord(SSLSocketImpl.java:1461) ~[na:na]
	at java.base/sun.security.ssl.SSLSocketImpl$AppInputStream.read(SSLSocketImpl.java:1065) ~[na:na]
	at com.mongodb.internal.connection.SocketStream.read(SocketStream.java:182) ~[mongodb-driver-core-5.2.1.jar:na]
	at com.mongodb.internal.connection.InternalStreamConnection.receiveResponseBuffers(InternalStreamConnection.java:829) ~[mongodb-driver-core-5.2.1.jar:na]
	... 4 common frames omitted

2026-05-27T18:39:50.392+01:00  INFO 28700 --- [MatchService] [ngodb.net:27017] org.mongodb.driver.cluster               : Exception in monitor thread while connecting to server ac-khxyvkv-shard-00-02.ltylxsp.mongodb.net:27017

com.mongodb.MongoSocketReadException: Exception receiving message
	at com.mongodb.internal.connection.InternalStreamConnection.translateReadException(InternalStreamConnection.java:814) ~[mongodb-driver-core-5.2.1.jar:na]
	at com.mongodb.internal.connection.InternalStreamConnection.receiveResponseBuffers(InternalStreamConnection.java:862) ~[mongodb-driver-core-5.2.1.jar:na]
	at com.mongodb.internal.connection.InternalStreamConnection.receiveCommandMessageResponse(InternalStreamConnection.java:517) ~[mongodb-driver-core-5.2.1.jar:na]
	at com.mongodb.internal.connection.InternalStreamConnection.receive(InternalStreamConnection.java:469) ~[mongodb-driver-core-5.2.1.jar:na]
	at com.mongodb.internal.connection.DefaultServerMonitor$ServerMonitor.lookupServerDescription(DefaultServerMonitor.java:249) ~[mongodb-driver-core-5.2.1.jar:na]
	at com.mongodb.internal.connection.DefaultServerMonitor$ServerMonitor.run(DefaultServerMonitor.java:176) ~[mongodb-driver-core-5.2.1.jar:na]
Caused by: java.net.SocketException: Connection reset
	at java.base/sun.nio.ch.NioSocketImpl.implRead(NioSocketImpl.java:328) ~[na:na]
	at java.base/sun.nio.ch.NioSocketImpl.read(NioSocketImpl.java:355) ~[na:na]
	at java.base/sun.nio.ch.NioSocketImpl$1.read(NioSocketImpl.java:808) ~[na:na]
	at java.base/java.net.Socket$SocketInputStream.read(Socket.java:966) ~[na:na]
	at java.base/sun.security.ssl.SSLSocketInputRecord.read(SSLSocketInputRecord.java:484) ~[na:na]
	at java.base/sun.security.ssl.SSLSocketInputRecord.readHeader(SSLSocketInputRecord.java:478) ~[na:na]
	at java.base/sun.security.ssl.SSLSocketInputRecord.bytesInCompletePacket(SSLSocketInputRecord.java:70) ~[na:na]
	at java.base/sun.security.ssl.SSLSocketImpl.readApplicationRecord(SSLSocketImpl.java:1461) ~[na:na]
	at java.base/sun.security.ssl.SSLSocketImpl$AppInputStream.read(SSLSocketImpl.java:1065) ~[na:na]
	at com.mongodb.internal.connection.SocketStream.read(SocketStream.java:182) ~[mongodb-driver-core-5.2.1.jar:na]
	at com.mongodb.internal.connection.InternalStreamConnection.receiveResponseBuffers(InternalStreamConnection.java:829) ~[mongodb-driver-core-5.2.1.jar:na]
	... 4 common frames omitted

2026-05-27T18:39:51.164+01:00  INFO 28700 --- [MatchService] [ngodb.net:27017] org.mongodb.driver.cluster               : Exception in monitor thread while connecting to server ac-khxyvkv-shard-00-01.ltylxsp.mongodb.net:27017

com.mongodb.MongoSocketException: Hôte inconnu (ac-khxyvkv-shard-00-01.ltylxsp.mongodb.net)
	at com.mongodb.internal.connection.ServerAddressHelper.getSocketAddresses(ServerAddressHelper.java:75) ~[mongodb-driver-core-5.2.1.jar:na]
	at com.mongodb.internal.connection.SocketStream.initializeSocket(SocketStream.java:100) ~[mongodb-driver-core-5.2.1.jar:na]
	at com.mongodb.internal.connection.SocketStream.open(SocketStream.java:79) ~[mongodb-driver-core-5.2.1.jar:na]
	at com.mongodb.internal.connection.InternalStreamConnection.open(InternalStreamConnection.java:233) ~[mongodb-driver-core-5.2.1.jar:na]
	at com.mongodb.internal.connection.DefaultServerMonitor$ServerMonitor.lookupServerDescription(DefaultServerMonitor.java:219) ~[mongodb-driver-core-5.2.1.jar:na]
	at com.mongodb.internal.connection.DefaultServerMonitor$ServerMonitor.run(DefaultServerMonitor.java:176) ~[mongodb-driver-core-5.2.1.jar:na]
Caused by: java.net.UnknownHostException: Hôte inconnu (ac-khxyvkv-shard-00-01.ltylxsp.mongodb.net)
	at java.base/java.net.Inet6AddressImpl.lookupAllHostAddr(Native Method) ~[na:na]
	at java.base/java.net.InetAddress$PlatformNameService.lookupAllHostAddr(InetAddress.java:933) ~[na:na]
	at java.base/java.net.InetAddress.getAddressesFromNameService(InetAddress.java:1543) ~[na:na]
	at java.base/java.net.InetAddress$NameServiceAddresses.get(InetAddress.java:852) ~[na:na]
	at java.base/java.net.InetAddress.getAllByName0(InetAddress.java:1532) ~[na:na]
	at java.base/java.net.InetAddress.getAllByName(InetAddress.java:1384) ~[na:na]
	at java.base/java.net.InetAddress.getAllByName(InetAddress.java:1305) ~[na:na]
	at com.mongodb.internal.connection.DefaultInetAddressResolver.lookupByName(DefaultInetAddressResolver.java:34) ~[mongodb-driver-core-5.2.1.jar:na]
	at com.mongodb.internal.connection.ServerAddressHelper.getSocketAddresses(ServerAddressHelper.java:71) ~[mongodb-driver-core-5.2.1.jar:na]
	... 5 common frames omitted

2026-05-27T18:39:51.168+01:00  INFO 28700 --- [MatchService] [ngodb.net:27017] org.mongodb.driver.cluster               : Exception in monitor thread while connecting to server ac-khxyvkv-shard-00-00.ltylxsp.mongodb.net:27017

com.mongodb.MongoSocketException: Hôte inconnu (ac-khxyvkv-shard-00-00.ltylxsp.mongodb.net)
	at com.mongodb.internal.connection.ServerAddressHelper.getSocketAddresses(ServerAddressHelper.java:75) ~[mongodb-driver-core-5.2.1.jar:na]
	at com.mongodb.internal.connection.SocketStream.initializeSocket(SocketStream.java:100) ~[mongodb-driver-core-5.2.1.jar:na]
	at com.mongodb.internal.connection.SocketStream.open(SocketStream.java:79) ~[mongodb-driver-core-5.2.1.jar:na]
	at com.mongodb.internal.connection.InternalStreamConnection.open(InternalStreamConnection.java:233) ~[mongodb-driver-core-5.2.1.jar:na]
	at com.mongodb.internal.connection.DefaultServerMonitor$ServerMonitor.lookupServerDescription(DefaultServerMonitor.java:219) ~[mongodb-driver-core-5.2.1.jar:na]
	at com.mongodb.internal.connection.DefaultServerMonitor$ServerMonitor.run(DefaultServerMonitor.java:176) ~[mongodb-driver-core-5.2.1.jar:na]
Caused by: java.net.UnknownHostException: Hôte inconnu (ac-khxyvkv-shard-00-00.ltylxsp.mongodb.net)
	at java.base/java.net.Inet6AddressImpl.lookupAllHostAddr(Native Method) ~[na:na]
	at java.base/java.net.InetAddress$PlatformNameService.lookupAllHostAddr(InetAddress.java:933) ~[na:na]
	at java.base/java.net.InetAddress.getAddressesFromNameService(InetAddress.java:1543) ~[na:na]
	at java.base/java.net.InetAddress$NameServiceAddresses.get(InetAddress.java:852) ~[na:na]
	at java.base/java.net.InetAddress.getAllByName0(InetAddress.java:1532) ~[na:na]
	at java.base/java.net.InetAddress.getAllByName(InetAddress.java:1384) ~[na:na]
	at java.base/java.net.InetAddress.getAllByName(InetAddress.java:1305) ~[na:na]
	at com.mongodb.internal.connection.DefaultInetAddressResolver.lookupByName(DefaultInetAddressResolver.java:34) ~[mongodb-driver-core-5.2.1.jar:na]
	at com.mongodb.internal.connection.ServerAddressHelper.getSocketAddresses(ServerAddressHelper.java:71) ~[mongodb-driver-core-5.2.1.jar:na]
	... 5 common frames omitted

2026-05-27T18:39:51.164+01:00  INFO 28700 --- [MatchService] [ngodb.net:27017] org.mongodb.driver.cluster               : Exception in monitor thread while connecting to server ac-khxyvkv-shard-00-02.ltylxsp.mongodb.net:27017

com.mongodb.MongoSocketException: Hôte inconnu (ac-khxyvkv-shard-00-02.ltylxsp.mongodb.net)
	at com.mongodb.internal.connection.ServerAddressHelper.getSocketAddresses(ServerAddressHelper.java:75) ~[mongodb-driver-core-5.2.1.jar:na]
	at com.mongodb.internal.connection.SocketStream.initializeSocket(SocketStream.java:100) ~[mongodb-driver-core-5.2.1.jar:na]
	at com.mongodb.internal.connection.SocketStream.open(SocketStream.java:79) ~[mongodb-driver-core-5.2.1.jar:na]
	at com.mongodb.internal.connection.InternalStreamConnection.open(InternalStreamConnection.java:233) ~[mongodb-driver-core-5.2.1.jar:na]
	at com.mongodb.internal.connection.DefaultServerMonitor$ServerMonitor.lookupServerDescription(DefaultServerMonitor.java:219) ~[mongodb-driver-core-5.2.1.jar:na]
	at com.mongodb.internal.connection.DefaultServerMonitor$ServerMonitor.run(DefaultServerMonitor.java:176) ~[mongodb-driver-core-5.2.1.jar:na]
Caused by: java.net.UnknownHostException: Hôte inconnu (ac-khxyvkv-shard-00-02.ltylxsp.mongodb.net)
	at java.base/java.net.Inet6AddressImpl.lookupAllHostAddr(Native Method) ~[na:na]
	at java.base/java.net.InetAddress$PlatformNameService.lookupAllHostAddr(InetAddress.java:933) ~[na:na]
	at java.base/java.net.InetAddress.getAddressesFromNameService(InetAddress.java:1543) ~[na:na]
	at java.base/java.net.InetAddress$NameServiceAddresses.get(InetAddress.java:852) ~[na:na]
	at java.base/java.net.InetAddress.getAllByName0(InetAddress.java:1532) ~[na:na]
	at java.base/java.net.InetAddress.getAllByName(InetAddress.java:1384) ~[na:na]
	at java.base/java.net.InetAddress.getAllByName(InetAddress.java:1305) ~[na:na]
	at com.mongodb.internal.connection.DefaultInetAddressResolver.lookupByName(DefaultInetAddressResolver.java:34) ~[mongodb-driver-core-5.2.1.jar:na]
	at com.mongodb.internal.connection.ServerAddressHelper.getSocketAddresses(ServerAddressHelper.java:71) ~[mongodb-driver-core-5.2.1.jar:na]
	... 5 common frames omitted

2026-05-27T19:08:22.092+01:00  INFO 28700 --- [MatchService] [ngodb.net:27017] org.mongodb.driver.cluster               : Monitor thread successfully connected to server with description ServerDescription{address=ac-khxyvkv-shard-00-01.ltylxsp.mongodb.net:27017, type=REPLICA_SET_PRIMARY, cryptd=false, state=CONNECTED, ok=true, minWireVersion=0, maxWireVersion=25, maxDocumentSize=16777216, logicalSessionTimeoutMinutes=30, roundTripTimeNanos=255479700, minRoundTripTimeNanos=0, setName='atlas-6x6yvm-shard-0', canonicalAddress=ac-khxyvkv-shard-00-01.ltylxsp.mongodb.net:27017, hosts=[ac-khxyvkv-shard-00-00.ltylxsp.mongodb.net:27017, ac-khxyvkv-shard-00-01.ltylxsp.mongodb.net:27017, ac-khxyvkv-shard-00-02.ltylxsp.mongodb.net:27017], passives=[], arbiters=[], primary='ac-khxyvkv-shard-00-01.ltylxsp.mongodb.net:27017', tagSet=TagSet{[Tag{name='availabilityZone', value='euw3-az2'}, Tag{name='cacheState', value='READY'}, Tag{name='diskState', value='READY'}, Tag{name='nodeType', value='ELECTABLE'}, Tag{name='provider', value='AWS'}, Tag{name='region', value='EU_WEST_3'}, Tag{name='workloadType', value='OPERATIONAL'}]}, electionId=7fffffff000000000000006b, setVersion=36, topologyVersion=TopologyVersion{processId=6a10ad2db025c004c20c2eaf, counter=6}, lastWriteDate=Wed May 27 19:08:21 WAT 2026, lastUpdateTimeNanos=983052079290300}
2026-05-27T19:08:22.092+01:00  INFO 28700 --- [MatchService] [ngodb.net:27017] org.mongodb.driver.cluster               : Monitor thread successfully connected to server with description ServerDescription{address=ac-khxyvkv-shard-00-02.ltylxsp.mongodb.net:27017, type=REPLICA_SET_SECONDARY, cryptd=false, state=CONNECTED, ok=true, minWireVersion=0, maxWireVersion=25, maxDocumentSize=16777216, logicalSessionTimeoutMinutes=30, roundTripTimeNanos=266172000, minRoundTripTimeNanos=0, setName='atlas-6x6yvm-shard-0', canonicalAddress=ac-khxyvkv-shard-00-02.ltylxsp.mongodb.net:27017, hosts=[ac-khxyvkv-shard-00-00.ltylxsp.mongodb.net:27017, ac-khxyvkv-shard-00-01.ltylxsp.mongodb.net:27017, ac-khxyvkv-shard-00-02.ltylxsp.mongodb.net:27017], passives=[], arbiters=[], primary='ac-khxyvkv-shard-00-01.ltylxsp.mongodb.net:27017', tagSet=TagSet{[Tag{name='availabilityZone', value='euw3-az3'}, Tag{name='cacheState', value='READY'}, Tag{name='diskState', value='READY'}, Tag{name='nodeType', value='ELECTABLE'}, Tag{name='provider', value='AWS'}, Tag{name='region', value='EU_WEST_3'}, Tag{name='workloadType', value='OPERATIONAL'}]}, electionId=null, setVersion=36, topologyVersion=TopologyVersion{processId=6a10afacc3c0145a7299563d, counter=3}, lastWriteDate=Wed May 27 19:08:21 WAT 2026, lastUpdateTimeNanos=983052089984400}
2026-05-27T19:08:22.104+01:00  INFO 28700 --- [MatchService] [ngodb.net:27017] org.mongodb.driver.cluster               : Discovered replica set primary ac-khxyvkv-shard-00-01.ltylxsp.mongodb.net:27017 with max election id 7fffffff000000000000006b and max set version 36
2026-05-27T19:08:22.124+01:00  INFO 28700 --- [MatchService] [ngodb.net:27017] org.mongodb.driver.cluster               : Monitor thread successfully connected to server with description ServerDescription{address=ac-khxyvkv-shard-00-00.ltylxsp.mongodb.net:27017, type=REPLICA_SET_SECONDARY, cryptd=false, state=CONNECTED, ok=true, minWireVersion=0, maxWireVersion=25, maxDocumentSize=16777216, logicalSessionTimeoutMinutes=30, roundTripTimeNanos=298145100, minRoundTripTimeNanos=0, setName='atlas-6x6yvm-shard-0', canonicalAddress=ac-khxyvkv-shard-00-00.ltylxsp.mongodb.net:27017, hosts=[ac-khxyvkv-shard-00-00.ltylxsp.mongodb.net:27017, ac-khxyvkv-shard-00-01.ltylxsp.mongodb.net:27017, ac-khxyvkv-shard-00-02.ltylxsp.mongodb.net:27017], passives=[], arbiters=[], primary='ac-khxyvkv-shard-00-01.ltylxsp.mongodb.net:27017', tagSet=TagSet{[Tag{name='availabilityZone', value='euw3-az1'}, Tag{name='cacheState', value='READY'}, Tag{name='diskState', value='READY'}, Tag{name='nodeType', value='ELECTABLE'}, Tag{name='provider', value='AWS'}, Tag{name='region', value='EU_WEST_3'}, Tag{name='workloadType', value='OPERATIONAL'}]}, electionId=null, setVersion=36, topologyVersion=TopologyVersion{processId=6a10aaf2adb9cf8404387343, counter=4}, lastWriteDate=Wed May 27 19:08:21 WAT 2026, lastUpdateTimeNanos=983052121953000}
2026-05-27T19:08:42.119+01:00  INFO 28700 --- [MatchService] [ngodb.net:27017] org.mongodb.driver.cluster               : Exception in monitor thread while connecting to server ac-khxyvkv-shard-00-02.ltylxsp.mongodb.net:27017

com.mongodb.MongoSocketReadTimeoutException: Timeout while receiving message
	at com.mongodb.internal.connection.InternalStreamConnection.createReadTimeoutException(InternalStreamConnection.java:824) ~[mongodb-driver-core-5.2.1.jar:na]
	at com.mongodb.internal.connection.InternalStreamConnection.translateReadException(InternalStreamConnection.java:812) ~[mongodb-driver-core-5.2.1.jar:na]
	at com.mongodb.internal.connection.InternalStreamConnection.receiveResponseBuffers(InternalStreamConnection.java:862) ~[mongodb-driver-core-5.2.1.jar:na]
	at com.mongodb.internal.connection.InternalStreamConnection.receiveCommandMessageResponse(InternalStreamConnection.java:517) ~[mongodb-driver-core-5.2.1.jar:na]
	at com.mongodb.internal.connection.InternalStreamConnection.receive(InternalStreamConnection.java:469) ~[mongodb-driver-core-5.2.1.jar:na]
	at com.mongodb.internal.connection.DefaultServerMonitor$ServerMonitor.lookupServerDescription(DefaultServerMonitor.java:249) ~[mongodb-driver-core-5.2.1.jar:na]
	at com.mongodb.internal.connection.DefaultServerMonitor$ServerMonitor.run(DefaultServerMonitor.java:176) ~[mongodb-driver-core-5.2.1.jar:na]
Caused by: java.net.SocketTimeoutException: Read timed out
	at java.base/sun.nio.ch.NioSocketImpl.timedRead(NioSocketImpl.java:288) ~[na:na]
	at java.base/sun.nio.ch.NioSocketImpl.implRead(NioSocketImpl.java:314) ~[na:na]
	at java.base/sun.nio.ch.NioSocketImpl.read(NioSocketImpl.java:355) ~[na:na]
	at java.base/sun.nio.ch.NioSocketImpl$1.read(NioSocketImpl.java:808) ~[na:na]
	at java.base/java.net.Socket$SocketInputStream.read(Socket.java:966) ~[na:na]
	at java.base/sun.security.ssl.SSLSocketInputRecord.read(SSLSocketInputRecord.java:484) ~[na:na]
	at java.base/sun.security.ssl.SSLSocketInputRecord.readHeader(SSLSocketInputRecord.java:478) ~[na:na]
	at java.base/sun.security.ssl.SSLSocketInputRecord.bytesInCompletePacket(SSLSocketInputRecord.java:70) ~[na:na]
	at java.base/sun.security.ssl.SSLSocketImpl.readApplicationRecord(SSLSocketImpl.java:1461) ~[na:na]
	at java.base/sun.security.ssl.SSLSocketImpl$AppInputStream.read(SSLSocketImpl.java:1065) ~[na:na]
	at com.mongodb.internal.connection.SocketStream.read(SocketStream.java:182) ~[mongodb-driver-core-5.2.1.jar:na]
	at com.mongodb.internal.connection.InternalStreamConnection.receiveResponseBuffers(InternalStreamConnection.java:829) ~[mongodb-driver-core-5.2.1.jar:na]
	... 4 common frames omitted

2026-05-27T19:08:42.119+01:00  INFO 28700 --- [MatchService] [ngodb.net:27017] org.mongodb.driver.cluster               : Exception in monitor thread while connecting to server ac-khxyvkv-shard-00-01.ltylxsp.mongodb.net:27017

com.mongodb.MongoSocketReadTimeoutException: Timeout while receiving message
	at com.mongodb.internal.connection.InternalStreamConnection.createReadTimeoutException(InternalStreamConnection.java:824) ~[mongodb-driver-core-5.2.1.jar:na]
	at com.mongodb.internal.connection.InternalStreamConnection.translateReadException(InternalStreamConnection.java:812) ~[mongodb-driver-core-5.2.1.jar:na]
	at com.mongodb.internal.connection.InternalStreamConnection.receiveResponseBuffers(InternalStreamConnection.java:862) ~[mongodb-driver-core-5.2.1.jar:na]
	at com.mongodb.internal.connection.InternalStreamConnection.receiveCommandMessageResponse(InternalStreamConnection.java:517) ~[mongodb-driver-core-5.2.1.jar:na]
	at com.mongodb.internal.connection.InternalStreamConnection.receive(InternalStreamConnection.java:469) ~[mongodb-driver-core-5.2.1.jar:na]
	at com.mongodb.internal.connection.DefaultServerMonitor$ServerMonitor.lookupServerDescription(DefaultServerMonitor.java:249) ~[mongodb-driver-core-5.2.1.jar:na]
	at com.mongodb.internal.connection.DefaultServerMonitor$ServerMonitor.run(DefaultServerMonitor.java:176) ~[mongodb-driver-core-5.2.1.jar:na]
Caused by: java.net.SocketTimeoutException: Read timed out
	at java.base/sun.nio.ch.NioSocketImpl.timedRead(NioSocketImpl.java:288) ~[na:na]
	at java.base/sun.nio.ch.NioSocketImpl.implRead(NioSocketImpl.java:314) ~[na:na]
	at java.base/sun.nio.ch.NioSocketImpl.read(NioSocketImpl.java:355) ~[na:na]
	at java.base/sun.nio.ch.NioSocketImpl$1.read(NioSocketImpl.java:808) ~[na:na]
	at java.base/java.net.Socket$SocketInputStream.read(Socket.java:966) ~[na:na]
	at java.base/sun.security.ssl.SSLSocketInputRecord.read(SSLSocketInputRecord.java:484) ~[na:na]
	at java.base/sun.security.ssl.SSLSocketInputRecord.readHeader(SSLSocketInputRecord.java:478) ~[na:na]
	at java.base/sun.security.ssl.SSLSocketInputRecord.bytesInCompletePacket(SSLSocketInputRecord.java:70) ~[na:na]
	at java.base/sun.security.ssl.SSLSocketImpl.readApplicationRecord(SSLSocketImpl.java:1461) ~[na:na]
	at java.base/sun.security.ssl.SSLSocketImpl$AppInputStream.read(SSLSocketImpl.java:1065) ~[na:na]
	at com.mongodb.internal.connection.SocketStream.read(SocketStream.java:182) ~[mongodb-driver-core-5.2.1.jar:na]
	at com.mongodb.internal.connection.InternalStreamConnection.receiveResponseBuffers(InternalStreamConnection.java:829) ~[mongodb-driver-core-5.2.1.jar:na]
	... 4 common frames omitted

2026-05-27T19:08:42.130+01:00  INFO 28700 --- [MatchService] [ngodb.net:27017] org.mongodb.driver.cluster               : Exception in monitor thread while connecting to server ac-khxyvkv-shard-00-00.ltylxsp.mongodb.net:27017

com.mongodb.MongoSocketReadTimeoutException: Timeout while receiving message
	at com.mongodb.internal.connection.InternalStreamConnection.createReadTimeoutException(InternalStreamConnection.java:824) ~[mongodb-driver-core-5.2.1.jar:na]
	at com.mongodb.internal.connection.InternalStreamConnection.translateReadException(InternalStreamConnection.java:812) ~[mongodb-driver-core-5.2.1.jar:na]
	at com.mongodb.internal.connection.InternalStreamConnection.receiveResponseBuffers(InternalStreamConnection.java:862) ~[mongodb-driver-core-5.2.1.jar:na]
	at com.mongodb.internal.connection.InternalStreamConnection.receiveCommandMessageResponse(InternalStreamConnection.java:517) ~[mongodb-driver-core-5.2.1.jar:na]
	at com.mongodb.internal.connection.InternalStreamConnection.receive(InternalStreamConnection.java:469) ~[mongodb-driver-core-5.2.1.jar:na]
	at com.mongodb.internal.connection.DefaultServerMonitor$ServerMonitor.lookupServerDescription(DefaultServerMonitor.java:249) ~[mongodb-driver-core-5.2.1.jar:na]
	at com.mongodb.internal.connection.DefaultServerMonitor$ServerMonitor.run(DefaultServerMonitor.java:176) ~[mongodb-driver-core-5.2.1.jar:na]
Caused by: java.net.SocketTimeoutException: Read timed out
	at java.base/sun.nio.ch.NioSocketImpl.timedRead(NioSocketImpl.java:288) ~[na:na]
	at java.base/sun.nio.ch.NioSocketImpl.implRead(NioSocketImpl.java:314) ~[na:na]
	at java.base/sun.nio.ch.NioSocketImpl.read(NioSocketImpl.java:355) ~[na:na]
	at java.base/sun.nio.ch.NioSocketImpl$1.read(NioSocketImpl.java:808) ~[na:na]
	at java.base/java.net.Socket$SocketInputStream.read(Socket.java:966) ~[na:na]
	at java.base/sun.security.ssl.SSLSocketInputRecord.read(SSLSocketInputRecord.java:484) ~[na:na]
	at java.base/sun.security.ssl.SSLSocketInputRecord.readHeader(SSLSocketInputRecord.java:478) ~[na:na]
	at java.base/sun.security.ssl.SSLSocketInputRecord.bytesInCompletePacket(SSLSocketInputRecord.java:70) ~[na:na]
	at java.base/sun.security.ssl.SSLSocketImpl.readApplicationRecord(SSLSocketImpl.java:1461) ~[na:na]
	at java.base/sun.security.ssl.SSLSocketImpl$AppInputStream.read(SSLSocketImpl.java:1065) ~[na:na]
	at com.mongodb.internal.connection.SocketStream.read(SocketStream.java:182) ~[mongodb-driver-core-5.2.1.jar:na]
	at com.mongodb.internal.connection.InternalStreamConnection.receiveResponseBuffers(InternalStreamConnection.java:829) ~[mongodb-driver-core-5.2.1.jar:na]
	... 4 common frames omitted

2026-05-27T19:08:42.935+01:00  INFO 28700 --- [MatchService] [ngodb.net:27017] org.mongodb.driver.cluster               : Monitor thread successfully connected to server with description ServerDescription{address=ac-khxyvkv-shard-00-02.ltylxsp.mongodb.net:27017, type=REPLICA_SET_SECONDARY, cryptd=false, state=CONNECTED, ok=true, minWireVersion=0, maxWireVersion=25, maxDocumentSize=16777216, logicalSessionTimeoutMinutes=30, roundTripTimeNanos=603520500, minRoundTripTimeNanos=0, setName='atlas-6x6yvm-shard-0', canonicalAddress=ac-khxyvkv-shard-00-02.ltylxsp.mongodb.net:27017, hosts=[ac-khxyvkv-shard-00-00.ltylxsp.mongodb.net:27017, ac-khxyvkv-shard-00-01.ltylxsp.mongodb.net:27017, ac-khxyvkv-shard-00-02.ltylxsp.mongodb.net:27017], passives=[], arbiters=[], primary='ac-khxyvkv-shard-00-01.ltylxsp.mongodb.net:27017', tagSet=TagSet{[Tag{name='availabilityZone', value='euw3-az3'}, Tag{name='cacheState', value='READY'}, Tag{name='diskState', value='READY'}, Tag{name='nodeType', value='ELECTABLE'}, Tag{name='provider', value='AWS'}, Tag{name='region', value='EU_WEST_3'}, Tag{name='workloadType', value='OPERATIONAL'}]}, electionId=null, setVersion=36, topologyVersion=TopologyVersion{processId=6a10afacc3c0145a7299563d, counter=3}, lastWriteDate=Sat May 30 14:10:37 WAT 2026, lastUpdateTimeNanos=983078558497600}
2026-05-27T19:08:42.944+01:00  INFO 28700 --- [MatchService] [ngodb.net:27017] org.mongodb.driver.cluster               : Monitor thread successfully connected to server with description ServerDescription{address=ac-khxyvkv-shard-00-00.ltylxsp.mongodb.net:27017, type=REPLICA_SET_SECONDARY, cryptd=false, state=CONNECTED, ok=true, minWireVersion=0, maxWireVersion=25, maxDocumentSize=16777216, logicalSessionTimeoutMinutes=30, roundTripTimeNanos=612287400, minRoundTripTimeNanos=0, setName='atlas-6x6yvm-shard-0', canonicalAddress=ac-khxyvkv-shard-00-00.ltylxsp.mongodb.net:27017, hosts=[ac-khxyvkv-shard-00-00.ltylxsp.mongodb.net:27017, ac-khxyvkv-shard-00-01.ltylxsp.mongodb.net:27017, ac-khxyvkv-shard-00-02.ltylxsp.mongodb.net:27017], passives=[], arbiters=[], primary='ac-khxyvkv-shard-00-01.ltylxsp.mongodb.net:27017', tagSet=TagSet{[Tag{name='availabilityZone', value='euw3-az1'}, Tag{name='cacheState', value='READY'}, Tag{name='diskState', value='READY'}, Tag{name='nodeType', value='ELECTABLE'}, Tag{name='provider', value='AWS'}, Tag{name='region', value='EU_WEST_3'}, Tag{name='workloadType', value='OPERATIONAL'}]}, electionId=null, setVersion=36, topologyVersion=TopologyVersion{processId=6a10aaf2adb9cf8404387343, counter=4}, lastWriteDate=Sat May 30 14:10:37 WAT 2026, lastUpdateTimeNanos=983078567993400}
2026-05-27T19:08:42.944+01:00  INFO 28700 --- [MatchService] [ngodb.net:27017] org.mongodb.driver.cluster               : Monitor thread successfully connected to server with description ServerDescription{address=ac-khxyvkv-shard-00-01.ltylxsp.mongodb.net:27017, type=REPLICA_SET_PRIMARY, cryptd=false, state=CONNECTED, ok=true, minWireVersion=0, maxWireVersion=25, maxDocumentSize=16777216, logicalSessionTimeoutMinutes=30, roundTripTimeNanos=611294000, minRoundTripTimeNanos=0, setName='atlas-6x6yvm-shard-0', canonicalAddress=ac-khxyvkv-shard-00-01.ltylxsp.mongodb.net:27017, hosts=[ac-khxyvkv-shard-00-00.ltylxsp.mongodb.net:27017, ac-khxyvkv-shard-00-01.ltylxsp.mongodb.net:27017, ac-khxyvkv-shard-00-02.ltylxsp.mongodb.net:27017], passives=[], arbiters=[], primary='ac-khxyvkv-shard-00-01.ltylxsp.mongodb.net:27017', tagSet=TagSet{[Tag{name='availabilityZone', value='euw3-az2'}, Tag{name='cacheState', value='READY'}, Tag{name='diskState', value='READY'}, Tag{name='nodeType', value='ELECTABLE'}, Tag{name='provider', value='AWS'}, Tag{name='region', value='EU_WEST_3'}, Tag{name='workloadType', value='OPERATIONAL'}]}, electionId=7fffffff000000000000006b, setVersion=36, topologyVersion=TopologyVersion{processId=6a10ad2db025c004c20c2eaf, counter=6}, lastWriteDate=Sat May 30 14:10:37 WAT 2026, lastUpdateTimeNanos=983078567948800}
2026-05-27T19:08:42.946+01:00  INFO 28700 --- [MatchService] [ngodb.net:27017] org.mongodb.driver.cluster               : Discovered replica set primary ac-khxyvkv-shard-00-01.ltylxsp.mongodb.net:27017 with max election id 7fffffff000000000000006b and max set version 36
[INFO] ------------------------------------------------------------------------
[INFO] BUILD FAILURE
[INFO] ------------------------------------------------------------------------
[INFO] Total time:  11 d 03:12 h
[INFO] Finished at: 2026-05-27T19:09:27+01:00
[INFO] ------------------------------------------------------------------------
[ERROR] Failed to execute goal org.springframework.boot:spring-boot-maven-plugin:3.4.12:run (default-cli) on project MatchService: Process terminated with exit code: 1073807364 -> [Help 1]
[ERROR] 
[ERROR] To see the full stack trace of the errors, re-run Maven with the -e switch.
[ERROR] Re-run Maven using the -X switch to enable full debug logging.
[ERROR] 
[ERROR] For more information about the errors and possible solutions, please read the following articles:
[ERROR] [Help 1] http://cwiki.apache.org/confluence/display/MAVEN/MojoExecutionException
