[INFO] Scanning for projects...
[INFO] 
[INFO] -----------------< tn.matchmakers:ReclamationService >------------------
[INFO] Building ReclamationService 0.0.1-SNAPSHOT
[INFO]   from pom.xml
[INFO] --------------------------------[ jar ]---------------------------------
[INFO] 
[INFO] >>> spring-boot:3.4.12:run (default-cli) > test-compile @ ReclamationService >>>
[INFO] 
[INFO] --- resources:3.3.1:resources (default-resources) @ ReclamationService ---
[INFO] Copying 1 resource from src\main\resources to target\classes
[INFO] Copying 0 resource from src\main\resources to target\classes
[INFO] 
[INFO] --- compiler:3.13.0:compile (default-compile) @ ReclamationService ---
[INFO] Nothing to compile - all classes are up to date.
[INFO] 
[INFO] --- resources:3.3.1:testResources (default-testResources) @ ReclamationService ---
[INFO] skip non existing resourceDirectory D:\school\3SDE1\PI3C-SDE2-2526\MatchMakers\Backend\ReclamationService\src\test\resources
[INFO] 
[INFO] --- compiler:3.13.0:testCompile (default-testCompile) @ ReclamationService ---
[INFO] Nothing to compile - all classes are up to date.
[INFO] 
[INFO] <<< spring-boot:3.4.12:run (default-cli) < test-compile @ ReclamationService <<<
[INFO] 
[INFO] 
[INFO] --- spring-boot:3.4.12:run (default-cli) @ ReclamationService ---
[INFO] Attaching agents: []

  .   ____          _            __ _ _
 /\\ / ___'_ __ _ _(_)_ __  __ _ \ \ \ \
( ( )\___ | '_ | '_| | '_ \/ _` | \ \ \ \
 \\/  ___)| |_)| | | | | || (_| |  ) ) ) )
  '  |____| .__|_| |_|_| |_\__, | / / / /
 =========|_|==============|___/=/_/_/_/

 :: Spring Boot ::               (v3.4.12)

2026-05-16T15:57:10.890+01:00  INFO 25220 --- [ReclamationService] [           main] t.m.r.ReclamationServiceApplication      : Starting ReclamationServiceApplication using Java 17.0.12 with PID 25220 (D:\school\3SDE1\PI3C-SDE2-2526\MatchMakers\Backend\ReclamationService\target\classes started by mayre in D:\school\3SDE1\PI3C-SDE2-2526\MatchMakers\Backend\ReclamationService)
2026-05-16T15:57:10.894+01:00  INFO 25220 --- [ReclamationService] [           main] t.m.r.ReclamationServiceApplication      : No active profile set, falling back to 1 default profile: "default"
2026-05-16T15:57:13.693+01:00  INFO 25220 --- [ReclamationService] [           main] .s.d.r.c.RepositoryConfigurationDelegate : Bootstrapping Spring Data MongoDB repositories in DEFAULT mode.
2026-05-16T15:57:14.257+01:00  INFO 25220 --- [ReclamationService] [           main] .s.d.r.c.RepositoryConfigurationDelegate : Finished Spring Data repository scanning in 541 ms. Found 2 MongoDB repository interfaces.
2026-05-16T15:57:17.465+01:00  INFO 25220 --- [ReclamationService] [           main] o.s.b.w.embedded.tomcat.TomcatWebServer  : Tomcat initialized with port 8082 (http)
2026-05-16T15:57:17.497+01:00  INFO 25220 --- [ReclamationService] [           main] o.apache.catalina.core.StandardService   : Starting service [Tomcat]
2026-05-16T15:57:17.498+01:00  INFO 25220 --- [ReclamationService] [           main] o.apache.catalina.core.StandardEngine    : Starting Servlet engine: [Apache Tomcat/10.1.49]
2026-05-16T15:57:17.672+01:00  INFO 25220 --- [ReclamationService] [           main] o.a.c.c.C.[.[localhost].[/reclamations]  : Initializing Spring embedded WebApplicationContext
2026-05-16T15:57:17.674+01:00  INFO 25220 --- [ReclamationService] [           main] w.s.c.ServletWebServerApplicationContext : Root WebApplicationContext: initialization completed in 6662 ms
2026-05-16T15:57:18.532+01:00  INFO 25220 --- [ReclamationService] [xsp.mongodb.net] org.mongodb.driver.cluster               : Adding discovered server ac-khxyvkv-shard-00-02.ltylxsp.mongodb.net:27017 to client view of cluster
2026-05-16T15:57:18.563+01:00  INFO 25220 --- [ReclamationService] [           main] org.mongodb.driver.client                : MongoClient with metadata {"driver": {"name": "mongo-java-driver|sync|spring-boot", "version": "5.2.1"}, "os": {"type": "Windows", "name": "Windows 11", "architecture": "amd64", "version": "10.0"}, "platform": "Java/Oracle Corporation/17.0.12+8-LTS-286"} created with settings MongoClientSettings{readPreference=primary, writeConcern=WriteConcern{w=null, wTimeout=null ms, journal=null}, retryWrites=true, retryReads=true, readConcern=ReadConcern{level=null}, credential=MongoCredential{mechanism=null, userName='elghalimeriem14_db_user', source='admin', password=<hidden>, mechanismProperties=<hidden>}, transportSettings=null, commandListeners=[], codecRegistry=ProvidersCodecRegistry{codecProviders=[ValueCodecProvider{}, BsonValueCodecProvider{}, DBRefCodecProvider{}, DBObjectCodecProvider{}, DocumentCodecProvider{}, CollectionCodecProvider{}, IterableCodecProvider{}, MapCodecProvider{}, GeoJsonCodecProvider{}, GridFSFileCodecProvider{}, Jsr310CodecProvider{}, JsonObjectCodecProvider{}, BsonCodecProvider{}, EnumCodecProvider{}, com.mongodb.client.model.mql.ExpressionCodecProvider@611b35d6, com.mongodb.Jep395RecordCodecProvider@2282400e, com.mongodb.KotlinCodecProvider@543d5863]}, loggerSettings=LoggerSettings{maxDocumentLength=1000}, clusterSettings={hosts=[127.0.0.1:27017], srvHost=clustermatchmakers.ltylxsp.mongodb.net, srvServiceName=mongodb, mode=MULTIPLE, requiredClusterType=REPLICA_SET, requiredReplicaSetName='atlas-6x6yvm-shard-0', serverSelector='null', clusterListeners='[]', serverSelectionTimeout='30000 ms', localThreshold='15 ms'}, socketSettings=SocketSettings{connectTimeoutMS=10000, readTimeoutMS=0, receiveBufferSize=0, proxySettings=ProxySettings{host=null, port=null, username=null, password=null}}, heartbeatSocketSettings=SocketSettings{connectTimeoutMS=10000, readTimeoutMS=10000, receiveBufferSize=0, proxySettings=ProxySettings{host=null, port=null, username=null, password=null}}, connectionPoolSettings=ConnectionPoolSettings{maxSize=100, minSize=0, maxWaitTimeMS=120000, maxConnectionLifeTimeMS=0, maxConnectionIdleTimeMS=0, maintenanceInitialDelayMS=0, maintenanceFrequencyMS=60000, connectionPoolListeners=[], maxConnecting=2}, serverSettings=ServerSettings{heartbeatFrequencyMS=10000, minHeartbeatFrequencyMS=500, serverMonitoringMode=AUTO, serverListeners='[]', serverMonitorListeners='[]'}, sslSettings=SslSettings{enabled=true, invalidHostNameAllowed=false, context=null}, applicationName='null', compressorList=[], uuidRepresentation=JAVA_LEGACY, serverApi=null, autoEncryptionSettings=null, dnsClient=null, inetAddressResolver=null, contextProvider=null, timeoutMS=null}
2026-05-16T15:57:18.577+01:00  INFO 25220 --- [ReclamationService] [xsp.mongodb.net] org.mongodb.driver.cluster               : Adding discovered server ac-khxyvkv-shard-00-00.ltylxsp.mongodb.net:27017 to client view of cluster
2026-05-16T15:57:18.583+01:00  INFO 25220 --- [ReclamationService] [xsp.mongodb.net] org.mongodb.driver.cluster               : Adding discovered server ac-khxyvkv-shard-00-01.ltylxsp.mongodb.net:27017 to client view of cluster
2026-05-16T15:57:19.631+01:00  INFO 25220 --- [ReclamationService] [ngodb.net:27017] org.mongodb.driver.cluster               : Monitor thread successfully connected to server with description ServerDescription{address=ac-khxyvkv-shard-00-01.ltylxsp.mongodb.net:27017, type=REPLICA_SET_PRIMARY, cryptd=false, state=CONNECTED, ok=true, minWireVersion=0, maxWireVersion=25, maxDocumentSize=16777216, logicalSessionTimeoutMinutes=30, roundTripTimeNanos=352951800, minRoundTripTimeNanos=0, setName='atlas-6x6yvm-shard-0', canonicalAddress=ac-khxyvkv-shard-00-01.ltylxsp.mongodb.net:27017, hosts=[ac-khxyvkv-shard-00-00.ltylxsp.mongodb.net:27017, ac-khxyvkv-shard-00-01.ltylxsp.mongodb.net:27017, ac-khxyvkv-shard-00-02.ltylxsp.mongodb.net:27017], passives=[], arbiters=[], primary='ac-khxyvkv-shard-00-01.ltylxsp.mongodb.net:27017', tagSet=TagSet{[Tag{name='availabilityZone', value='euw3-az2'}, Tag{name='cacheState', value='READY'}, Tag{name='diskState', value='READY'}, Tag{name='nodeType', value='ELECTABLE'}, Tag{name='provider', value='AWS'}, Tag{name='region', value='EU_WEST_3'}, Tag{name='workloadType', value='OPERATIONAL'}]}, electionId=7fffffff0000000000000069, setVersion=36, topologyVersion=TopologyVersion{processId=69fe370e7afba3a6519b2508, counter=6}, lastWriteDate=Sat May 16 15:57:19 WAT 2026, lastUpdateTimeNanos=21136589043300}
2026-05-16T15:57:19.631+01:00  INFO 25220 --- [ReclamationService] [ngodb.net:27017] org.mongodb.driver.cluster               : Monitor thread successfully connected to server with description ServerDescription{address=ac-khxyvkv-shard-00-02.ltylxsp.mongodb.net:27017, type=REPLICA_SET_SECONDARY, cryptd=false, state=CONNECTED, ok=true, minWireVersion=0, maxWireVersion=25, maxDocumentSize=16777216, logicalSessionTimeoutMinutes=30, roundTripTimeNanos=352959800, minRoundTripTimeNanos=0, setName='atlas-6x6yvm-shard-0', canonicalAddress=ac-khxyvkv-shard-00-02.ltylxsp.mongodb.net:27017, hosts=[ac-khxyvkv-shard-00-00.ltylxsp.mongodb.net:27017, ac-khxyvkv-shard-00-01.ltylxsp.mongodb.net:27017, ac-khxyvkv-shard-00-02.ltylxsp.mongodb.net:27017], passives=[], arbiters=[], primary='ac-khxyvkv-shard-00-01.ltylxsp.mongodb.net:27017', tagSet=TagSet{[Tag{name='availabilityZone', value='euw3-az3'}, Tag{name='cacheState', value='READY'}, Tag{name='diskState', value='READY'}, Tag{name='nodeType', value='ELECTABLE'}, Tag{name='provider', value='AWS'}, Tag{name='region', value='EU_WEST_3'}, Tag{name='workloadType', value='OPERATIONAL'}]}, electionId=null, setVersion=36, topologyVersion=TopologyVersion{processId=69fe3974932517ad87b461cb, counter=3}, lastWriteDate=Sat May 16 15:57:19 WAT 2026, lastUpdateTimeNanos=21136589043400}
2026-05-16T15:57:19.631+01:00  INFO 25220 --- [ReclamationService] [ngodb.net:27017] org.mongodb.driver.cluster               : Monitor thread successfully connected to server with description ServerDescription{address=ac-khxyvkv-shard-00-00.ltylxsp.mongodb.net:27017, type=REPLICA_SET_SECONDARY, cryptd=false, state=CONNECTED, ok=true, minWireVersion=0, maxWireVersion=25, maxDocumentSize=16777216, logicalSessionTimeoutMinutes=30, roundTripTimeNanos=353369000, minRoundTripTimeNanos=0, setName='atlas-6x6yvm-shard-0', canonicalAddress=ac-khxyvkv-shard-00-00.ltylxsp.mongodb.net:27017, hosts=[ac-khxyvkv-shard-00-00.ltylxsp.mongodb.net:27017, ac-khxyvkv-shard-00-01.ltylxsp.mongodb.net:27017, ac-khxyvkv-shard-00-02.ltylxsp.mongodb.net:27017], passives=[], arbiters=[], primary='ac-khxyvkv-shard-00-01.ltylxsp.mongodb.net:27017', tagSet=TagSet{[Tag{name='availabilityZone', value='euw3-az1'}, Tag{name='cacheState', value='READY'}, Tag{name='diskState', value='READY'}, Tag{name='nodeType', value='ELECTABLE'}, Tag{name='provider', value='AWS'}, Tag{name='region', value='EU_WEST_3'}, Tag{name='workloadType', value='OPERATIONAL'}]}, electionId=null, setVersion=36, topologyVersion=TopologyVersion{processId=69fe3480bce649a00b1f6b90, counter=4}, lastWriteDate=Sat May 16 15:57:19 WAT 2026, lastUpdateTimeNanos=21136589389700}
2026-05-16T15:57:19.637+01:00  INFO 25220 --- [ReclamationService] [ngodb.net:27017] org.mongodb.driver.cluster               : Discovered replica set primary ac-khxyvkv-shard-00-01.ltylxsp.mongodb.net:27017 with max election id 7fffffff0000000000000069 and max set version 36
2026-05-16T15:57:19.960+01:00  INFO 25220 --- [ReclamationService] [           main] o.s.v.b.OptionalValidatorFactoryBean     : Failed to set up a Bean Validation provider: jakarta.validation.NoProviderFoundException: Unable to create a Configuration, because no Jakarta Bean Validation provider could be found. Add a provider like Hibernate Validator (RI) to your classpath.
2026-05-16T15:57:22.020+01:00  INFO 25220 --- [ReclamationService] [           main] o.s.b.w.embedded.tomcat.TomcatWebServer  : Tomcat started on port 8082 (http) with context path '/reclamations'
2026-05-16T15:57:22.039+01:00  INFO 25220 --- [ReclamationService] [           main] t.m.r.ReclamationServiceApplication      : Started ReclamationServiceApplication in 15.476 seconds (process running for 25.271)
2026-05-16T16:02:36.999+01:00  INFO 25220 --- [ReclamationService] [ngodb.net:27017] org.mongodb.driver.cluster               : Exception in monitor thread while connecting to server ac-khxyvkv-shard-00-01.ltylxsp.mongodb.net:27017

com.mongodb.MongoSocketReadException: Exception receiving message
	at com.mongodb.internal.connection.InternalStreamConnection.translateReadException(InternalStreamConnection.java:814) ~[mongodb-driver-core-5.2.1.jar:na]
	at com.mongodb.internal.connection.InternalStreamConnection.receiveResponseBuffers(InternalStreamConnection.java:862) ~[mongodb-driver-core-5.2.1.jar:na]
	at com.mongodb.internal.connection.InternalStreamConnection.receiveCommandMessageResponse(InternalStreamConnection.java:517) ~[mongodb-driver-core-5.2.1.jar:na]
	at com.mongodb.internal.connection.InternalStreamConnection.receive(InternalStreamConnection.java:469) ~[mongodb-driver-core-5.2.1.jar:na]
	at com.mongodb.internal.connection.DefaultServerMonitor$ServerMonitor.lookupServerDescription(DefaultServerMonitor.java:249) ~[mongodb-driver-core-5.2.1.jar:na]
	at com.mongodb.internal.connection.DefaultServerMonitor$ServerMonitor.run(DefaultServerMonitor.java:176) ~[mongodb-driver-core-5.2.1.jar:na]
Caused by: java.net.SocketException: Connection reset
	at java.base/sun.nio.ch.NioSocketImpl.implRead(NioSocketImpl.java:328) ~[na:na]
	at java.base/sun.nio.ch.NioSocketImpl.read(NioSocketImpl.java:355) ~[na:na]
	at java.base/sun.nio.ch.NioSocketImpl$1.read(NioSocketImpl.java:808) ~[na:na]
	at java.base/java.net.Socket$SocketInputStream.read(Socket.java:966) ~[na:na]
	at java.base/sun.security.ssl.SSLSocketInputRecord.read(SSLSocketInputRecord.java:484) ~[na:na]
	at java.base/sun.security.ssl.SSLSocketInputRecord.readHeader(SSLSocketInputRecord.java:478) ~[na:na]
	at java.base/sun.security.ssl.SSLSocketInputRecord.bytesInCompletePacket(SSLSocketInputRecord.java:70) ~[na:na]
	at java.base/sun.security.ssl.SSLSocketImpl.readApplicationRecord(SSLSocketImpl.java:1461) ~[na:na]
	at java.base/sun.security.ssl.SSLSocketImpl$AppInputStream.read(SSLSocketImpl.java:1065) ~[na:na]
	at com.mongodb.internal.connection.SocketStream.read(SocketStream.java:182) ~[mongodb-driver-core-5.2.1.jar:na]
	at com.mongodb.internal.connection.InternalStreamConnection.receiveResponseBuffers(InternalStreamConnection.java:829) ~[mongodb-driver-core-5.2.1.jar:na]
	... 4 common frames omitted

2026-05-16T16:02:37.000+01:00  INFO 25220 --- [ReclamationService] [ngodb.net:27017] org.mongodb.driver.cluster               : Exception in monitor thread while connecting to server ac-khxyvkv-shard-00-02.ltylxsp.mongodb.net:27017

com.mongodb.MongoSocketReadException: Exception receiving message
	at com.mongodb.internal.connection.InternalStreamConnection.translateReadException(InternalStreamConnection.java:814) ~[mongodb-driver-core-5.2.1.jar:na]
	at com.mongodb.internal.connection.InternalStreamConnection.receiveResponseBuffers(InternalStreamConnection.java:862) ~[mongodb-driver-core-5.2.1.jar:na]
	at com.mongodb.internal.connection.InternalStreamConnection.receiveCommandMessageResponse(InternalStreamConnection.java:517) ~[mongodb-driver-core-5.2.1.jar:na]
	at com.mongodb.internal.connection.InternalStreamConnection.receive(InternalStreamConnection.java:469) ~[mongodb-driver-core-5.2.1.jar:na]
	at com.mongodb.internal.connection.DefaultServerMonitor$ServerMonitor.lookupServerDescription(DefaultServerMonitor.java:249) ~[mongodb-driver-core-5.2.1.jar:na]
	at com.mongodb.internal.connection.DefaultServerMonitor$ServerMonitor.run(DefaultServerMonitor.java:176) ~[mongodb-driver-core-5.2.1.jar:na]
Caused by: java.net.SocketException: Connection reset
	at java.base/sun.nio.ch.NioSocketImpl.implRead(NioSocketImpl.java:328) ~[na:na]
	at java.base/sun.nio.ch.NioSocketImpl.read(NioSocketImpl.java:355) ~[na:na]
	at java.base/sun.nio.ch.NioSocketImpl$1.read(NioSocketImpl.java:808) ~[na:na]
	at java.base/java.net.Socket$SocketInputStream.read(Socket.java:966) ~[na:na]
	at java.base/sun.security.ssl.SSLSocketInputRecord.read(SSLSocketInputRecord.java:484) ~[na:na]
	at java.base/sun.security.ssl.SSLSocketInputRecord.readHeader(SSLSocketInputRecord.java:478) ~[na:na]
	at java.base/sun.security.ssl.SSLSocketInputRecord.bytesInCompletePacket(SSLSocketInputRecord.java:70) ~[na:na]
	at java.base/sun.security.ssl.SSLSocketImpl.readApplicationRecord(SSLSocketImpl.java:1461) ~[na:na]
	at java.base/sun.security.ssl.SSLSocketImpl$AppInputStream.read(SSLSocketImpl.java:1065) ~[na:na]
	at com.mongodb.internal.connection.SocketStream.read(SocketStream.java:182) ~[mongodb-driver-core-5.2.1.jar:na]
	at com.mongodb.internal.connection.InternalStreamConnection.receiveResponseBuffers(InternalStreamConnection.java:829) ~[mongodb-driver-core-5.2.1.jar:na]
	... 4 common frames omitted

2026-05-16T16:02:37.080+01:00  INFO 25220 --- [ReclamationService] [ngodb.net:27017] org.mongodb.driver.cluster               : Exception in monitor thread while connecting to server ac-khxyvkv-shard-00-00.ltylxsp.mongodb.net:27017

com.mongodb.MongoSocketReadException: Exception receiving message
	at com.mongodb.internal.connection.InternalStreamConnection.translateReadException(InternalStreamConnection.java:814) ~[mongodb-driver-core-5.2.1.jar:na]
	at com.mongodb.internal.connection.InternalStreamConnection.receiveResponseBuffers(InternalStreamConnection.java:862) ~[mongodb-driver-core-5.2.1.jar:na]
	at com.mongodb.internal.connection.InternalStreamConnection.receiveCommandMessageResponse(InternalStreamConnection.java:517) ~[mongodb-driver-core-5.2.1.jar:na]
	at com.mongodb.internal.connection.InternalStreamConnection.receive(InternalStreamConnection.java:469) ~[mongodb-driver-core-5.2.1.jar:na]
	at com.mongodb.internal.connection.DefaultServerMonitor$ServerMonitor.lookupServerDescription(DefaultServerMonitor.java:249) ~[mongodb-driver-core-5.2.1.jar:na]
	at com.mongodb.internal.connection.DefaultServerMonitor$ServerMonitor.run(DefaultServerMonitor.java:176) ~[mongodb-driver-core-5.2.1.jar:na]
Caused by: java.net.SocketException: Connection reset
	at java.base/sun.nio.ch.NioSocketImpl.implRead(NioSocketImpl.java:328) ~[na:na]
	at java.base/sun.nio.ch.NioSocketImpl.read(NioSocketImpl.java:355) ~[na:na]
	at java.base/sun.nio.ch.NioSocketImpl$1.read(NioSocketImpl.java:808) ~[na:na]
	at java.base/java.net.Socket$SocketInputStream.read(Socket.java:966) ~[na:na]
	at java.base/sun.security.ssl.SSLSocketInputRecord.read(SSLSocketInputRecord.java:484) ~[na:na]
	at java.base/sun.security.ssl.SSLSocketInputRecord.readHeader(SSLSocketInputRecord.java:478) ~[na:na]
	at java.base/sun.security.ssl.SSLSocketInputRecord.bytesInCompletePacket(SSLSocketInputRecord.java:70) ~[na:na]
	at java.base/sun.security.ssl.SSLSocketImpl.readApplicationRecord(SSLSocketImpl.java:1461) ~[na:na]
	at java.base/sun.security.ssl.SSLSocketImpl$AppInputStream.read(SSLSocketImpl.java:1065) ~[na:na]
	at com.mongodb.internal.connection.SocketStream.read(SocketStream.java:182) ~[mongodb-driver-core-5.2.1.jar:na]
	at com.mongodb.internal.connection.InternalStreamConnection.receiveResponseBuffers(InternalStreamConnection.java:829) ~[mongodb-driver-core-5.2.1.jar:na]
	... 4 common frames omitted

2026-05-16T16:02:37.677+01:00  INFO 25220 --- [ReclamationService] [ngodb.net:27017] org.mongodb.driver.cluster               : Exception in monitor thread while connecting to server ac-khxyvkv-shard-00-00.ltylxsp.mongodb.net:27017

com.mongodb.MongoSocketException: Hôte inconnu (ac-khxyvkv-shard-00-00.ltylxsp.mongodb.net)
	at com.mongodb.internal.connection.ServerAddressHelper.getSocketAddresses(ServerAddressHelper.java:75) ~[mongodb-driver-core-5.2.1.jar:na]
	at com.mongodb.internal.connection.SocketStream.initializeSocket(SocketStream.java:100) ~[mongodb-driver-core-5.2.1.jar:na]
	at com.mongodb.internal.connection.SocketStream.open(SocketStream.java:79) ~[mongodb-driver-core-5.2.1.jar:na]
	at com.mongodb.internal.connection.InternalStreamConnection.open(InternalStreamConnection.java:233) ~[mongodb-driver-core-5.2.1.jar:na]
	at com.mongodb.internal.connection.DefaultServerMonitor$ServerMonitor.lookupServerDescription(DefaultServerMonitor.java:219) ~[mongodb-driver-core-5.2.1.jar:na]
	at com.mongodb.internal.connection.DefaultServerMonitor$ServerMonitor.run(DefaultServerMonitor.java:176) ~[mongodb-driver-core-5.2.1.jar:na]
Caused by: java.net.UnknownHostException: Hôte inconnu (ac-khxyvkv-shard-00-00.ltylxsp.mongodb.net)
	at java.base/java.net.Inet6AddressImpl.lookupAllHostAddr(Native Method) ~[na:na]
	at java.base/java.net.InetAddress$PlatformNameService.lookupAllHostAddr(InetAddress.java:933) ~[na:na]
	at java.base/java.net.InetAddress.getAddressesFromNameService(InetAddress.java:1543) ~[na:na]
	at java.base/java.net.InetAddress$NameServiceAddresses.get(InetAddress.java:852) ~[na:na]
	at java.base/java.net.InetAddress.getAllByName0(InetAddress.java:1532) ~[na:na]
	at java.base/java.net.InetAddress.getAllByName(InetAddress.java:1384) ~[na:na]
	at java.base/java.net.InetAddress.getAllByName(InetAddress.java:1305) ~[na:na]
	at com.mongodb.internal.connection.DefaultInetAddressResolver.lookupByName(DefaultInetAddressResolver.java:34) ~[mongodb-driver-core-5.2.1.jar:na]
	at com.mongodb.internal.connection.ServerAddressHelper.getSocketAddresses(ServerAddressHelper.java:71) ~[mongodb-driver-core-5.2.1.jar:na]
	... 5 common frames omitted

2026-05-16T16:02:37.684+01:00  INFO 25220 --- [ReclamationService] [ngodb.net:27017] org.mongodb.driver.cluster               : Exception in monitor thread while connecting to server ac-khxyvkv-shard-00-02.ltylxsp.mongodb.net:27017

com.mongodb.MongoSocketException: Hôte inconnu (ac-khxyvkv-shard-00-02.ltylxsp.mongodb.net)
	at com.mongodb.internal.connection.ServerAddressHelper.getSocketAddresses(ServerAddressHelper.java:75) ~[mongodb-driver-core-5.2.1.jar:na]
	at com.mongodb.internal.connection.SocketStream.initializeSocket(SocketStream.java:100) ~[mongodb-driver-core-5.2.1.jar:na]
	at com.mongodb.internal.connection.SocketStream.open(SocketStream.java:79) ~[mongodb-driver-core-5.2.1.jar:na]
	at com.mongodb.internal.connection.InternalStreamConnection.open(InternalStreamConnection.java:233) ~[mongodb-driver-core-5.2.1.jar:na]
	at com.mongodb.internal.connection.DefaultServerMonitor$ServerMonitor.lookupServerDescription(DefaultServerMonitor.java:219) ~[mongodb-driver-core-5.2.1.jar:na]
	at com.mongodb.internal.connection.DefaultServerMonitor$ServerMonitor.run(DefaultServerMonitor.java:176) ~[mongodb-driver-core-5.2.1.jar:na]
Caused by: java.net.UnknownHostException: Hôte inconnu (ac-khxyvkv-shard-00-02.ltylxsp.mongodb.net)
	at java.base/java.net.Inet6AddressImpl.lookupAllHostAddr(Native Method) ~[na:na]
	at java.base/java.net.InetAddress$PlatformNameService.lookupAllHostAddr(InetAddress.java:933) ~[na:na]
	at java.base/java.net.InetAddress.getAddressesFromNameService(InetAddress.java:1543) ~[na:na]
	at java.base/java.net.InetAddress$NameServiceAddresses.get(InetAddress.java:852) ~[na:na]
	at java.base/java.net.InetAddress.getAllByName0(InetAddress.java:1532) ~[na:na]
	at java.base/java.net.InetAddress.getAllByName(InetAddress.java:1384) ~[na:na]
	at java.base/java.net.InetAddress.getAllByName(InetAddress.java:1305) ~[na:na]
	at com.mongodb.internal.connection.DefaultInetAddressResolver.lookupByName(DefaultInetAddressResolver.java:34) ~[mongodb-driver-core-5.2.1.jar:na]
	at com.mongodb.internal.connection.ServerAddressHelper.getSocketAddresses(ServerAddressHelper.java:71) ~[mongodb-driver-core-5.2.1.jar:na]
	... 5 common frames omitted

2026-05-16T16:02:37.709+01:00  INFO 25220 --- [ReclamationService] [ngodb.net:27017] org.mongodb.driver.cluster               : Exception in monitor thread while connecting to server ac-khxyvkv-shard-00-01.ltylxsp.mongodb.net:27017

com.mongodb.MongoSocketException: Hôte inconnu (ac-khxyvkv-shard-00-01.ltylxsp.mongodb.net)
	at com.mongodb.internal.connection.ServerAddressHelper.getSocketAddresses(ServerAddressHelper.java:75) ~[mongodb-driver-core-5.2.1.jar:na]
	at com.mongodb.internal.connection.SocketStream.initializeSocket(SocketStream.java:100) ~[mongodb-driver-core-5.2.1.jar:na]
	at com.mongodb.internal.connection.SocketStream.open(SocketStream.java:79) ~[mongodb-driver-core-5.2.1.jar:na]
	at com.mongodb.internal.connection.InternalStreamConnection.open(InternalStreamConnection.java:233) ~[mongodb-driver-core-5.2.1.jar:na]
	at com.mongodb.internal.connection.DefaultServerMonitor$ServerMonitor.lookupServerDescription(DefaultServerMonitor.java:219) ~[mongodb-driver-core-5.2.1.jar:na]
	at com.mongodb.internal.connection.DefaultServerMonitor$ServerMonitor.run(DefaultServerMonitor.java:176) ~[mongodb-driver-core-5.2.1.jar:na]
Caused by: java.net.UnknownHostException: Hôte inconnu (ac-khxyvkv-shard-00-01.ltylxsp.mongodb.net)
	at java.base/java.net.Inet6AddressImpl.lookupAllHostAddr(Native Method) ~[na:na]
	at java.base/java.net.InetAddress$PlatformNameService.lookupAllHostAddr(InetAddress.java:933) ~[na:na]
	at java.base/java.net.InetAddress.getAddressesFromNameService(InetAddress.java:1543) ~[na:na]
	at java.base/java.net.InetAddress$NameServiceAddresses.get(InetAddress.java:852) ~[na:na]
	at java.base/java.net.InetAddress.getAllByName0(InetAddress.java:1532) ~[na:na]
	at java.base/java.net.InetAddress.getAllByName(InetAddress.java:1384) ~[na:na]
	at java.base/java.net.InetAddress.getAllByName(InetAddress.java:1305) ~[na:na]
	at com.mongodb.internal.connection.DefaultInetAddressResolver.lookupByName(DefaultInetAddressResolver.java:34) ~[mongodb-driver-core-5.2.1.jar:na]
	at com.mongodb.internal.connection.ServerAddressHelper.getSocketAddresses(ServerAddressHelper.java:71) ~[mongodb-driver-core-5.2.1.jar:na]
	... 5 common frames omitted

2026-05-16T21:35:39.404+01:00  INFO 25220 --- [ReclamationService] [ngodb.net:27017] org.mongodb.driver.cluster               : Exception in monitor thread while connecting to server ac-khxyvkv-shard-00-00.ltylxsp.mongodb.net:27017

com.mongodb.MongoSocketException: ac-khxyvkv-shard-00-00.ltylxsp.mongodb.net
	at com.mongodb.internal.connection.ServerAddressHelper.getSocketAddresses(ServerAddressHelper.java:75) ~[mongodb-driver-core-5.2.1.jar:na]
	at com.mongodb.internal.connection.SocketStream.initializeSocket(SocketStream.java:100) ~[mongodb-driver-core-5.2.1.jar:na]
	at com.mongodb.internal.connection.SocketStream.open(SocketStream.java:79) ~[mongodb-driver-core-5.2.1.jar:na]
	at com.mongodb.internal.connection.InternalStreamConnection.open(InternalStreamConnection.java:233) ~[mongodb-driver-core-5.2.1.jar:na]
	at com.mongodb.internal.connection.DefaultServerMonitor$ServerMonitor.lookupServerDescription(DefaultServerMonitor.java:219) ~[mongodb-driver-core-5.2.1.jar:na]
	at com.mongodb.internal.connection.DefaultServerMonitor$ServerMonitor.run(DefaultServerMonitor.java:176) ~[mongodb-driver-core-5.2.1.jar:na]
Caused by: java.net.UnknownHostException: ac-khxyvkv-shard-00-00.ltylxsp.mongodb.net
	at java.base/java.net.InetAddress$CachedAddresses.get(InetAddress.java:801) ~[na:na]
	at java.base/java.net.InetAddress.getAllByName0(InetAddress.java:1532) ~[na:na]
	at java.base/java.net.InetAddress.getAllByName(InetAddress.java:1384) ~[na:na]
	at java.base/java.net.InetAddress.getAllByName(InetAddress.java:1305) ~[na:na]
	at com.mongodb.internal.connection.DefaultInetAddressResolver.lookupByName(DefaultInetAddressResolver.java:34) ~[mongodb-driver-core-5.2.1.jar:na]
	at com.mongodb.internal.connection.ServerAddressHelper.getSocketAddresses(ServerAddressHelper.java:71) ~[mongodb-driver-core-5.2.1.jar:na]
	... 5 common frames omitted

2026-05-16T21:35:39.416+01:00  INFO 25220 --- [ReclamationService] [ngodb.net:27017] org.mongodb.driver.cluster               : Exception in monitor thread while connecting to server ac-khxyvkv-shard-00-01.ltylxsp.mongodb.net:27017

com.mongodb.MongoSocketException: ac-khxyvkv-shard-00-01.ltylxsp.mongodb.net
	at com.mongodb.internal.connection.ServerAddressHelper.getSocketAddresses(ServerAddressHelper.java:75) ~[mongodb-driver-core-5.2.1.jar:na]
	at com.mongodb.internal.connection.SocketStream.initializeSocket(SocketStream.java:100) ~[mongodb-driver-core-5.2.1.jar:na]
	at com.mongodb.internal.connection.SocketStream.open(SocketStream.java:79) ~[mongodb-driver-core-5.2.1.jar:na]
	at com.mongodb.internal.connection.InternalStreamConnection.open(InternalStreamConnection.java:233) ~[mongodb-driver-core-5.2.1.jar:na]
	at com.mongodb.internal.connection.DefaultServerMonitor$ServerMonitor.lookupServerDescription(DefaultServerMonitor.java:219) ~[mongodb-driver-core-5.2.1.jar:na]
	at com.mongodb.internal.connection.DefaultServerMonitor$ServerMonitor.run(DefaultServerMonitor.java:176) ~[mongodb-driver-core-5.2.1.jar:na]
Caused by: java.net.UnknownHostException: ac-khxyvkv-shard-00-01.ltylxsp.mongodb.net
	at java.base/java.net.InetAddress$CachedAddresses.get(InetAddress.java:801) ~[na:na]
	at java.base/java.net.InetAddress.getAllByName0(InetAddress.java:1532) ~[na:na]
	at java.base/java.net.InetAddress.getAllByName(InetAddress.java:1384) ~[na:na]
	at java.base/java.net.InetAddress.getAllByName(InetAddress.java:1305) ~[na:na]
	at com.mongodb.internal.connection.DefaultInetAddressResolver.lookupByName(DefaultInetAddressResolver.java:34) ~[mongodb-driver-core-5.2.1.jar:na]
	at com.mongodb.internal.connection.ServerAddressHelper.getSocketAddresses(ServerAddressHelper.java:71) ~[mongodb-driver-core-5.2.1.jar:na]
	... 5 common frames omitted

2026-05-16T21:35:39.404+01:00  INFO 25220 --- [ReclamationService] [ngodb.net:27017] org.mongodb.driver.cluster               : Exception in monitor thread while connecting to server ac-khxyvkv-shard-00-02.ltylxsp.mongodb.net:27017

com.mongodb.MongoSocketException: ac-khxyvkv-shard-00-02.ltylxsp.mongodb.net
	at com.mongodb.internal.connection.ServerAddressHelper.getSocketAddresses(ServerAddressHelper.java:75) ~[mongodb-driver-core-5.2.1.jar:na]
	at com.mongodb.internal.connection.SocketStream.initializeSocket(SocketStream.java:100) ~[mongodb-driver-core-5.2.1.jar:na]
	at com.mongodb.internal.connection.SocketStream.open(SocketStream.java:79) ~[mongodb-driver-core-5.2.1.jar:na]
	at com.mongodb.internal.connection.InternalStreamConnection.open(InternalStreamConnection.java:233) ~[mongodb-driver-core-5.2.1.jar:na]
	at com.mongodb.internal.connection.DefaultServerMonitor$ServerMonitor.lookupServerDescription(DefaultServerMonitor.java:219) ~[mongodb-driver-core-5.2.1.jar:na]
	at com.mongodb.internal.connection.DefaultServerMonitor$ServerMonitor.run(DefaultServerMonitor.java:176) ~[mongodb-driver-core-5.2.1.jar:na]
Caused by: java.net.UnknownHostException: ac-khxyvkv-shard-00-02.ltylxsp.mongodb.net
	at java.base/java.net.InetAddress$CachedAddresses.get(InetAddress.java:801) ~[na:na]
	at java.base/java.net.InetAddress.getAllByName0(InetAddress.java:1532) ~[na:na]
	at java.base/java.net.InetAddress.getAllByName(InetAddress.java:1384) ~[na:na]
	at java.base/java.net.InetAddress.getAllByName(InetAddress.java:1305) ~[na:na]
	at com.mongodb.internal.connection.DefaultInetAddressResolver.lookupByName(DefaultInetAddressResolver.java:34) ~[mongodb-driver-core-5.2.1.jar:na]
	at com.mongodb.internal.connection.ServerAddressHelper.getSocketAddresses(ServerAddressHelper.java:71) ~[mongodb-driver-core-5.2.1.jar:na]
	... 5 common frames omitted

2026-05-16T21:35:49.413+01:00  INFO 25220 --- [ReclamationService] [ngodb.net:27017] org.mongodb.driver.cluster               : Exception in monitor thread while connecting to server ac-khxyvkv-shard-00-00.ltylxsp.mongodb.net:27017

com.mongodb.MongoSocketException: Hôte inconnu (ac-khxyvkv-shard-00-00.ltylxsp.mongodb.net)
	at com.mongodb.internal.connection.ServerAddressHelper.getSocketAddresses(ServerAddressHelper.java:75) ~[mongodb-driver-core-5.2.1.jar:na]
	at com.mongodb.internal.connection.SocketStream.initializeSocket(SocketStream.java:100) ~[mongodb-driver-core-5.2.1.jar:na]
	at com.mongodb.internal.connection.SocketStream.open(SocketStream.java:79) ~[mongodb-driver-core-5.2.1.jar:na]
	at com.mongodb.internal.connection.InternalStreamConnection.open(InternalStreamConnection.java:233) ~[mongodb-driver-core-5.2.1.jar:na]
	at com.mongodb.internal.connection.DefaultServerMonitor$ServerMonitor.lookupServerDescription(DefaultServerMonitor.java:219) ~[mongodb-driver-core-5.2.1.jar:na]
	at com.mongodb.internal.connection.DefaultServerMonitor$ServerMonitor.run(DefaultServerMonitor.java:176) ~[mongodb-driver-core-5.2.1.jar:na]
Caused by: java.net.UnknownHostException: Hôte inconnu (ac-khxyvkv-shard-00-00.ltylxsp.mongodb.net)
	at java.base/java.net.Inet6AddressImpl.lookupAllHostAddr(Native Method) ~[na:na]
	at java.base/java.net.InetAddress$PlatformNameService.lookupAllHostAddr(InetAddress.java:933) ~[na:na]
	at java.base/java.net.InetAddress.getAddressesFromNameService(InetAddress.java:1543) ~[na:na]
	at java.base/java.net.InetAddress$NameServiceAddresses.get(InetAddress.java:852) ~[na:na]
	at java.base/java.net.InetAddress.getAllByName0(InetAddress.java:1532) ~[na:na]
	at java.base/java.net.InetAddress.getAllByName(InetAddress.java:1384) ~[na:na]
	at java.base/java.net.InetAddress.getAllByName(InetAddress.java:1305) ~[na:na]
	at com.mongodb.internal.connection.DefaultInetAddressResolver.lookupByName(DefaultInetAddressResolver.java:34) ~[mongodb-driver-core-5.2.1.jar:na]
	at com.mongodb.internal.connection.ServerAddressHelper.getSocketAddresses(ServerAddressHelper.java:71) ~[mongodb-driver-core-5.2.1.jar:na]
	... 5 common frames omitted

2026-05-16T21:36:00.688+01:00  INFO 25220 --- [ReclamationService] [ngodb.net:27017] org.mongodb.driver.cluster               : Monitor thread successfully connected to server with description ServerDescription{address=ac-khxyvkv-shard-00-00.ltylxsp.mongodb.net:27017, type=REPLICA_SET_SECONDARY, cryptd=false, state=CONNECTED, ok=true, minWireVersion=0, maxWireVersion=25, maxDocumentSize=16777216, logicalSessionTimeoutMinutes=30, roundTripTimeNanos=1055657600, minRoundTripTimeNanos=0, setName='atlas-6x6yvm-shard-0', canonicalAddress=ac-khxyvkv-shard-00-00.ltylxsp.mongodb.net:27017, hosts=[ac-khxyvkv-shard-00-00.ltylxsp.mongodb.net:27017, ac-khxyvkv-shard-00-01.ltylxsp.mongodb.net:27017, ac-khxyvkv-shard-00-02.ltylxsp.mongodb.net:27017], passives=[], arbiters=[], primary='ac-khxyvkv-shard-00-01.ltylxsp.mongodb.net:27017', tagSet=TagSet{[Tag{name='availabilityZone', value='euw3-az1'}, Tag{name='cacheState', value='READY'}, Tag{name='diskState', value='READY'}, Tag{name='nodeType', value='ELECTABLE'}, Tag{name='provider', value='AWS'}, Tag{name='region', value='EU_WEST_3'}, Tag{name='workloadType', value='OPERATIONAL'}]}, electionId=null, setVersion=36, topologyVersion=TopologyVersion{processId=69fe3480bce649a00b1f6b90, counter=4}, lastWriteDate=Sat May 16 21:36:00 WAT 2026, lastUpdateTimeNanos=41466492766200}
2026-05-16T21:36:00.688+01:00  INFO 25220 --- [ReclamationService] [ngodb.net:27017] org.mongodb.driver.cluster               : Monitor thread successfully connected to server with description ServerDescription{address=ac-khxyvkv-shard-00-01.ltylxsp.mongodb.net:27017, type=REPLICA_SET_PRIMARY, cryptd=false, state=CONNECTED, ok=true, minWireVersion=0, maxWireVersion=25, maxDocumentSize=16777216, logicalSessionTimeoutMinutes=30, roundTripTimeNanos=1028834000, minRoundTripTimeNanos=0, setName='atlas-6x6yvm-shard-0', canonicalAddress=ac-khxyvkv-shard-00-01.ltylxsp.mongodb.net:27017, hosts=[ac-khxyvkv-shard-00-00.ltylxsp.mongodb.net:27017, ac-khxyvkv-shard-00-01.ltylxsp.mongodb.net:27017, ac-khxyvkv-shard-00-02.ltylxsp.mongodb.net:27017], passives=[], arbiters=[], primary='ac-khxyvkv-shard-00-01.ltylxsp.mongodb.net:27017', tagSet=TagSet{[Tag{name='availabilityZone', value='euw3-az2'}, Tag{name='cacheState', value='READY'}, Tag{name='diskState', value='READY'}, Tag{name='nodeType', value='ELECTABLE'}, Tag{name='provider', value='AWS'}, Tag{name='region', value='EU_WEST_3'}, Tag{name='workloadType', value='OPERATIONAL'}]}, electionId=7fffffff0000000000000069, setVersion=36, topologyVersion=TopologyVersion{processId=69fe370e7afba3a6519b2508, counter=6}, lastWriteDate=Sat May 16 21:36:00 WAT 2026, lastUpdateTimeNanos=41466511022900}
2026-05-16T21:36:00.688+01:00  INFO 25220 --- [ReclamationService] [ngodb.net:27017] org.mongodb.driver.cluster               : Monitor thread successfully connected to server with description ServerDescription{address=ac-khxyvkv-shard-00-02.ltylxsp.mongodb.net:27017, type=REPLICA_SET_SECONDARY, cryptd=false, state=CONNECTED, ok=true, minWireVersion=0, maxWireVersion=25, maxDocumentSize=16777216, logicalSessionTimeoutMinutes=30, roundTripTimeNanos=1028833900, minRoundTripTimeNanos=0, setName='atlas-6x6yvm-shard-0', canonicalAddress=ac-khxyvkv-shard-00-02.ltylxsp.mongodb.net:27017, hosts=[ac-khxyvkv-shard-00-00.ltylxsp.mongodb.net:27017, ac-khxyvkv-shard-00-01.ltylxsp.mongodb.net:27017, ac-khxyvkv-shard-00-02.ltylxsp.mongodb.net:27017], passives=[], arbiters=[], primary='ac-khxyvkv-shard-00-01.ltylxsp.mongodb.net:27017', tagSet=TagSet{[Tag{name='availabilityZone', value='euw3-az3'}, Tag{name='cacheState', value='READY'}, Tag{name='diskState', value='READY'}, Tag{name='nodeType', value='ELECTABLE'}, Tag{name='provider', value='AWS'}, Tag{name='region', value='EU_WEST_3'}, Tag{name='workloadType', value='OPERATIONAL'}]}, electionId=null, setVersion=36, topologyVersion=TopologyVersion{processId=69fe3974932517ad87b461cb, counter=3}, lastWriteDate=Sat May 16 21:36:00 WAT 2026, lastUpdateTimeNanos=41466511022900}
2026-05-16T21:36:00.876+01:00  INFO 25220 --- [ReclamationService] [ngodb.net:27017] org.mongodb.driver.cluster               : Discovered replica set primary ac-khxyvkv-shard-00-01.ltylxsp.mongodb.net:27017 with max election id 7fffffff0000000000000069 and max set version 36
2026-05-17T03:43:45.426+01:00  INFO 25220 --- [ReclamationService] [ngodb.net:27017] org.mongodb.driver.cluster               : Exception in monitor thread while connecting to server ac-khxyvkv-shard-00-00.ltylxsp.mongodb.net:27017

com.mongodb.MongoSocketReadException: Exception receiving message
	at com.mongodb.internal.connection.InternalStreamConnection.translateReadException(InternalStreamConnection.java:814) ~[mongodb-driver-core-5.2.1.jar:na]
	at com.mongodb.internal.connection.InternalStreamConnection.receiveResponseBuffers(InternalStreamConnection.java:862) ~[mongodb-driver-core-5.2.1.jar:na]
	at com.mongodb.internal.connection.InternalStreamConnection.receiveCommandMessageResponse(InternalStreamConnection.java:517) ~[mongodb-driver-core-5.2.1.jar:na]
	at com.mongodb.internal.connection.InternalStreamConnection.receive(InternalStreamConnection.java:469) ~[mongodb-driver-core-5.2.1.jar:na]
	at com.mongodb.internal.connection.DefaultServerMonitor$ServerMonitor.lookupServerDescription(DefaultServerMonitor.java:249) ~[mongodb-driver-core-5.2.1.jar:na]
	at com.mongodb.internal.connection.DefaultServerMonitor$ServerMonitor.run(DefaultServerMonitor.java:176) ~[mongodb-driver-core-5.2.1.jar:na]
Caused by: java.net.SocketException: Connection reset
	at java.base/sun.nio.ch.NioSocketImpl.implRead(NioSocketImpl.java:328) ~[na:na]
	at java.base/sun.nio.ch.NioSocketImpl.read(NioSocketImpl.java:355) ~[na:na]
	at java.base/sun.nio.ch.NioSocketImpl$1.read(NioSocketImpl.java:808) ~[na:na]
	at java.base/java.net.Socket$SocketInputStream.read(Socket.java:966) ~[na:na]
	at java.base/sun.security.ssl.SSLSocketInputRecord.read(SSLSocketInputRecord.java:484) ~[na:na]
	at java.base/sun.security.ssl.SSLSocketInputRecord.readHeader(SSLSocketInputRecord.java:478) ~[na:na]
	at java.base/sun.security.ssl.SSLSocketInputRecord.bytesInCompletePacket(SSLSocketInputRecord.java:70) ~[na:na]
	at java.base/sun.security.ssl.SSLSocketImpl.readApplicationRecord(SSLSocketImpl.java:1461) ~[na:na]
	at java.base/sun.security.ssl.SSLSocketImpl$AppInputStream.read(SSLSocketImpl.java:1065) ~[na:na]
	at com.mongodb.internal.connection.SocketStream.read(SocketStream.java:182) ~[mongodb-driver-core-5.2.1.jar:na]
	at com.mongodb.internal.connection.InternalStreamConnection.receiveResponseBuffers(InternalStreamConnection.java:829) ~[mongodb-driver-core-5.2.1.jar:na]
	... 4 common frames omitted

2026-05-17T03:43:45.421+01:00  INFO 25220 --- [ReclamationService] [ngodb.net:27017] org.mongodb.driver.cluster               : Exception in monitor thread while connecting to server ac-khxyvkv-shard-00-01.ltylxsp.mongodb.net:27017

com.mongodb.MongoSocketReadException: Exception receiving message
	at com.mongodb.internal.connection.InternalStreamConnection.translateReadException(InternalStreamConnection.java:814) ~[mongodb-driver-core-5.2.1.jar:na]
	at com.mongodb.internal.connection.InternalStreamConnection.receiveResponseBuffers(InternalStreamConnection.java:862) ~[mongodb-driver-core-5.2.1.jar:na]
	at com.mongodb.internal.connection.InternalStreamConnection.receiveCommandMessageResponse(InternalStreamConnection.java:517) ~[mongodb-driver-core-5.2.1.jar:na]
	at com.mongodb.internal.connection.InternalStreamConnection.receive(InternalStreamConnection.java:469) ~[mongodb-driver-core-5.2.1.jar:na]
	at com.mongodb.internal.connection.DefaultServerMonitor$ServerMonitor.lookupServerDescription(DefaultServerMonitor.java:249) ~[mongodb-driver-core-5.2.1.jar:na]
	at com.mongodb.internal.connection.DefaultServerMonitor$ServerMonitor.run(DefaultServerMonitor.java:176) ~[mongodb-driver-core-5.2.1.jar:na]
Caused by: java.net.SocketException: Connection reset
	at java.base/sun.nio.ch.NioSocketImpl.implRead(NioSocketImpl.java:328) ~[na:na]
	at java.base/sun.nio.ch.NioSocketImpl.read(NioSocketImpl.java:355) ~[na:na]
	at java.base/sun.nio.ch.NioSocketImpl$1.read(NioSocketImpl.java:808) ~[na:na]
	at java.base/java.net.Socket$SocketInputStream.read(Socket.java:966) ~[na:na]
	at java.base/sun.security.ssl.SSLSocketInputRecord.read(SSLSocketInputRecord.java:484) ~[na:na]
	at java.base/sun.security.ssl.SSLSocketInputRecord.readHeader(SSLSocketInputRecord.java:478) ~[na:na]
	at java.base/sun.security.ssl.SSLSocketInputRecord.bytesInCompletePacket(SSLSocketInputRecord.java:70) ~[na:na]
	at java.base/sun.security.ssl.SSLSocketImpl.readApplicationRecord(SSLSocketImpl.java:1461) ~[na:na]
	at java.base/sun.security.ssl.SSLSocketImpl$AppInputStream.read(SSLSocketImpl.java:1065) ~[na:na]
	at com.mongodb.internal.connection.SocketStream.read(SocketStream.java:182) ~[mongodb-driver-core-5.2.1.jar:na]
	at com.mongodb.internal.connection.InternalStreamConnection.receiveResponseBuffers(InternalStreamConnection.java:829) ~[mongodb-driver-core-5.2.1.jar:na]
	... 4 common frames omitted

2026-05-17T03:43:45.426+01:00  INFO 25220 --- [ReclamationService] [ngodb.net:27017] org.mongodb.driver.cluster               : Exception in monitor thread while connecting to server ac-khxyvkv-shard-00-02.ltylxsp.mongodb.net:27017

com.mongodb.MongoSocketReadException: Exception receiving message
	at com.mongodb.internal.connection.InternalStreamConnection.translateReadException(InternalStreamConnection.java:814) ~[mongodb-driver-core-5.2.1.jar:na]
	at com.mongodb.internal.connection.InternalStreamConnection.receiveResponseBuffers(InternalStreamConnection.java:862) ~[mongodb-driver-core-5.2.1.jar:na]
	at com.mongodb.internal.connection.InternalStreamConnection.receiveCommandMessageResponse(InternalStreamConnection.java:517) ~[mongodb-driver-core-5.2.1.jar:na]
	at com.mongodb.internal.connection.InternalStreamConnection.receive(InternalStreamConnection.java:469) ~[mongodb-driver-core-5.2.1.jar:na]
	at com.mongodb.internal.connection.DefaultServerMonitor$ServerMonitor.lookupServerDescription(DefaultServerMonitor.java:249) ~[mongodb-driver-core-5.2.1.jar:na]
	at com.mongodb.internal.connection.DefaultServerMonitor$ServerMonitor.run(DefaultServerMonitor.java:176) ~[mongodb-driver-core-5.2.1.jar:na]
Caused by: java.net.SocketException: Connection reset
	at java.base/sun.nio.ch.NioSocketImpl.implRead(NioSocketImpl.java:328) ~[na:na]
	at java.base/sun.nio.ch.NioSocketImpl.read(NioSocketImpl.java:355) ~[na:na]
	at java.base/sun.nio.ch.NioSocketImpl$1.read(NioSocketImpl.java:808) ~[na:na]
	at java.base/java.net.Socket$SocketInputStream.read(Socket.java:966) ~[na:na]
	at java.base/sun.security.ssl.SSLSocketInputRecord.read(SSLSocketInputRecord.java:484) ~[na:na]
	at java.base/sun.security.ssl.SSLSocketInputRecord.readHeader(SSLSocketInputRecord.java:478) ~[na:na]
	at java.base/sun.security.ssl.SSLSocketInputRecord.bytesInCompletePacket(SSLSocketInputRecord.java:70) ~[na:na]
	at java.base/sun.security.ssl.SSLSocketImpl.readApplicationRecord(SSLSocketImpl.java:1461) ~[na:na]
	at java.base/sun.security.ssl.SSLSocketImpl$AppInputStream.read(SSLSocketImpl.java:1065) ~[na:na]
	at com.mongodb.internal.connection.SocketStream.read(SocketStream.java:182) ~[mongodb-driver-core-5.2.1.jar:na]
	at com.mongodb.internal.connection.InternalStreamConnection.receiveResponseBuffers(InternalStreamConnection.java:829) ~[mongodb-driver-core-5.2.1.jar:na]
	... 4 common frames omitted

2026-05-17T03:43:47.679+01:00  INFO 25220 --- [ReclamationService] [ngodb.net:27017] org.mongodb.driver.cluster               : Monitor thread successfully connected to server with description ServerDescription{address=ac-khxyvkv-shard-00-01.ltylxsp.mongodb.net:27017, type=REPLICA_SET_PRIMARY, cryptd=false, state=CONNECTED, ok=true, minWireVersion=0, maxWireVersion=25, maxDocumentSize=16777216, logicalSessionTimeoutMinutes=30, roundTripTimeNanos=645444400, minRoundTripTimeNanos=0, setName='atlas-6x6yvm-shard-0', canonicalAddress=ac-khxyvkv-shard-00-01.ltylxsp.mongodb.net:27017, hosts=[ac-khxyvkv-shard-00-00.ltylxsp.mongodb.net:27017, ac-khxyvkv-shard-00-01.ltylxsp.mongodb.net:27017, ac-khxyvkv-shard-00-02.ltylxsp.mongodb.net:27017], passives=[], arbiters=[], primary='ac-khxyvkv-shard-00-01.ltylxsp.mongodb.net:27017', tagSet=TagSet{[Tag{name='availabilityZone', value='euw3-az2'}, Tag{name='cacheState', value='READY'}, Tag{name='diskState', value='READY'}, Tag{name='nodeType', value='ELECTABLE'}, Tag{name='provider', value='AWS'}, Tag{name='region', value='EU_WEST_3'}, Tag{name='workloadType', value='OPERATIONAL'}]}, electionId=7fffffff0000000000000069, setVersion=36, topologyVersion=TopologyVersion{processId=69fe370e7afba3a6519b2508, counter=6}, lastWriteDate=Sun May 17 03:43:47 WAT 2026, lastUpdateTimeNanos=63533431238900}
2026-05-17T03:43:47.726+01:00  INFO 25220 --- [ReclamationService] [ngodb.net:27017] org.mongodb.driver.cluster               : Discovered replica set primary ac-khxyvkv-shard-00-01.ltylxsp.mongodb.net:27017 with max election id 7fffffff0000000000000069 and max set version 36
2026-05-17T03:43:48.294+01:00  INFO 25220 --- [ReclamationService] [ngodb.net:27017] org.mongodb.driver.cluster               : Monitor thread successfully connected to server with description ServerDescription{address=ac-khxyvkv-shard-00-02.ltylxsp.mongodb.net:27017, type=REPLICA_SET_SECONDARY, cryptd=false, state=CONNECTED, ok=true, minWireVersion=0, maxWireVersion=25, maxDocumentSize=16777216, logicalSessionTimeoutMinutes=30, roundTripTimeNanos=1294578300, minRoundTripTimeNanos=0, setName='atlas-6x6yvm-shard-0', canonicalAddress=ac-khxyvkv-shard-00-02.ltylxsp.mongodb.net:27017, hosts=[ac-khxyvkv-shard-00-00.ltylxsp.mongodb.net:27017, ac-khxyvkv-shard-00-01.ltylxsp.mongodb.net:27017, ac-khxyvkv-shard-00-02.ltylxsp.mongodb.net:27017], passives=[], arbiters=[], primary='ac-khxyvkv-shard-00-01.ltylxsp.mongodb.net:27017', tagSet=TagSet{[Tag{name='availabilityZone', value='euw3-az3'}, Tag{name='cacheState', value='READY'}, Tag{name='diskState', value='READY'}, Tag{name='nodeType', value='ELECTABLE'}, Tag{name='provider', value='AWS'}, Tag{name='region', value='EU_WEST_3'}, Tag{name='workloadType', value='OPERATIONAL'}]}, electionId=null, setVersion=36, topologyVersion=TopologyVersion{processId=69fe3974932517ad87b461cb, counter=3}, lastWriteDate=Sun May 17 03:43:48 WAT 2026, lastUpdateTimeNanos=63534080364100}
2026-05-17T03:43:48.433+01:00  INFO 25220 --- [ReclamationService] [ngodb.net:27017] org.mongodb.driver.cluster               : Monitor thread successfully connected to server with description ServerDescription{address=ac-khxyvkv-shard-00-00.ltylxsp.mongodb.net:27017, type=REPLICA_SET_SECONDARY, cryptd=false, state=CONNECTED, ok=true, minWireVersion=0, maxWireVersion=25, maxDocumentSize=16777216, logicalSessionTimeoutMinutes=30, roundTripTimeNanos=302693900, minRoundTripTimeNanos=0, setName='atlas-6x6yvm-shard-0', canonicalAddress=ac-khxyvkv-shard-00-00.ltylxsp.mongodb.net:27017, hosts=[ac-khxyvkv-shard-00-00.ltylxsp.mongodb.net:27017, ac-khxyvkv-shard-00-01.ltylxsp.mongodb.net:27017, ac-khxyvkv-shard-00-02.ltylxsp.mongodb.net:27017], passives=[], arbiters=[], primary='ac-khxyvkv-shard-00-01.ltylxsp.mongodb.net:27017', tagSet=TagSet{[Tag{name='availabilityZone', value='euw3-az1'}, Tag{name='cacheState', value='READY'}, Tag{name='diskState', value='READY'}, Tag{name='nodeType', value='ELECTABLE'}, Tag{name='provider', value='AWS'}, Tag{name='region', value='EU_WEST_3'}, Tag{name='workloadType', value='OPERATIONAL'}]}, electionId=null, setVersion=36, topologyVersion=TopologyVersion{processId=69fe3480bce649a00b1f6b90, counter=4}, lastWriteDate=Sun May 17 03:43:48 WAT 2026, lastUpdateTimeNanos=63534219514900}
2026-05-17T05:24:59.602+01:00  INFO 25220 --- [ReclamationService] [ngodb.net:27017] org.mongodb.driver.cluster               : Exception in monitor thread while connecting to server ac-khxyvkv-shard-00-01.ltylxsp.mongodb.net:27017

com.mongodb.MongoSocketReadException: Exception receiving message
	at com.mongodb.internal.connection.InternalStreamConnection.translateReadException(InternalStreamConnection.java:814) ~[mongodb-driver-core-5.2.1.jar:na]
	at com.mongodb.internal.connection.InternalStreamConnection.receiveResponseBuffers(InternalStreamConnection.java:862) ~[mongodb-driver-core-5.2.1.jar:na]
	at com.mongodb.internal.connection.InternalStreamConnection.receiveCommandMessageResponse(InternalStreamConnection.java:517) ~[mongodb-driver-core-5.2.1.jar:na]
	at com.mongodb.internal.connection.InternalStreamConnection.receive(InternalStreamConnection.java:469) ~[mongodb-driver-core-5.2.1.jar:na]
	at com.mongodb.internal.connection.DefaultServerMonitor$ServerMonitor.lookupServerDescription(DefaultServerMonitor.java:249) ~[mongodb-driver-core-5.2.1.jar:na]
	at com.mongodb.internal.connection.DefaultServerMonitor$ServerMonitor.run(DefaultServerMonitor.java:176) ~[mongodb-driver-core-5.2.1.jar:na]
Caused by: java.net.SocketException: Connection reset
	at java.base/sun.nio.ch.NioSocketImpl.implRead(NioSocketImpl.java:328) ~[na:na]
	at java.base/sun.nio.ch.NioSocketImpl.read(NioSocketImpl.java:355) ~[na:na]
	at java.base/sun.nio.ch.NioSocketImpl$1.read(NioSocketImpl.java:808) ~[na:na]
	at java.base/java.net.Socket$SocketInputStream.read(Socket.java:966) ~[na:na]
	at java.base/sun.security.ssl.SSLSocketInputRecord.read(SSLSocketInputRecord.java:484) ~[na:na]
	at java.base/sun.security.ssl.SSLSocketInputRecord.readHeader(SSLSocketInputRecord.java:478) ~[na:na]
	at java.base/sun.security.ssl.SSLSocketInputRecord.bytesInCompletePacket(SSLSocketInputRecord.java:70) ~[na:na]
	at java.base/sun.security.ssl.SSLSocketImpl.readApplicationRecord(SSLSocketImpl.java:1461) ~[na:na]
	at java.base/sun.security.ssl.SSLSocketImpl$AppInputStream.read(SSLSocketImpl.java:1065) ~[na:na]
	at com.mongodb.internal.connection.SocketStream.read(SocketStream.java:182) ~[mongodb-driver-core-5.2.1.jar:na]
	at com.mongodb.internal.connection.InternalStreamConnection.receiveResponseBuffers(InternalStreamConnection.java:829) ~[mongodb-driver-core-5.2.1.jar:na]
	... 4 common frames omitted

2026-05-17T05:24:59.610+01:00  INFO 25220 --- [ReclamationService] [ngodb.net:27017] org.mongodb.driver.cluster               : Exception in monitor thread while connecting to server ac-khxyvkv-shard-00-02.ltylxsp.mongodb.net:27017

com.mongodb.MongoSocketReadException: Exception receiving message
	at com.mongodb.internal.connection.InternalStreamConnection.translateReadException(InternalStreamConnection.java:814) ~[mongodb-driver-core-5.2.1.jar:na]
	at com.mongodb.internal.connection.InternalStreamConnection.receiveResponseBuffers(InternalStreamConnection.java:862) ~[mongodb-driver-core-5.2.1.jar:na]
	at com.mongodb.internal.connection.InternalStreamConnection.receiveCommandMessageResponse(InternalStreamConnection.java:517) ~[mongodb-driver-core-5.2.1.jar:na]
	at com.mongodb.internal.connection.InternalStreamConnection.receive(InternalStreamConnection.java:469) ~[mongodb-driver-core-5.2.1.jar:na]
	at com.mongodb.internal.connection.DefaultServerMonitor$ServerMonitor.lookupServerDescription(DefaultServerMonitor.java:249) ~[mongodb-driver-core-5.2.1.jar:na]
	at com.mongodb.internal.connection.DefaultServerMonitor$ServerMonitor.run(DefaultServerMonitor.java:176) ~[mongodb-driver-core-5.2.1.jar:na]
Caused by: java.net.SocketException: Connection reset
	at java.base/sun.nio.ch.NioSocketImpl.implRead(NioSocketImpl.java:328) ~[na:na]
	at java.base/sun.nio.ch.NioSocketImpl.read(NioSocketImpl.java:355) ~[na:na]
	at java.base/sun.nio.ch.NioSocketImpl$1.read(NioSocketImpl.java:808) ~[na:na]
	at java.base/java.net.Socket$SocketInputStream.read(Socket.java:966) ~[na:na]
	at java.base/sun.security.ssl.SSLSocketInputRecord.read(SSLSocketInputRecord.java:484) ~[na:na]
	at java.base/sun.security.ssl.SSLSocketInputRecord.readHeader(SSLSocketInputRecord.java:478) ~[na:na]
	at java.base/sun.security.ssl.SSLSocketInputRecord.bytesInCompletePacket(SSLSocketInputRecord.java:70) ~[na:na]
	at java.base/sun.security.ssl.SSLSocketImpl.readApplicationRecord(SSLSocketImpl.java:1461) ~[na:na]
	at java.base/sun.security.ssl.SSLSocketImpl$AppInputStream.read(SSLSocketImpl.java:1065) ~[na:na]
	at com.mongodb.internal.connection.SocketStream.read(SocketStream.java:182) ~[mongodb-driver-core-5.2.1.jar:na]
	at com.mongodb.internal.connection.InternalStreamConnection.receiveResponseBuffers(InternalStreamConnection.java:829) ~[mongodb-driver-core-5.2.1.jar:na]
	... 4 common frames omitted

2026-05-17T05:24:59.613+01:00  INFO 25220 --- [ReclamationService] [ngodb.net:27017] org.mongodb.driver.cluster               : Exception in monitor thread while connecting to server ac-khxyvkv-shard-00-00.ltylxsp.mongodb.net:27017

com.mongodb.MongoSocketReadException: Exception receiving message
	at com.mongodb.internal.connection.InternalStreamConnection.translateReadException(InternalStreamConnection.java:814) ~[mongodb-driver-core-5.2.1.jar:na]
	at com.mongodb.internal.connection.InternalStreamConnection.receiveResponseBuffers(InternalStreamConnection.java:862) ~[mongodb-driver-core-5.2.1.jar:na]
	at com.mongodb.internal.connection.InternalStreamConnection.receiveCommandMessageResponse(InternalStreamConnection.java:517) ~[mongodb-driver-core-5.2.1.jar:na]
	at com.mongodb.internal.connection.InternalStreamConnection.receive(InternalStreamConnection.java:469) ~[mongodb-driver-core-5.2.1.jar:na]
	at com.mongodb.internal.connection.DefaultServerMonitor$ServerMonitor.lookupServerDescription(DefaultServerMonitor.java:249) ~[mongodb-driver-core-5.2.1.jar:na]
	at com.mongodb.internal.connection.DefaultServerMonitor$ServerMonitor.run(DefaultServerMonitor.java:176) ~[mongodb-driver-core-5.2.1.jar:na]
Caused by: java.net.SocketException: Connection reset
	at java.base/sun.nio.ch.NioSocketImpl.implRead(NioSocketImpl.java:328) ~[na:na]
	at java.base/sun.nio.ch.NioSocketImpl.read(NioSocketImpl.java:355) ~[na:na]
	at java.base/sun.nio.ch.NioSocketImpl$1.read(NioSocketImpl.java:808) ~[na:na]
	at java.base/java.net.Socket$SocketInputStream.read(Socket.java:966) ~[na:na]
	at java.base/sun.security.ssl.SSLSocketInputRecord.read(SSLSocketInputRecord.java:484) ~[na:na]
	at java.base/sun.security.ssl.SSLSocketInputRecord.readHeader(SSLSocketInputRecord.java:478) ~[na:na]
	at java.base/sun.security.ssl.SSLSocketInputRecord.bytesInCompletePacket(SSLSocketInputRecord.java:70) ~[na:na]
	at java.base/sun.security.ssl.SSLSocketImpl.readApplicationRecord(SSLSocketImpl.java:1461) ~[na:na]
	at java.base/sun.security.ssl.SSLSocketImpl$AppInputStream.read(SSLSocketImpl.java:1065) ~[na:na]
	at com.mongodb.internal.connection.SocketStream.read(SocketStream.java:182) ~[mongodb-driver-core-5.2.1.jar:na]
	at com.mongodb.internal.connection.InternalStreamConnection.receiveResponseBuffers(InternalStreamConnection.java:829) ~[mongodb-driver-core-5.2.1.jar:na]
	... 4 common frames omitted

2026-05-17T19:27:33.776+01:00  INFO 25220 --- [ReclamationService] [ngodb.net:27017] org.mongodb.driver.cluster               : Monitor thread successfully connected to server with description ServerDescription{address=ac-khxyvkv-shard-00-02.ltylxsp.mongodb.net:27017, type=REPLICA_SET_SECONDARY, cryptd=false, state=CONNECTED, ok=true, minWireVersion=0, maxWireVersion=25, maxDocumentSize=16777216, logicalSessionTimeoutMinutes=30, roundTripTimeNanos=6172864400, minRoundTripTimeNanos=0, setName='atlas-6x6yvm-shard-0', canonicalAddress=ac-khxyvkv-shard-00-02.ltylxsp.mongodb.net:27017, hosts=[ac-khxyvkv-shard-00-00.ltylxsp.mongodb.net:27017, ac-khxyvkv-shard-00-01.ltylxsp.mongodb.net:27017, ac-khxyvkv-shard-00-02.ltylxsp.mongodb.net:27017], passives=[], arbiters=[], primary='ac-khxyvkv-shard-00-01.ltylxsp.mongodb.net:27017', tagSet=TagSet{[Tag{name='availabilityZone', value='euw3-az3'}, Tag{name='cacheState', value='READY'}, Tag{name='diskState', value='READY'}, Tag{name='nodeType', value='ELECTABLE'}, Tag{name='provider', value='AWS'}, Tag{name='region', value='EU_WEST_3'}, Tag{name='workloadType', value='OPERATIONAL'}]}, electionId=null, setVersion=36, topologyVersion=TopologyVersion{processId=69fe3974932517ad87b461cb, counter=3}, lastWriteDate=Sun May 17 19:27:33 WAT 2026, lastUpdateTimeNanos=120165675475500}
2026-05-17T19:27:33.791+01:00  INFO 25220 --- [ReclamationService] [ngodb.net:27017] org.mongodb.driver.cluster               : Monitor thread successfully connected to server with description ServerDescription{address=ac-khxyvkv-shard-00-01.ltylxsp.mongodb.net:27017, type=REPLICA_SET_PRIMARY, cryptd=false, state=CONNECTED, ok=true, minWireVersion=0, maxWireVersion=25, maxDocumentSize=16777216, logicalSessionTimeoutMinutes=30, roundTripTimeNanos=154220500, minRoundTripTimeNanos=0, setName='atlas-6x6yvm-shard-0', canonicalAddress=ac-khxyvkv-shard-00-01.ltylxsp.mongodb.net:27017, hosts=[ac-khxyvkv-shard-00-00.ltylxsp.mongodb.net:27017, ac-khxyvkv-shard-00-01.ltylxsp.mongodb.net:27017, ac-khxyvkv-shard-00-02.ltylxsp.mongodb.net:27017], passives=[], arbiters=[], primary='ac-khxyvkv-shard-00-01.ltylxsp.mongodb.net:27017', tagSet=TagSet{[Tag{name='availabilityZone', value='euw3-az2'}, Tag{name='cacheState', value='READY'}, Tag{name='diskState', value='READY'}, Tag{name='nodeType', value='ELECTABLE'}, Tag{name='provider', value='AWS'}, Tag{name='region', value='EU_WEST_3'}, Tag{name='workloadType', value='OPERATIONAL'}]}, electionId=7fffffff0000000000000069, setVersion=36, topologyVersion=TopologyVersion{processId=69fe370e7afba3a6519b2508, counter=6}, lastWriteDate=Sun May 17 19:27:33 WAT 2026, lastUpdateTimeNanos=120165689490200}
2026-05-17T19:27:33.791+01:00  INFO 25220 --- [ReclamationService] [ngodb.net:27017] org.mongodb.driver.cluster               : Discovered replica set primary ac-khxyvkv-shard-00-01.ltylxsp.mongodb.net:27017 with max election id 7fffffff0000000000000069 and max set version 36
2026-05-17T19:27:33.906+01:00  INFO 25220 --- [ReclamationService] [ngodb.net:27017] org.mongodb.driver.cluster               : Monitor thread successfully connected to server with description ServerDescription{address=ac-khxyvkv-shard-00-00.ltylxsp.mongodb.net:27017, type=REPLICA_SET_SECONDARY, cryptd=false, state=CONNECTED, ok=true, minWireVersion=0, maxWireVersion=25, maxDocumentSize=16777216, logicalSessionTimeoutMinutes=30, roundTripTimeNanos=267880300, minRoundTripTimeNanos=0, setName='atlas-6x6yvm-shard-0', canonicalAddress=ac-khxyvkv-shard-00-00.ltylxsp.mongodb.net:27017, hosts=[ac-khxyvkv-shard-00-00.ltylxsp.mongodb.net:27017, ac-khxyvkv-shard-00-01.ltylxsp.mongodb.net:27017, ac-khxyvkv-shard-00-02.ltylxsp.mongodb.net:27017], passives=[], arbiters=[], primary='ac-khxyvkv-shard-00-01.ltylxsp.mongodb.net:27017', tagSet=TagSet{[Tag{name='availabilityZone', value='euw3-az1'}, Tag{name='cacheState', value='READY'}, Tag{name='diskState', value='READY'}, Tag{name='nodeType', value='ELECTABLE'}, Tag{name='provider', value='AWS'}, Tag{name='region', value='EU_WEST_3'}, Tag{name='workloadType', value='OPERATIONAL'}]}, electionId=null, setVersion=36, topologyVersion=TopologyVersion{processId=69fe3480bce649a00b1f6b90, counter=4}, lastWriteDate=Sun May 17 19:27:33 WAT 2026, lastUpdateTimeNanos=120165805480600}
2026-05-17T21:03:16.893+01:00  INFO 25220 --- [ReclamationService] [ngodb.net:27017] org.mongodb.driver.cluster               : Exception in monitor thread while connecting to server ac-khxyvkv-shard-00-00.ltylxsp.mongodb.net:27017

com.mongodb.MongoSocketReadException: Exception receiving message
	at com.mongodb.internal.connection.InternalStreamConnection.translateReadException(InternalStreamConnection.java:814) ~[mongodb-driver-core-5.2.1.jar:na]
	at com.mongodb.internal.connection.InternalStreamConnection.receiveResponseBuffers(InternalStreamConnection.java:862) ~[mongodb-driver-core-5.2.1.jar:na]
	at com.mongodb.internal.connection.InternalStreamConnection.receiveCommandMessageResponse(InternalStreamConnection.java:517) ~[mongodb-driver-core-5.2.1.jar:na]
	at com.mongodb.internal.connection.InternalStreamConnection.receive(InternalStreamConnection.java:469) ~[mongodb-driver-core-5.2.1.jar:na]
	at com.mongodb.internal.connection.DefaultServerMonitor$ServerMonitor.lookupServerDescription(DefaultServerMonitor.java:249) ~[mongodb-driver-core-5.2.1.jar:na]
	at com.mongodb.internal.connection.DefaultServerMonitor$ServerMonitor.run(DefaultServerMonitor.java:176) ~[mongodb-driver-core-5.2.1.jar:na]
Caused by: java.net.SocketException: Connection reset
	at java.base/sun.nio.ch.NioSocketImpl.implRead(NioSocketImpl.java:328) ~[na:na]
	at java.base/sun.nio.ch.NioSocketImpl.read(NioSocketImpl.java:355) ~[na:na]
	at java.base/sun.nio.ch.NioSocketImpl$1.read(NioSocketImpl.java:808) ~[na:na]
	at java.base/java.net.Socket$SocketInputStream.read(Socket.java:966) ~[na:na]
	at java.base/sun.security.ssl.SSLSocketInputRecord.read(SSLSocketInputRecord.java:484) ~[na:na]
	at java.base/sun.security.ssl.SSLSocketInputRecord.readHeader(SSLSocketInputRecord.java:478) ~[na:na]
	at java.base/sun.security.ssl.SSLSocketInputRecord.bytesInCompletePacket(SSLSocketInputRecord.java:70) ~[na:na]
	at java.base/sun.security.ssl.SSLSocketImpl.readApplicationRecord(SSLSocketImpl.java:1461) ~[na:na]
	at java.base/sun.security.ssl.SSLSocketImpl$AppInputStream.read(SSLSocketImpl.java:1065) ~[na:na]
	at com.mongodb.internal.connection.SocketStream.read(SocketStream.java:182) ~[mongodb-driver-core-5.2.1.jar:na]
	at com.mongodb.internal.connection.InternalStreamConnection.receiveResponseBuffers(InternalStreamConnection.java:829) ~[mongodb-driver-core-5.2.1.jar:na]
	... 4 common frames omitted

2026-05-17T21:03:16.876+01:00  INFO 25220 --- [ReclamationService] [ngodb.net:27017] org.mongodb.driver.cluster               : Exception in monitor thread while connecting to server ac-khxyvkv-shard-00-01.ltylxsp.mongodb.net:27017

com.mongodb.MongoSocketReadException: Exception receiving message
	at com.mongodb.internal.connection.InternalStreamConnection.translateReadException(InternalStreamConnection.java:814) ~[mongodb-driver-core-5.2.1.jar:na]
	at com.mongodb.internal.connection.InternalStreamConnection.receiveResponseBuffers(InternalStreamConnection.java:862) ~[mongodb-driver-core-5.2.1.jar:na]
	at com.mongodb.internal.connection.InternalStreamConnection.receiveCommandMessageResponse(InternalStreamConnection.java:517) ~[mongodb-driver-core-5.2.1.jar:na]
	at com.mongodb.internal.connection.InternalStreamConnection.receive(InternalStreamConnection.java:469) ~[mongodb-driver-core-5.2.1.jar:na]
	at com.mongodb.internal.connection.DefaultServerMonitor$ServerMonitor.lookupServerDescription(DefaultServerMonitor.java:249) ~[mongodb-driver-core-5.2.1.jar:na]
	at com.mongodb.internal.connection.DefaultServerMonitor$ServerMonitor.run(DefaultServerMonitor.java:176) ~[mongodb-driver-core-5.2.1.jar:na]
Caused by: java.net.SocketException: Connection reset
	at java.base/sun.nio.ch.NioSocketImpl.implRead(NioSocketImpl.java:328) ~[na:na]
	at java.base/sun.nio.ch.NioSocketImpl.read(NioSocketImpl.java:355) ~[na:na]
	at java.base/sun.nio.ch.NioSocketImpl$1.read(NioSocketImpl.java:808) ~[na:na]
	at java.base/java.net.Socket$SocketInputStream.read(Socket.java:966) ~[na:na]
	at java.base/sun.security.ssl.SSLSocketInputRecord.read(SSLSocketInputRecord.java:484) ~[na:na]
	at java.base/sun.security.ssl.SSLSocketInputRecord.readHeader(SSLSocketInputRecord.java:478) ~[na:na]
	at java.base/sun.security.ssl.SSLSocketInputRecord.bytesInCompletePacket(SSLSocketInputRecord.java:70) ~[na:na]
	at java.base/sun.security.ssl.SSLSocketImpl.readApplicationRecord(SSLSocketImpl.java:1461) ~[na:na]
	at java.base/sun.security.ssl.SSLSocketImpl$AppInputStream.read(SSLSocketImpl.java:1065) ~[na:na]
	at com.mongodb.internal.connection.SocketStream.read(SocketStream.java:182) ~[mongodb-driver-core-5.2.1.jar:na]
	at com.mongodb.internal.connection.InternalStreamConnection.receiveResponseBuffers(InternalStreamConnection.java:829) ~[mongodb-driver-core-5.2.1.jar:na]
	... 4 common frames omitted

2026-05-17T21:03:16.869+01:00  INFO 25220 --- [ReclamationService] [ngodb.net:27017] org.mongodb.driver.cluster               : Exception in monitor thread while connecting to server ac-khxyvkv-shard-00-02.ltylxsp.mongodb.net:27017

com.mongodb.MongoSocketReadException: Exception receiving message
	at com.mongodb.internal.connection.InternalStreamConnection.translateReadException(InternalStreamConnection.java:814) ~[mongodb-driver-core-5.2.1.jar:na]
	at com.mongodb.internal.connection.InternalStreamConnection.receiveResponseBuffers(InternalStreamConnection.java:862) ~[mongodb-driver-core-5.2.1.jar:na]
	at com.mongodb.internal.connection.InternalStreamConnection.receiveCommandMessageResponse(InternalStreamConnection.java:517) ~[mongodb-driver-core-5.2.1.jar:na]
	at com.mongodb.internal.connection.InternalStreamConnection.receive(InternalStreamConnection.java:469) ~[mongodb-driver-core-5.2.1.jar:na]
	at com.mongodb.internal.connection.DefaultServerMonitor$ServerMonitor.lookupServerDescription(DefaultServerMonitor.java:249) ~[mongodb-driver-core-5.2.1.jar:na]
	at com.mongodb.internal.connection.DefaultServerMonitor$ServerMonitor.run(DefaultServerMonitor.java:176) ~[mongodb-driver-core-5.2.1.jar:na]
Caused by: java.net.SocketException: Connection reset
	at java.base/sun.nio.ch.NioSocketImpl.implRead(NioSocketImpl.java:328) ~[na:na]
	at java.base/sun.nio.ch.NioSocketImpl.read(NioSocketImpl.java:355) ~[na:na]
	at java.base/sun.nio.ch.NioSocketImpl$1.read(NioSocketImpl.java:808) ~[na:na]
	at java.base/java.net.Socket$SocketInputStream.read(Socket.java:966) ~[na:na]
	at java.base/sun.security.ssl.SSLSocketInputRecord.read(SSLSocketInputRecord.java:484) ~[na:na]
	at java.base/sun.security.ssl.SSLSocketInputRecord.readHeader(SSLSocketInputRecord.java:478) ~[na:na]
	at java.base/sun.security.ssl.SSLSocketInputRecord.bytesInCompletePacket(SSLSocketInputRecord.java:70) ~[na:na]
	at java.base/sun.security.ssl.SSLSocketImpl.readApplicationRecord(SSLSocketImpl.java:1461) ~[na:na]
	at java.base/sun.security.ssl.SSLSocketImpl$AppInputStream.read(SSLSocketImpl.java:1065) ~[na:na]
	at com.mongodb.internal.connection.SocketStream.read(SocketStream.java:182) ~[mongodb-driver-core-5.2.1.jar:na]
	at com.mongodb.internal.connection.InternalStreamConnection.receiveResponseBuffers(InternalStreamConnection.java:829) ~[mongodb-driver-core-5.2.1.jar:na]
	... 4 common frames omitted

2026-05-17T21:03:17.298+01:00  INFO 25220 --- [ReclamationService] [ngodb.net:27017] org.mongodb.driver.cluster               : Exception in monitor thread while connecting to server ac-khxyvkv-shard-00-00.ltylxsp.mongodb.net:27017

com.mongodb.MongoSocketException: Hôte inconnu (ac-khxyvkv-shard-00-00.ltylxsp.mongodb.net)
	at com.mongodb.internal.connection.ServerAddressHelper.getSocketAddresses(ServerAddressHelper.java:75) ~[mongodb-driver-core-5.2.1.jar:na]
	at com.mongodb.internal.connection.SocketStream.initializeSocket(SocketStream.java:100) ~[mongodb-driver-core-5.2.1.jar:na]
	at com.mongodb.internal.connection.SocketStream.open(SocketStream.java:79) ~[mongodb-driver-core-5.2.1.jar:na]
	at com.mongodb.internal.connection.InternalStreamConnection.open(InternalStreamConnection.java:233) ~[mongodb-driver-core-5.2.1.jar:na]
	at com.mongodb.internal.connection.DefaultServerMonitor$ServerMonitor.lookupServerDescription(DefaultServerMonitor.java:219) ~[mongodb-driver-core-5.2.1.jar:na]
	at com.mongodb.internal.connection.DefaultServerMonitor$ServerMonitor.run(DefaultServerMonitor.java:176) ~[mongodb-driver-core-5.2.1.jar:na]
Caused by: java.net.UnknownHostException: Hôte inconnu (ac-khxyvkv-shard-00-00.ltylxsp.mongodb.net)
	at java.base/java.net.Inet6AddressImpl.lookupAllHostAddr(Native Method) ~[na:na]
	at java.base/java.net.InetAddress$PlatformNameService.lookupAllHostAddr(InetAddress.java:933) ~[na:na]
	at java.base/java.net.InetAddress.getAddressesFromNameService(InetAddress.java:1543) ~[na:na]
	at java.base/java.net.InetAddress$NameServiceAddresses.get(InetAddress.java:852) ~[na:na]
	at java.base/java.net.InetAddress.getAllByName0(InetAddress.java:1532) ~[na:na]
	at java.base/java.net.InetAddress.getAllByName(InetAddress.java:1384) ~[na:na]
	at java.base/java.net.InetAddress.getAllByName(InetAddress.java:1305) ~[na:na]
	at com.mongodb.internal.connection.DefaultInetAddressResolver.lookupByName(DefaultInetAddressResolver.java:34) ~[mongodb-driver-core-5.2.1.jar:na]
	at com.mongodb.internal.connection.ServerAddressHelper.getSocketAddresses(ServerAddressHelper.java:71) ~[mongodb-driver-core-5.2.1.jar:na]
	... 5 common frames omitted

2026-05-17T21:03:17.298+01:00  INFO 25220 --- [ReclamationService] [ngodb.net:27017] org.mongodb.driver.cluster               : Exception in monitor thread while connecting to server ac-khxyvkv-shard-00-02.ltylxsp.mongodb.net:27017

com.mongodb.MongoSocketException: Hôte inconnu (ac-khxyvkv-shard-00-02.ltylxsp.mongodb.net)
	at com.mongodb.internal.connection.ServerAddressHelper.getSocketAddresses(ServerAddressHelper.java:75) ~[mongodb-driver-core-5.2.1.jar:na]
	at com.mongodb.internal.connection.SocketStream.initializeSocket(SocketStream.java:100) ~[mongodb-driver-core-5.2.1.jar:na]
	at com.mongodb.internal.connection.SocketStream.open(SocketStream.java:79) ~[mongodb-driver-core-5.2.1.jar:na]
	at com.mongodb.internal.connection.InternalStreamConnection.open(InternalStreamConnection.java:233) ~[mongodb-driver-core-5.2.1.jar:na]
	at com.mongodb.internal.connection.DefaultServerMonitor$ServerMonitor.lookupServerDescription(DefaultServerMonitor.java:219) ~[mongodb-driver-core-5.2.1.jar:na]
	at com.mongodb.internal.connection.DefaultServerMonitor$ServerMonitor.run(DefaultServerMonitor.java:176) ~[mongodb-driver-core-5.2.1.jar:na]
Caused by: java.net.UnknownHostException: Hôte inconnu (ac-khxyvkv-shard-00-02.ltylxsp.mongodb.net)
	at java.base/java.net.Inet6AddressImpl.lookupAllHostAddr(Native Method) ~[na:na]
	at java.base/java.net.InetAddress$PlatformNameService.lookupAllHostAddr(InetAddress.java:933) ~[na:na]
	at java.base/java.net.InetAddress.getAddressesFromNameService(InetAddress.java:1543) ~[na:na]
	at java.base/java.net.InetAddress$NameServiceAddresses.get(InetAddress.java:852) ~[na:na]
	at java.base/java.net.InetAddress.getAllByName0(InetAddress.java:1532) ~[na:na]
	at java.base/java.net.InetAddress.getAllByName(InetAddress.java:1384) ~[na:na]
	at java.base/java.net.InetAddress.getAllByName(InetAddress.java:1305) ~[na:na]
	at com.mongodb.internal.connection.DefaultInetAddressResolver.lookupByName(DefaultInetAddressResolver.java:34) ~[mongodb-driver-core-5.2.1.jar:na]
	at com.mongodb.internal.connection.ServerAddressHelper.getSocketAddresses(ServerAddressHelper.java:71) ~[mongodb-driver-core-5.2.1.jar:na]
	... 5 common frames omitted

2026-05-17T21:03:17.381+01:00  INFO 25220 --- [ReclamationService] [ngodb.net:27017] org.mongodb.driver.cluster               : Exception in monitor thread while connecting to server ac-khxyvkv-shard-00-01.ltylxsp.mongodb.net:27017

com.mongodb.MongoSocketException: Hôte inconnu (ac-khxyvkv-shard-00-01.ltylxsp.mongodb.net)
	at com.mongodb.internal.connection.ServerAddressHelper.getSocketAddresses(ServerAddressHelper.java:75) ~[mongodb-driver-core-5.2.1.jar:na]
	at com.mongodb.internal.connection.SocketStream.initializeSocket(SocketStream.java:100) ~[mongodb-driver-core-5.2.1.jar:na]
	at com.mongodb.internal.connection.SocketStream.open(SocketStream.java:79) ~[mongodb-driver-core-5.2.1.jar:na]
	at com.mongodb.internal.connection.InternalStreamConnection.open(InternalStreamConnection.java:233) ~[mongodb-driver-core-5.2.1.jar:na]
	at com.mongodb.internal.connection.DefaultServerMonitor$ServerMonitor.lookupServerDescription(DefaultServerMonitor.java:219) ~[mongodb-driver-core-5.2.1.jar:na]
	at com.mongodb.internal.connection.DefaultServerMonitor$ServerMonitor.run(DefaultServerMonitor.java:176) ~[mongodb-driver-core-5.2.1.jar:na]
Caused by: java.net.UnknownHostException: Hôte inconnu (ac-khxyvkv-shard-00-01.ltylxsp.mongodb.net)
	at java.base/java.net.Inet6AddressImpl.lookupAllHostAddr(Native Method) ~[na:na]
	at java.base/java.net.InetAddress$PlatformNameService.lookupAllHostAddr(InetAddress.java:933) ~[na:na]
	at java.base/java.net.InetAddress.getAddressesFromNameService(InetAddress.java:1543) ~[na:na]
	at java.base/java.net.InetAddress$NameServiceAddresses.get(InetAddress.java:852) ~[na:na]
	at java.base/java.net.InetAddress.getAllByName0(InetAddress.java:1532) ~[na:na]
	at java.base/java.net.InetAddress.getAllByName(InetAddress.java:1384) ~[na:na]
	at java.base/java.net.InetAddress.getAllByName(InetAddress.java:1305) ~[na:na]
	at com.mongodb.internal.connection.DefaultInetAddressResolver.lookupByName(DefaultInetAddressResolver.java:34) ~[mongodb-driver-core-5.2.1.jar:na]
	at com.mongodb.internal.connection.ServerAddressHelper.getSocketAddresses(ServerAddressHelper.java:71) ~[mongodb-driver-core-5.2.1.jar:na]
	... 5 common frames omitted

2026-05-17T21:16:51.326+01:00  INFO 25220 --- [ReclamationService] [ngodb.net:27017] org.mongodb.driver.cluster               : Monitor thread successfully connected to server with description ServerDescription{address=ac-khxyvkv-shard-00-00.ltylxsp.mongodb.net:27017, type=REPLICA_SET_SECONDARY, cryptd=false, state=CONNECTED, ok=true, minWireVersion=0, maxWireVersion=25, maxDocumentSize=16777216, logicalSessionTimeoutMinutes=30, roundTripTimeNanos=173161900, minRoundTripTimeNanos=0, setName='atlas-6x6yvm-shard-0', canonicalAddress=ac-khxyvkv-shard-00-00.ltylxsp.mongodb.net:27017, hosts=[ac-khxyvkv-shard-00-00.ltylxsp.mongodb.net:27017, ac-khxyvkv-shard-00-01.ltylxsp.mongodb.net:27017, ac-khxyvkv-shard-00-02.ltylxsp.mongodb.net:27017], passives=[], arbiters=[], primary='ac-khxyvkv-shard-00-01.ltylxsp.mongodb.net:27017', tagSet=TagSet{[Tag{name='availabilityZone', value='euw3-az1'}, Tag{name='cacheState', value='READY'}, Tag{name='diskState', value='READY'}, Tag{name='nodeType', value='ELECTABLE'}, Tag{name='provider', value='AWS'}, Tag{name='region', value='EU_WEST_3'}, Tag{name='workloadType', value='OPERATIONAL'}]}, electionId=null, setVersion=36, topologyVersion=TopologyVersion{processId=69fe3480bce649a00b1f6b90, counter=4}, lastWriteDate=Sun May 17 21:16:51 WAT 2026, lastUpdateTimeNanos=126723304635900}
2026-05-17T21:16:51.335+01:00  INFO 25220 --- [ReclamationService] [ngodb.net:27017] org.mongodb.driver.cluster               : Monitor thread successfully connected to server with description ServerDescription{address=ac-khxyvkv-shard-00-01.ltylxsp.mongodb.net:27017, type=REPLICA_SET_PRIMARY, cryptd=false, state=CONNECTED, ok=true, minWireVersion=0, maxWireVersion=25, maxDocumentSize=16777216, logicalSessionTimeoutMinutes=30, roundTripTimeNanos=190037500, minRoundTripTimeNanos=0, setName='atlas-6x6yvm-shard-0', canonicalAddress=ac-khxyvkv-shard-00-01.ltylxsp.mongodb.net:27017, hosts=[ac-khxyvkv-shard-00-00.ltylxsp.mongodb.net:27017, ac-khxyvkv-shard-00-01.ltylxsp.mongodb.net:27017, ac-khxyvkv-shard-00-02.ltylxsp.mongodb.net:27017], passives=[], arbiters=[], primary='ac-khxyvkv-shard-00-01.ltylxsp.mongodb.net:27017', tagSet=TagSet{[Tag{name='availabilityZone', value='euw3-az2'}, Tag{name='cacheState', value='READY'}, Tag{name='diskState', value='READY'}, Tag{name='nodeType', value='ELECTABLE'}, Tag{name='provider', value='AWS'}, Tag{name='region', value='EU_WEST_3'}, Tag{name='workloadType', value='OPERATIONAL'}]}, electionId=7fffffff0000000000000069, setVersion=36, topologyVersion=TopologyVersion{processId=69fe370e7afba3a6519b2508, counter=6}, lastWriteDate=Sun May 17 21:16:51 WAT 2026, lastUpdateTimeNanos=126723320086400}
2026-05-17T21:16:51.340+01:00  INFO 25220 --- [ReclamationService] [ngodb.net:27017] org.mongodb.driver.cluster               : Discovered replica set primary ac-khxyvkv-shard-00-01.ltylxsp.mongodb.net:27017 with max election id 7fffffff0000000000000069 and max set version 36
2026-05-17T21:16:51.354+01:00  INFO 25220 --- [ReclamationService] [ngodb.net:27017] org.mongodb.driver.cluster               : Monitor thread successfully connected to server with description ServerDescription{address=ac-khxyvkv-shard-00-02.ltylxsp.mongodb.net:27017, type=REPLICA_SET_SECONDARY, cryptd=false, state=CONNECTED, ok=true, minWireVersion=0, maxWireVersion=25, maxDocumentSize=16777216, logicalSessionTimeoutMinutes=30, roundTripTimeNanos=209055000, minRoundTripTimeNanos=0, setName='atlas-6x6yvm-shard-0', canonicalAddress=ac-khxyvkv-shard-00-02.ltylxsp.mongodb.net:27017, hosts=[ac-khxyvkv-shard-00-00.ltylxsp.mongodb.net:27017, ac-khxyvkv-shard-00-01.ltylxsp.mongodb.net:27017, ac-khxyvkv-shard-00-02.ltylxsp.mongodb.net:27017], passives=[], arbiters=[], primary='ac-khxyvkv-shard-00-01.ltylxsp.mongodb.net:27017', tagSet=TagSet{[Tag{name='availabilityZone', value='euw3-az3'}, Tag{name='cacheState', value='READY'}, Tag{name='diskState', value='READY'}, Tag{name='nodeType', value='ELECTABLE'}, Tag{name='provider', value='AWS'}, Tag{name='region', value='EU_WEST_3'}, Tag{name='workloadType', value='OPERATIONAL'}]}, electionId=null, setVersion=36, topologyVersion=TopologyVersion{processId=69fe3974932517ad87b461cb, counter=3}, lastWriteDate=Sun May 17 21:16:51 WAT 2026, lastUpdateTimeNanos=126723338817000}
2026-05-18T18:59:06.677+01:00  INFO 25220 --- [ReclamationService] [ngodb.net:27017] org.mongodb.driver.cluster               : Exception in monitor thread while connecting to server ac-khxyvkv-shard-00-00.ltylxsp.mongodb.net:27017

com.mongodb.MongoSocketReadException: Exception receiving message
	at com.mongodb.internal.connection.InternalStreamConnection.translateReadException(InternalStreamConnection.java:814) ~[mongodb-driver-core-5.2.1.jar:na]
	at com.mongodb.internal.connection.InternalStreamConnection.receiveResponseBuffers(InternalStreamConnection.java:862) ~[mongodb-driver-core-5.2.1.jar:na]
	at com.mongodb.internal.connection.InternalStreamConnection.receiveCommandMessageResponse(InternalStreamConnection.java:517) ~[mongodb-driver-core-5.2.1.jar:na]
	at com.mongodb.internal.connection.InternalStreamConnection.receive(InternalStreamConnection.java:469) ~[mongodb-driver-core-5.2.1.jar:na]
	at com.mongodb.internal.connection.DefaultServerMonitor$ServerMonitor.lookupServerDescription(DefaultServerMonitor.java:249) ~[mongodb-driver-core-5.2.1.jar:na]
	at com.mongodb.internal.connection.DefaultServerMonitor$ServerMonitor.run(DefaultServerMonitor.java:176) ~[mongodb-driver-core-5.2.1.jar:na]
Caused by: java.net.SocketException: Connection reset
	at java.base/sun.nio.ch.NioSocketImpl.implRead(NioSocketImpl.java:328) ~[na:na]
	at java.base/sun.nio.ch.NioSocketImpl.read(NioSocketImpl.java:355) ~[na:na]
	at java.base/sun.nio.ch.NioSocketImpl$1.read(NioSocketImpl.java:808) ~[na:na]
	at java.base/java.net.Socket$SocketInputStream.read(Socket.java:966) ~[na:na]
	at java.base/sun.security.ssl.SSLSocketInputRecord.read(SSLSocketInputRecord.java:484) ~[na:na]
	at java.base/sun.security.ssl.SSLSocketInputRecord.readHeader(SSLSocketInputRecord.java:478) ~[na:na]
	at java.base/sun.security.ssl.SSLSocketInputRecord.bytesInCompletePacket(SSLSocketInputRecord.java:70) ~[na:na]
	at java.base/sun.security.ssl.SSLSocketImpl.readApplicationRecord(SSLSocketImpl.java:1461) ~[na:na]
	at java.base/sun.security.ssl.SSLSocketImpl$AppInputStream.read(SSLSocketImpl.java:1065) ~[na:na]
	at com.mongodb.internal.connection.SocketStream.read(SocketStream.java:182) ~[mongodb-driver-core-5.2.1.jar:na]
	at com.mongodb.internal.connection.InternalStreamConnection.receiveResponseBuffers(InternalStreamConnection.java:829) ~[mongodb-driver-core-5.2.1.jar:na]
	... 4 common frames omitted

2026-05-18T18:59:06.677+01:00  INFO 25220 --- [ReclamationService] [ngodb.net:27017] org.mongodb.driver.cluster               : Exception in monitor thread while connecting to server ac-khxyvkv-shard-00-02.ltylxsp.mongodb.net:27017

com.mongodb.MongoSocketReadException: Exception receiving message
	at com.mongodb.internal.connection.InternalStreamConnection.translateReadException(InternalStreamConnection.java:814) ~[mongodb-driver-core-5.2.1.jar:na]
	at com.mongodb.internal.connection.InternalStreamConnection.receiveResponseBuffers(InternalStreamConnection.java:862) ~[mongodb-driver-core-5.2.1.jar:na]
	at com.mongodb.internal.connection.InternalStreamConnection.receiveCommandMessageResponse(InternalStreamConnection.java:517) ~[mongodb-driver-core-5.2.1.jar:na]
	at com.mongodb.internal.connection.InternalStreamConnection.receive(InternalStreamConnection.java:469) ~[mongodb-driver-core-5.2.1.jar:na]
	at com.mongodb.internal.connection.DefaultServerMonitor$ServerMonitor.lookupServerDescription(DefaultServerMonitor.java:249) ~[mongodb-driver-core-5.2.1.jar:na]
	at com.mongodb.internal.connection.DefaultServerMonitor$ServerMonitor.run(DefaultServerMonitor.java:176) ~[mongodb-driver-core-5.2.1.jar:na]
Caused by: java.net.SocketException: Connection reset
	at java.base/sun.nio.ch.NioSocketImpl.implRead(NioSocketImpl.java:328) ~[na:na]
	at java.base/sun.nio.ch.NioSocketImpl.read(NioSocketImpl.java:355) ~[na:na]
	at java.base/sun.nio.ch.NioSocketImpl$1.read(NioSocketImpl.java:808) ~[na:na]
	at java.base/java.net.Socket$SocketInputStream.read(Socket.java:966) ~[na:na]
	at java.base/sun.security.ssl.SSLSocketInputRecord.read(SSLSocketInputRecord.java:484) ~[na:na]
	at java.base/sun.security.ssl.SSLSocketInputRecord.readHeader(SSLSocketInputRecord.java:478) ~[na:na]
	at java.base/sun.security.ssl.SSLSocketInputRecord.bytesInCompletePacket(SSLSocketInputRecord.java:70) ~[na:na]
	at java.base/sun.security.ssl.SSLSocketImpl.readApplicationRecord(SSLSocketImpl.java:1461) ~[na:na]
	at java.base/sun.security.ssl.SSLSocketImpl$AppInputStream.read(SSLSocketImpl.java:1065) ~[na:na]
	at com.mongodb.internal.connection.SocketStream.read(SocketStream.java:182) ~[mongodb-driver-core-5.2.1.jar:na]
	at com.mongodb.internal.connection.InternalStreamConnection.receiveResponseBuffers(InternalStreamConnection.java:829) ~[mongodb-driver-core-5.2.1.jar:na]
	... 4 common frames omitted

2026-05-18T18:59:06.677+01:00  INFO 25220 --- [ReclamationService] [ngodb.net:27017] org.mongodb.driver.cluster               : Exception in monitor thread while connecting to server ac-khxyvkv-shard-00-01.ltylxsp.mongodb.net:27017

com.mongodb.MongoSocketReadException: Exception receiving message
	at com.mongodb.internal.connection.InternalStreamConnection.translateReadException(InternalStreamConnection.java:814) ~[mongodb-driver-core-5.2.1.jar:na]
	at com.mongodb.internal.connection.InternalStreamConnection.receiveResponseBuffers(InternalStreamConnection.java:862) ~[mongodb-driver-core-5.2.1.jar:na]
	at com.mongodb.internal.connection.InternalStreamConnection.receiveCommandMessageResponse(InternalStreamConnection.java:517) ~[mongodb-driver-core-5.2.1.jar:na]
	at com.mongodb.internal.connection.InternalStreamConnection.receive(InternalStreamConnection.java:469) ~[mongodb-driver-core-5.2.1.jar:na]
	at com.mongodb.internal.connection.DefaultServerMonitor$ServerMonitor.lookupServerDescription(DefaultServerMonitor.java:249) ~[mongodb-driver-core-5.2.1.jar:na]
	at com.mongodb.internal.connection.DefaultServerMonitor$ServerMonitor.run(DefaultServerMonitor.java:176) ~[mongodb-driver-core-5.2.1.jar:na]
Caused by: java.net.SocketException: Connection reset
	at java.base/sun.nio.ch.NioSocketImpl.implRead(NioSocketImpl.java:328) ~[na:na]
	at java.base/sun.nio.ch.NioSocketImpl.read(NioSocketImpl.java:355) ~[na:na]
	at java.base/sun.nio.ch.NioSocketImpl$1.read(NioSocketImpl.java:808) ~[na:na]
	at java.base/java.net.Socket$SocketInputStream.read(Socket.java:966) ~[na:na]
	at java.base/sun.security.ssl.SSLSocketInputRecord.read(SSLSocketInputRecord.java:484) ~[na:na]
	at java.base/sun.security.ssl.SSLSocketInputRecord.readHeader(SSLSocketInputRecord.java:478) ~[na:na]
	at java.base/sun.security.ssl.SSLSocketInputRecord.bytesInCompletePacket(SSLSocketInputRecord.java:70) ~[na:na]
	at java.base/sun.security.ssl.SSLSocketImpl.readApplicationRecord(SSLSocketImpl.java:1461) ~[na:na]
	at java.base/sun.security.ssl.SSLSocketImpl$AppInputStream.read(SSLSocketImpl.java:1065) ~[na:na]
	at com.mongodb.internal.connection.SocketStream.read(SocketStream.java:182) ~[mongodb-driver-core-5.2.1.jar:na]
	at com.mongodb.internal.connection.InternalStreamConnection.receiveResponseBuffers(InternalStreamConnection.java:829) ~[mongodb-driver-core-5.2.1.jar:na]
	... 4 common frames omitted

2026-05-18T18:59:08.039+01:00  INFO 25220 --- [ReclamationService] [ngodb.net:27017] org.mongodb.driver.cluster               : Monitor thread successfully connected to server with description ServerDescription{address=ac-khxyvkv-shard-00-02.ltylxsp.mongodb.net:27017, type=REPLICA_SET_SECONDARY, cryptd=false, state=CONNECTED, ok=true, minWireVersion=0, maxWireVersion=25, maxDocumentSize=16777216, logicalSessionTimeoutMinutes=30, roundTripTimeNanos=470988700, minRoundTripTimeNanos=0, setName='atlas-6x6yvm-shard-0', canonicalAddress=ac-khxyvkv-shard-00-02.ltylxsp.mongodb.net:27017, hosts=[ac-khxyvkv-shard-00-00.ltylxsp.mongodb.net:27017, ac-khxyvkv-shard-00-01.ltylxsp.mongodb.net:27017, ac-khxyvkv-shard-00-02.ltylxsp.mongodb.net:27017], passives=[], arbiters=[], primary='ac-khxyvkv-shard-00-01.ltylxsp.mongodb.net:27017', tagSet=TagSet{[Tag{name='availabilityZone', value='euw3-az3'}, Tag{name='cacheState', value='READY'}, Tag{name='diskState', value='READY'}, Tag{name='nodeType', value='ELECTABLE'}, Tag{name='provider', value='AWS'}, Tag{name='region', value='EU_WEST_3'}, Tag{name='workloadType', value='OPERATIONAL'}]}, electionId=null, setVersion=36, topologyVersion=TopologyVersion{processId=69fe3974932517ad87b461cb, counter=3}, lastWriteDate=Mon May 18 18:59:06 WAT 2026, lastUpdateTimeNanos=204865671649300}
2026-05-18T18:59:08.039+01:00  INFO 25220 --- [ReclamationService] [ngodb.net:27017] org.mongodb.driver.cluster               : Monitor thread successfully connected to server with description ServerDescription{address=ac-khxyvkv-shard-00-01.ltylxsp.mongodb.net:27017, type=REPLICA_SET_PRIMARY, cryptd=false, state=CONNECTED, ok=true, minWireVersion=0, maxWireVersion=25, maxDocumentSize=16777216, logicalSessionTimeoutMinutes=30, roundTripTimeNanos=471728800, minRoundTripTimeNanos=0, setName='atlas-6x6yvm-shard-0', canonicalAddress=ac-khxyvkv-shard-00-01.ltylxsp.mongodb.net:27017, hosts=[ac-khxyvkv-shard-00-00.ltylxsp.mongodb.net:27017, ac-khxyvkv-shard-00-01.ltylxsp.mongodb.net:27017, ac-khxyvkv-shard-00-02.ltylxsp.mongodb.net:27017], passives=[], arbiters=[], primary='ac-khxyvkv-shard-00-01.ltylxsp.mongodb.net:27017', tagSet=TagSet{[Tag{name='availabilityZone', value='euw3-az2'}, Tag{name='cacheState', value='READY'}, Tag{name='diskState', value='READY'}, Tag{name='nodeType', value='ELECTABLE'}, Tag{name='provider', value='AWS'}, Tag{name='region', value='EU_WEST_3'}, Tag{name='workloadType', value='OPERATIONAL'}]}, electionId=7fffffff0000000000000069, setVersion=36, topologyVersion=TopologyVersion{processId=69fe370e7afba3a6519b2508, counter=6}, lastWriteDate=Mon May 18 18:59:06 WAT 2026, lastUpdateTimeNanos=204865672011400}
2026-05-18T18:59:08.040+01:00  INFO 25220 --- [ReclamationService] [ngodb.net:27017] org.mongodb.driver.cluster               : Monitor thread successfully connected to server with description ServerDescription{address=ac-khxyvkv-shard-00-00.ltylxsp.mongodb.net:27017, type=REPLICA_SET_SECONDARY, cryptd=false, state=CONNECTED, ok=true, minWireVersion=0, maxWireVersion=25, maxDocumentSize=16777216, logicalSessionTimeoutMinutes=30, roundTripTimeNanos=471447800, minRoundTripTimeNanos=0, setName='atlas-6x6yvm-shard-0', canonicalAddress=ac-khxyvkv-shard-00-00.ltylxsp.mongodb.net:27017, hosts=[ac-khxyvkv-shard-00-00.ltylxsp.mongodb.net:27017, ac-khxyvkv-shard-00-01.ltylxsp.mongodb.net:27017, ac-khxyvkv-shard-00-02.ltylxsp.mongodb.net:27017], passives=[], arbiters=[], primary='ac-khxyvkv-shard-00-01.ltylxsp.mongodb.net:27017', tagSet=TagSet{[Tag{name='availabilityZone', value='euw3-az1'}, Tag{name='cacheState', value='READY'}, Tag{name='diskState', value='READY'}, Tag{name='nodeType', value='ELECTABLE'}, Tag{name='provider', value='AWS'}, Tag{name='region', value='EU_WEST_3'}, Tag{name='workloadType', value='OPERATIONAL'}]}, electionId=null, setVersion=36, topologyVersion=TopologyVersion{processId=69fe3480bce649a00b1f6b90, counter=4}, lastWriteDate=Mon May 18 18:59:06 WAT 2026, lastUpdateTimeNanos=204865671936300}
2026-05-18T18:59:08.060+01:00  INFO 25220 --- [ReclamationService] [ngodb.net:27017] org.mongodb.driver.cluster               : Discovered replica set primary ac-khxyvkv-shard-00-01.ltylxsp.mongodb.net:27017 with max election id 7fffffff0000000000000069 and max set version 36
2026-05-18T20:43:53.477+01:00  INFO 25220 --- [ReclamationService] [ngodb.net:27017] org.mongodb.driver.cluster               : Exception in monitor thread while connecting to server ac-khxyvkv-shard-00-00.ltylxsp.mongodb.net:27017

com.mongodb.MongoSocketReadException: Exception receiving message
	at com.mongodb.internal.connection.InternalStreamConnection.translateReadException(InternalStreamConnection.java:814) ~[mongodb-driver-core-5.2.1.jar:na]
	at com.mongodb.internal.connection.InternalStreamConnection.receiveResponseBuffers(InternalStreamConnection.java:862) ~[mongodb-driver-core-5.2.1.jar:na]
	at com.mongodb.internal.connection.InternalStreamConnection.receiveCommandMessageResponse(InternalStreamConnection.java:517) ~[mongodb-driver-core-5.2.1.jar:na]
	at com.mongodb.internal.connection.InternalStreamConnection.receive(InternalStreamConnection.java:469) ~[mongodb-driver-core-5.2.1.jar:na]
	at com.mongodb.internal.connection.DefaultServerMonitor$ServerMonitor.lookupServerDescription(DefaultServerMonitor.java:249) ~[mongodb-driver-core-5.2.1.jar:na]
	at com.mongodb.internal.connection.DefaultServerMonitor$ServerMonitor.run(DefaultServerMonitor.java:176) ~[mongodb-driver-core-5.2.1.jar:na]
Caused by: java.net.SocketException: Connection reset
	at java.base/sun.nio.ch.NioSocketImpl.implRead(NioSocketImpl.java:328) ~[na:na]
	at java.base/sun.nio.ch.NioSocketImpl.read(NioSocketImpl.java:355) ~[na:na]
	at java.base/sun.nio.ch.NioSocketImpl$1.read(NioSocketImpl.java:808) ~[na:na]
	at java.base/java.net.Socket$SocketInputStream.read(Socket.java:966) ~[na:na]
	at java.base/sun.security.ssl.SSLSocketInputRecord.read(SSLSocketInputRecord.java:484) ~[na:na]
	at java.base/sun.security.ssl.SSLSocketInputRecord.readHeader(SSLSocketInputRecord.java:478) ~[na:na]
	at java.base/sun.security.ssl.SSLSocketInputRecord.bytesInCompletePacket(SSLSocketInputRecord.java:70) ~[na:na]
	at java.base/sun.security.ssl.SSLSocketImpl.readApplicationRecord(SSLSocketImpl.java:1461) ~[na:na]
	at java.base/sun.security.ssl.SSLSocketImpl$AppInputStream.read(SSLSocketImpl.java:1065) ~[na:na]
	at com.mongodb.internal.connection.SocketStream.read(SocketStream.java:182) ~[mongodb-driver-core-5.2.1.jar:na]
	at com.mongodb.internal.connection.InternalStreamConnection.receiveResponseBuffers(InternalStreamConnection.java:829) ~[mongodb-driver-core-5.2.1.jar:na]
	... 4 common frames omitted

2026-05-18T20:43:53.475+01:00  INFO 25220 --- [ReclamationService] [ngodb.net:27017] org.mongodb.driver.cluster               : Exception in monitor thread while connecting to server ac-khxyvkv-shard-00-01.ltylxsp.mongodb.net:27017

com.mongodb.MongoSocketReadException: Exception receiving message
	at com.mongodb.internal.connection.InternalStreamConnection.translateReadException(InternalStreamConnection.java:814) ~[mongodb-driver-core-5.2.1.jar:na]
	at com.mongodb.internal.connection.InternalStreamConnection.receiveResponseBuffers(InternalStreamConnection.java:862) ~[mongodb-driver-core-5.2.1.jar:na]
	at com.mongodb.internal.connection.InternalStreamConnection.receiveCommandMessageResponse(InternalStreamConnection.java:517) ~[mongodb-driver-core-5.2.1.jar:na]
	at com.mongodb.internal.connection.InternalStreamConnection.receive(InternalStreamConnection.java:469) ~[mongodb-driver-core-5.2.1.jar:na]
	at com.mongodb.internal.connection.DefaultServerMonitor$ServerMonitor.lookupServerDescription(DefaultServerMonitor.java:249) ~[mongodb-driver-core-5.2.1.jar:na]
	at com.mongodb.internal.connection.DefaultServerMonitor$ServerMonitor.run(DefaultServerMonitor.java:176) ~[mongodb-driver-core-5.2.1.jar:na]
Caused by: java.net.SocketException: Connection reset
	at java.base/sun.nio.ch.NioSocketImpl.implRead(NioSocketImpl.java:328) ~[na:na]
	at java.base/sun.nio.ch.NioSocketImpl.read(NioSocketImpl.java:355) ~[na:na]
	at java.base/sun.nio.ch.NioSocketImpl$1.read(NioSocketImpl.java:808) ~[na:na]
	at java.base/java.net.Socket$SocketInputStream.read(Socket.java:966) ~[na:na]
	at java.base/sun.security.ssl.SSLSocketInputRecord.read(SSLSocketInputRecord.java:484) ~[na:na]
	at java.base/sun.security.ssl.SSLSocketInputRecord.readHeader(SSLSocketInputRecord.java:478) ~[na:na]
	at java.base/sun.security.ssl.SSLSocketInputRecord.bytesInCompletePacket(SSLSocketInputRecord.java:70) ~[na:na]
	at java.base/sun.security.ssl.SSLSocketImpl.readApplicationRecord(SSLSocketImpl.java:1461) ~[na:na]
	at java.base/sun.security.ssl.SSLSocketImpl$AppInputStream.read(SSLSocketImpl.java:1065) ~[na:na]
	at com.mongodb.internal.connection.SocketStream.read(SocketStream.java:182) ~[mongodb-driver-core-5.2.1.jar:na]
	at com.mongodb.internal.connection.InternalStreamConnection.receiveResponseBuffers(InternalStreamConnection.java:829) ~[mongodb-driver-core-5.2.1.jar:na]
	... 4 common frames omitted

2026-05-18T20:43:53.498+01:00  INFO 25220 --- [ReclamationService] [ngodb.net:27017] org.mongodb.driver.cluster               : Exception in monitor thread while connecting to server ac-khxyvkv-shard-00-02.ltylxsp.mongodb.net:27017

com.mongodb.MongoSocketReadException: Exception receiving message
	at com.mongodb.internal.connection.InternalStreamConnection.translateReadException(InternalStreamConnection.java:814) ~[mongodb-driver-core-5.2.1.jar:na]
	at com.mongodb.internal.connection.InternalStreamConnection.receiveResponseBuffers(InternalStreamConnection.java:862) ~[mongodb-driver-core-5.2.1.jar:na]
	at com.mongodb.internal.connection.InternalStreamConnection.receiveCommandMessageResponse(InternalStreamConnection.java:517) ~[mongodb-driver-core-5.2.1.jar:na]
	at com.mongodb.internal.connection.InternalStreamConnection.receive(InternalStreamConnection.java:469) ~[mongodb-driver-core-5.2.1.jar:na]
	at com.mongodb.internal.connection.DefaultServerMonitor$ServerMonitor.lookupServerDescription(DefaultServerMonitor.java:249) ~[mongodb-driver-core-5.2.1.jar:na]
	at com.mongodb.internal.connection.DefaultServerMonitor$ServerMonitor.run(DefaultServerMonitor.java:176) ~[mongodb-driver-core-5.2.1.jar:na]
Caused by: java.net.SocketException: Connection reset
	at java.base/sun.nio.ch.NioSocketImpl.implRead(NioSocketImpl.java:328) ~[na:na]
	at java.base/sun.nio.ch.NioSocketImpl.read(NioSocketImpl.java:355) ~[na:na]
	at java.base/sun.nio.ch.NioSocketImpl$1.read(NioSocketImpl.java:808) ~[na:na]
	at java.base/java.net.Socket$SocketInputStream.read(Socket.java:966) ~[na:na]
	at java.base/sun.security.ssl.SSLSocketInputRecord.read(SSLSocketInputRecord.java:484) ~[na:na]
	at java.base/sun.security.ssl.SSLSocketInputRecord.readHeader(SSLSocketInputRecord.java:478) ~[na:na]
	at java.base/sun.security.ssl.SSLSocketInputRecord.bytesInCompletePacket(SSLSocketInputRecord.java:70) ~[na:na]
	at java.base/sun.security.ssl.SSLSocketImpl.readApplicationRecord(SSLSocketImpl.java:1461) ~[na:na]
	at java.base/sun.security.ssl.SSLSocketImpl$AppInputStream.read(SSLSocketImpl.java:1065) ~[na:na]
	at com.mongodb.internal.connection.SocketStream.read(SocketStream.java:182) ~[mongodb-driver-core-5.2.1.jar:na]
	at com.mongodb.internal.connection.InternalStreamConnection.receiveResponseBuffers(InternalStreamConnection.java:829) ~[mongodb-driver-core-5.2.1.jar:na]
	... 4 common frames omitted

2026-05-18T20:43:53.712+01:00  INFO 25220 --- [ReclamationService] [ngodb.net:27017] org.mongodb.driver.cluster               : Exception in monitor thread while connecting to server ac-khxyvkv-shard-00-02.ltylxsp.mongodb.net:27017

com.mongodb.MongoSocketException: Hôte inconnu (ac-khxyvkv-shard-00-02.ltylxsp.mongodb.net)
	at com.mongodb.internal.connection.ServerAddressHelper.getSocketAddresses(ServerAddressHelper.java:75) ~[mongodb-driver-core-5.2.1.jar:na]
	at com.mongodb.internal.connection.SocketStream.initializeSocket(SocketStream.java:100) ~[mongodb-driver-core-5.2.1.jar:na]
	at com.mongodb.internal.connection.SocketStream.open(SocketStream.java:79) ~[mongodb-driver-core-5.2.1.jar:na]
	at com.mongodb.internal.connection.InternalStreamConnection.open(InternalStreamConnection.java:233) ~[mongodb-driver-core-5.2.1.jar:na]
	at com.mongodb.internal.connection.DefaultServerMonitor$ServerMonitor.lookupServerDescription(DefaultServerMonitor.java:219) ~[mongodb-driver-core-5.2.1.jar:na]
	at com.mongodb.internal.connection.DefaultServerMonitor$ServerMonitor.run(DefaultServerMonitor.java:176) ~[mongodb-driver-core-5.2.1.jar:na]
Caused by: java.net.UnknownHostException: Hôte inconnu (ac-khxyvkv-shard-00-02.ltylxsp.mongodb.net)
	at java.base/java.net.Inet6AddressImpl.lookupAllHostAddr(Native Method) ~[na:na]
	at java.base/java.net.InetAddress$PlatformNameService.lookupAllHostAddr(InetAddress.java:933) ~[na:na]
	at java.base/java.net.InetAddress.getAddressesFromNameService(InetAddress.java:1543) ~[na:na]
	at java.base/java.net.InetAddress$NameServiceAddresses.get(InetAddress.java:852) ~[na:na]
	at java.base/java.net.InetAddress.getAllByName0(InetAddress.java:1532) ~[na:na]
	at java.base/java.net.InetAddress.getAllByName(InetAddress.java:1384) ~[na:na]
	at java.base/java.net.InetAddress.getAllByName(InetAddress.java:1305) ~[na:na]
	at com.mongodb.internal.connection.DefaultInetAddressResolver.lookupByName(DefaultInetAddressResolver.java:34) ~[mongodb-driver-core-5.2.1.jar:na]
	at com.mongodb.internal.connection.ServerAddressHelper.getSocketAddresses(ServerAddressHelper.java:71) ~[mongodb-driver-core-5.2.1.jar:na]
	... 5 common frames omitted

2026-05-18T20:43:53.712+01:00  INFO 25220 --- [ReclamationService] [ngodb.net:27017] org.mongodb.driver.cluster               : Exception in monitor thread while connecting to server ac-khxyvkv-shard-00-01.ltylxsp.mongodb.net:27017

com.mongodb.MongoSocketException: Hôte inconnu (ac-khxyvkv-shard-00-01.ltylxsp.mongodb.net)
	at com.mongodb.internal.connection.ServerAddressHelper.getSocketAddresses(ServerAddressHelper.java:75) ~[mongodb-driver-core-5.2.1.jar:na]
	at com.mongodb.internal.connection.SocketStream.initializeSocket(SocketStream.java:100) ~[mongodb-driver-core-5.2.1.jar:na]
	at com.mongodb.internal.connection.SocketStream.open(SocketStream.java:79) ~[mongodb-driver-core-5.2.1.jar:na]
	at com.mongodb.internal.connection.InternalStreamConnection.open(InternalStreamConnection.java:233) ~[mongodb-driver-core-5.2.1.jar:na]
	at com.mongodb.internal.connection.DefaultServerMonitor$ServerMonitor.lookupServerDescription(DefaultServerMonitor.java:219) ~[mongodb-driver-core-5.2.1.jar:na]
	at com.mongodb.internal.connection.DefaultServerMonitor$ServerMonitor.run(DefaultServerMonitor.java:176) ~[mongodb-driver-core-5.2.1.jar:na]
Caused by: java.net.UnknownHostException: Hôte inconnu (ac-khxyvkv-shard-00-01.ltylxsp.mongodb.net)
	at java.base/java.net.Inet6AddressImpl.lookupAllHostAddr(Native Method) ~[na:na]
	at java.base/java.net.InetAddress$PlatformNameService.lookupAllHostAddr(InetAddress.java:933) ~[na:na]
	at java.base/java.net.InetAddress.getAddressesFromNameService(InetAddress.java:1543) ~[na:na]
	at java.base/java.net.InetAddress$NameServiceAddresses.get(InetAddress.java:852) ~[na:na]
	at java.base/java.net.InetAddress.getAllByName0(InetAddress.java:1532) ~[na:na]
	at java.base/java.net.InetAddress.getAllByName(InetAddress.java:1384) ~[na:na]
	at java.base/java.net.InetAddress.getAllByName(InetAddress.java:1305) ~[na:na]
	at com.mongodb.internal.connection.DefaultInetAddressResolver.lookupByName(DefaultInetAddressResolver.java:34) ~[mongodb-driver-core-5.2.1.jar:na]
	at com.mongodb.internal.connection.ServerAddressHelper.getSocketAddresses(ServerAddressHelper.java:71) ~[mongodb-driver-core-5.2.1.jar:na]
	... 5 common frames omitted

2026-05-18T20:43:54.108+01:00  INFO 25220 --- [ReclamationService] [ngodb.net:27017] org.mongodb.driver.cluster               : Exception in monitor thread while connecting to server ac-khxyvkv-shard-00-00.ltylxsp.mongodb.net:27017

com.mongodb.MongoSocketOpenException: Exception opening socket
	at com.mongodb.internal.connection.SocketStream.lambda$open$0(SocketStream.java:85) ~[mongodb-driver-core-5.2.1.jar:na]
	at java.base/java.util.Optional.orElseThrow(Optional.java:403) ~[na:na]
	at com.mongodb.internal.connection.SocketStream.open(SocketStream.java:85) ~[mongodb-driver-core-5.2.1.jar:na]
	at com.mongodb.internal.connection.InternalStreamConnection.open(InternalStreamConnection.java:233) ~[mongodb-driver-core-5.2.1.jar:na]
	at com.mongodb.internal.connection.DefaultServerMonitor$ServerMonitor.lookupServerDescription(DefaultServerMonitor.java:219) ~[mongodb-driver-core-5.2.1.jar:na]
	at com.mongodb.internal.connection.DefaultServerMonitor$ServerMonitor.run(DefaultServerMonitor.java:176) ~[mongodb-driver-core-5.2.1.jar:na]
Caused by: java.net.SocketException: Network is unreachable: no further information
	at java.base/sun.nio.ch.Net.pollConnect(Native Method) ~[na:na]
	at java.base/sun.nio.ch.Net.pollConnectNow(Net.java:672) ~[na:na]
	at java.base/sun.nio.ch.NioSocketImpl.timedFinishConnect(NioSocketImpl.java:547) ~[na:na]
	at java.base/sun.nio.ch.NioSocketImpl.connect(NioSocketImpl.java:602) ~[na:na]
	at java.base/java.net.SocksSocketImpl.connect(SocksSocketImpl.java:327) ~[na:na]
	at java.base/java.net.Socket.connect(Socket.java:633) ~[na:na]
	at java.base/sun.security.ssl.SSLSocketImpl.connect(SSLSocketImpl.java:304) ~[na:na]
	at com.mongodb.internal.connection.SocketStreamHelper.initialize(SocketStreamHelper.java:76) ~[mongodb-driver-core-5.2.1.jar:na]
	at com.mongodb.internal.connection.SocketStream.initializeSocket(SocketStream.java:104) ~[mongodb-driver-core-5.2.1.jar:na]
	at com.mongodb.internal.connection.SocketStream.open(SocketStream.java:79) ~[mongodb-driver-core-5.2.1.jar:na]
	... 3 common frames omitted

2026-05-18T20:59:12.337+01:00  INFO 25220 --- [ReclamationService] [ngodb.net:27017] org.mongodb.driver.cluster               : Exception in monitor thread while connecting to server ac-khxyvkv-shard-00-01.ltylxsp.mongodb.net:27017

com.mongodb.MongoSocketOpenException: Exception opening socket
	at com.mongodb.internal.connection.SocketStream.lambda$open$0(SocketStream.java:85) ~[mongodb-driver-core-5.2.1.jar:na]
	at java.base/java.util.Optional.orElseThrow(Optional.java:403) ~[na:na]
	at com.mongodb.internal.connection.SocketStream.open(SocketStream.java:85) ~[mongodb-driver-core-5.2.1.jar:na]
	at com.mongodb.internal.connection.InternalStreamConnection.open(InternalStreamConnection.java:233) ~[mongodb-driver-core-5.2.1.jar:na]
	at com.mongodb.internal.connection.DefaultServerMonitor$ServerMonitor.lookupServerDescription(DefaultServerMonitor.java:219) ~[mongodb-driver-core-5.2.1.jar:na]
	at com.mongodb.internal.connection.DefaultServerMonitor$ServerMonitor.run(DefaultServerMonitor.java:176) ~[mongodb-driver-core-5.2.1.jar:na]
Caused by: java.net.SocketTimeoutException: Connect timed out
	at java.base/sun.nio.ch.NioSocketImpl.timedFinishConnect(NioSocketImpl.java:551) ~[na:na]
	at java.base/sun.nio.ch.NioSocketImpl.connect(NioSocketImpl.java:602) ~[na:na]
	at java.base/java.net.SocksSocketImpl.connect(SocksSocketImpl.java:327) ~[na:na]
	at java.base/java.net.Socket.connect(Socket.java:633) ~[na:na]
	at java.base/sun.security.ssl.SSLSocketImpl.connect(SSLSocketImpl.java:304) ~[na:na]
	at com.mongodb.internal.connection.SocketStreamHelper.initialize(SocketStreamHelper.java:76) ~[mongodb-driver-core-5.2.1.jar:na]
	at com.mongodb.internal.connection.SocketStream.initializeSocket(SocketStream.java:104) ~[mongodb-driver-core-5.2.1.jar:na]
	at com.mongodb.internal.connection.SocketStream.open(SocketStream.java:79) ~[mongodb-driver-core-5.2.1.jar:na]
	... 3 common frames omitted

2026-05-18T20:59:12.521+01:00  INFO 25220 --- [ReclamationService] [ngodb.net:27017] org.mongodb.driver.cluster               : Exception in monitor thread while connecting to server ac-khxyvkv-shard-00-02.ltylxsp.mongodb.net:27017

com.mongodb.MongoSocketWriteException: Exception sending message
	at com.mongodb.internal.connection.InternalStreamConnection.throwTranslatedWriteException(InternalStreamConnection.java:790) ~[mongodb-driver-core-5.2.1.jar:na]
	at com.mongodb.internal.connection.InternalStreamConnection.sendMessage(InternalStreamConnection.java:675) ~[mongodb-driver-core-5.2.1.jar:na]
	at com.mongodb.internal.connection.InternalStreamConnection.trySendMessage(InternalStreamConnection.java:507) ~[mongodb-driver-core-5.2.1.jar:na]
	at com.mongodb.internal.connection.InternalStreamConnection.sendCommandMessage(InternalStreamConnection.java:482) ~[mongodb-driver-core-5.2.1.jar:na]
	at com.mongodb.internal.connection.InternalStreamConnection.sendAndReceiveInternal(InternalStreamConnection.java:440) ~[mongodb-driver-core-5.2.1.jar:na]
	at com.mongodb.internal.connection.InternalStreamConnection.lambda$sendAndReceive$0(InternalStreamConnection.java:375) ~[mongodb-driver-core-5.2.1.jar:na]
	at com.mongodb.internal.connection.InternalStreamConnection.sendAndReceive(InternalStreamConnection.java:378) ~[mongodb-driver-core-5.2.1.jar:na]
	at com.mongodb.internal.connection.CommandHelper.sendAndReceive(CommandHelper.java:100) ~[mongodb-driver-core-5.2.1.jar:na]
	at com.mongodb.internal.connection.CommandHelper.executeCommand(CommandHelper.java:49) ~[mongodb-driver-core-5.2.1.jar:na]
	at com.mongodb.internal.connection.InternalStreamConnectionInitializer.initializeConnectionDescription(InternalStreamConnectionInitializer.java:144) ~[mongodb-driver-core-5.2.1.jar:na]
	at com.mongodb.internal.connection.InternalStreamConnectionInitializer.startHandshake(InternalStreamConnectionInitializer.java:79) ~[mongodb-driver-core-5.2.1.jar:na]
	at com.mongodb.internal.connection.InternalStreamConnection.open(InternalStreamConnection.java:235) ~[mongodb-driver-core-5.2.1.jar:na]
	at com.mongodb.internal.connection.DefaultServerMonitor$ServerMonitor.lookupServerDescription(DefaultServerMonitor.java:219) ~[mongodb-driver-core-5.2.1.jar:na]
	at com.mongodb.internal.connection.DefaultServerMonitor$ServerMonitor.run(DefaultServerMonitor.java:176) ~[mongodb-driver-core-5.2.1.jar:na]
Caused by: java.net.SocketTimeoutException: Read timed out
	at java.base/sun.nio.ch.NioSocketImpl.timedRead(NioSocketImpl.java:288) ~[na:na]
	at java.base/sun.nio.ch.NioSocketImpl.implRead(NioSocketImpl.java:314) ~[na:na]
	at java.base/sun.nio.ch.NioSocketImpl.read(NioSocketImpl.java:355) ~[na:na]
	at java.base/sun.nio.ch.NioSocketImpl$1.read(NioSocketImpl.java:808) ~[na:na]
	at java.base/java.net.Socket$SocketInputStream.read(Socket.java:966) ~[na:na]
	at java.base/sun.security.ssl.SSLSocketInputRecord.read(SSLSocketInputRecord.java:484) ~[na:na]
	at java.base/sun.security.ssl.SSLSocketInputRecord.readHeader(SSLSocketInputRecord.java:478) ~[na:na]
	at java.base/sun.security.ssl.SSLSocketInputRecord.decode(SSLSocketInputRecord.java:160) ~[na:na]
	at java.base/sun.security.ssl.SSLTransport.decode(SSLTransport.java:111) ~[na:na]
	at java.base/sun.security.ssl.SSLSocketImpl.decode(SSLSocketImpl.java:1506) ~[na:na]
	at java.base/sun.security.ssl.SSLSocketImpl.readHandshakeRecord(SSLSocketImpl.java:1421) ~[na:na]
	at java.base/sun.security.ssl.SSLSocketImpl.startHandshake(SSLSocketImpl.java:455) ~[na:na]
	at java.base/sun.security.ssl.SSLSocketImpl.ensureNegotiated(SSLSocketImpl.java:921) ~[na:na]
	at java.base/sun.security.ssl.SSLSocketImpl$AppOutputStream.write(SSLSocketImpl.java:1291) ~[na:na]
	at com.mongodb.internal.connection.SocketStream.write(SocketStream.java:165) ~[mongodb-driver-core-5.2.1.jar:na]
	at com.mongodb.internal.connection.InternalStreamConnection.sendMessage(InternalStreamConnection.java:672) ~[mongodb-driver-core-5.2.1.jar:na]
	... 12 common frames omitted

2026-05-18T20:59:14.707+01:00  INFO 25220 --- [ReclamationService] [ngodb.net:27017] org.mongodb.driver.cluster               : Exception in monitor thread while connecting to server ac-khxyvkv-shard-00-00.ltylxsp.mongodb.net:27017

com.mongodb.MongoSocketReadTimeoutException: Timeout while receiving message
	at com.mongodb.internal.connection.InternalStreamConnection.createReadTimeoutException(InternalStreamConnection.java:824) ~[mongodb-driver-core-5.2.1.jar:na]
	at com.mongodb.internal.connection.InternalStreamConnection.translateReadException(InternalStreamConnection.java:812) ~[mongodb-driver-core-5.2.1.jar:na]
	at com.mongodb.internal.connection.InternalStreamConnection.receiveResponseBuffers(InternalStreamConnection.java:862) ~[mongodb-driver-core-5.2.1.jar:na]
	at com.mongodb.internal.connection.InternalStreamConnection.receiveCommandMessageResponse(InternalStreamConnection.java:517) ~[mongodb-driver-core-5.2.1.jar:na]
	at com.mongodb.internal.connection.InternalStreamConnection.sendAndReceiveInternal(InternalStreamConnection.java:448) ~[mongodb-driver-core-5.2.1.jar:na]
	at com.mongodb.internal.connection.InternalStreamConnection.lambda$sendAndReceive$0(InternalStreamConnection.java:375) ~[mongodb-driver-core-5.2.1.jar:na]
	at com.mongodb.internal.connection.InternalStreamConnection.sendAndReceive(InternalStreamConnection.java:378) ~[mongodb-driver-core-5.2.1.jar:na]
	at com.mongodb.internal.connection.CommandHelper.sendAndReceive(CommandHelper.java:100) ~[mongodb-driver-core-5.2.1.jar:na]
	at com.mongodb.internal.connection.CommandHelper.executeCommand(CommandHelper.java:49) ~[mongodb-driver-core-5.2.1.jar:na]
	at com.mongodb.internal.connection.InternalStreamConnectionInitializer.initializeConnectionDescription(InternalStreamConnectionInitializer.java:144) ~[mongodb-driver-core-5.2.1.jar:na]
	at com.mongodb.internal.connection.InternalStreamConnectionInitializer.startHandshake(InternalStreamConnectionInitializer.java:79) ~[mongodb-driver-core-5.2.1.jar:na]
	at com.mongodb.internal.connection.InternalStreamConnection.open(InternalStreamConnection.java:235) ~[mongodb-driver-core-5.2.1.jar:na]
	at com.mongodb.internal.connection.DefaultServerMonitor$ServerMonitor.lookupServerDescription(DefaultServerMonitor.java:219) ~[mongodb-driver-core-5.2.1.jar:na]
	at com.mongodb.internal.connection.DefaultServerMonitor$ServerMonitor.run(DefaultServerMonitor.java:176) ~[mongodb-driver-core-5.2.1.jar:na]
Caused by: java.net.SocketTimeoutException: Read timed out
	at java.base/sun.nio.ch.NioSocketImpl.timedRead(NioSocketImpl.java:288) ~[na:na]
	at java.base/sun.nio.ch.NioSocketImpl.implRead(NioSocketImpl.java:314) ~[na:na]
	at java.base/sun.nio.ch.NioSocketImpl.read(NioSocketImpl.java:355) ~[na:na]
	at java.base/sun.nio.ch.NioSocketImpl$1.read(NioSocketImpl.java:808) ~[na:na]
	at java.base/java.net.Socket$SocketInputStream.read(Socket.java:966) ~[na:na]
	at java.base/sun.security.ssl.SSLSocketInputRecord.read(SSLSocketInputRecord.java:484) ~[na:na]
	at java.base/sun.security.ssl.SSLSocketInputRecord.readHeader(SSLSocketInputRecord.java:478) ~[na:na]
	at java.base/sun.security.ssl.SSLSocketInputRecord.bytesInCompletePacket(SSLSocketInputRecord.java:70) ~[na:na]
	at java.base/sun.security.ssl.SSLSocketImpl.readApplicationRecord(SSLSocketImpl.java:1461) ~[na:na]
	at java.base/sun.security.ssl.SSLSocketImpl$AppInputStream.read(SSLSocketImpl.java:1065) ~[na:na]
	at com.mongodb.internal.connection.SocketStream.read(SocketStream.java:182) ~[mongodb-driver-core-5.2.1.jar:na]
	at com.mongodb.internal.connection.InternalStreamConnection.receiveResponseBuffers(InternalStreamConnection.java:829) ~[mongodb-driver-core-5.2.1.jar:na]
	... 11 common frames omitted

2026-05-18T20:59:24.956+01:00  INFO 25220 --- [ReclamationService] [ngodb.net:27017] org.mongodb.driver.cluster               : Monitor thread successfully connected to server with description ServerDescription{address=ac-khxyvkv-shard-00-00.ltylxsp.mongodb.net:27017, type=REPLICA_SET_SECONDARY, cryptd=false, state=CONNECTED, ok=true, minWireVersion=0, maxWireVersion=25, maxDocumentSize=16777216, logicalSessionTimeoutMinutes=30, roundTripTimeNanos=167858700, minRoundTripTimeNanos=0, setName='atlas-6x6yvm-shard-0', canonicalAddress=ac-khxyvkv-shard-00-00.ltylxsp.mongodb.net:27017, hosts=[ac-khxyvkv-shard-00-00.ltylxsp.mongodb.net:27017, ac-khxyvkv-shard-00-01.ltylxsp.mongodb.net:27017, ac-khxyvkv-shard-00-02.ltylxsp.mongodb.net:27017], passives=[], arbiters=[], primary='ac-khxyvkv-shard-00-01.ltylxsp.mongodb.net:27017', tagSet=TagSet{[Tag{name='availabilityZone', value='euw3-az1'}, Tag{name='cacheState', value='READY'}, Tag{name='diskState', value='READY'}, Tag{name='nodeType', value='ELECTABLE'}, Tag{name='provider', value='AWS'}, Tag{name='region', value='EU_WEST_3'}, Tag{name='workloadType', value='OPERATIONAL'}]}, electionId=null, setVersion=36, topologyVersion=TopologyVersion{processId=69fe3480bce649a00b1f6b90, counter=4}, lastWriteDate=Mon May 18 20:59:23 WAT 2026, lastUpdateTimeNanos=212082580807700}
2026-05-18T20:59:33.014+01:00  INFO 25220 --- [ReclamationService] [ngodb.net:27017] org.mongodb.driver.cluster               : Exception in monitor thread while connecting to server ac-khxyvkv-shard-00-02.ltylxsp.mongodb.net:27017

com.mongodb.MongoSocketReadTimeoutException: Timeout while receiving message
	at com.mongodb.internal.connection.InternalStreamConnection.createReadTimeoutException(InternalStreamConnection.java:824) ~[mongodb-driver-core-5.2.1.jar:na]
	at com.mongodb.internal.connection.InternalStreamConnection.translateReadException(InternalStreamConnection.java:812) ~[mongodb-driver-core-5.2.1.jar:na]
	at com.mongodb.internal.connection.InternalStreamConnection.receiveResponseBuffers(InternalStreamConnection.java:862) ~[mongodb-driver-core-5.2.1.jar:na]
	at com.mongodb.internal.connection.InternalStreamConnection.receiveCommandMessageResponse(InternalStreamConnection.java:517) ~[mongodb-driver-core-5.2.1.jar:na]
	at com.mongodb.internal.connection.InternalStreamConnection.sendAndReceiveInternal(InternalStreamConnection.java:448) ~[mongodb-driver-core-5.2.1.jar:na]
	at com.mongodb.internal.connection.InternalStreamConnection.lambda$sendAndReceive$0(InternalStreamConnection.java:375) ~[mongodb-driver-core-5.2.1.jar:na]
	at com.mongodb.internal.connection.InternalStreamConnection.sendAndReceive(InternalStreamConnection.java:378) ~[mongodb-driver-core-5.2.1.jar:na]
	at com.mongodb.internal.connection.CommandHelper.sendAndReceive(CommandHelper.java:100) ~[mongodb-driver-core-5.2.1.jar:na]
	at com.mongodb.internal.connection.CommandHelper.executeCommand(CommandHelper.java:49) ~[mongodb-driver-core-5.2.1.jar:na]
	at com.mongodb.internal.connection.InternalStreamConnectionInitializer.initializeConnectionDescription(InternalStreamConnectionInitializer.java:144) ~[mongodb-driver-core-5.2.1.jar:na]
	at com.mongodb.internal.connection.InternalStreamConnectionInitializer.startHandshake(InternalStreamConnectionInitializer.java:79) ~[mongodb-driver-core-5.2.1.jar:na]
	at com.mongodb.internal.connection.InternalStreamConnection.open(InternalStreamConnection.java:235) ~[mongodb-driver-core-5.2.1.jar:na]
	at com.mongodb.internal.connection.DefaultServerMonitor$ServerMonitor.lookupServerDescription(DefaultServerMonitor.java:219) ~[mongodb-driver-core-5.2.1.jar:na]
	at com.mongodb.internal.connection.DefaultServerMonitor$ServerMonitor.run(DefaultServerMonitor.java:176) ~[mongodb-driver-core-5.2.1.jar:na]
Caused by: java.net.SocketTimeoutException: Read timed out
	at java.base/sun.nio.ch.NioSocketImpl.timedRead(NioSocketImpl.java:288) ~[na:na]
	at java.base/sun.nio.ch.NioSocketImpl.implRead(NioSocketImpl.java:314) ~[na:na]
	at java.base/sun.nio.ch.NioSocketImpl.read(NioSocketImpl.java:355) ~[na:na]
	at java.base/sun.nio.ch.NioSocketImpl$1.read(NioSocketImpl.java:808) ~[na:na]
	at java.base/java.net.Socket$SocketInputStream.read(Socket.java:966) ~[na:na]
	at java.base/sun.security.ssl.SSLSocketInputRecord.read(SSLSocketInputRecord.java:484) ~[na:na]
	at java.base/sun.security.ssl.SSLSocketInputRecord.readHeader(SSLSocketInputRecord.java:478) ~[na:na]
	at java.base/sun.security.ssl.SSLSocketInputRecord.bytesInCompletePacket(SSLSocketInputRecord.java:70) ~[na:na]
	at java.base/sun.security.ssl.SSLSocketImpl.readApplicationRecord(SSLSocketImpl.java:1461) ~[na:na]
	at java.base/sun.security.ssl.SSLSocketImpl$AppInputStream.read(SSLSocketImpl.java:1065) ~[na:na]
	at com.mongodb.internal.connection.SocketStream.read(SocketStream.java:182) ~[mongodb-driver-core-5.2.1.jar:na]
	at com.mongodb.internal.connection.InternalStreamConnection.receiveResponseBuffers(InternalStreamConnection.java:829) ~[mongodb-driver-core-5.2.1.jar:na]
	... 11 common frames omitted

2026-05-18T20:59:42.501+01:00  INFO 25220 --- [ReclamationService] [ngodb.net:27017] org.mongodb.driver.cluster               : Monitor thread successfully connected to server with description ServerDescription{address=ac-khxyvkv-shard-00-01.ltylxsp.mongodb.net:27017, type=REPLICA_SET_PRIMARY, cryptd=false, state=CONNECTED, ok=true, minWireVersion=0, maxWireVersion=25, maxDocumentSize=16777216, logicalSessionTimeoutMinutes=30, roundTripTimeNanos=90645300, minRoundTripTimeNanos=0, setName='atlas-6x6yvm-shard-0', canonicalAddress=ac-khxyvkv-shard-00-01.ltylxsp.mongodb.net:27017, hosts=[ac-khxyvkv-shard-00-00.ltylxsp.mongodb.net:27017, ac-khxyvkv-shard-00-01.ltylxsp.mongodb.net:27017, ac-khxyvkv-shard-00-02.ltylxsp.mongodb.net:27017], passives=[], arbiters=[], primary='ac-khxyvkv-shard-00-01.ltylxsp.mongodb.net:27017', tagSet=TagSet{[Tag{name='availabilityZone', value='euw3-az2'}, Tag{name='cacheState', value='READY'}, Tag{name='diskState', value='READY'}, Tag{name='nodeType', value='ELECTABLE'}, Tag{name='provider', value='AWS'}, Tag{name='region', value='EU_WEST_3'}, Tag{name='workloadType', value='OPERATIONAL'}]}, electionId=7fffffff0000000000000069, setVersion=36, topologyVersion=TopologyVersion{processId=69fe370e7afba3a6519b2508, counter=6}, lastWriteDate=Mon May 18 20:59:41 WAT 2026, lastUpdateTimeNanos=212100155766600}
2026-05-18T20:59:42.527+01:00  INFO 25220 --- [ReclamationService] [ngodb.net:27017] org.mongodb.driver.cluster               : Discovered replica set primary ac-khxyvkv-shard-00-01.ltylxsp.mongodb.net:27017 with max election id 7fffffff0000000000000069 and max set version 36
2026-05-18T20:59:43.166+01:00  INFO 25220 --- [ReclamationService] [ngodb.net:27017] org.mongodb.driver.cluster               : Monitor thread successfully connected to server with description ServerDescription{address=ac-khxyvkv-shard-00-02.ltylxsp.mongodb.net:27017, type=REPLICA_SET_SECONDARY, cryptd=false, state=CONNECTED, ok=true, minWireVersion=0, maxWireVersion=25, maxDocumentSize=16777216, logicalSessionTimeoutMinutes=30, roundTripTimeNanos=97805200, minRoundTripTimeNanos=0, setName='atlas-6x6yvm-shard-0', canonicalAddress=ac-khxyvkv-shard-00-02.ltylxsp.mongodb.net:27017, hosts=[ac-khxyvkv-shard-00-00.ltylxsp.mongodb.net:27017, ac-khxyvkv-shard-00-01.ltylxsp.mongodb.net:27017, ac-khxyvkv-shard-00-02.ltylxsp.mongodb.net:27017], passives=[], arbiters=[], primary='ac-khxyvkv-shard-00-01.ltylxsp.mongodb.net:27017', tagSet=TagSet{[Tag{name='availabilityZone', value='euw3-az3'}, Tag{name='cacheState', value='READY'}, Tag{name='diskState', value='READY'}, Tag{name='nodeType', value='ELECTABLE'}, Tag{name='provider', value='AWS'}, Tag{name='region', value='EU_WEST_3'}, Tag{name='workloadType', value='OPERATIONAL'}]}, electionId=null, setVersion=36, topologyVersion=TopologyVersion{processId=69fe3974932517ad87b461cb, counter=3}, lastWriteDate=Mon May 18 20:59:41 WAT 2026, lastUpdateTimeNanos=212100820488600}
2026-05-18T21:01:51.715+01:00  INFO 25220 --- [ReclamationService] [ngodb.net:27017] org.mongodb.driver.cluster               : Exception in monitor thread while connecting to server ac-khxyvkv-shard-00-00.ltylxsp.mongodb.net:27017

com.mongodb.MongoSocketReadException: Prematurely reached end of stream
	at com.mongodb.internal.connection.SocketStream.read(SocketStream.java:184) ~[mongodb-driver-core-5.2.1.jar:na]
	at com.mongodb.internal.connection.InternalStreamConnection.receiveResponseBuffers(InternalStreamConnection.java:829) ~[mongodb-driver-core-5.2.1.jar:na]
	at com.mongodb.internal.connection.InternalStreamConnection.receiveCommandMessageResponse(InternalStreamConnection.java:517) ~[mongodb-driver-core-5.2.1.jar:na]
	at com.mongodb.internal.connection.InternalStreamConnection.receive(InternalStreamConnection.java:469) ~[mongodb-driver-core-5.2.1.jar:na]
	at com.mongodb.internal.connection.DefaultServerMonitor$ServerMonitor.lookupServerDescription(DefaultServerMonitor.java:249) ~[mongodb-driver-core-5.2.1.jar:na]
	at com.mongodb.internal.connection.DefaultServerMonitor$ServerMonitor.run(DefaultServerMonitor.java:176) ~[mongodb-driver-core-5.2.1.jar:na]

2026-05-18T21:01:54.070+01:00  INFO 25220 --- [ReclamationService] [ngodb.net:27017] org.mongodb.driver.cluster               : Exception in monitor thread while connecting to server ac-khxyvkv-shard-00-00.ltylxsp.mongodb.net:27017

com.mongodb.MongoSocketOpenException: Exception opening socket
	at com.mongodb.internal.connection.SocketStream.lambda$open$0(SocketStream.java:85) ~[mongodb-driver-core-5.2.1.jar:na]
	at java.base/java.util.Optional.orElseThrow(Optional.java:403) ~[na:na]
	at com.mongodb.internal.connection.SocketStream.open(SocketStream.java:85) ~[mongodb-driver-core-5.2.1.jar:na]
	at com.mongodb.internal.connection.InternalStreamConnection.open(InternalStreamConnection.java:233) ~[mongodb-driver-core-5.2.1.jar:na]
	at com.mongodb.internal.connection.DefaultServerMonitor$ServerMonitor.lookupServerDescription(DefaultServerMonitor.java:219) ~[mongodb-driver-core-5.2.1.jar:na]
	at com.mongodb.internal.connection.DefaultServerMonitor$ServerMonitor.run(DefaultServerMonitor.java:176) ~[mongodb-driver-core-5.2.1.jar:na]
Caused by: java.net.ConnectException: Connection refused: no further information
	at java.base/sun.nio.ch.Net.pollConnect(Native Method) ~[na:na]
	at java.base/sun.nio.ch.Net.pollConnectNow(Net.java:672) ~[na:na]
	at java.base/sun.nio.ch.NioSocketImpl.timedFinishConnect(NioSocketImpl.java:554) ~[na:na]
	at java.base/sun.nio.ch.NioSocketImpl.connect(NioSocketImpl.java:602) ~[na:na]
	at java.base/java.net.SocksSocketImpl.connect(SocksSocketImpl.java:327) ~[na:na]
	at java.base/java.net.Socket.connect(Socket.java:633) ~[na:na]
	at java.base/sun.security.ssl.SSLSocketImpl.connect(SSLSocketImpl.java:304) ~[na:na]
	at com.mongodb.internal.connection.SocketStreamHelper.initialize(SocketStreamHelper.java:76) ~[mongodb-driver-core-5.2.1.jar:na]
	at com.mongodb.internal.connection.SocketStream.initializeSocket(SocketStream.java:104) ~[mongodb-driver-core-5.2.1.jar:na]
	at com.mongodb.internal.connection.SocketStream.open(SocketStream.java:79) ~[mongodb-driver-core-5.2.1.jar:na]
	... 3 common frames omitted

2026-05-18T21:07:36.204+01:00  INFO 25220 --- [ReclamationService] [ngodb.net:27017] org.mongodb.driver.cluster               : Exception in monitor thread while connecting to server ac-khxyvkv-shard-00-00.ltylxsp.mongodb.net:27017

com.mongodb.MongoSocketWriteException: Exception sending message
	at com.mongodb.internal.connection.InternalStreamConnection.throwTranslatedWriteException(InternalStreamConnection.java:790) ~[mongodb-driver-core-5.2.1.jar:na]
	at com.mongodb.internal.connection.InternalStreamConnection.sendMessage(InternalStreamConnection.java:675) ~[mongodb-driver-core-5.2.1.jar:na]
	at com.mongodb.internal.connection.InternalStreamConnection.trySendMessage(InternalStreamConnection.java:507) ~[mongodb-driver-core-5.2.1.jar:na]
	at com.mongodb.internal.connection.InternalStreamConnection.sendCommandMessage(InternalStreamConnection.java:482) ~[mongodb-driver-core-5.2.1.jar:na]
	at com.mongodb.internal.connection.InternalStreamConnection.sendAndReceiveInternal(InternalStreamConnection.java:440) ~[mongodb-driver-core-5.2.1.jar:na]
	at com.mongodb.internal.connection.InternalStreamConnection.lambda$sendAndReceive$0(InternalStreamConnection.java:375) ~[mongodb-driver-core-5.2.1.jar:na]
	at com.mongodb.internal.connection.InternalStreamConnection.sendAndReceive(InternalStreamConnection.java:378) ~[mongodb-driver-core-5.2.1.jar:na]
	at com.mongodb.internal.connection.CommandHelper.sendAndReceive(CommandHelper.java:100) ~[mongodb-driver-core-5.2.1.jar:na]
	at com.mongodb.internal.connection.CommandHelper.executeCommand(CommandHelper.java:49) ~[mongodb-driver-core-5.2.1.jar:na]
	at com.mongodb.internal.connection.InternalStreamConnectionInitializer.initializeConnectionDescription(InternalStreamConnectionInitializer.java:144) ~[mongodb-driver-core-5.2.1.jar:na]
	at com.mongodb.internal.connection.InternalStreamConnectionInitializer.startHandshake(InternalStreamConnectionInitializer.java:79) ~[mongodb-driver-core-5.2.1.jar:na]
	at com.mongodb.internal.connection.InternalStreamConnection.open(InternalStreamConnection.java:235) ~[mongodb-driver-core-5.2.1.jar:na]
	at com.mongodb.internal.connection.DefaultServerMonitor$ServerMonitor.lookupServerDescription(DefaultServerMonitor.java:219) ~[mongodb-driver-core-5.2.1.jar:na]
	at com.mongodb.internal.connection.DefaultServerMonitor$ServerMonitor.run(DefaultServerMonitor.java:176) ~[mongodb-driver-core-5.2.1.jar:na]
Caused by: java.net.SocketTimeoutException: Read timed out
	at java.base/sun.nio.ch.NioSocketImpl.timedRead(NioSocketImpl.java:288) ~[na:na]
	at java.base/sun.nio.ch.NioSocketImpl.implRead(NioSocketImpl.java:314) ~[na:na]
	at java.base/sun.nio.ch.NioSocketImpl.read(NioSocketImpl.java:355) ~[na:na]
	at java.base/sun.nio.ch.NioSocketImpl$1.read(NioSocketImpl.java:808) ~[na:na]
	at java.base/java.net.Socket$SocketInputStream.read(Socket.java:966) ~[na:na]
	at java.base/sun.security.ssl.SSLSocketInputRecord.read(SSLSocketInputRecord.java:484) ~[na:na]
	at java.base/sun.security.ssl.SSLSocketInputRecord.readHeader(SSLSocketInputRecord.java:478) ~[na:na]
	at java.base/sun.security.ssl.SSLSocketInputRecord.decode(SSLSocketInputRecord.java:160) ~[na:na]
	at java.base/sun.security.ssl.SSLTransport.decode(SSLTransport.java:111) ~[na:na]
	at java.base/sun.security.ssl.SSLSocketImpl.decode(SSLSocketImpl.java:1506) ~[na:na]
	at java.base/sun.security.ssl.SSLSocketImpl.readHandshakeRecord(SSLSocketImpl.java:1421) ~[na:na]
	at java.base/sun.security.ssl.SSLSocketImpl.startHandshake(SSLSocketImpl.java:455) ~[na:na]
	at java.base/sun.security.ssl.SSLSocketImpl.ensureNegotiated(SSLSocketImpl.java:921) ~[na:na]
	at java.base/sun.security.ssl.SSLSocketImpl$AppOutputStream.write(SSLSocketImpl.java:1291) ~[na:na]
	at com.mongodb.internal.connection.SocketStream.write(SocketStream.java:165) ~[mongodb-driver-core-5.2.1.jar:na]
	at com.mongodb.internal.connection.InternalStreamConnection.sendMessage(InternalStreamConnection.java:672) ~[mongodb-driver-core-5.2.1.jar:na]
	... 12 common frames omitted

2026-05-18T21:07:49.566+01:00  INFO 25220 --- [ReclamationService] [ngodb.net:27017] org.mongodb.driver.cluster               : Monitor thread successfully connected to server with description ServerDescription{address=ac-khxyvkv-shard-00-00.ltylxsp.mongodb.net:27017, type=REPLICA_SET_SECONDARY, cryptd=false, state=CONNECTED, ok=true, minWireVersion=0, maxWireVersion=25, maxDocumentSize=16777216, logicalSessionTimeoutMinutes=30, roundTripTimeNanos=3242977100, minRoundTripTimeNanos=0, setName='atlas-6x6yvm-shard-0', canonicalAddress=ac-khxyvkv-shard-00-00.ltylxsp.mongodb.net:27017, hosts=[ac-khxyvkv-shard-00-00.ltylxsp.mongodb.net:27017, ac-khxyvkv-shard-00-01.ltylxsp.mongodb.net:27017, ac-khxyvkv-shard-00-02.ltylxsp.mongodb.net:27017], passives=[], arbiters=[], primary='ac-khxyvkv-shard-00-01.ltylxsp.mongodb.net:27017', tagSet=TagSet{[Tag{name='availabilityZone', value='euw3-az1'}, Tag{name='cacheState', value='READY'}, Tag{name='diskState', value='READY'}, Tag{name='nodeType', value='ELECTABLE'}, Tag{name='provider', value='AWS'}, Tag{name='region', value='EU_WEST_3'}, Tag{name='workloadType', value='OPERATIONAL'}]}, electionId=null, setVersion=36, topologyVersion=TopologyVersion{processId=6a0b71594350e6bbf1a71fd2, counter=3}, lastWriteDate=Mon May 18 21:07:48 WAT 2026, lastUpdateTimeNanos=212587212068000}
2026-05-18T21:10:17.568+01:00  INFO 25220 --- [ReclamationService] [ngodb.net:27017] org.mongodb.driver.cluster               : Exception in monitor thread while connecting to server ac-khxyvkv-shard-00-02.ltylxsp.mongodb.net:27017

com.mongodb.MongoNodeIsRecoveringException: Command failed with error 91 (ShutdownInProgress): 'The server is in quiesce mode and will shut down' on server ac-khxyvkv-shard-00-02.ltylxsp.mongodb.net:27017. The full response is {"topologyVersion": {"processId": {"$oid": "69fe3974932517ad87b461cb"}, "counter": 4}, "ok": 0.0, "errmsg": "The server is in quiesce mode and will shut down", "code": 91, "codeName": "ShutdownInProgress", "remainingQuiesceTimeMillis": 14998, "$clusterTime": {"clusterTime": {"$timestamp": {"t": 1779135015, "i": 1}}, "signature": {"hash": {"$binary": {"base64": "HsslZnI/BQI/JhZsV2q9eJJM6KQ=", "subType": "00"}}, "keyId": 7581590937936068671}}, "operationTime": {"$timestamp": {"t": 1779135015, "i": 1}}}
	at com.mongodb.internal.connection.ProtocolHelper.createSpecialException(ProtocolHelper.java:264) ~[mongodb-driver-core-5.2.1.jar:na]
	at com.mongodb.internal.connection.ProtocolHelper.getCommandFailureException(ProtocolHelper.java:206) ~[mongodb-driver-core-5.2.1.jar:na]
	at com.mongodb.internal.connection.InternalStreamConnection.receiveCommandMessageResponse(InternalStreamConnection.java:520) ~[mongodb-driver-core-5.2.1.jar:na]
	at com.mongodb.internal.connection.InternalStreamConnection.receive(InternalStreamConnection.java:469) ~[mongodb-driver-core-5.2.1.jar:na]
	at com.mongodb.internal.connection.DefaultServerMonitor$ServerMonitor.lookupServerDescription(DefaultServerMonitor.java:249) ~[mongodb-driver-core-5.2.1.jar:na]
	at com.mongodb.internal.connection.DefaultServerMonitor$ServerMonitor.run(DefaultServerMonitor.java:176) ~[mongodb-driver-core-5.2.1.jar:na]

2026-05-18T21:10:41.874+01:00  INFO 25220 --- [ReclamationService] [ngodb.net:27017] org.mongodb.driver.cluster               : Exception in monitor thread while connecting to server ac-khxyvkv-shard-00-02.ltylxsp.mongodb.net:27017

com.mongodb.MongoSocketReadTimeoutException: Timeout while receiving message
	at com.mongodb.internal.connection.InternalStreamConnection.createReadTimeoutException(InternalStreamConnection.java:824) ~[mongodb-driver-core-5.2.1.jar:na]
	at com.mongodb.internal.connection.InternalStreamConnection.translateReadException(InternalStreamConnection.java:812) ~[mongodb-driver-core-5.2.1.jar:na]
	at com.mongodb.internal.connection.InternalStreamConnection.receiveResponseBuffers(InternalStreamConnection.java:862) ~[mongodb-driver-core-5.2.1.jar:na]
	at com.mongodb.internal.connection.InternalStreamConnection.receiveCommandMessageResponse(InternalStreamConnection.java:517) ~[mongodb-driver-core-5.2.1.jar:na]
	at com.mongodb.internal.connection.InternalStreamConnection.sendAndReceiveInternal(InternalStreamConnection.java:448) ~[mongodb-driver-core-5.2.1.jar:na]
	at com.mongodb.internal.connection.InternalStreamConnection.lambda$sendAndReceive$0(InternalStreamConnection.java:375) ~[mongodb-driver-core-5.2.1.jar:na]
	at com.mongodb.internal.connection.InternalStreamConnection.sendAndReceive(InternalStreamConnection.java:378) ~[mongodb-driver-core-5.2.1.jar:na]
	at com.mongodb.internal.connection.CommandHelper.sendAndReceive(CommandHelper.java:100) ~[mongodb-driver-core-5.2.1.jar:na]
	at com.mongodb.internal.connection.CommandHelper.executeCommand(CommandHelper.java:49) ~[mongodb-driver-core-5.2.1.jar:na]
	at com.mongodb.internal.connection.InternalStreamConnectionInitializer.initializeConnectionDescription(InternalStreamConnectionInitializer.java:144) ~[mongodb-driver-core-5.2.1.jar:na]
	at com.mongodb.internal.connection.InternalStreamConnectionInitializer.startHandshake(InternalStreamConnectionInitializer.java:79) ~[mongodb-driver-core-5.2.1.jar:na]
	at com.mongodb.internal.connection.InternalStreamConnection.open(InternalStreamConnection.java:235) ~[mongodb-driver-core-5.2.1.jar:na]
	at com.mongodb.internal.connection.DefaultServerMonitor$ServerMonitor.lookupServerDescription(DefaultServerMonitor.java:219) ~[mongodb-driver-core-5.2.1.jar:na]
	at com.mongodb.internal.connection.DefaultServerMonitor$ServerMonitor.run(DefaultServerMonitor.java:176) ~[mongodb-driver-core-5.2.1.jar:na]
Caused by: java.net.SocketTimeoutException: Read timed out
	at java.base/sun.nio.ch.NioSocketImpl.timedRead(NioSocketImpl.java:288) ~[na:na]
	at java.base/sun.nio.ch.NioSocketImpl.implRead(NioSocketImpl.java:314) ~[na:na]
	at java.base/sun.nio.ch.NioSocketImpl.read(NioSocketImpl.java:355) ~[na:na]
	at java.base/sun.nio.ch.NioSocketImpl$1.read(NioSocketImpl.java:808) ~[na:na]
	at java.base/java.net.Socket$SocketInputStream.read(Socket.java:966) ~[na:na]
	at java.base/sun.security.ssl.SSLSocketInputRecord.read(SSLSocketInputRecord.java:484) ~[na:na]
	at java.base/sun.security.ssl.SSLSocketInputRecord.readHeader(SSLSocketInputRecord.java:478) ~[na:na]
	at java.base/sun.security.ssl.SSLSocketInputRecord.bytesInCompletePacket(SSLSocketInputRecord.java:70) ~[na:na]
	at java.base/sun.security.ssl.SSLSocketImpl.readApplicationRecord(SSLSocketImpl.java:1461) ~[na:na]
	at java.base/sun.security.ssl.SSLSocketImpl$AppInputStream.read(SSLSocketImpl.java:1065) ~[na:na]
	at com.mongodb.internal.connection.SocketStream.read(SocketStream.java:182) ~[mongodb-driver-core-5.2.1.jar:na]
	at com.mongodb.internal.connection.InternalStreamConnection.receiveResponseBuffers(InternalStreamConnection.java:829) ~[mongodb-driver-core-5.2.1.jar:na]
	... 11 common frames omitted

2026-05-18T21:10:54.150+01:00  INFO 25220 --- [ReclamationService] [ngodb.net:27017] org.mongodb.driver.cluster               : Exception in monitor thread while connecting to server ac-khxyvkv-shard-00-02.ltylxsp.mongodb.net:27017

com.mongodb.MongoSocketOpenException: Exception opening socket
	at com.mongodb.internal.connection.SocketStream.lambda$open$0(SocketStream.java:85) ~[mongodb-driver-core-5.2.1.jar:na]
	at java.base/java.util.Optional.orElseThrow(Optional.java:403) ~[na:na]
	at com.mongodb.internal.connection.SocketStream.open(SocketStream.java:85) ~[mongodb-driver-core-5.2.1.jar:na]
	at com.mongodb.internal.connection.InternalStreamConnection.open(InternalStreamConnection.java:233) ~[mongodb-driver-core-5.2.1.jar:na]
	at com.mongodb.internal.connection.DefaultServerMonitor$ServerMonitor.lookupServerDescription(DefaultServerMonitor.java:219) ~[mongodb-driver-core-5.2.1.jar:na]
	at com.mongodb.internal.connection.DefaultServerMonitor$ServerMonitor.run(DefaultServerMonitor.java:176) ~[mongodb-driver-core-5.2.1.jar:na]
Caused by: java.net.ConnectException: Connection refused: no further information
	at java.base/sun.nio.ch.Net.pollConnect(Native Method) ~[na:na]
	at java.base/sun.nio.ch.Net.pollConnectNow(Net.java:672) ~[na:na]
	at java.base/sun.nio.ch.NioSocketImpl.timedFinishConnect(NioSocketImpl.java:554) ~[na:na]
	at java.base/sun.nio.ch.NioSocketImpl.connect(NioSocketImpl.java:602) ~[na:na]
	at java.base/java.net.SocksSocketImpl.connect(SocksSocketImpl.java:327) ~[na:na]
	at java.base/java.net.Socket.connect(Socket.java:633) ~[na:na]
	at java.base/sun.security.ssl.SSLSocketImpl.connect(SSLSocketImpl.java:304) ~[na:na]
	at com.mongodb.internal.connection.SocketStreamHelper.initialize(SocketStreamHelper.java:76) ~[mongodb-driver-core-5.2.1.jar:na]
	at com.mongodb.internal.connection.SocketStream.initializeSocket(SocketStream.java:104) ~[mongodb-driver-core-5.2.1.jar:na]
	at com.mongodb.internal.connection.SocketStream.open(SocketStream.java:79) ~[mongodb-driver-core-5.2.1.jar:na]
	... 3 common frames omitted

2026-05-18T21:17:22.798+01:00  INFO 25220 --- [ReclamationService] [ngodb.net:27017] org.mongodb.driver.cluster               : Monitor thread successfully connected to server with description ServerDescription{address=ac-khxyvkv-shard-00-02.ltylxsp.mongodb.net:27017, type=REPLICA_SET_SECONDARY, cryptd=false, state=CONNECTED, ok=true, minWireVersion=0, maxWireVersion=25, maxDocumentSize=16777216, logicalSessionTimeoutMinutes=30, roundTripTimeNanos=8232579000, minRoundTripTimeNanos=0, setName='atlas-6x6yvm-shard-0', canonicalAddress=ac-khxyvkv-shard-00-02.ltylxsp.mongodb.net:27017, hosts=[ac-khxyvkv-shard-00-00.ltylxsp.mongodb.net:27017, ac-khxyvkv-shard-00-01.ltylxsp.mongodb.net:27017, ac-khxyvkv-shard-00-02.ltylxsp.mongodb.net:27017], passives=[], arbiters=[], primary='ac-khxyvkv-shard-00-01.ltylxsp.mongodb.net:27017', tagSet=TagSet{[Tag{name='availabilityZone', value='euw3-az3'}, Tag{name='cacheState', value='READY'}, Tag{name='diskState', value='READY'}, Tag{name='nodeType', value='ELECTABLE'}, Tag{name='provider', value='AWS'}, Tag{name='region', value='EU_WEST_3'}, Tag{name='workloadType', value='OPERATIONAL'}]}, electionId=null, setVersion=36, topologyVersion=TopologyVersion{processId=6a0b739aa9fe492cf1ce6df6, counter=3}, lastWriteDate=Mon May 18 21:17:21 WAT 2026, lastUpdateTimeNanos=213160433476400}
2026-05-18T21:17:42.839+01:00  INFO 25220 --- [ReclamationService] [ngodb.net:27017] org.mongodb.driver.cluster               : Exception in monitor thread while connecting to server ac-khxyvkv-shard-00-02.ltylxsp.mongodb.net:27017

com.mongodb.MongoSocketReadTimeoutException: Timeout while receiving message
	at com.mongodb.internal.connection.InternalStreamConnection.createReadTimeoutException(InternalStreamConnection.java:824) ~[mongodb-driver-core-5.2.1.jar:na]
	at com.mongodb.internal.connection.InternalStreamConnection.translateReadException(InternalStreamConnection.java:812) ~[mongodb-driver-core-5.2.1.jar:na]
	at com.mongodb.internal.connection.InternalStreamConnection.receiveResponseBuffers(InternalStreamConnection.java:862) ~[mongodb-driver-core-5.2.1.jar:na]
	at com.mongodb.internal.connection.InternalStreamConnection.receiveCommandMessageResponse(InternalStreamConnection.java:517) ~[mongodb-driver-core-5.2.1.jar:na]
	at com.mongodb.internal.connection.InternalStreamConnection.receive(InternalStreamConnection.java:469) ~[mongodb-driver-core-5.2.1.jar:na]
	at com.mongodb.internal.connection.DefaultServerMonitor$ServerMonitor.lookupServerDescription(DefaultServerMonitor.java:249) ~[mongodb-driver-core-5.2.1.jar:na]
	at com.mongodb.internal.connection.DefaultServerMonitor$ServerMonitor.run(DefaultServerMonitor.java:176) ~[mongodb-driver-core-5.2.1.jar:na]
Caused by: java.net.SocketTimeoutException: Read timed out
	at java.base/sun.nio.ch.NioSocketImpl.timedRead(NioSocketImpl.java:288) ~[na:na]
	at java.base/sun.nio.ch.NioSocketImpl.implRead(NioSocketImpl.java:314) ~[na:na]
	at java.base/sun.nio.ch.NioSocketImpl.read(NioSocketImpl.java:355) ~[na:na]
	at java.base/sun.nio.ch.NioSocketImpl$1.read(NioSocketImpl.java:808) ~[na:na]
	at java.base/java.net.Socket$SocketInputStream.read(Socket.java:966) ~[na:na]
	at java.base/sun.security.ssl.SSLSocketInputRecord.read(SSLSocketInputRecord.java:484) ~[na:na]
	at java.base/sun.security.ssl.SSLSocketInputRecord.readHeader(SSLSocketInputRecord.java:478) ~[na:na]
	at java.base/sun.security.ssl.SSLSocketInputRecord.bytesInCompletePacket(SSLSocketInputRecord.java:70) ~[na:na]
	at java.base/sun.security.ssl.SSLSocketImpl.readApplicationRecord(SSLSocketImpl.java:1461) ~[na:na]
	at java.base/sun.security.ssl.SSLSocketImpl$AppInputStream.read(SSLSocketImpl.java:1065) ~[na:na]
	at com.mongodb.internal.connection.SocketStream.read(SocketStream.java:182) ~[mongodb-driver-core-5.2.1.jar:na]
	at com.mongodb.internal.connection.InternalStreamConnection.receiveResponseBuffers(InternalStreamConnection.java:829) ~[mongodb-driver-core-5.2.1.jar:na]
	... 4 common frames omitted

2026-05-18T21:17:43.617+01:00  INFO 25220 --- [ReclamationService] [ngodb.net:27017] org.mongodb.driver.cluster               : Monitor thread successfully connected to server with description ServerDescription{address=ac-khxyvkv-shard-00-02.ltylxsp.mongodb.net:27017, type=REPLICA_SET_SECONDARY, cryptd=false, state=CONNECTED, ok=true, minWireVersion=0, maxWireVersion=25, maxDocumentSize=16777216, logicalSessionTimeoutMinutes=30, roundTripTimeNanos=682134200, minRoundTripTimeNanos=0, setName='atlas-6x6yvm-shard-0', canonicalAddress=ac-khxyvkv-shard-00-02.ltylxsp.mongodb.net:27017, hosts=[ac-khxyvkv-shard-00-00.ltylxsp.mongodb.net:27017, ac-khxyvkv-shard-00-01.ltylxsp.mongodb.net:27017, ac-khxyvkv-shard-00-02.ltylxsp.mongodb.net:27017], passives=[], arbiters=[], primary='ac-khxyvkv-shard-00-01.ltylxsp.mongodb.net:27017', tagSet=TagSet{[Tag{name='availabilityZone', value='euw3-az3'}, Tag{name='cacheState', value='READY'}, Tag{name='diskState', value='READY'}, Tag{name='nodeType', value='ELECTABLE'}, Tag{name='provider', value='AWS'}, Tag{name='region', value='EU_WEST_3'}, Tag{name='workloadType', value='OPERATIONAL'}]}, electionId=null, setVersion=36, topologyVersion=TopologyVersion{processId=6a0b739aa9fe492cf1ce6df6, counter=3}, lastWriteDate=Mon May 18 21:17:42 WAT 2026, lastUpdateTimeNanos=213181272867800}
2026-05-18T21:20:50.362+01:00  INFO 25220 --- [ReclamationService] [ngodb.net:27017] org.mongodb.driver.cluster               : Monitor thread successfully connected to server with description ServerDescription{address=ac-khxyvkv-shard-00-01.ltylxsp.mongodb.net:27017, type=REPLICA_SET_OTHER, cryptd=false, state=CONNECTED, ok=true, minWireVersion=0, maxWireVersion=25, maxDocumentSize=16777216, logicalSessionTimeoutMinutes=30, roundTripTimeNanos=56763289, minRoundTripTimeNanos=36943500, setName='atlas-6x6yvm-shard-0', canonicalAddress=ac-khxyvkv-shard-00-01.ltylxsp.mongodb.net:27017, hosts=[ac-khxyvkv-shard-00-00.ltylxsp.mongodb.net:27017, ac-khxyvkv-shard-00-01.ltylxsp.mongodb.net:27017, ac-khxyvkv-shard-00-02.ltylxsp.mongodb.net:27017], passives=[], arbiters=[], primary='ac-khxyvkv-shard-00-01.ltylxsp.mongodb.net:27017', tagSet=TagSet{[Tag{name='availabilityZone', value='euw3-az2'}, Tag{name='cacheState', value='READY'}, Tag{name='diskState', value='READY'}, Tag{name='nodeType', value='ELECTABLE'}, Tag{name='provider', value='AWS'}, Tag{name='region', value='EU_WEST_3'}, Tag{name='workloadType', value='OPERATIONAL'}]}, electionId=7fffffff0000000000000069, setVersion=36, topologyVersion=TopologyVersion{processId=69fe370e7afba3a6519b2508, counter=7}, lastWriteDate=Mon May 18 21:20:48 WAT 2026, lastUpdateTimeNanos=213368006656200}
2026-05-18T21:20:50.414+01:00  INFO 25220 --- [ReclamationService] [ngodb.net:27017] org.mongodb.driver.cluster               : Monitor thread successfully connected to server with description ServerDescription{address=ac-khxyvkv-shard-00-02.ltylxsp.mongodb.net:27017, type=REPLICA_SET_SECONDARY, cryptd=false, state=CONNECTED, ok=true, minWireVersion=0, maxWireVersion=25, maxDocumentSize=16777216, logicalSessionTimeoutMinutes=30, roundTripTimeNanos=58688297, minRoundTripTimeNanos=37017900, setName='atlas-6x6yvm-shard-0', canonicalAddress=ac-khxyvkv-shard-00-02.ltylxsp.mongodb.net:27017, hosts=[ac-khxyvkv-shard-00-00.ltylxsp.mongodb.net:27017, ac-khxyvkv-shard-00-01.ltylxsp.mongodb.net:27017, ac-khxyvkv-shard-00-02.ltylxsp.mongodb.net:27017], passives=[], arbiters=[], primary='ac-khxyvkv-shard-00-02.ltylxsp.mongodb.net:27017', tagSet=TagSet{[Tag{name='availabilityZone', value='euw3-az3'}, Tag{name='cacheState', value='READY'}, Tag{name='diskState', value='READY'}, Tag{name='nodeType', value='ELECTABLE'}, Tag{name='provider', value='AWS'}, Tag{name='region', value='EU_WEST_3'}, Tag{name='workloadType', value='OPERATIONAL'}]}, electionId=7fffffff000000000000006a, setVersion=36, topologyVersion=TopologyVersion{processId=6a0b739aa9fe492cf1ce6df6, counter=4}, lastWriteDate=Mon May 18 21:20:48 WAT 2026, lastUpdateTimeNanos=213368069997900}
2026-05-18T21:20:50.437+01:00  INFO 25220 --- [ReclamationService] [ngodb.net:27017] org.mongodb.driver.cluster               : Monitor thread successfully connected to server with description ServerDescription{address=ac-khxyvkv-shard-00-01.ltylxsp.mongodb.net:27017, type=REPLICA_SET_SECONDARY, cryptd=false, state=CONNECTED, ok=true, minWireVersion=0, maxWireVersion=25, maxDocumentSize=16777216, logicalSessionTimeoutMinutes=30, roundTripTimeNanos=56763289, minRoundTripTimeNanos=36943500, setName='atlas-6x6yvm-shard-0', canonicalAddress=ac-khxyvkv-shard-00-01.ltylxsp.mongodb.net:27017, hosts=[ac-khxyvkv-shard-00-00.ltylxsp.mongodb.net:27017, ac-khxyvkv-shard-00-01.ltylxsp.mongodb.net:27017, ac-khxyvkv-shard-00-02.ltylxsp.mongodb.net:27017], passives=[], arbiters=[], primary='null', tagSet=TagSet{[Tag{name='availabilityZone', value='euw3-az2'}, Tag{name='cacheState', value='READY'}, Tag{name='diskState', value='READY'}, Tag{name='nodeType', value='ELECTABLE'}, Tag{name='provider', value='AWS'}, Tag{name='region', value='EU_WEST_3'}, Tag{name='workloadType', value='OPERATIONAL'}]}, electionId=null, setVersion=36, topologyVersion=TopologyVersion{processId=69fe370e7afba3a6519b2508, counter=8}, lastWriteDate=Mon May 18 21:20:48 WAT 2026, lastUpdateTimeNanos=213368092282400}
2026-05-18T21:20:50.598+01:00  INFO 25220 --- [ReclamationService] [ngodb.net:27017] org.mongodb.driver.cluster               : Monitor thread successfully connected to server with description ServerDescription{address=ac-khxyvkv-shard-00-00.ltylxsp.mongodb.net:27017, type=REPLICA_SET_SECONDARY, cryptd=false, state=CONNECTED, ok=true, minWireVersion=0, maxWireVersion=25, maxDocumentSize=16777216, logicalSessionTimeoutMinutes=30, roundTripTimeNanos=47631982, minRoundTripTimeNanos=36774600, setName='atlas-6x6yvm-shard-0', canonicalAddress=ac-khxyvkv-shard-00-00.ltylxsp.mongodb.net:27017, hosts=[ac-khxyvkv-shard-00-00.ltylxsp.mongodb.net:27017, ac-khxyvkv-shard-00-01.ltylxsp.mongodb.net:27017, ac-khxyvkv-shard-00-02.ltylxsp.mongodb.net:27017], passives=[], arbiters=[], primary='null', tagSet=TagSet{[Tag{name='availabilityZone', value='euw3-az1'}, Tag{name='cacheState', value='READY'}, Tag{name='diskState', value='READY'}, Tag{name='nodeType', value='ELECTABLE'}, Tag{name='provider', value='AWS'}, Tag{name='region', value='EU_WEST_3'}, Tag{name='workloadType', value='OPERATIONAL'}]}, electionId=null, setVersion=36, topologyVersion=TopologyVersion{processId=6a0b71594350e6bbf1a71fd2, counter=4}, lastWriteDate=Mon May 18 21:20:48 WAT 2026, lastUpdateTimeNanos=213368253060000}
2026-05-18T21:20:50.611+01:00  INFO 25220 --- [ReclamationService] [ngodb.net:27017] org.mongodb.driver.cluster               : Monitor thread successfully connected to server with description ServerDescription{address=ac-khxyvkv-shard-00-02.ltylxsp.mongodb.net:27017, type=REPLICA_SET_PRIMARY, cryptd=false, state=CONNECTED, ok=true, minWireVersion=0, maxWireVersion=25, maxDocumentSize=16777216, logicalSessionTimeoutMinutes=30, roundTripTimeNanos=58688297, minRoundTripTimeNanos=37017900, setName='atlas-6x6yvm-shard-0', canonicalAddress=ac-khxyvkv-shard-00-02.ltylxsp.mongodb.net:27017, hosts=[ac-khxyvkv-shard-00-00.ltylxsp.mongodb.net:27017, ac-khxyvkv-shard-00-01.ltylxsp.mongodb.net:27017, ac-khxyvkv-shard-00-02.ltylxsp.mongodb.net:27017], passives=[], arbiters=[], primary='ac-khxyvkv-shard-00-02.ltylxsp.mongodb.net:27017', tagSet=TagSet{[Tag{name='availabilityZone', value='euw3-az3'}, Tag{name='cacheState', value='READY'}, Tag{name='diskState', value='READY'}, Tag{name='nodeType', value='ELECTABLE'}, Tag{name='provider', value='AWS'}, Tag{name='region', value='EU_WEST_3'}, Tag{name='workloadType', value='OPERATIONAL'}]}, electionId=7fffffff000000000000006a, setVersion=36, topologyVersion=TopologyVersion{processId=6a0b739aa9fe492cf1ce6df6, counter=6}, lastWriteDate=Mon May 18 21:20:49 WAT 2026, lastUpdateTimeNanos=213368267006400}
2026-05-18T21:20:50.619+01:00  INFO 25220 --- [ReclamationService] [ngodb.net:27017] org.mongodb.driver.cluster               : Discovered replica set primary ac-khxyvkv-shard-00-02.ltylxsp.mongodb.net:27017 with max election id 7fffffff000000000000006a and max set version 36
2026-05-18T21:20:51.227+01:00  INFO 25220 --- [ReclamationService] [ngodb.net:27017] org.mongodb.driver.cluster               : Exception in monitor thread while connecting to server ac-khxyvkv-shard-00-01.ltylxsp.mongodb.net:27017

com.mongodb.MongoNodeIsRecoveringException: Command failed with error 91 (ShutdownInProgress): 'The server is in quiesce mode and will shut down' on server ac-khxyvkv-shard-00-01.ltylxsp.mongodb.net:27017. The full response is {"topologyVersion": {"processId": {"$oid": "69fe370e7afba3a6519b2508"}, "counter": 10}, "ok": 0.0, "errmsg": "The server is in quiesce mode and will shut down", "code": 91, "codeName": "ShutdownInProgress", "remainingQuiesceTimeMillis": 14998, "$clusterTime": {"clusterTime": {"$timestamp": {"t": 1779135649, "i": 2}}, "signature": {"hash": {"$binary": {"base64": "cl5vsc3h0wjqArn7aoJ2Wi/d/zI=", "subType": "00"}}, "keyId": 7581590937936068671}}, "operationTime": {"$timestamp": {"t": 1779135649, "i": 2}}}
	at com.mongodb.internal.connection.ProtocolHelper.createSpecialException(ProtocolHelper.java:264) ~[mongodb-driver-core-5.2.1.jar:na]
	at com.mongodb.internal.connection.ProtocolHelper.getCommandFailureException(ProtocolHelper.java:206) ~[mongodb-driver-core-5.2.1.jar:na]
	at com.mongodb.internal.connection.InternalStreamConnection.receiveCommandMessageResponse(InternalStreamConnection.java:520) ~[mongodb-driver-core-5.2.1.jar:na]
	at com.mongodb.internal.connection.InternalStreamConnection.receive(InternalStreamConnection.java:469) ~[mongodb-driver-core-5.2.1.jar:na]
	at com.mongodb.internal.connection.DefaultServerMonitor$ServerMonitor.lookupServerDescription(DefaultServerMonitor.java:249) ~[mongodb-driver-core-5.2.1.jar:na]
	at com.mongodb.internal.connection.DefaultServerMonitor$ServerMonitor.run(DefaultServerMonitor.java:176) ~[mongodb-driver-core-5.2.1.jar:na]

2026-05-18T21:21:00.629+01:00  INFO 25220 --- [ReclamationService] [ngodb.net:27017] org.mongodb.driver.cluster               : Monitor thread successfully connected to server with description ServerDescription{address=ac-khxyvkv-shard-00-00.ltylxsp.mongodb.net:27017, type=REPLICA_SET_SECONDARY, cryptd=false, state=CONNECTED, ok=true, minWireVersion=0, maxWireVersion=25, maxDocumentSize=16777216, logicalSessionTimeoutMinutes=30, roundTripTimeNanos=45965805, minRoundTripTimeNanos=36774600, setName='atlas-6x6yvm-shard-0', canonicalAddress=ac-khxyvkv-shard-00-00.ltylxsp.mongodb.net:27017, hosts=[ac-khxyvkv-shard-00-00.ltylxsp.mongodb.net:27017, ac-khxyvkv-shard-00-01.ltylxsp.mongodb.net:27017, ac-khxyvkv-shard-00-02.ltylxsp.mongodb.net:27017], passives=[], arbiters=[], primary='ac-khxyvkv-shard-00-02.ltylxsp.mongodb.net:27017', tagSet=TagSet{[Tag{name='availabilityZone', value='euw3-az1'}, Tag{name='cacheState', value='READY'}, Tag{name='diskState', value='READY'}, Tag{name='nodeType', value='ELECTABLE'}, Tag{name='provider', value='AWS'}, Tag{name='region', value='EU_WEST_3'}, Tag{name='workloadType', value='OPERATIONAL'}]}, electionId=null, setVersion=36, topologyVersion=TopologyVersion{processId=6a0b71594350e6bbf1a71fd2, counter=4}, lastWriteDate=Mon May 18 21:20:59 WAT 2026, lastUpdateTimeNanos=213378285102300}
2026-05-18T21:21:10.810+01:00  INFO 25220 --- [ReclamationService] [ngodb.net:27017] org.mongodb.driver.cluster               : Exception in monitor thread while connecting to server ac-khxyvkv-shard-00-01.ltylxsp.mongodb.net:27017

com.mongodb.MongoSocketReadException: Prematurely reached end of stream
	at com.mongodb.internal.connection.SocketStream.read(SocketStream.java:184) ~[mongodb-driver-core-5.2.1.jar:na]
	at com.mongodb.internal.connection.InternalStreamConnection.receiveResponseBuffers(InternalStreamConnection.java:829) ~[mongodb-driver-core-5.2.1.jar:na]
	at com.mongodb.internal.connection.InternalStreamConnection.receiveCommandMessageResponse(InternalStreamConnection.java:517) ~[mongodb-driver-core-5.2.1.jar:na]
	at com.mongodb.internal.connection.InternalStreamConnection.sendAndReceiveInternal(InternalStreamConnection.java:448) ~[mongodb-driver-core-5.2.1.jar:na]
	at com.mongodb.internal.connection.InternalStreamConnection.lambda$sendAndReceive$0(InternalStreamConnection.java:375) ~[mongodb-driver-core-5.2.1.jar:na]
	at com.mongodb.internal.connection.InternalStreamConnection.sendAndReceive(InternalStreamConnection.java:378) ~[mongodb-driver-core-5.2.1.jar:na]
	at com.mongodb.internal.connection.CommandHelper.sendAndReceive(CommandHelper.java:100) ~[mongodb-driver-core-5.2.1.jar:na]
	at com.mongodb.internal.connection.CommandHelper.executeCommand(CommandHelper.java:49) ~[mongodb-driver-core-5.2.1.jar:na]
	at com.mongodb.internal.connection.InternalStreamConnectionInitializer.initializeConnectionDescription(InternalStreamConnectionInitializer.java:144) ~[mongodb-driver-core-5.2.1.jar:na]
	at com.mongodb.internal.connection.InternalStreamConnectionInitializer.startHandshake(InternalStreamConnectionInitializer.java:79) ~[mongodb-driver-core-5.2.1.jar:na]
	at com.mongodb.internal.connection.InternalStreamConnection.open(InternalStreamConnection.java:235) ~[mongodb-driver-core-5.2.1.jar:na]
	at com.mongodb.internal.connection.DefaultServerMonitor$ServerMonitor.lookupServerDescription(DefaultServerMonitor.java:219) ~[mongodb-driver-core-5.2.1.jar:na]
	at com.mongodb.internal.connection.DefaultServerMonitor$ServerMonitor.run(DefaultServerMonitor.java:176) ~[mongodb-driver-core-5.2.1.jar:na]

2026-05-18T21:21:23.075+01:00  INFO 25220 --- [ReclamationService] [ngodb.net:27017] org.mongodb.driver.cluster               : Exception in monitor thread while connecting to server ac-khxyvkv-shard-00-01.ltylxsp.mongodb.net:27017

com.mongodb.MongoSocketOpenException: Exception opening socket
	at com.mongodb.internal.connection.SocketStream.lambda$open$0(SocketStream.java:85) ~[mongodb-driver-core-5.2.1.jar:na]
	at java.base/java.util.Optional.orElseThrow(Optional.java:403) ~[na:na]
	at com.mongodb.internal.connection.SocketStream.open(SocketStream.java:85) ~[mongodb-driver-core-5.2.1.jar:na]
	at com.mongodb.internal.connection.InternalStreamConnection.open(InternalStreamConnection.java:233) ~[mongodb-driver-core-5.2.1.jar:na]
	at com.mongodb.internal.connection.DefaultServerMonitor$ServerMonitor.lookupServerDescription(DefaultServerMonitor.java:219) ~[mongodb-driver-core-5.2.1.jar:na]
	at com.mongodb.internal.connection.DefaultServerMonitor$ServerMonitor.run(DefaultServerMonitor.java:176) ~[mongodb-driver-core-5.2.1.jar:na]
Caused by: java.net.ConnectException: Connection refused: no further information
	at java.base/sun.nio.ch.Net.pollConnect(Native Method) ~[na:na]
	at java.base/sun.nio.ch.Net.pollConnectNow(Net.java:672) ~[na:na]
	at java.base/sun.nio.ch.NioSocketImpl.timedFinishConnect(NioSocketImpl.java:554) ~[na:na]
	at java.base/sun.nio.ch.NioSocketImpl.connect(NioSocketImpl.java:602) ~[na:na]
	at java.base/java.net.SocksSocketImpl.connect(SocksSocketImpl.java:327) ~[na:na]
	at java.base/java.net.Socket.connect(Socket.java:633) ~[na:na]
	at java.base/sun.security.ssl.SSLSocketImpl.connect(SSLSocketImpl.java:304) ~[na:na]
	at com.mongodb.internal.connection.SocketStreamHelper.initialize(SocketStreamHelper.java:76) ~[mongodb-driver-core-5.2.1.jar:na]
	at com.mongodb.internal.connection.SocketStream.initializeSocket(SocketStream.java:104) ~[mongodb-driver-core-5.2.1.jar:na]
	at com.mongodb.internal.connection.SocketStream.open(SocketStream.java:79) ~[mongodb-driver-core-5.2.1.jar:na]
	... 3 common frames omitted

2026-05-18T21:27:34.530+01:00  INFO 25220 --- [ReclamationService] [ngodb.net:27017] org.mongodb.driver.cluster               : Monitor thread successfully connected to server with description ServerDescription{address=ac-khxyvkv-shard-00-01.ltylxsp.mongodb.net:27017, type=REPLICA_SET_SECONDARY, cryptd=false, state=CONNECTED, ok=true, minWireVersion=0, maxWireVersion=25, maxDocumentSize=16777216, logicalSessionTimeoutMinutes=30, roundTripTimeNanos=12048187000, minRoundTripTimeNanos=0, setName='atlas-6x6yvm-shard-0', canonicalAddress=ac-khxyvkv-shard-00-01.ltylxsp.mongodb.net:27017, hosts=[ac-khxyvkv-shard-00-00.ltylxsp.mongodb.net:27017, ac-khxyvkv-shard-00-01.ltylxsp.mongodb.net:27017, ac-khxyvkv-shard-00-02.ltylxsp.mongodb.net:27017], passives=[], arbiters=[], primary='ac-khxyvkv-shard-00-02.ltylxsp.mongodb.net:27017', tagSet=TagSet{[Tag{name='availabilityZone', value='euw3-az2'}, Tag{name='cacheState', value='READY'}, Tag{name='diskState', value='READY'}, Tag{name='nodeType', value='ELECTABLE'}, Tag{name='provider', value='AWS'}, Tag{name='region', value='EU_WEST_3'}, Tag{name='workloadType', value='OPERATIONAL'}]}, electionId=null, setVersion=36, topologyVersion=TopologyVersion{processId=6a0b7610b7f22932df19d864, counter=3}, lastWriteDate=Mon May 18 21:27:33 WAT 2026, lastUpdateTimeNanos=213772178659900}
2026-05-18T22:54:22.378+01:00  INFO 25220 --- [ReclamationService] [ngodb.net:27017] org.mongodb.driver.cluster               : Exception in monitor thread while connecting to server ac-khxyvkv-shard-00-00.ltylxsp.mongodb.net:27017

com.mongodb.MongoSocketReadException: Exception receiving message
	at com.mongodb.internal.connection.InternalStreamConnection.translateReadException(InternalStreamConnection.java:814) ~[mongodb-driver-core-5.2.1.jar:na]
	at com.mongodb.internal.connection.InternalStreamConnection.receiveResponseBuffers(InternalStreamConnection.java:862) ~[mongodb-driver-core-5.2.1.jar:na]
	at com.mongodb.internal.connection.InternalStreamConnection.receiveCommandMessageResponse(InternalStreamConnection.java:517) ~[mongodb-driver-core-5.2.1.jar:na]
	at com.mongodb.internal.connection.InternalStreamConnection.receive(InternalStreamConnection.java:469) ~[mongodb-driver-core-5.2.1.jar:na]
	at com.mongodb.internal.connection.DefaultServerMonitor$ServerMonitor.lookupServerDescription(DefaultServerMonitor.java:249) ~[mongodb-driver-core-5.2.1.jar:na]
	at com.mongodb.internal.connection.DefaultServerMonitor$ServerMonitor.run(DefaultServerMonitor.java:176) ~[mongodb-driver-core-5.2.1.jar:na]
Caused by: java.net.SocketException: Connection reset
	at java.base/sun.nio.ch.NioSocketImpl.implRead(NioSocketImpl.java:328) ~[na:na]
	at java.base/sun.nio.ch.NioSocketImpl.read(NioSocketImpl.java:355) ~[na:na]
	at java.base/sun.nio.ch.NioSocketImpl$1.read(NioSocketImpl.java:808) ~[na:na]
	at java.base/java.net.Socket$SocketInputStream.read(Socket.java:966) ~[na:na]
	at java.base/sun.security.ssl.SSLSocketInputRecord.read(SSLSocketInputRecord.java:484) ~[na:na]
	at java.base/sun.security.ssl.SSLSocketInputRecord.readHeader(SSLSocketInputRecord.java:478) ~[na:na]
	at java.base/sun.security.ssl.SSLSocketInputRecord.bytesInCompletePacket(SSLSocketInputRecord.java:70) ~[na:na]
	at java.base/sun.security.ssl.SSLSocketImpl.readApplicationRecord(SSLSocketImpl.java:1461) ~[na:na]
	at java.base/sun.security.ssl.SSLSocketImpl$AppInputStream.read(SSLSocketImpl.java:1065) ~[na:na]
	at com.mongodb.internal.connection.SocketStream.read(SocketStream.java:182) ~[mongodb-driver-core-5.2.1.jar:na]
	at com.mongodb.internal.connection.InternalStreamConnection.receiveResponseBuffers(InternalStreamConnection.java:829) ~[mongodb-driver-core-5.2.1.jar:na]
	... 4 common frames omitted

2026-05-18T22:54:22.364+01:00  INFO 25220 --- [ReclamationService] [ngodb.net:27017] org.mongodb.driver.cluster               : Exception in monitor thread while connecting to server ac-khxyvkv-shard-00-01.ltylxsp.mongodb.net:27017

com.mongodb.MongoSocketReadException: Exception receiving message
	at com.mongodb.internal.connection.InternalStreamConnection.translateReadException(InternalStreamConnection.java:814) ~[mongodb-driver-core-5.2.1.jar:na]
	at com.mongodb.internal.connection.InternalStreamConnection.receiveResponseBuffers(InternalStreamConnection.java:862) ~[mongodb-driver-core-5.2.1.jar:na]
	at com.mongodb.internal.connection.InternalStreamConnection.receiveCommandMessageResponse(InternalStreamConnection.java:517) ~[mongodb-driver-core-5.2.1.jar:na]
	at com.mongodb.internal.connection.InternalStreamConnection.receive(InternalStreamConnection.java:469) ~[mongodb-driver-core-5.2.1.jar:na]
	at com.mongodb.internal.connection.DefaultServerMonitor$ServerMonitor.lookupServerDescription(DefaultServerMonitor.java:249) ~[mongodb-driver-core-5.2.1.jar:na]
	at com.mongodb.internal.connection.DefaultServerMonitor$ServerMonitor.run(DefaultServerMonitor.java:176) ~[mongodb-driver-core-5.2.1.jar:na]
Caused by: java.net.SocketException: Connection reset
	at java.base/sun.nio.ch.NioSocketImpl.implRead(NioSocketImpl.java:328) ~[na:na]
	at java.base/sun.nio.ch.NioSocketImpl.read(NioSocketImpl.java:355) ~[na:na]
	at java.base/sun.nio.ch.NioSocketImpl$1.read(NioSocketImpl.java:808) ~[na:na]
	at java.base/java.net.Socket$SocketInputStream.read(Socket.java:966) ~[na:na]
	at java.base/sun.security.ssl.SSLSocketInputRecord.read(SSLSocketInputRecord.java:484) ~[na:na]
	at java.base/sun.security.ssl.SSLSocketInputRecord.readHeader(SSLSocketInputRecord.java:478) ~[na:na]
	at java.base/sun.security.ssl.SSLSocketInputRecord.bytesInCompletePacket(SSLSocketInputRecord.java:70) ~[na:na]
	at java.base/sun.security.ssl.SSLSocketImpl.readApplicationRecord(SSLSocketImpl.java:1461) ~[na:na]
	at java.base/sun.security.ssl.SSLSocketImpl$AppInputStream.read(SSLSocketImpl.java:1065) ~[na:na]
	at com.mongodb.internal.connection.SocketStream.read(SocketStream.java:182) ~[mongodb-driver-core-5.2.1.jar:na]
	at com.mongodb.internal.connection.InternalStreamConnection.receiveResponseBuffers(InternalStreamConnection.java:829) ~[mongodb-driver-core-5.2.1.jar:na]
	... 4 common frames omitted

2026-05-18T22:54:22.378+01:00  INFO 25220 --- [ReclamationService] [ngodb.net:27017] org.mongodb.driver.cluster               : Exception in monitor thread while connecting to server ac-khxyvkv-shard-00-02.ltylxsp.mongodb.net:27017

com.mongodb.MongoSocketReadException: Exception receiving message
	at com.mongodb.internal.connection.InternalStreamConnection.translateReadException(InternalStreamConnection.java:814) ~[mongodb-driver-core-5.2.1.jar:na]
	at com.mongodb.internal.connection.InternalStreamConnection.receiveResponseBuffers(InternalStreamConnection.java:862) ~[mongodb-driver-core-5.2.1.jar:na]
	at com.mongodb.internal.connection.InternalStreamConnection.receiveCommandMessageResponse(InternalStreamConnection.java:517) ~[mongodb-driver-core-5.2.1.jar:na]
	at com.mongodb.internal.connection.InternalStreamConnection.receive(InternalStreamConnection.java:469) ~[mongodb-driver-core-5.2.1.jar:na]
	at com.mongodb.internal.connection.DefaultServerMonitor$ServerMonitor.lookupServerDescription(DefaultServerMonitor.java:249) ~[mongodb-driver-core-5.2.1.jar:na]
	at com.mongodb.internal.connection.DefaultServerMonitor$ServerMonitor.run(DefaultServerMonitor.java:176) ~[mongodb-driver-core-5.2.1.jar:na]
Caused by: java.net.SocketException: Connection reset
	at java.base/sun.nio.ch.NioSocketImpl.implRead(NioSocketImpl.java:328) ~[na:na]
	at java.base/sun.nio.ch.NioSocketImpl.read(NioSocketImpl.java:355) ~[na:na]
	at java.base/sun.nio.ch.NioSocketImpl$1.read(NioSocketImpl.java:808) ~[na:na]
	at java.base/java.net.Socket$SocketInputStream.read(Socket.java:966) ~[na:na]
	at java.base/sun.security.ssl.SSLSocketInputRecord.read(SSLSocketInputRecord.java:484) ~[na:na]
	at java.base/sun.security.ssl.SSLSocketInputRecord.readHeader(SSLSocketInputRecord.java:478) ~[na:na]
	at java.base/sun.security.ssl.SSLSocketInputRecord.bytesInCompletePacket(SSLSocketInputRecord.java:70) ~[na:na]
	at java.base/sun.security.ssl.SSLSocketImpl.readApplicationRecord(SSLSocketImpl.java:1461) ~[na:na]
	at java.base/sun.security.ssl.SSLSocketImpl$AppInputStream.read(SSLSocketImpl.java:1065) ~[na:na]
	at com.mongodb.internal.connection.SocketStream.read(SocketStream.java:182) ~[mongodb-driver-core-5.2.1.jar:na]
	at com.mongodb.internal.connection.InternalStreamConnection.receiveResponseBuffers(InternalStreamConnection.java:829) ~[mongodb-driver-core-5.2.1.jar:na]
	... 4 common frames omitted

2026-05-18T22:54:22.924+01:00  INFO 25220 --- [ReclamationService] [ngodb.net:27017] org.mongodb.driver.cluster               : Exception in monitor thread while connecting to server ac-khxyvkv-shard-00-01.ltylxsp.mongodb.net:27017

com.mongodb.MongoSocketException: Hôte inconnu (ac-khxyvkv-shard-00-01.ltylxsp.mongodb.net)
	at com.mongodb.internal.connection.ServerAddressHelper.getSocketAddresses(ServerAddressHelper.java:75) ~[mongodb-driver-core-5.2.1.jar:na]
	at com.mongodb.internal.connection.SocketStream.initializeSocket(SocketStream.java:100) ~[mongodb-driver-core-5.2.1.jar:na]
	at com.mongodb.internal.connection.SocketStream.open(SocketStream.java:79) ~[mongodb-driver-core-5.2.1.jar:na]
	at com.mongodb.internal.connection.InternalStreamConnection.open(InternalStreamConnection.java:233) ~[mongodb-driver-core-5.2.1.jar:na]
	at com.mongodb.internal.connection.DefaultServerMonitor$ServerMonitor.lookupServerDescription(DefaultServerMonitor.java:219) ~[mongodb-driver-core-5.2.1.jar:na]
	at com.mongodb.internal.connection.DefaultServerMonitor$ServerMonitor.run(DefaultServerMonitor.java:176) ~[mongodb-driver-core-5.2.1.jar:na]
Caused by: java.net.UnknownHostException: Hôte inconnu (ac-khxyvkv-shard-00-01.ltylxsp.mongodb.net)
	at java.base/java.net.Inet6AddressImpl.lookupAllHostAddr(Native Method) ~[na:na]
	at java.base/java.net.InetAddress$PlatformNameService.lookupAllHostAddr(InetAddress.java:933) ~[na:na]
	at java.base/java.net.InetAddress.getAddressesFromNameService(InetAddress.java:1543) ~[na:na]
	at java.base/java.net.InetAddress$NameServiceAddresses.get(InetAddress.java:852) ~[na:na]
	at java.base/java.net.InetAddress.getAllByName0(InetAddress.java:1532) ~[na:na]
	at java.base/java.net.InetAddress.getAllByName(InetAddress.java:1384) ~[na:na]
	at java.base/java.net.InetAddress.getAllByName(InetAddress.java:1305) ~[na:na]
	at com.mongodb.internal.connection.DefaultInetAddressResolver.lookupByName(DefaultInetAddressResolver.java:34) ~[mongodb-driver-core-5.2.1.jar:na]
	at com.mongodb.internal.connection.ServerAddressHelper.getSocketAddresses(ServerAddressHelper.java:71) ~[mongodb-driver-core-5.2.1.jar:na]
	... 5 common frames omitted

2026-05-18T22:54:22.924+01:00  INFO 25220 --- [ReclamationService] [ngodb.net:27017] org.mongodb.driver.cluster               : Exception in monitor thread while connecting to server ac-khxyvkv-shard-00-00.ltylxsp.mongodb.net:27017

com.mongodb.MongoSocketException: Hôte inconnu (ac-khxyvkv-shard-00-00.ltylxsp.mongodb.net)
	at com.mongodb.internal.connection.ServerAddressHelper.getSocketAddresses(ServerAddressHelper.java:75) ~[mongodb-driver-core-5.2.1.jar:na]
	at com.mongodb.internal.connection.SocketStream.initializeSocket(SocketStream.java:100) ~[mongodb-driver-core-5.2.1.jar:na]
	at com.mongodb.internal.connection.SocketStream.open(SocketStream.java:79) ~[mongodb-driver-core-5.2.1.jar:na]
	at com.mongodb.internal.connection.InternalStreamConnection.open(InternalStreamConnection.java:233) ~[mongodb-driver-core-5.2.1.jar:na]
	at com.mongodb.internal.connection.DefaultServerMonitor$ServerMonitor.lookupServerDescription(DefaultServerMonitor.java:219) ~[mongodb-driver-core-5.2.1.jar:na]
	at com.mongodb.internal.connection.DefaultServerMonitor$ServerMonitor.run(DefaultServerMonitor.java:176) ~[mongodb-driver-core-5.2.1.jar:na]
Caused by: java.net.UnknownHostException: Hôte inconnu (ac-khxyvkv-shard-00-00.ltylxsp.mongodb.net)
	at java.base/java.net.Inet6AddressImpl.lookupAllHostAddr(Native Method) ~[na:na]
	at java.base/java.net.InetAddress$PlatformNameService.lookupAllHostAddr(InetAddress.java:933) ~[na:na]
	at java.base/java.net.InetAddress.getAddressesFromNameService(InetAddress.java:1543) ~[na:na]
	at java.base/java.net.InetAddress$NameServiceAddresses.get(InetAddress.java:852) ~[na:na]
	at java.base/java.net.InetAddress.getAllByName0(InetAddress.java:1532) ~[na:na]
	at java.base/java.net.InetAddress.getAllByName(InetAddress.java:1384) ~[na:na]
	at java.base/java.net.InetAddress.getAllByName(InetAddress.java:1305) ~[na:na]
	at com.mongodb.internal.connection.DefaultInetAddressResolver.lookupByName(DefaultInetAddressResolver.java:34) ~[mongodb-driver-core-5.2.1.jar:na]
	at com.mongodb.internal.connection.ServerAddressHelper.getSocketAddresses(ServerAddressHelper.java:71) ~[mongodb-driver-core-5.2.1.jar:na]
	... 5 common frames omitted

2026-05-18T22:54:22.924+01:00  INFO 25220 --- [ReclamationService] [ngodb.net:27017] org.mongodb.driver.cluster               : Exception in monitor thread while connecting to server ac-khxyvkv-shard-00-02.ltylxsp.mongodb.net:27017

com.mongodb.MongoSocketException: Hôte inconnu (ac-khxyvkv-shard-00-02.ltylxsp.mongodb.net)
	at com.mongodb.internal.connection.ServerAddressHelper.getSocketAddresses(ServerAddressHelper.java:75) ~[mongodb-driver-core-5.2.1.jar:na]
	at com.mongodb.internal.connection.SocketStream.initializeSocket(SocketStream.java:100) ~[mongodb-driver-core-5.2.1.jar:na]
	at com.mongodb.internal.connection.SocketStream.open(SocketStream.java:79) ~[mongodb-driver-core-5.2.1.jar:na]
	at com.mongodb.internal.connection.InternalStreamConnection.open(InternalStreamConnection.java:233) ~[mongodb-driver-core-5.2.1.jar:na]
	at com.mongodb.internal.connection.DefaultServerMonitor$ServerMonitor.lookupServerDescription(DefaultServerMonitor.java:219) ~[mongodb-driver-core-5.2.1.jar:na]
	at com.mongodb.internal.connection.DefaultServerMonitor$ServerMonitor.run(DefaultServerMonitor.java:176) ~[mongodb-driver-core-5.2.1.jar:na]
Caused by: java.net.UnknownHostException: Hôte inconnu (ac-khxyvkv-shard-00-02.ltylxsp.mongodb.net)
	at java.base/java.net.Inet6AddressImpl.lookupAllHostAddr(Native Method) ~[na:na]
	at java.base/java.net.InetAddress$PlatformNameService.lookupAllHostAddr(InetAddress.java:933) ~[na:na]
	at java.base/java.net.InetAddress.getAddressesFromNameService(InetAddress.java:1543) ~[na:na]
	at java.base/java.net.InetAddress$NameServiceAddresses.get(InetAddress.java:852) ~[na:na]
	at java.base/java.net.InetAddress.getAllByName0(InetAddress.java:1532) ~[na:na]
	at java.base/java.net.InetAddress.getAllByName(InetAddress.java:1384) ~[na:na]
	at java.base/java.net.InetAddress.getAllByName(InetAddress.java:1305) ~[na:na]
	at com.mongodb.internal.connection.DefaultInetAddressResolver.lookupByName(DefaultInetAddressResolver.java:34) ~[mongodb-driver-core-5.2.1.jar:na]
	at com.mongodb.internal.connection.ServerAddressHelper.getSocketAddresses(ServerAddressHelper.java:71) ~[mongodb-driver-core-5.2.1.jar:na]
	... 5 common frames omitted

2026-05-18T23:40:17.738+01:00  INFO 25220 --- [ReclamationService] [ngodb.net:27017] org.mongodb.driver.cluster               : Monitor thread successfully connected to server with description ServerDescription{address=ac-khxyvkv-shard-00-01.ltylxsp.mongodb.net:27017, type=REPLICA_SET_SECONDARY, cryptd=false, state=CONNECTED, ok=true, minWireVersion=0, maxWireVersion=25, maxDocumentSize=16777216, logicalSessionTimeoutMinutes=30, roundTripTimeNanos=318515400, minRoundTripTimeNanos=0, setName='atlas-6x6yvm-shard-0', canonicalAddress=ac-khxyvkv-shard-00-01.ltylxsp.mongodb.net:27017, hosts=[ac-khxyvkv-shard-00-00.ltylxsp.mongodb.net:27017, ac-khxyvkv-shard-00-01.ltylxsp.mongodb.net:27017, ac-khxyvkv-shard-00-02.ltylxsp.mongodb.net:27017], passives=[], arbiters=[], primary='ac-khxyvkv-shard-00-02.ltylxsp.mongodb.net:27017', tagSet=TagSet{[Tag{name='availabilityZone', value='euw3-az2'}, Tag{name='cacheState', value='READY'}, Tag{name='diskState', value='READY'}, Tag{name='nodeType', value='ELECTABLE'}, Tag{name='provider', value='AWS'}, Tag{name='region', value='EU_WEST_3'}, Tag{name='workloadType', value='OPERATIONAL'}]}, electionId=null, setVersion=36, topologyVersion=TopologyVersion{processId=6a0b7610b7f22932df19d864, counter=3}, lastWriteDate=Mon May 18 23:40:16 WAT 2026, lastUpdateTimeNanos=221735351453200}
2026-05-18T23:40:17.739+01:00  INFO 25220 --- [ReclamationService] [ngodb.net:27017] org.mongodb.driver.cluster               : Monitor thread successfully connected to server with description ServerDescription{address=ac-khxyvkv-shard-00-00.ltylxsp.mongodb.net:27017, type=REPLICA_SET_SECONDARY, cryptd=false, state=CONNECTED, ok=true, minWireVersion=0, maxWireVersion=25, maxDocumentSize=16777216, logicalSessionTimeoutMinutes=30, roundTripTimeNanos=323539000, minRoundTripTimeNanos=0, setName='atlas-6x6yvm-shard-0', canonicalAddress=ac-khxyvkv-shard-00-00.ltylxsp.mongodb.net:27017, hosts=[ac-khxyvkv-shard-00-00.ltylxsp.mongodb.net:27017, ac-khxyvkv-shard-00-01.ltylxsp.mongodb.net:27017, ac-khxyvkv-shard-00-02.ltylxsp.mongodb.net:27017], passives=[], arbiters=[], primary='ac-khxyvkv-shard-00-02.ltylxsp.mongodb.net:27017', tagSet=TagSet{[Tag{name='availabilityZone', value='euw3-az1'}, Tag{name='cacheState', value='READY'}, Tag{name='diskState', value='READY'}, Tag{name='nodeType', value='ELECTABLE'}, Tag{name='provider', value='AWS'}, Tag{name='region', value='EU_WEST_3'}, Tag{name='workloadType', value='OPERATIONAL'}]}, electionId=null, setVersion=36, topologyVersion=TopologyVersion{processId=6a0b71594350e6bbf1a71fd2, counter=4}, lastWriteDate=Mon May 18 23:40:16 WAT 2026, lastUpdateTimeNanos=221735356477100}
2026-05-18T23:40:17.738+01:00  INFO 25220 --- [ReclamationService] [ngodb.net:27017] org.mongodb.driver.cluster               : Monitor thread successfully connected to server with description ServerDescription{address=ac-khxyvkv-shard-00-02.ltylxsp.mongodb.net:27017, type=REPLICA_SET_PRIMARY, cryptd=false, state=CONNECTED, ok=true, minWireVersion=0, maxWireVersion=25, maxDocumentSize=16777216, logicalSessionTimeoutMinutes=30, roundTripTimeNanos=315403200, minRoundTripTimeNanos=0, setName='atlas-6x6yvm-shard-0', canonicalAddress=ac-khxyvkv-shard-00-02.ltylxsp.mongodb.net:27017, hosts=[ac-khxyvkv-shard-00-00.ltylxsp.mongodb.net:27017, ac-khxyvkv-shard-00-01.ltylxsp.mongodb.net:27017, ac-khxyvkv-shard-00-02.ltylxsp.mongodb.net:27017], passives=[], arbiters=[], primary='ac-khxyvkv-shard-00-02.ltylxsp.mongodb.net:27017', tagSet=TagSet{[Tag{name='availabilityZone', value='euw3-az3'}, Tag{name='cacheState', value='READY'}, Tag{name='diskState', value='READY'}, Tag{name='nodeType', value='ELECTABLE'}, Tag{name='provider', value='AWS'}, Tag{name='region', value='EU_WEST_3'}, Tag{name='workloadType', value='OPERATIONAL'}]}, electionId=7fffffff000000000000006a, setVersion=36, topologyVersion=TopologyVersion{processId=6a0b739aa9fe492cf1ce6df6, counter=6}, lastWriteDate=Mon May 18 23:40:16 WAT 2026, lastUpdateTimeNanos=221735349982800}
2026-05-18T23:40:17.790+01:00  INFO 25220 --- [ReclamationService] [ngodb.net:27017] org.mongodb.driver.cluster               : Discovered replica set primary ac-khxyvkv-shard-00-02.ltylxsp.mongodb.net:27017 with max election id 7fffffff000000000000006a and max set version 36
2026-05-19T13:34:45.962+01:00  INFO 25220 --- [ReclamationService] [ngodb.net:27017] org.mongodb.driver.cluster               : Exception in monitor thread while connecting to server ac-khxyvkv-shard-00-02.ltylxsp.mongodb.net:27017

com.mongodb.MongoSocketReadException: Exception receiving message
	at com.mongodb.internal.connection.InternalStreamConnection.translateReadException(InternalStreamConnection.java:814) ~[mongodb-driver-core-5.2.1.jar:na]
	at com.mongodb.internal.connection.InternalStreamConnection.receiveResponseBuffers(InternalStreamConnection.java:862) ~[mongodb-driver-core-5.2.1.jar:na]
	at com.mongodb.internal.connection.InternalStreamConnection.receiveCommandMessageResponse(InternalStreamConnection.java:517) ~[mongodb-driver-core-5.2.1.jar:na]
	at com.mongodb.internal.connection.InternalStreamConnection.receive(InternalStreamConnection.java:469) ~[mongodb-driver-core-5.2.1.jar:na]
	at com.mongodb.internal.connection.DefaultServerMonitor$ServerMonitor.lookupServerDescription(DefaultServerMonitor.java:249) ~[mongodb-driver-core-5.2.1.jar:na]
	at com.mongodb.internal.connection.DefaultServerMonitor$ServerMonitor.run(DefaultServerMonitor.java:176) ~[mongodb-driver-core-5.2.1.jar:na]
Caused by: java.net.SocketException: Connection reset
	at java.base/sun.nio.ch.NioSocketImpl.implRead(NioSocketImpl.java:328) ~[na:na]
	at java.base/sun.nio.ch.NioSocketImpl.read(NioSocketImpl.java:355) ~[na:na]
	at java.base/sun.nio.ch.NioSocketImpl$1.read(NioSocketImpl.java:808) ~[na:na]
	at java.base/java.net.Socket$SocketInputStream.read(Socket.java:966) ~[na:na]
	at java.base/sun.security.ssl.SSLSocketInputRecord.read(SSLSocketInputRecord.java:484) ~[na:na]
	at java.base/sun.security.ssl.SSLSocketInputRecord.readHeader(SSLSocketInputRecord.java:478) ~[na:na]
	at java.base/sun.security.ssl.SSLSocketInputRecord.bytesInCompletePacket(SSLSocketInputRecord.java:70) ~[na:na]
	at java.base/sun.security.ssl.SSLSocketImpl.readApplicationRecord(SSLSocketImpl.java:1461) ~[na:na]
	at java.base/sun.security.ssl.SSLSocketImpl$AppInputStream.read(SSLSocketImpl.java:1065) ~[na:na]
	at com.mongodb.internal.connection.SocketStream.read(SocketStream.java:182) ~[mongodb-driver-core-5.2.1.jar:na]
	at com.mongodb.internal.connection.InternalStreamConnection.receiveResponseBuffers(InternalStreamConnection.java:829) ~[mongodb-driver-core-5.2.1.jar:na]
	... 4 common frames omitted

2026-05-19T13:34:45.962+01:00  INFO 25220 --- [ReclamationService] [ngodb.net:27017] org.mongodb.driver.cluster               : Exception in monitor thread while connecting to server ac-khxyvkv-shard-00-00.ltylxsp.mongodb.net:27017

com.mongodb.MongoSocketReadException: Exception receiving message
	at com.mongodb.internal.connection.InternalStreamConnection.translateReadException(InternalStreamConnection.java:814) ~[mongodb-driver-core-5.2.1.jar:na]
	at com.mongodb.internal.connection.InternalStreamConnection.receiveResponseBuffers(InternalStreamConnection.java:862) ~[mongodb-driver-core-5.2.1.jar:na]
	at com.mongodb.internal.connection.InternalStreamConnection.receiveCommandMessageResponse(InternalStreamConnection.java:517) ~[mongodb-driver-core-5.2.1.jar:na]
	at com.mongodb.internal.connection.InternalStreamConnection.receive(InternalStreamConnection.java:469) ~[mongodb-driver-core-5.2.1.jar:na]
	at com.mongodb.internal.connection.DefaultServerMonitor$ServerMonitor.lookupServerDescription(DefaultServerMonitor.java:249) ~[mongodb-driver-core-5.2.1.jar:na]
	at com.mongodb.internal.connection.DefaultServerMonitor$ServerMonitor.run(DefaultServerMonitor.java:176) ~[mongodb-driver-core-5.2.1.jar:na]
Caused by: java.net.SocketException: Connection reset
	at java.base/sun.nio.ch.NioSocketImpl.implRead(NioSocketImpl.java:328) ~[na:na]
	at java.base/sun.nio.ch.NioSocketImpl.read(NioSocketImpl.java:355) ~[na:na]
	at java.base/sun.nio.ch.NioSocketImpl$1.read(NioSocketImpl.java:808) ~[na:na]
	at java.base/java.net.Socket$SocketInputStream.read(Socket.java:966) ~[na:na]
	at java.base/sun.security.ssl.SSLSocketInputRecord.read(SSLSocketInputRecord.java:484) ~[na:na]
	at java.base/sun.security.ssl.SSLSocketInputRecord.readHeader(SSLSocketInputRecord.java:478) ~[na:na]
	at java.base/sun.security.ssl.SSLSocketInputRecord.bytesInCompletePacket(SSLSocketInputRecord.java:70) ~[na:na]
	at java.base/sun.security.ssl.SSLSocketImpl.readApplicationRecord(SSLSocketImpl.java:1461) ~[na:na]
	at java.base/sun.security.ssl.SSLSocketImpl$AppInputStream.read(SSLSocketImpl.java:1065) ~[na:na]
	at com.mongodb.internal.connection.SocketStream.read(SocketStream.java:182) ~[mongodb-driver-core-5.2.1.jar:na]
	at com.mongodb.internal.connection.InternalStreamConnection.receiveResponseBuffers(InternalStreamConnection.java:829) ~[mongodb-driver-core-5.2.1.jar:na]
	... 4 common frames omitted

2026-05-19T13:34:45.965+01:00  INFO 25220 --- [ReclamationService] [ngodb.net:27017] org.mongodb.driver.cluster               : Exception in monitor thread while connecting to server ac-khxyvkv-shard-00-01.ltylxsp.mongodb.net:27017

com.mongodb.MongoSocketReadException: Exception receiving message
	at com.mongodb.internal.connection.InternalStreamConnection.translateReadException(InternalStreamConnection.java:814) ~[mongodb-driver-core-5.2.1.jar:na]
	at com.mongodb.internal.connection.InternalStreamConnection.receiveResponseBuffers(InternalStreamConnection.java:862) ~[mongodb-driver-core-5.2.1.jar:na]
	at com.mongodb.internal.connection.InternalStreamConnection.receiveCommandMessageResponse(InternalStreamConnection.java:517) ~[mongodb-driver-core-5.2.1.jar:na]
	at com.mongodb.internal.connection.InternalStreamConnection.receive(InternalStreamConnection.java:469) ~[mongodb-driver-core-5.2.1.jar:na]
	at com.mongodb.internal.connection.DefaultServerMonitor$ServerMonitor.lookupServerDescription(DefaultServerMonitor.java:249) ~[mongodb-driver-core-5.2.1.jar:na]
	at com.mongodb.internal.connection.DefaultServerMonitor$ServerMonitor.run(DefaultServerMonitor.java:176) ~[mongodb-driver-core-5.2.1.jar:na]
Caused by: java.net.SocketException: Connection reset
	at java.base/sun.nio.ch.NioSocketImpl.implRead(NioSocketImpl.java:328) ~[na:na]
	at java.base/sun.nio.ch.NioSocketImpl.read(NioSocketImpl.java:355) ~[na:na]
	at java.base/sun.nio.ch.NioSocketImpl$1.read(NioSocketImpl.java:808) ~[na:na]
	at java.base/java.net.Socket$SocketInputStream.read(Socket.java:966) ~[na:na]
	at java.base/sun.security.ssl.SSLSocketInputRecord.read(SSLSocketInputRecord.java:484) ~[na:na]
	at java.base/sun.security.ssl.SSLSocketInputRecord.readHeader(SSLSocketInputRecord.java:478) ~[na:na]
	at java.base/sun.security.ssl.SSLSocketInputRecord.bytesInCompletePacket(SSLSocketInputRecord.java:70) ~[na:na]
	at java.base/sun.security.ssl.SSLSocketImpl.readApplicationRecord(SSLSocketImpl.java:1461) ~[na:na]
	at java.base/sun.security.ssl.SSLSocketImpl$AppInputStream.read(SSLSocketImpl.java:1065) ~[na:na]
	at com.mongodb.internal.connection.SocketStream.read(SocketStream.java:182) ~[mongodb-driver-core-5.2.1.jar:na]
	at com.mongodb.internal.connection.InternalStreamConnection.receiveResponseBuffers(InternalStreamConnection.java:829) ~[mongodb-driver-core-5.2.1.jar:na]
	... 4 common frames omitted

2026-05-19T13:34:46.491+01:00  INFO 25220 --- [ReclamationService] [ngodb.net:27017] org.mongodb.driver.cluster               : Monitor thread successfully connected to server with description ServerDescription{address=ac-khxyvkv-shard-00-00.ltylxsp.mongodb.net:27017, type=REPLICA_SET_SECONDARY, cryptd=false, state=CONNECTED, ok=true, minWireVersion=0, maxWireVersion=25, maxDocumentSize=16777216, logicalSessionTimeoutMinutes=30, roundTripTimeNanos=352140600, minRoundTripTimeNanos=0, setName='atlas-6x6yvm-shard-0', canonicalAddress=ac-khxyvkv-shard-00-00.ltylxsp.mongodb.net:27017, hosts=[ac-khxyvkv-shard-00-00.ltylxsp.mongodb.net:27017, ac-khxyvkv-shard-00-01.ltylxsp.mongodb.net:27017, ac-khxyvkv-shard-00-02.ltylxsp.mongodb.net:27017], passives=[], arbiters=[], primary='ac-khxyvkv-shard-00-02.ltylxsp.mongodb.net:27017', tagSet=TagSet{[Tag{name='availabilityZone', value='euw3-az1'}, Tag{name='cacheState', value='READY'}, Tag{name='diskState', value='READY'}, Tag{name='nodeType', value='ELECTABLE'}, Tag{name='provider', value='AWS'}, Tag{name='region', value='EU_WEST_3'}, Tag{name='workloadType', value='OPERATIONAL'}]}, electionId=null, setVersion=36, topologyVersion=TopologyVersion{processId=6a0b71594350e6bbf1a71fd2, counter=4}, lastWriteDate=Tue May 19 13:34:45 WAT 2026, lastUpdateTimeNanos=271809635001600}
2026-05-19T13:34:46.698+01:00  INFO 25220 --- [ReclamationService] [ngodb.net:27017] org.mongodb.driver.cluster               : Monitor thread successfully connected to server with description ServerDescription{address=ac-khxyvkv-shard-00-01.ltylxsp.mongodb.net:27017, type=REPLICA_SET_SECONDARY, cryptd=false, state=CONNECTED, ok=true, minWireVersion=0, maxWireVersion=25, maxDocumentSize=16777216, logicalSessionTimeoutMinutes=30, roundTripTimeNanos=459202300, minRoundTripTimeNanos=0, setName='atlas-6x6yvm-shard-0', canonicalAddress=ac-khxyvkv-shard-00-01.ltylxsp.mongodb.net:27017, hosts=[ac-khxyvkv-shard-00-00.ltylxsp.mongodb.net:27017, ac-khxyvkv-shard-00-01.ltylxsp.mongodb.net:27017, ac-khxyvkv-shard-00-02.ltylxsp.mongodb.net:27017], passives=[], arbiters=[], primary='ac-khxyvkv-shard-00-02.ltylxsp.mongodb.net:27017', tagSet=TagSet{[Tag{name='availabilityZone', value='euw3-az2'}, Tag{name='cacheState', value='READY'}, Tag{name='diskState', value='READY'}, Tag{name='nodeType', value='ELECTABLE'}, Tag{name='provider', value='AWS'}, Tag{name='region', value='EU_WEST_3'}, Tag{name='workloadType', value='OPERATIONAL'}]}, electionId=null, setVersion=36, topologyVersion=TopologyVersion{processId=6a0b7610b7f22932df19d864, counter=3}, lastWriteDate=Tue May 19 13:34:45 WAT 2026, lastUpdateTimeNanos=271809843265599}
2026-05-19T13:34:46.699+01:00  INFO 25220 --- [ReclamationService] [ngodb.net:27017] org.mongodb.driver.cluster               : Monitor thread successfully connected to server with description ServerDescription{address=ac-khxyvkv-shard-00-02.ltylxsp.mongodb.net:27017, type=REPLICA_SET_PRIMARY, cryptd=false, state=CONNECTED, ok=true, minWireVersion=0, maxWireVersion=25, maxDocumentSize=16777216, logicalSessionTimeoutMinutes=30, roundTripTimeNanos=467124399, minRoundTripTimeNanos=0, setName='atlas-6x6yvm-shard-0', canonicalAddress=ac-khxyvkv-shard-00-02.ltylxsp.mongodb.net:27017, hosts=[ac-khxyvkv-shard-00-00.ltylxsp.mongodb.net:27017, ac-khxyvkv-shard-00-01.ltylxsp.mongodb.net:27017, ac-khxyvkv-shard-00-02.ltylxsp.mongodb.net:27017], passives=[], arbiters=[], primary='ac-khxyvkv-shard-00-02.ltylxsp.mongodb.net:27017', tagSet=TagSet{[Tag{name='availabilityZone', value='euw3-az3'}, Tag{name='cacheState', value='READY'}, Tag{name='diskState', value='READY'}, Tag{name='nodeType', value='ELECTABLE'}, Tag{name='provider', value='AWS'}, Tag{name='region', value='EU_WEST_3'}, Tag{name='workloadType', value='OPERATIONAL'}]}, electionId=7fffffff000000000000006a, setVersion=36, topologyVersion=TopologyVersion{processId=6a0b739aa9fe492cf1ce6df6, counter=6}, lastWriteDate=Tue May 19 13:34:45 WAT 2026, lastUpdateTimeNanos=271809844880200}
2026-05-19T13:34:46.700+01:00  INFO 25220 --- [ReclamationService] [ngodb.net:27017] org.mongodb.driver.cluster               : Discovered replica set primary ac-khxyvkv-shard-00-02.ltylxsp.mongodb.net:27017 with max election id 7fffffff000000000000006a and max set version 36
2026-05-19T14:35:09.463+01:00  INFO 25220 --- [ReclamationService] [ngodb.net:27017] org.mongodb.driver.cluster               : Exception in monitor thread while connecting to server ac-khxyvkv-shard-00-01.ltylxsp.mongodb.net:27017

com.mongodb.MongoSocketReadTimeoutException: Timeout while receiving message
	at com.mongodb.internal.connection.InternalStreamConnection.createReadTimeoutException(InternalStreamConnection.java:824) ~[mongodb-driver-core-5.2.1.jar:na]
	at com.mongodb.internal.connection.InternalStreamConnection.translateReadException(InternalStreamConnection.java:812) ~[mongodb-driver-core-5.2.1.jar:na]
	at com.mongodb.internal.connection.InternalStreamConnection.receiveResponseBuffers(InternalStreamConnection.java:862) ~[mongodb-driver-core-5.2.1.jar:na]
	at com.mongodb.internal.connection.InternalStreamConnection.receiveCommandMessageResponse(InternalStreamConnection.java:517) ~[mongodb-driver-core-5.2.1.jar:na]
	at com.mongodb.internal.connection.InternalStreamConnection.receive(InternalStreamConnection.java:469) ~[mongodb-driver-core-5.2.1.jar:na]
	at com.mongodb.internal.connection.DefaultServerMonitor$ServerMonitor.lookupServerDescription(DefaultServerMonitor.java:249) ~[mongodb-driver-core-5.2.1.jar:na]
	at com.mongodb.internal.connection.DefaultServerMonitor$ServerMonitor.run(DefaultServerMonitor.java:176) ~[mongodb-driver-core-5.2.1.jar:na]
Caused by: java.net.SocketTimeoutException: Read timed out
	at java.base/sun.nio.ch.NioSocketImpl.timedRead(NioSocketImpl.java:288) ~[na:na]
	at java.base/sun.nio.ch.NioSocketImpl.implRead(NioSocketImpl.java:314) ~[na:na]
	at java.base/sun.nio.ch.NioSocketImpl.read(NioSocketImpl.java:355) ~[na:na]
	at java.base/sun.nio.ch.NioSocketImpl$1.read(NioSocketImpl.java:808) ~[na:na]
	at java.base/java.net.Socket$SocketInputStream.read(Socket.java:966) ~[na:na]
	at java.base/sun.security.ssl.SSLSocketInputRecord.read(SSLSocketInputRecord.java:484) ~[na:na]
	at java.base/sun.security.ssl.SSLSocketInputRecord.readHeader(SSLSocketInputRecord.java:478) ~[na:na]
	at java.base/sun.security.ssl.SSLSocketInputRecord.bytesInCompletePacket(SSLSocketInputRecord.java:70) ~[na:na]
	at java.base/sun.security.ssl.SSLSocketImpl.readApplicationRecord(SSLSocketImpl.java:1461) ~[na:na]
	at java.base/sun.security.ssl.SSLSocketImpl$AppInputStream.read(SSLSocketImpl.java:1065) ~[na:na]
	at com.mongodb.internal.connection.SocketStream.read(SocketStream.java:182) ~[mongodb-driver-core-5.2.1.jar:na]
	at com.mongodb.internal.connection.InternalStreamConnection.receiveResponseBuffers(InternalStreamConnection.java:829) ~[mongodb-driver-core-5.2.1.jar:na]
	... 4 common frames omitted

2026-05-19T14:35:09.531+01:00  INFO 25220 --- [ReclamationService] [ngodb.net:27017] org.mongodb.driver.cluster               : Exception in monitor thread while connecting to server ac-khxyvkv-shard-00-00.ltylxsp.mongodb.net:27017

com.mongodb.MongoSocketReadTimeoutException: Timeout while receiving message
	at com.mongodb.internal.connection.InternalStreamConnection.createReadTimeoutException(InternalStreamConnection.java:824) ~[mongodb-driver-core-5.2.1.jar:na]
	at com.mongodb.internal.connection.InternalStreamConnection.translateReadException(InternalStreamConnection.java:812) ~[mongodb-driver-core-5.2.1.jar:na]
	at com.mongodb.internal.connection.InternalStreamConnection.receiveResponseBuffers(InternalStreamConnection.java:862) ~[mongodb-driver-core-5.2.1.jar:na]
	at com.mongodb.internal.connection.InternalStreamConnection.receiveCommandMessageResponse(InternalStreamConnection.java:517) ~[mongodb-driver-core-5.2.1.jar:na]
	at com.mongodb.internal.connection.InternalStreamConnection.receive(InternalStreamConnection.java:469) ~[mongodb-driver-core-5.2.1.jar:na]
	at com.mongodb.internal.connection.DefaultServerMonitor$ServerMonitor.lookupServerDescription(DefaultServerMonitor.java:249) ~[mongodb-driver-core-5.2.1.jar:na]
	at com.mongodb.internal.connection.DefaultServerMonitor$ServerMonitor.run(DefaultServerMonitor.java:176) ~[mongodb-driver-core-5.2.1.jar:na]
Caused by: java.net.SocketTimeoutException: Read timed out
	at java.base/sun.nio.ch.NioSocketImpl.timedRead(NioSocketImpl.java:288) ~[na:na]
	at java.base/sun.nio.ch.NioSocketImpl.implRead(NioSocketImpl.java:314) ~[na:na]
	at java.base/sun.nio.ch.NioSocketImpl.read(NioSocketImpl.java:355) ~[na:na]
	at java.base/sun.nio.ch.NioSocketImpl$1.read(NioSocketImpl.java:808) ~[na:na]
	at java.base/java.net.Socket$SocketInputStream.read(Socket.java:966) ~[na:na]
	at java.base/sun.security.ssl.SSLSocketInputRecord.read(SSLSocketInputRecord.java:484) ~[na:na]
	at java.base/sun.security.ssl.SSLSocketInputRecord.readHeader(SSLSocketInputRecord.java:478) ~[na:na]
	at java.base/sun.security.ssl.SSLSocketInputRecord.bytesInCompletePacket(SSLSocketInputRecord.java:70) ~[na:na]
	at java.base/sun.security.ssl.SSLSocketImpl.readApplicationRecord(SSLSocketImpl.java:1461) ~[na:na]
	at java.base/sun.security.ssl.SSLSocketImpl$AppInputStream.read(SSLSocketImpl.java:1065) ~[na:na]
	at com.mongodb.internal.connection.SocketStream.read(SocketStream.java:182) ~[mongodb-driver-core-5.2.1.jar:na]
	at com.mongodb.internal.connection.InternalStreamConnection.receiveResponseBuffers(InternalStreamConnection.java:829) ~[mongodb-driver-core-5.2.1.jar:na]
	... 4 common frames omitted

2026-05-19T14:35:09.778+01:00  INFO 25220 --- [ReclamationService] [ngodb.net:27017] org.mongodb.driver.cluster               : Exception in monitor thread while connecting to server ac-khxyvkv-shard-00-02.ltylxsp.mongodb.net:27017

com.mongodb.MongoSocketReadTimeoutException: Timeout while receiving message
	at com.mongodb.internal.connection.InternalStreamConnection.createReadTimeoutException(InternalStreamConnection.java:824) ~[mongodb-driver-core-5.2.1.jar:na]
	at com.mongodb.internal.connection.InternalStreamConnection.translateReadException(InternalStreamConnection.java:812) ~[mongodb-driver-core-5.2.1.jar:na]
	at com.mongodb.internal.connection.InternalStreamConnection.receiveResponseBuffers(InternalStreamConnection.java:862) ~[mongodb-driver-core-5.2.1.jar:na]
	at com.mongodb.internal.connection.InternalStreamConnection.receiveCommandMessageResponse(InternalStreamConnection.java:517) ~[mongodb-driver-core-5.2.1.jar:na]
	at com.mongodb.internal.connection.InternalStreamConnection.receive(InternalStreamConnection.java:469) ~[mongodb-driver-core-5.2.1.jar:na]
	at com.mongodb.internal.connection.DefaultServerMonitor$ServerMonitor.lookupServerDescription(DefaultServerMonitor.java:249) ~[mongodb-driver-core-5.2.1.jar:na]
	at com.mongodb.internal.connection.DefaultServerMonitor$ServerMonitor.run(DefaultServerMonitor.java:176) ~[mongodb-driver-core-5.2.1.jar:na]
Caused by: java.net.SocketTimeoutException: Read timed out
	at java.base/sun.nio.ch.NioSocketImpl.timedRead(NioSocketImpl.java:288) ~[na:na]
	at java.base/sun.nio.ch.NioSocketImpl.implRead(NioSocketImpl.java:314) ~[na:na]
	at java.base/sun.nio.ch.NioSocketImpl.read(NioSocketImpl.java:355) ~[na:na]
	at java.base/sun.nio.ch.NioSocketImpl$1.read(NioSocketImpl.java:808) ~[na:na]
	at java.base/java.net.Socket$SocketInputStream.read(Socket.java:966) ~[na:na]
	at java.base/sun.security.ssl.SSLSocketInputRecord.read(SSLSocketInputRecord.java:484) ~[na:na]
	at java.base/sun.security.ssl.SSLSocketInputRecord.readHeader(SSLSocketInputRecord.java:478) ~[na:na]
	at java.base/sun.security.ssl.SSLSocketInputRecord.bytesInCompletePacket(SSLSocketInputRecord.java:70) ~[na:na]
	at java.base/sun.security.ssl.SSLSocketImpl.readApplicationRecord(SSLSocketImpl.java:1461) ~[na:na]
	at java.base/sun.security.ssl.SSLSocketImpl$AppInputStream.read(SSLSocketImpl.java:1065) ~[na:na]
	at com.mongodb.internal.connection.SocketStream.read(SocketStream.java:182) ~[mongodb-driver-core-5.2.1.jar:na]
	at com.mongodb.internal.connection.InternalStreamConnection.receiveResponseBuffers(InternalStreamConnection.java:829) ~[mongodb-driver-core-5.2.1.jar:na]
	... 4 common frames omitted

2026-05-19T14:35:20.567+01:00  INFO 25220 --- [ReclamationService] [ngodb.net:27017] org.mongodb.driver.cluster               : Exception in monitor thread while connecting to server ac-khxyvkv-shard-00-01.ltylxsp.mongodb.net:27017

com.mongodb.MongoSocketException: Hôte inconnu (ac-khxyvkv-shard-00-01.ltylxsp.mongodb.net)
	at com.mongodb.internal.connection.ServerAddressHelper.getSocketAddresses(ServerAddressHelper.java:75) ~[mongodb-driver-core-5.2.1.jar:na]
	at com.mongodb.internal.connection.SocketStream.initializeSocket(SocketStream.java:100) ~[mongodb-driver-core-5.2.1.jar:na]
	at com.mongodb.internal.connection.SocketStream.open(SocketStream.java:79) ~[mongodb-driver-core-5.2.1.jar:na]
	at com.mongodb.internal.connection.InternalStreamConnection.open(InternalStreamConnection.java:233) ~[mongodb-driver-core-5.2.1.jar:na]
	at com.mongodb.internal.connection.DefaultServerMonitor$ServerMonitor.lookupServerDescription(DefaultServerMonitor.java:219) ~[mongodb-driver-core-5.2.1.jar:na]
	at com.mongodb.internal.connection.DefaultServerMonitor$ServerMonitor.run(DefaultServerMonitor.java:176) ~[mongodb-driver-core-5.2.1.jar:na]
Caused by: java.net.UnknownHostException: Hôte inconnu (ac-khxyvkv-shard-00-01.ltylxsp.mongodb.net)
	at java.base/java.net.Inet6AddressImpl.lookupAllHostAddr(Native Method) ~[na:na]
	at java.base/java.net.InetAddress$PlatformNameService.lookupAllHostAddr(InetAddress.java:933) ~[na:na]
	at java.base/java.net.InetAddress.getAddressesFromNameService(InetAddress.java:1543) ~[na:na]
	at java.base/java.net.InetAddress$NameServiceAddresses.get(InetAddress.java:852) ~[na:na]
	at java.base/java.net.InetAddress.getAllByName0(InetAddress.java:1532) ~[na:na]
	at java.base/java.net.InetAddress.getAllByName(InetAddress.java:1384) ~[na:na]
	at java.base/java.net.InetAddress.getAllByName(InetAddress.java:1305) ~[na:na]
	at com.mongodb.internal.connection.DefaultInetAddressResolver.lookupByName(DefaultInetAddressResolver.java:34) ~[mongodb-driver-core-5.2.1.jar:na]
	at com.mongodb.internal.connection.ServerAddressHelper.getSocketAddresses(ServerAddressHelper.java:71) ~[mongodb-driver-core-5.2.1.jar:na]
	... 5 common frames omitted

2026-05-19T14:35:20.604+01:00  INFO 25220 --- [ReclamationService] [ngodb.net:27017] org.mongodb.driver.cluster               : Exception in monitor thread while connecting to server ac-khxyvkv-shard-00-00.ltylxsp.mongodb.net:27017

com.mongodb.MongoSocketException: Hôte inconnu (ac-khxyvkv-shard-00-00.ltylxsp.mongodb.net)
	at com.mongodb.internal.connection.ServerAddressHelper.getSocketAddresses(ServerAddressHelper.java:75) ~[mongodb-driver-core-5.2.1.jar:na]
	at com.mongodb.internal.connection.SocketStream.initializeSocket(SocketStream.java:100) ~[mongodb-driver-core-5.2.1.jar:na]
	at com.mongodb.internal.connection.SocketStream.open(SocketStream.java:79) ~[mongodb-driver-core-5.2.1.jar:na]
	at com.mongodb.internal.connection.InternalStreamConnection.open(InternalStreamConnection.java:233) ~[mongodb-driver-core-5.2.1.jar:na]
	at com.mongodb.internal.connection.DefaultServerMonitor$ServerMonitor.lookupServerDescription(DefaultServerMonitor.java:219) ~[mongodb-driver-core-5.2.1.jar:na]
	at com.mongodb.internal.connection.DefaultServerMonitor$ServerMonitor.run(DefaultServerMonitor.java:176) ~[mongodb-driver-core-5.2.1.jar:na]
Caused by: java.net.UnknownHostException: Hôte inconnu (ac-khxyvkv-shard-00-00.ltylxsp.mongodb.net)
	at java.base/java.net.Inet6AddressImpl.lookupAllHostAddr(Native Method) ~[na:na]
	at java.base/java.net.InetAddress$PlatformNameService.lookupAllHostAddr(InetAddress.java:933) ~[na:na]
	at java.base/java.net.InetAddress.getAddressesFromNameService(InetAddress.java:1543) ~[na:na]
	at java.base/java.net.InetAddress$NameServiceAddresses.get(InetAddress.java:852) ~[na:na]
	at java.base/java.net.InetAddress.getAllByName0(InetAddress.java:1532) ~[na:na]
	at java.base/java.net.InetAddress.getAllByName(InetAddress.java:1384) ~[na:na]
	at java.base/java.net.InetAddress.getAllByName(InetAddress.java:1305) ~[na:na]
	at com.mongodb.internal.connection.DefaultInetAddressResolver.lookupByName(DefaultInetAddressResolver.java:34) ~[mongodb-driver-core-5.2.1.jar:na]
	at com.mongodb.internal.connection.ServerAddressHelper.getSocketAddresses(ServerAddressHelper.java:71) ~[mongodb-driver-core-5.2.1.jar:na]
	... 5 common frames omitted

2026-05-19T14:35:20.793+01:00  INFO 25220 --- [ReclamationService] [ngodb.net:27017] org.mongodb.driver.cluster               : Exception in monitor thread while connecting to server ac-khxyvkv-shard-00-02.ltylxsp.mongodb.net:27017

com.mongodb.MongoSocketException: Hôte inconnu (ac-khxyvkv-shard-00-02.ltylxsp.mongodb.net)
	at com.mongodb.internal.connection.ServerAddressHelper.getSocketAddresses(ServerAddressHelper.java:75) ~[mongodb-driver-core-5.2.1.jar:na]
	at com.mongodb.internal.connection.SocketStream.initializeSocket(SocketStream.java:100) ~[mongodb-driver-core-5.2.1.jar:na]
	at com.mongodb.internal.connection.SocketStream.open(SocketStream.java:79) ~[mongodb-driver-core-5.2.1.jar:na]
	at com.mongodb.internal.connection.InternalStreamConnection.open(InternalStreamConnection.java:233) ~[mongodb-driver-core-5.2.1.jar:na]
	at com.mongodb.internal.connection.DefaultServerMonitor$ServerMonitor.lookupServerDescription(DefaultServerMonitor.java:219) ~[mongodb-driver-core-5.2.1.jar:na]
	at com.mongodb.internal.connection.DefaultServerMonitor$ServerMonitor.run(DefaultServerMonitor.java:176) ~[mongodb-driver-core-5.2.1.jar:na]
Caused by: java.net.UnknownHostException: Hôte inconnu (ac-khxyvkv-shard-00-02.ltylxsp.mongodb.net)
	at java.base/java.net.Inet6AddressImpl.lookupAllHostAddr(Native Method) ~[na:na]
	at java.base/java.net.InetAddress$PlatformNameService.lookupAllHostAddr(InetAddress.java:933) ~[na:na]
	at java.base/java.net.InetAddress.getAddressesFromNameService(InetAddress.java:1543) ~[na:na]
	at java.base/java.net.InetAddress$NameServiceAddresses.get(InetAddress.java:852) ~[na:na]
	at java.base/java.net.InetAddress.getAllByName0(InetAddress.java:1532) ~[na:na]
	at java.base/java.net.InetAddress.getAllByName(InetAddress.java:1384) ~[na:na]
	at java.base/java.net.InetAddress.getAllByName(InetAddress.java:1305) ~[na:na]
	at com.mongodb.internal.connection.DefaultInetAddressResolver.lookupByName(DefaultInetAddressResolver.java:34) ~[mongodb-driver-core-5.2.1.jar:na]
	at com.mongodb.internal.connection.ServerAddressHelper.getSocketAddresses(ServerAddressHelper.java:71) ~[mongodb-driver-core-5.2.1.jar:na]
	... 5 common frames omitted

2026-05-19T14:35:30.594+01:00  INFO 25220 --- [ReclamationService] [ngodb.net:27017] org.mongodb.driver.cluster               : Exception in monitor thread while connecting to server ac-khxyvkv-shard-00-01.ltylxsp.mongodb.net:27017

com.mongodb.MongoSocketException: ac-khxyvkv-shard-00-01.ltylxsp.mongodb.net
	at com.mongodb.internal.connection.ServerAddressHelper.getSocketAddresses(ServerAddressHelper.java:75) ~[mongodb-driver-core-5.2.1.jar:na]
	at com.mongodb.internal.connection.SocketStream.initializeSocket(SocketStream.java:100) ~[mongodb-driver-core-5.2.1.jar:na]
	at com.mongodb.internal.connection.SocketStream.open(SocketStream.java:79) ~[mongodb-driver-core-5.2.1.jar:na]
	at com.mongodb.internal.connection.InternalStreamConnection.open(InternalStreamConnection.java:233) ~[mongodb-driver-core-5.2.1.jar:na]
	at com.mongodb.internal.connection.DefaultServerMonitor$ServerMonitor.lookupServerDescription(DefaultServerMonitor.java:219) ~[mongodb-driver-core-5.2.1.jar:na]
	at com.mongodb.internal.connection.DefaultServerMonitor$ServerMonitor.run(DefaultServerMonitor.java:176) ~[mongodb-driver-core-5.2.1.jar:na]
Caused by: java.net.UnknownHostException: ac-khxyvkv-shard-00-01.ltylxsp.mongodb.net
	at java.base/java.net.InetAddress$CachedAddresses.get(InetAddress.java:801) ~[na:na]
	at java.base/java.net.InetAddress.getAllByName0(InetAddress.java:1532) ~[na:na]
	at java.base/java.net.InetAddress.getAllByName(InetAddress.java:1384) ~[na:na]
	at java.base/java.net.InetAddress.getAllByName(InetAddress.java:1305) ~[na:na]
	at com.mongodb.internal.connection.DefaultInetAddressResolver.lookupByName(DefaultInetAddressResolver.java:34) ~[mongodb-driver-core-5.2.1.jar:na]
	at com.mongodb.internal.connection.ServerAddressHelper.getSocketAddresses(ServerAddressHelper.java:71) ~[mongodb-driver-core-5.2.1.jar:na]
	... 5 common frames omitted

2026-05-19T14:35:30.798+01:00  INFO 25220 --- [ReclamationService] [ngodb.net:27017] org.mongodb.driver.cluster               : Exception in monitor thread while connecting to server ac-khxyvkv-shard-00-02.ltylxsp.mongodb.net:27017

com.mongodb.MongoSocketException: ac-khxyvkv-shard-00-02.ltylxsp.mongodb.net
	at com.mongodb.internal.connection.ServerAddressHelper.getSocketAddresses(ServerAddressHelper.java:75) ~[mongodb-driver-core-5.2.1.jar:na]
	at com.mongodb.internal.connection.SocketStream.initializeSocket(SocketStream.java:100) ~[mongodb-driver-core-5.2.1.jar:na]
	at com.mongodb.internal.connection.SocketStream.open(SocketStream.java:79) ~[mongodb-driver-core-5.2.1.jar:na]
	at com.mongodb.internal.connection.InternalStreamConnection.open(InternalStreamConnection.java:233) ~[mongodb-driver-core-5.2.1.jar:na]
	at com.mongodb.internal.connection.DefaultServerMonitor$ServerMonitor.lookupServerDescription(DefaultServerMonitor.java:219) ~[mongodb-driver-core-5.2.1.jar:na]
	at com.mongodb.internal.connection.DefaultServerMonitor$ServerMonitor.run(DefaultServerMonitor.java:176) ~[mongodb-driver-core-5.2.1.jar:na]
Caused by: java.net.UnknownHostException: ac-khxyvkv-shard-00-02.ltylxsp.mongodb.net
	at java.base/java.net.InetAddress$CachedAddresses.get(InetAddress.java:801) ~[na:na]
	at java.base/java.net.InetAddress$NameServiceAddresses.get(InetAddress.java:887) ~[na:na]
	at java.base/java.net.InetAddress.getAllByName0(InetAddress.java:1532) ~[na:na]
	at java.base/java.net.InetAddress.getAllByName(InetAddress.java:1384) ~[na:na]
	at java.base/java.net.InetAddress.getAllByName(InetAddress.java:1305) ~[na:na]
	at com.mongodb.internal.connection.DefaultInetAddressResolver.lookupByName(DefaultInetAddressResolver.java:34) ~[mongodb-driver-core-5.2.1.jar:na]
	at com.mongodb.internal.connection.ServerAddressHelper.getSocketAddresses(ServerAddressHelper.java:71) ~[mongodb-driver-core-5.2.1.jar:na]
	... 5 common frames omitted

2026-05-19T14:36:05.724+01:00  INFO 25220 --- [ReclamationService] [ngodb.net:27017] org.mongodb.driver.cluster               : Exception in monitor thread while connecting to server ac-khxyvkv-shard-00-00.ltylxsp.mongodb.net:27017

com.mongodb.MongoSocketException: ac-khxyvkv-shard-00-00.ltylxsp.mongodb.net
	at com.mongodb.internal.connection.ServerAddressHelper.getSocketAddresses(ServerAddressHelper.java:75) ~[mongodb-driver-core-5.2.1.jar:na]
	at com.mongodb.internal.connection.SocketStream.initializeSocket(SocketStream.java:100) ~[mongodb-driver-core-5.2.1.jar:na]
	at com.mongodb.internal.connection.SocketStream.open(SocketStream.java:79) ~[mongodb-driver-core-5.2.1.jar:na]
	at com.mongodb.internal.connection.InternalStreamConnection.open(InternalStreamConnection.java:233) ~[mongodb-driver-core-5.2.1.jar:na]
	at com.mongodb.internal.connection.DefaultServerMonitor$ServerMonitor.lookupServerDescription(DefaultServerMonitor.java:219) ~[mongodb-driver-core-5.2.1.jar:na]
	at com.mongodb.internal.connection.DefaultServerMonitor$ServerMonitor.run(DefaultServerMonitor.java:176) ~[mongodb-driver-core-5.2.1.jar:na]
Caused by: java.net.UnknownHostException: ac-khxyvkv-shard-00-00.ltylxsp.mongodb.net
	at java.base/java.net.InetAddress$CachedAddresses.get(InetAddress.java:801) ~[na:na]
	at java.base/java.net.InetAddress$NameServiceAddresses.get(InetAddress.java:887) ~[na:na]
	at java.base/java.net.InetAddress.getAllByName0(InetAddress.java:1532) ~[na:na]
	at java.base/java.net.InetAddress.getAllByName(InetAddress.java:1384) ~[na:na]
	at java.base/java.net.InetAddress.getAllByName(InetAddress.java:1305) ~[na:na]
	at com.mongodb.internal.connection.DefaultInetAddressResolver.lookupByName(DefaultInetAddressResolver.java:34) ~[mongodb-driver-core-5.2.1.jar:na]
	at com.mongodb.internal.connection.ServerAddressHelper.getSocketAddresses(ServerAddressHelper.java:71) ~[mongodb-driver-core-5.2.1.jar:na]
	... 5 common frames omitted

2026-05-19T14:36:27.757+01:00  INFO 25220 --- [ReclamationService] [ngodb.net:27017] org.mongodb.driver.cluster               : Exception in monitor thread while connecting to server ac-khxyvkv-shard-00-00.ltylxsp.mongodb.net:27017

com.mongodb.MongoSocketException: Hôte inconnu (ac-khxyvkv-shard-00-00.ltylxsp.mongodb.net)
	at com.mongodb.internal.connection.ServerAddressHelper.getSocketAddresses(ServerAddressHelper.java:75) ~[mongodb-driver-core-5.2.1.jar:na]
	at com.mongodb.internal.connection.SocketStream.initializeSocket(SocketStream.java:100) ~[mongodb-driver-core-5.2.1.jar:na]
	at com.mongodb.internal.connection.SocketStream.open(SocketStream.java:79) ~[mongodb-driver-core-5.2.1.jar:na]
	at com.mongodb.internal.connection.InternalStreamConnection.open(InternalStreamConnection.java:233) ~[mongodb-driver-core-5.2.1.jar:na]
	at com.mongodb.internal.connection.DefaultServerMonitor$ServerMonitor.lookupServerDescription(DefaultServerMonitor.java:219) ~[mongodb-driver-core-5.2.1.jar:na]
	at com.mongodb.internal.connection.DefaultServerMonitor$ServerMonitor.run(DefaultServerMonitor.java:176) ~[mongodb-driver-core-5.2.1.jar:na]
Caused by: java.net.UnknownHostException: Hôte inconnu (ac-khxyvkv-shard-00-00.ltylxsp.mongodb.net)
	at java.base/java.net.Inet6AddressImpl.lookupAllHostAddr(Native Method) ~[na:na]
	at java.base/java.net.InetAddress$PlatformNameService.lookupAllHostAddr(InetAddress.java:933) ~[na:na]
	at java.base/java.net.InetAddress.getAddressesFromNameService(InetAddress.java:1543) ~[na:na]
	at java.base/java.net.InetAddress$NameServiceAddresses.get(InetAddress.java:852) ~[na:na]
	at java.base/java.net.InetAddress.getAllByName0(InetAddress.java:1532) ~[na:na]
	at java.base/java.net.InetAddress.getAllByName(InetAddress.java:1384) ~[na:na]
	at java.base/java.net.InetAddress.getAllByName(InetAddress.java:1305) ~[na:na]
	at com.mongodb.internal.connection.DefaultInetAddressResolver.lookupByName(DefaultInetAddressResolver.java:34) ~[mongodb-driver-core-5.2.1.jar:na]
	at com.mongodb.internal.connection.ServerAddressHelper.getSocketAddresses(ServerAddressHelper.java:71) ~[mongodb-driver-core-5.2.1.jar:na]
	... 5 common frames omitted

2026-05-19T14:36:27.962+01:00  INFO 25220 --- [ReclamationService] [ngodb.net:27017] org.mongodb.driver.cluster               : Exception in monitor thread while connecting to server ac-khxyvkv-shard-00-02.ltylxsp.mongodb.net:27017

com.mongodb.MongoSocketException: Hôte inconnu (ac-khxyvkv-shard-00-02.ltylxsp.mongodb.net)
	at com.mongodb.internal.connection.ServerAddressHelper.getSocketAddresses(ServerAddressHelper.java:75) ~[mongodb-driver-core-5.2.1.jar:na]
	at com.mongodb.internal.connection.SocketStream.initializeSocket(SocketStream.java:100) ~[mongodb-driver-core-5.2.1.jar:na]
	at com.mongodb.internal.connection.SocketStream.open(SocketStream.java:79) ~[mongodb-driver-core-5.2.1.jar:na]
	at com.mongodb.internal.connection.InternalStreamConnection.open(InternalStreamConnection.java:233) ~[mongodb-driver-core-5.2.1.jar:na]
	at com.mongodb.internal.connection.DefaultServerMonitor$ServerMonitor.lookupServerDescription(DefaultServerMonitor.java:219) ~[mongodb-driver-core-5.2.1.jar:na]
	at com.mongodb.internal.connection.DefaultServerMonitor$ServerMonitor.run(DefaultServerMonitor.java:176) ~[mongodb-driver-core-5.2.1.jar:na]
Caused by: java.net.UnknownHostException: Hôte inconnu (ac-khxyvkv-shard-00-02.ltylxsp.mongodb.net)
	at java.base/java.net.Inet6AddressImpl.lookupAllHostAddr(Native Method) ~[na:na]
	at java.base/java.net.InetAddress$PlatformNameService.lookupAllHostAddr(InetAddress.java:933) ~[na:na]
	at java.base/java.net.InetAddress.getAddressesFromNameService(InetAddress.java:1543) ~[na:na]
	at java.base/java.net.InetAddress$NameServiceAddresses.get(InetAddress.java:852) ~[na:na]
	at java.base/java.net.InetAddress.getAllByName0(InetAddress.java:1532) ~[na:na]
	at java.base/java.net.InetAddress.getAllByName(InetAddress.java:1384) ~[na:na]
	at java.base/java.net.InetAddress.getAllByName(InetAddress.java:1305) ~[na:na]
	at com.mongodb.internal.connection.DefaultInetAddressResolver.lookupByName(DefaultInetAddressResolver.java:34) ~[mongodb-driver-core-5.2.1.jar:na]
	at com.mongodb.internal.connection.ServerAddressHelper.getSocketAddresses(ServerAddressHelper.java:71) ~[mongodb-driver-core-5.2.1.jar:na]
	... 5 common frames omitted

2026-05-19T14:36:37.774+01:00  INFO 25220 --- [ReclamationService] [ngodb.net:27017] org.mongodb.driver.cluster               : Exception in monitor thread while connecting to server ac-khxyvkv-shard-00-01.ltylxsp.mongodb.net:27017

com.mongodb.MongoSocketException: Hôte inconnu (ac-khxyvkv-shard-00-01.ltylxsp.mongodb.net)
	at com.mongodb.internal.connection.ServerAddressHelper.getSocketAddresses(ServerAddressHelper.java:75) ~[mongodb-driver-core-5.2.1.jar:na]
	at com.mongodb.internal.connection.SocketStream.initializeSocket(SocketStream.java:100) ~[mongodb-driver-core-5.2.1.jar:na]
	at com.mongodb.internal.connection.SocketStream.open(SocketStream.java:79) ~[mongodb-driver-core-5.2.1.jar:na]
	at com.mongodb.internal.connection.InternalStreamConnection.open(InternalStreamConnection.java:233) ~[mongodb-driver-core-5.2.1.jar:na]
	at com.mongodb.internal.connection.DefaultServerMonitor$ServerMonitor.lookupServerDescription(DefaultServerMonitor.java:219) ~[mongodb-driver-core-5.2.1.jar:na]
	at com.mongodb.internal.connection.DefaultServerMonitor$ServerMonitor.run(DefaultServerMonitor.java:176) ~[mongodb-driver-core-5.2.1.jar:na]
Caused by: java.net.UnknownHostException: Hôte inconnu (ac-khxyvkv-shard-00-01.ltylxsp.mongodb.net)
	at java.base/java.net.Inet6AddressImpl.lookupAllHostAddr(Native Method) ~[na:na]
	at java.base/java.net.InetAddress$PlatformNameService.lookupAllHostAddr(InetAddress.java:933) ~[na:na]
	at java.base/java.net.InetAddress.getAddressesFromNameService(InetAddress.java:1543) ~[na:na]
	at java.base/java.net.InetAddress$NameServiceAddresses.get(InetAddress.java:852) ~[na:na]
	at java.base/java.net.InetAddress.getAllByName0(InetAddress.java:1532) ~[na:na]
	at java.base/java.net.InetAddress.getAllByName(InetAddress.java:1384) ~[na:na]
	at java.base/java.net.InetAddress.getAllByName(InetAddress.java:1305) ~[na:na]
	at com.mongodb.internal.connection.DefaultInetAddressResolver.lookupByName(DefaultInetAddressResolver.java:34) ~[mongodb-driver-core-5.2.1.jar:na]
	at com.mongodb.internal.connection.ServerAddressHelper.getSocketAddresses(ServerAddressHelper.java:71) ~[mongodb-driver-core-5.2.1.jar:na]
	... 5 common frames omitted

2026-05-19T14:36:47.787+01:00  INFO 25220 --- [ReclamationService] [ngodb.net:27017] org.mongodb.driver.cluster               : Exception in monitor thread while connecting to server ac-khxyvkv-shard-00-00.ltylxsp.mongodb.net:27017

com.mongodb.MongoSocketException: ac-khxyvkv-shard-00-00.ltylxsp.mongodb.net
	at com.mongodb.internal.connection.ServerAddressHelper.getSocketAddresses(ServerAddressHelper.java:75) ~[mongodb-driver-core-5.2.1.jar:na]
	at com.mongodb.internal.connection.SocketStream.initializeSocket(SocketStream.java:100) ~[mongodb-driver-core-5.2.1.jar:na]
	at com.mongodb.internal.connection.SocketStream.open(SocketStream.java:79) ~[mongodb-driver-core-5.2.1.jar:na]
	at com.mongodb.internal.connection.InternalStreamConnection.open(InternalStreamConnection.java:233) ~[mongodb-driver-core-5.2.1.jar:na]
	at com.mongodb.internal.connection.DefaultServerMonitor$ServerMonitor.lookupServerDescription(DefaultServerMonitor.java:219) ~[mongodb-driver-core-5.2.1.jar:na]
	at com.mongodb.internal.connection.DefaultServerMonitor$ServerMonitor.run(DefaultServerMonitor.java:176) ~[mongodb-driver-core-5.2.1.jar:na]
Caused by: java.net.UnknownHostException: ac-khxyvkv-shard-00-00.ltylxsp.mongodb.net
	at java.base/java.net.InetAddress$CachedAddresses.get(InetAddress.java:801) ~[na:na]
	at java.base/java.net.InetAddress.getAllByName0(InetAddress.java:1532) ~[na:na]
	at java.base/java.net.InetAddress.getAllByName(InetAddress.java:1384) ~[na:na]
	at java.base/java.net.InetAddress.getAllByName(InetAddress.java:1305) ~[na:na]
	at com.mongodb.internal.connection.DefaultInetAddressResolver.lookupByName(DefaultInetAddressResolver.java:34) ~[mongodb-driver-core-5.2.1.jar:na]
	at com.mongodb.internal.connection.ServerAddressHelper.getSocketAddresses(ServerAddressHelper.java:71) ~[mongodb-driver-core-5.2.1.jar:na]
	... 5 common frames omitted

2026-05-19T14:36:58.529+01:00  INFO 25220 --- [ReclamationService] [ngodb.net:27017] org.mongodb.driver.cluster               : Monitor thread successfully connected to server with description ServerDescription{address=ac-khxyvkv-shard-00-01.ltylxsp.mongodb.net:27017, type=REPLICA_SET_SECONDARY, cryptd=false, state=CONNECTED, ok=true, minWireVersion=0, maxWireVersion=25, maxDocumentSize=16777216, logicalSessionTimeoutMinutes=30, roundTripTimeNanos=419505600, minRoundTripTimeNanos=0, setName='atlas-6x6yvm-shard-0', canonicalAddress=ac-khxyvkv-shard-00-01.ltylxsp.mongodb.net:27017, hosts=[ac-khxyvkv-shard-00-00.ltylxsp.mongodb.net:27017, ac-khxyvkv-shard-00-01.ltylxsp.mongodb.net:27017, ac-khxyvkv-shard-00-02.ltylxsp.mongodb.net:27017], passives=[], arbiters=[], primary='ac-khxyvkv-shard-00-02.ltylxsp.mongodb.net:27017', tagSet=TagSet{[Tag{name='availabilityZone', value='euw3-az2'}, Tag{name='cacheState', value='READY'}, Tag{name='diskState', value='READY'}, Tag{name='nodeType', value='ELECTABLE'}, Tag{name='provider', value='AWS'}, Tag{name='region', value='EU_WEST_3'}, Tag{name='workloadType', value='OPERATIONAL'}]}, electionId=null, setVersion=36, topologyVersion=TopologyVersion{processId=6a0b7610b7f22932df19d864, counter=3}, lastWriteDate=Tue May 19 14:36:57 WAT 2026, lastUpdateTimeNanos=275542198944900}
2026-05-19T14:36:58.815+01:00  INFO 25220 --- [ReclamationService] [ngodb.net:27017] org.mongodb.driver.cluster               : Monitor thread successfully connected to server with description ServerDescription{address=ac-khxyvkv-shard-00-00.ltylxsp.mongodb.net:27017, type=REPLICA_SET_SECONDARY, cryptd=false, state=CONNECTED, ok=true, minWireVersion=0, maxWireVersion=25, maxDocumentSize=16777216, logicalSessionTimeoutMinutes=30, roundTripTimeNanos=718759001, minRoundTripTimeNanos=0, setName='atlas-6x6yvm-shard-0', canonicalAddress=ac-khxyvkv-shard-00-00.ltylxsp.mongodb.net:27017, hosts=[ac-khxyvkv-shard-00-00.ltylxsp.mongodb.net:27017, ac-khxyvkv-shard-00-01.ltylxsp.mongodb.net:27017, ac-khxyvkv-shard-00-02.ltylxsp.mongodb.net:27017], passives=[], arbiters=[], primary='ac-khxyvkv-shard-00-02.ltylxsp.mongodb.net:27017', tagSet=TagSet{[Tag{name='availabilityZone', value='euw3-az1'}, Tag{name='cacheState', value='READY'}, Tag{name='diskState', value='READY'}, Tag{name='nodeType', value='ELECTABLE'}, Tag{name='provider', value='AWS'}, Tag{name='region', value='EU_WEST_3'}, Tag{name='workloadType', value='OPERATIONAL'}]}, electionId=null, setVersion=36, topologyVersion=TopologyVersion{processId=6a0b71594350e6bbf1a71fd2, counter=4}, lastWriteDate=Tue May 19 14:36:58 WAT 2026, lastUpdateTimeNanos=275542499350500}
2026-05-19T14:36:58.869+01:00  INFO 25220 --- [ReclamationService] [ngodb.net:27017] org.mongodb.driver.cluster               : Monitor thread successfully connected to server with description ServerDescription{address=ac-khxyvkv-shard-00-02.ltylxsp.mongodb.net:27017, type=REPLICA_SET_PRIMARY, cryptd=false, state=CONNECTED, ok=true, minWireVersion=0, maxWireVersion=25, maxDocumentSize=16777216, logicalSessionTimeoutMinutes=30, roundTripTimeNanos=754378400, minRoundTripTimeNanos=0, setName='atlas-6x6yvm-shard-0', canonicalAddress=ac-khxyvkv-shard-00-02.ltylxsp.mongodb.net:27017, hosts=[ac-khxyvkv-shard-00-00.ltylxsp.mongodb.net:27017, ac-khxyvkv-shard-00-01.ltylxsp.mongodb.net:27017, ac-khxyvkv-shard-00-02.ltylxsp.mongodb.net:27017], passives=[], arbiters=[], primary='ac-khxyvkv-shard-00-02.ltylxsp.mongodb.net:27017', tagSet=TagSet{[Tag{name='availabilityZone', value='euw3-az3'}, Tag{name='cacheState', value='READY'}, Tag{name='diskState', value='READY'}, Tag{name='nodeType', value='ELECTABLE'}, Tag{name='provider', value='AWS'}, Tag{name='region', value='EU_WEST_3'}, Tag{name='workloadType', value='OPERATIONAL'}]}, electionId=7fffffff000000000000006a, setVersion=36, topologyVersion=TopologyVersion{processId=6a0b739aa9fe492cf1ce6df6, counter=6}, lastWriteDate=Tue May 19 14:36:58 WAT 2026, lastUpdateTimeNanos=275542553693900}
2026-05-19T14:36:58.890+01:00  INFO 25220 --- [ReclamationService] [ngodb.net:27017] org.mongodb.driver.cluster               : Discovered replica set primary ac-khxyvkv-shard-00-02.ltylxsp.mongodb.net:27017 with max election id 7fffffff000000000000006a and max set version 36
2026-05-19T14:37:28.710+01:00  INFO 25220 --- [ReclamationService] [ngodb.net:27017] org.mongodb.driver.cluster               : Exception in monitor thread while connecting to server ac-khxyvkv-shard-00-01.ltylxsp.mongodb.net:27017

com.mongodb.MongoSocketReadTimeoutException: Timeout while receiving message
	at com.mongodb.internal.connection.InternalStreamConnection.createReadTimeoutException(InternalStreamConnection.java:824) ~[mongodb-driver-core-5.2.1.jar:na]
	at com.mongodb.internal.connection.InternalStreamConnection.translateReadException(InternalStreamConnection.java:812) ~[mongodb-driver-core-5.2.1.jar:na]
	at com.mongodb.internal.connection.InternalStreamConnection.receiveResponseBuffers(InternalStreamConnection.java:862) ~[mongodb-driver-core-5.2.1.jar:na]
	at com.mongodb.internal.connection.InternalStreamConnection.receiveCommandMessageResponse(InternalStreamConnection.java:517) ~[mongodb-driver-core-5.2.1.jar:na]
	at com.mongodb.internal.connection.InternalStreamConnection.receive(InternalStreamConnection.java:469) ~[mongodb-driver-core-5.2.1.jar:na]
	at com.mongodb.internal.connection.DefaultServerMonitor$ServerMonitor.lookupServerDescription(DefaultServerMonitor.java:249) ~[mongodb-driver-core-5.2.1.jar:na]
	at com.mongodb.internal.connection.DefaultServerMonitor$ServerMonitor.run(DefaultServerMonitor.java:176) ~[mongodb-driver-core-5.2.1.jar:na]
Caused by: java.net.SocketTimeoutException: Read timed out
	at java.base/sun.nio.ch.NioSocketImpl.timedRead(NioSocketImpl.java:288) ~[na:na]
	at java.base/sun.nio.ch.NioSocketImpl.implRead(NioSocketImpl.java:314) ~[na:na]
	at java.base/sun.nio.ch.NioSocketImpl.read(NioSocketImpl.java:355) ~[na:na]
	at java.base/sun.nio.ch.NioSocketImpl$1.read(NioSocketImpl.java:808) ~[na:na]
	at java.base/java.net.Socket$SocketInputStream.read(Socket.java:966) ~[na:na]
	at java.base/sun.security.ssl.SSLSocketInputRecord.read(SSLSocketInputRecord.java:484) ~[na:na]
	at java.base/sun.security.ssl.SSLSocketInputRecord.readHeader(SSLSocketInputRecord.java:478) ~[na:na]
	at java.base/sun.security.ssl.SSLSocketInputRecord.bytesInCompletePacket(SSLSocketInputRecord.java:70) ~[na:na]
	at java.base/sun.security.ssl.SSLSocketImpl.readApplicationRecord(SSLSocketImpl.java:1461) ~[na:na]
	at java.base/sun.security.ssl.SSLSocketImpl$AppInputStream.read(SSLSocketImpl.java:1065) ~[na:na]
	at com.mongodb.internal.connection.SocketStream.read(SocketStream.java:182) ~[mongodb-driver-core-5.2.1.jar:na]
	at com.mongodb.internal.connection.InternalStreamConnection.receiveResponseBuffers(InternalStreamConnection.java:829) ~[mongodb-driver-core-5.2.1.jar:na]
	... 4 common frames omitted

2026-05-19T14:37:28.714+01:00  INFO 25220 --- [ReclamationService] [ngodb.net:27017] org.mongodb.driver.cluster               : Exception in monitor thread while connecting to server ac-khxyvkv-shard-00-01.ltylxsp.mongodb.net:27017

com.mongodb.MongoSocketException: Hôte inconnu (ac-khxyvkv-shard-00-01.ltylxsp.mongodb.net)
	at com.mongodb.internal.connection.ServerAddressHelper.getSocketAddresses(ServerAddressHelper.java:75) ~[mongodb-driver-core-5.2.1.jar:na]
	at com.mongodb.internal.connection.SocketStream.initializeSocket(SocketStream.java:100) ~[mongodb-driver-core-5.2.1.jar:na]
	at com.mongodb.internal.connection.SocketStream.open(SocketStream.java:79) ~[mongodb-driver-core-5.2.1.jar:na]
	at com.mongodb.internal.connection.InternalStreamConnection.open(InternalStreamConnection.java:233) ~[mongodb-driver-core-5.2.1.jar:na]
	at com.mongodb.internal.connection.DefaultServerMonitor$ServerMonitor.lookupServerDescription(DefaultServerMonitor.java:219) ~[mongodb-driver-core-5.2.1.jar:na]
	at com.mongodb.internal.connection.DefaultServerMonitor$ServerMonitor.run(DefaultServerMonitor.java:176) ~[mongodb-driver-core-5.2.1.jar:na]
Caused by: java.net.UnknownHostException: Hôte inconnu (ac-khxyvkv-shard-00-01.ltylxsp.mongodb.net)
	at java.base/java.net.Inet6AddressImpl.lookupAllHostAddr(Native Method) ~[na:na]
	at java.base/java.net.InetAddress$PlatformNameService.lookupAllHostAddr(InetAddress.java:933) ~[na:na]
	at java.base/java.net.InetAddress.getAddressesFromNameService(InetAddress.java:1543) ~[na:na]
	at java.base/java.net.InetAddress$NameServiceAddresses.get(InetAddress.java:852) ~[na:na]
	at java.base/java.net.InetAddress.getAllByName0(InetAddress.java:1532) ~[na:na]
	at java.base/java.net.InetAddress.getAllByName(InetAddress.java:1384) ~[na:na]
	at java.base/java.net.InetAddress.getAllByName(InetAddress.java:1305) ~[na:na]
	at com.mongodb.internal.connection.DefaultInetAddressResolver.lookupByName(DefaultInetAddressResolver.java:34) ~[mongodb-driver-core-5.2.1.jar:na]
	at com.mongodb.internal.connection.ServerAddressHelper.getSocketAddresses(ServerAddressHelper.java:71) ~[mongodb-driver-core-5.2.1.jar:na]
	... 5 common frames omitted

2026-05-19T14:37:28.898+01:00  INFO 25220 --- [ReclamationService] [ngodb.net:27017] org.mongodb.driver.cluster               : Exception in monitor thread while connecting to server ac-khxyvkv-shard-00-00.ltylxsp.mongodb.net:27017

com.mongodb.MongoSocketReadTimeoutException: Timeout while receiving message
	at com.mongodb.internal.connection.InternalStreamConnection.createReadTimeoutException(InternalStreamConnection.java:824) ~[mongodb-driver-core-5.2.1.jar:na]
	at com.mongodb.internal.connection.InternalStreamConnection.translateReadException(InternalStreamConnection.java:812) ~[mongodb-driver-core-5.2.1.jar:na]
	at com.mongodb.internal.connection.InternalStreamConnection.receiveResponseBuffers(InternalStreamConnection.java:862) ~[mongodb-driver-core-5.2.1.jar:na]
	at com.mongodb.internal.connection.InternalStreamConnection.receiveCommandMessageResponse(InternalStreamConnection.java:517) ~[mongodb-driver-core-5.2.1.jar:na]
	at com.mongodb.internal.connection.InternalStreamConnection.receive(InternalStreamConnection.java:469) ~[mongodb-driver-core-5.2.1.jar:na]
	at com.mongodb.internal.connection.DefaultServerMonitor$ServerMonitor.lookupServerDescription(DefaultServerMonitor.java:249) ~[mongodb-driver-core-5.2.1.jar:na]
	at com.mongodb.internal.connection.DefaultServerMonitor$ServerMonitor.run(DefaultServerMonitor.java:176) ~[mongodb-driver-core-5.2.1.jar:na]
Caused by: java.net.SocketTimeoutException: Read timed out
	at java.base/sun.nio.ch.NioSocketImpl.timedRead(NioSocketImpl.java:288) ~[na:na]
	at java.base/sun.nio.ch.NioSocketImpl.implRead(NioSocketImpl.java:314) ~[na:na]
	at java.base/sun.nio.ch.NioSocketImpl.read(NioSocketImpl.java:355) ~[na:na]
	at java.base/sun.nio.ch.NioSocketImpl$1.read(NioSocketImpl.java:808) ~[na:na]
	at java.base/java.net.Socket$SocketInputStream.read(Socket.java:966) ~[na:na]
	at java.base/sun.security.ssl.SSLSocketInputRecord.read(SSLSocketInputRecord.java:484) ~[na:na]
	at java.base/sun.security.ssl.SSLSocketInputRecord.readHeader(SSLSocketInputRecord.java:478) ~[na:na]
	at java.base/sun.security.ssl.SSLSocketInputRecord.bytesInCompletePacket(SSLSocketInputRecord.java:70) ~[na:na]
	at java.base/sun.security.ssl.SSLSocketImpl.readApplicationRecord(SSLSocketImpl.java:1461) ~[na:na]
	at java.base/sun.security.ssl.SSLSocketImpl$AppInputStream.read(SSLSocketImpl.java:1065) ~[na:na]
	at com.mongodb.internal.connection.SocketStream.read(SocketStream.java:182) ~[mongodb-driver-core-5.2.1.jar:na]
	at com.mongodb.internal.connection.InternalStreamConnection.receiveResponseBuffers(InternalStreamConnection.java:829) ~[mongodb-driver-core-5.2.1.jar:na]
	... 4 common frames omitted

2026-05-19T14:37:28.901+01:00  INFO 25220 --- [ReclamationService] [ngodb.net:27017] org.mongodb.driver.cluster               : Exception in monitor thread while connecting to server ac-khxyvkv-shard-00-00.ltylxsp.mongodb.net:27017

com.mongodb.MongoSocketException: Hôte inconnu (ac-khxyvkv-shard-00-00.ltylxsp.mongodb.net)
	at com.mongodb.internal.connection.ServerAddressHelper.getSocketAddresses(ServerAddressHelper.java:75) ~[mongodb-driver-core-5.2.1.jar:na]
	at com.mongodb.internal.connection.SocketStream.initializeSocket(SocketStream.java:100) ~[mongodb-driver-core-5.2.1.jar:na]
	at com.mongodb.internal.connection.SocketStream.open(SocketStream.java:79) ~[mongodb-driver-core-5.2.1.jar:na]
	at com.mongodb.internal.connection.InternalStreamConnection.open(InternalStreamConnection.java:233) ~[mongodb-driver-core-5.2.1.jar:na]
	at com.mongodb.internal.connection.DefaultServerMonitor$ServerMonitor.lookupServerDescription(DefaultServerMonitor.java:219) ~[mongodb-driver-core-5.2.1.jar:na]
	at com.mongodb.internal.connection.DefaultServerMonitor$ServerMonitor.run(DefaultServerMonitor.java:176) ~[mongodb-driver-core-5.2.1.jar:na]
Caused by: java.net.UnknownHostException: Hôte inconnu (ac-khxyvkv-shard-00-00.ltylxsp.mongodb.net)
	at java.base/java.net.Inet6AddressImpl.lookupAllHostAddr(Native Method) ~[na:na]
	at java.base/java.net.InetAddress$PlatformNameService.lookupAllHostAddr(InetAddress.java:933) ~[na:na]
	at java.base/java.net.InetAddress.getAddressesFromNameService(InetAddress.java:1543) ~[na:na]
	at java.base/java.net.InetAddress$NameServiceAddresses.get(InetAddress.java:852) ~[na:na]
	at java.base/java.net.InetAddress.getAllByName0(InetAddress.java:1532) ~[na:na]
	at java.base/java.net.InetAddress.getAllByName(InetAddress.java:1384) ~[na:na]
	at java.base/java.net.InetAddress.getAllByName(InetAddress.java:1305) ~[na:na]
	at com.mongodb.internal.connection.DefaultInetAddressResolver.lookupByName(DefaultInetAddressResolver.java:34) ~[mongodb-driver-core-5.2.1.jar:na]
	at com.mongodb.internal.connection.ServerAddressHelper.getSocketAddresses(ServerAddressHelper.java:71) ~[mongodb-driver-core-5.2.1.jar:na]
	... 5 common frames omitted

2026-05-19T14:37:29.008+01:00  INFO 25220 --- [ReclamationService] [ngodb.net:27017] org.mongodb.driver.cluster               : Exception in monitor thread while connecting to server ac-khxyvkv-shard-00-02.ltylxsp.mongodb.net:27017

com.mongodb.MongoSocketReadTimeoutException: Timeout while receiving message
	at com.mongodb.internal.connection.InternalStreamConnection.createReadTimeoutException(InternalStreamConnection.java:824) ~[mongodb-driver-core-5.2.1.jar:na]
	at com.mongodb.internal.connection.InternalStreamConnection.translateReadException(InternalStreamConnection.java:812) ~[mongodb-driver-core-5.2.1.jar:na]
	at com.mongodb.internal.connection.InternalStreamConnection.receiveResponseBuffers(InternalStreamConnection.java:862) ~[mongodb-driver-core-5.2.1.jar:na]
	at com.mongodb.internal.connection.InternalStreamConnection.receiveCommandMessageResponse(InternalStreamConnection.java:517) ~[mongodb-driver-core-5.2.1.jar:na]
	at com.mongodb.internal.connection.InternalStreamConnection.receive(InternalStreamConnection.java:469) ~[mongodb-driver-core-5.2.1.jar:na]
	at com.mongodb.internal.connection.DefaultServerMonitor$ServerMonitor.lookupServerDescription(DefaultServerMonitor.java:249) ~[mongodb-driver-core-5.2.1.jar:na]
	at com.mongodb.internal.connection.DefaultServerMonitor$ServerMonitor.run(DefaultServerMonitor.java:176) ~[mongodb-driver-core-5.2.1.jar:na]
Caused by: java.net.SocketTimeoutException: Read timed out
	at java.base/sun.nio.ch.NioSocketImpl.timedRead(NioSocketImpl.java:288) ~[na:na]
	at java.base/sun.nio.ch.NioSocketImpl.implRead(NioSocketImpl.java:314) ~[na:na]
	at java.base/sun.nio.ch.NioSocketImpl.read(NioSocketImpl.java:355) ~[na:na]
	at java.base/sun.nio.ch.NioSocketImpl$1.read(NioSocketImpl.java:808) ~[na:na]
	at java.base/java.net.Socket$SocketInputStream.read(Socket.java:966) ~[na:na]
	at java.base/sun.security.ssl.SSLSocketInputRecord.read(SSLSocketInputRecord.java:484) ~[na:na]
	at java.base/sun.security.ssl.SSLSocketInputRecord.readHeader(SSLSocketInputRecord.java:478) ~[na:na]
	at java.base/sun.security.ssl.SSLSocketInputRecord.bytesInCompletePacket(SSLSocketInputRecord.java:70) ~[na:na]
	at java.base/sun.security.ssl.SSLSocketImpl.readApplicationRecord(SSLSocketImpl.java:1461) ~[na:na]
	at java.base/sun.security.ssl.SSLSocketImpl$AppInputStream.read(SSLSocketImpl.java:1065) ~[na:na]
	at com.mongodb.internal.connection.SocketStream.read(SocketStream.java:182) ~[mongodb-driver-core-5.2.1.jar:na]
	at com.mongodb.internal.connection.InternalStreamConnection.receiveResponseBuffers(InternalStreamConnection.java:829) ~[mongodb-driver-core-5.2.1.jar:na]
	... 4 common frames omitted

2026-05-19T14:37:29.011+01:00  INFO 25220 --- [ReclamationService] [ngodb.net:27017] org.mongodb.driver.cluster               : Exception in monitor thread while connecting to server ac-khxyvkv-shard-00-02.ltylxsp.mongodb.net:27017

com.mongodb.MongoSocketException: Hôte inconnu (ac-khxyvkv-shard-00-02.ltylxsp.mongodb.net)
	at com.mongodb.internal.connection.ServerAddressHelper.getSocketAddresses(ServerAddressHelper.java:75) ~[mongodb-driver-core-5.2.1.jar:na]
	at com.mongodb.internal.connection.SocketStream.initializeSocket(SocketStream.java:100) ~[mongodb-driver-core-5.2.1.jar:na]
	at com.mongodb.internal.connection.SocketStream.open(SocketStream.java:79) ~[mongodb-driver-core-5.2.1.jar:na]
	at com.mongodb.internal.connection.InternalStreamConnection.open(InternalStreamConnection.java:233) ~[mongodb-driver-core-5.2.1.jar:na]
	at com.mongodb.internal.connection.DefaultServerMonitor$ServerMonitor.lookupServerDescription(DefaultServerMonitor.java:219) ~[mongodb-driver-core-5.2.1.jar:na]
	at com.mongodb.internal.connection.DefaultServerMonitor$ServerMonitor.run(DefaultServerMonitor.java:176) ~[mongodb-driver-core-5.2.1.jar:na]
Caused by: java.net.UnknownHostException: Hôte inconnu (ac-khxyvkv-shard-00-02.ltylxsp.mongodb.net)
	at java.base/java.net.Inet6AddressImpl.lookupAllHostAddr(Native Method) ~[na:na]
	at java.base/java.net.InetAddress$PlatformNameService.lookupAllHostAddr(InetAddress.java:933) ~[na:na]
	at java.base/java.net.InetAddress.getAddressesFromNameService(InetAddress.java:1543) ~[na:na]
	at java.base/java.net.InetAddress$NameServiceAddresses.get(InetAddress.java:852) ~[na:na]
	at java.base/java.net.InetAddress.getAllByName0(InetAddress.java:1532) ~[na:na]
	at java.base/java.net.InetAddress.getAllByName(InetAddress.java:1384) ~[na:na]
	at java.base/java.net.InetAddress.getAllByName(InetAddress.java:1305) ~[na:na]
	at com.mongodb.internal.connection.DefaultInetAddressResolver.lookupByName(DefaultInetAddressResolver.java:34) ~[mongodb-driver-core-5.2.1.jar:na]
	at com.mongodb.internal.connection.ServerAddressHelper.getSocketAddresses(ServerAddressHelper.java:71) ~[mongodb-driver-core-5.2.1.jar:na]
	... 5 common frames omitted

2026-05-19T14:38:19.002+01:00  INFO 25220 --- [ReclamationService] [ngodb.net:27017] org.mongodb.driver.cluster               : Monitor thread successfully connected to server with description ServerDescription{address=ac-khxyvkv-shard-00-01.ltylxsp.mongodb.net:27017, type=REPLICA_SET_SECONDARY, cryptd=false, state=CONNECTED, ok=true, minWireVersion=0, maxWireVersion=25, maxDocumentSize=16777216, logicalSessionTimeoutMinutes=30, roundTripTimeNanos=184932200, minRoundTripTimeNanos=0, setName='atlas-6x6yvm-shard-0', canonicalAddress=ac-khxyvkv-shard-00-01.ltylxsp.mongodb.net:27017, hosts=[ac-khxyvkv-shard-00-00.ltylxsp.mongodb.net:27017, ac-khxyvkv-shard-00-01.ltylxsp.mongodb.net:27017, ac-khxyvkv-shard-00-02.ltylxsp.mongodb.net:27017], passives=[], arbiters=[], primary='ac-khxyvkv-shard-00-02.ltylxsp.mongodb.net:27017', tagSet=TagSet{[Tag{name='availabilityZone', value='euw3-az2'}, Tag{name='cacheState', value='READY'}, Tag{name='diskState', value='READY'}, Tag{name='nodeType', value='ELECTABLE'}, Tag{name='provider', value='AWS'}, Tag{name='region', value='EU_WEST_3'}, Tag{name='workloadType', value='OPERATIONAL'}]}, electionId=null, setVersion=36, topologyVersion=TopologyVersion{processId=6a0b7610b7f22932df19d864, counter=3}, lastWriteDate=Tue May 19 14:38:18 WAT 2026, lastUpdateTimeNanos=275622693935200}
2026-05-19T14:38:19.250+01:00  INFO 25220 --- [ReclamationService] [ngodb.net:27017] org.mongodb.driver.cluster               : Monitor thread successfully connected to server with description ServerDescription{address=ac-khxyvkv-shard-00-00.ltylxsp.mongodb.net:27017, type=REPLICA_SET_SECONDARY, cryptd=false, state=CONNECTED, ok=true, minWireVersion=0, maxWireVersion=25, maxDocumentSize=16777216, logicalSessionTimeoutMinutes=30, roundTripTimeNanos=205730000, minRoundTripTimeNanos=0, setName='atlas-6x6yvm-shard-0', canonicalAddress=ac-khxyvkv-shard-00-00.ltylxsp.mongodb.net:27017, hosts=[ac-khxyvkv-shard-00-00.ltylxsp.mongodb.net:27017, ac-khxyvkv-shard-00-01.ltylxsp.mongodb.net:27017, ac-khxyvkv-shard-00-02.ltylxsp.mongodb.net:27017], passives=[], arbiters=[], primary='ac-khxyvkv-shard-00-02.ltylxsp.mongodb.net:27017', tagSet=TagSet{[Tag{name='availabilityZone', value='euw3-az1'}, Tag{name='cacheState', value='READY'}, Tag{name='diskState', value='READY'}, Tag{name='nodeType', value='ELECTABLE'}, Tag{name='provider', value='AWS'}, Tag{name='region', value='EU_WEST_3'}, Tag{name='workloadType', value='OPERATIONAL'}]}, electionId=null, setVersion=36, topologyVersion=TopologyVersion{processId=6a0b71594350e6bbf1a71fd2, counter=4}, lastWriteDate=Tue May 19 14:38:18 WAT 2026, lastUpdateTimeNanos=275622945641300}
2026-05-19T14:38:19.324+01:00  INFO 25220 --- [ReclamationService] [ngodb.net:27017] org.mongodb.driver.cluster               : Monitor thread successfully connected to server with description ServerDescription{address=ac-khxyvkv-shard-00-02.ltylxsp.mongodb.net:27017, type=REPLICA_SET_PRIMARY, cryptd=false, state=CONNECTED, ok=true, minWireVersion=0, maxWireVersion=25, maxDocumentSize=16777216, logicalSessionTimeoutMinutes=30, roundTripTimeNanos=176690100, minRoundTripTimeNanos=0, setName='atlas-6x6yvm-shard-0', canonicalAddress=ac-khxyvkv-shard-00-02.ltylxsp.mongodb.net:27017, hosts=[ac-khxyvkv-shard-00-00.ltylxsp.mongodb.net:27017, ac-khxyvkv-shard-00-01.ltylxsp.mongodb.net:27017, ac-khxyvkv-shard-00-02.ltylxsp.mongodb.net:27017], passives=[], arbiters=[], primary='ac-khxyvkv-shard-00-02.ltylxsp.mongodb.net:27017', tagSet=TagSet{[Tag{name='availabilityZone', value='euw3-az3'}, Tag{name='cacheState', value='READY'}, Tag{name='diskState', value='READY'}, Tag{name='nodeType', value='ELECTABLE'}, Tag{name='provider', value='AWS'}, Tag{name='region', value='EU_WEST_3'}, Tag{name='workloadType', value='OPERATIONAL'}]}, electionId=7fffffff000000000000006a, setVersion=36, topologyVersion=TopologyVersion{processId=6a0b739aa9fe492cf1ce6df6, counter=6}, lastWriteDate=Tue May 19 14:38:18 WAT 2026, lastUpdateTimeNanos=275623019455000}
2026-05-19T14:38:19.327+01:00  INFO 25220 --- [ReclamationService] [ngodb.net:27017] org.mongodb.driver.cluster               : Discovered replica set primary ac-khxyvkv-shard-00-02.ltylxsp.mongodb.net:27017 with max election id 7fffffff000000000000006a and max set version 36
2026-05-19T16:01:52.499+01:00  INFO 25220 --- [ReclamationService] [ngodb.net:27017] org.mongodb.driver.cluster               : Exception in monitor thread while connecting to server ac-khxyvkv-shard-00-01.ltylxsp.mongodb.net:27017

com.mongodb.MongoSocketReadException: Exception receiving message
	at com.mongodb.internal.connection.InternalStreamConnection.translateReadException(InternalStreamConnection.java:814) ~[mongodb-driver-core-5.2.1.jar:na]
	at com.mongodb.internal.connection.InternalStreamConnection.receiveResponseBuffers(InternalStreamConnection.java:862) ~[mongodb-driver-core-5.2.1.jar:na]
	at com.mongodb.internal.connection.InternalStreamConnection.receiveCommandMessageResponse(InternalStreamConnection.java:517) ~[mongodb-driver-core-5.2.1.jar:na]
	at com.mongodb.internal.connection.InternalStreamConnection.receive(InternalStreamConnection.java:469) ~[mongodb-driver-core-5.2.1.jar:na]
	at com.mongodb.internal.connection.DefaultServerMonitor$ServerMonitor.lookupServerDescription(DefaultServerMonitor.java:249) ~[mongodb-driver-core-5.2.1.jar:na]
	at com.mongodb.internal.connection.DefaultServerMonitor$ServerMonitor.run(DefaultServerMonitor.java:176) ~[mongodb-driver-core-5.2.1.jar:na]
Caused by: java.net.SocketException: Connection reset
	at java.base/sun.nio.ch.NioSocketImpl.implRead(NioSocketImpl.java:328) ~[na:na]
	at java.base/sun.nio.ch.NioSocketImpl.read(NioSocketImpl.java:355) ~[na:na]
	at java.base/sun.nio.ch.NioSocketImpl$1.read(NioSocketImpl.java:808) ~[na:na]
	at java.base/java.net.Socket$SocketInputStream.read(Socket.java:966) ~[na:na]
	at java.base/sun.security.ssl.SSLSocketInputRecord.read(SSLSocketInputRecord.java:484) ~[na:na]
	at java.base/sun.security.ssl.SSLSocketInputRecord.readHeader(SSLSocketInputRecord.java:478) ~[na:na]
	at java.base/sun.security.ssl.SSLSocketInputRecord.bytesInCompletePacket(SSLSocketInputRecord.java:70) ~[na:na]
	at java.base/sun.security.ssl.SSLSocketImpl.readApplicationRecord(SSLSocketImpl.java:1461) ~[na:na]
	at java.base/sun.security.ssl.SSLSocketImpl$AppInputStream.read(SSLSocketImpl.java:1065) ~[na:na]
	at com.mongodb.internal.connection.SocketStream.read(SocketStream.java:182) ~[mongodb-driver-core-5.2.1.jar:na]
	at com.mongodb.internal.connection.InternalStreamConnection.receiveResponseBuffers(InternalStreamConnection.java:829) ~[mongodb-driver-core-5.2.1.jar:na]
	... 4 common frames omitted

2026-05-19T16:01:52.499+01:00  INFO 25220 --- [ReclamationService] [ngodb.net:27017] org.mongodb.driver.cluster               : Exception in monitor thread while connecting to server ac-khxyvkv-shard-00-02.ltylxsp.mongodb.net:27017

com.mongodb.MongoSocketReadException: Exception receiving message
	at com.mongodb.internal.connection.InternalStreamConnection.translateReadException(InternalStreamConnection.java:814) ~[mongodb-driver-core-5.2.1.jar:na]
	at com.mongodb.internal.connection.InternalStreamConnection.receiveResponseBuffers(InternalStreamConnection.java:862) ~[mongodb-driver-core-5.2.1.jar:na]
	at com.mongodb.internal.connection.InternalStreamConnection.receiveCommandMessageResponse(InternalStreamConnection.java:517) ~[mongodb-driver-core-5.2.1.jar:na]
	at com.mongodb.internal.connection.InternalStreamConnection.receive(InternalStreamConnection.java:469) ~[mongodb-driver-core-5.2.1.jar:na]
	at com.mongodb.internal.connection.DefaultServerMonitor$ServerMonitor.lookupServerDescription(DefaultServerMonitor.java:249) ~[mongodb-driver-core-5.2.1.jar:na]
	at com.mongodb.internal.connection.DefaultServerMonitor$ServerMonitor.run(DefaultServerMonitor.java:176) ~[mongodb-driver-core-5.2.1.jar:na]
Caused by: java.net.SocketException: Connection reset
	at java.base/sun.nio.ch.NioSocketImpl.implRead(NioSocketImpl.java:328) ~[na:na]
	at java.base/sun.nio.ch.NioSocketImpl.read(NioSocketImpl.java:355) ~[na:na]
	at java.base/sun.nio.ch.NioSocketImpl$1.read(NioSocketImpl.java:808) ~[na:na]
	at java.base/java.net.Socket$SocketInputStream.read(Socket.java:966) ~[na:na]
	at java.base/sun.security.ssl.SSLSocketInputRecord.read(SSLSocketInputRecord.java:484) ~[na:na]
	at java.base/sun.security.ssl.SSLSocketInputRecord.readHeader(SSLSocketInputRecord.java:478) ~[na:na]
	at java.base/sun.security.ssl.SSLSocketInputRecord.bytesInCompletePacket(SSLSocketInputRecord.java:70) ~[na:na]
	at java.base/sun.security.ssl.SSLSocketImpl.readApplicationRecord(SSLSocketImpl.java:1461) ~[na:na]
	at java.base/sun.security.ssl.SSLSocketImpl$AppInputStream.read(SSLSocketImpl.java:1065) ~[na:na]
	at com.mongodb.internal.connection.SocketStream.read(SocketStream.java:182) ~[mongodb-driver-core-5.2.1.jar:na]
	at com.mongodb.internal.connection.InternalStreamConnection.receiveResponseBuffers(InternalStreamConnection.java:829) ~[mongodb-driver-core-5.2.1.jar:na]
	... 4 common frames omitted

2026-05-19T16:01:52.508+01:00  INFO 25220 --- [ReclamationService] [ngodb.net:27017] org.mongodb.driver.cluster               : Exception in monitor thread while connecting to server ac-khxyvkv-shard-00-00.ltylxsp.mongodb.net:27017

com.mongodb.MongoSocketReadException: Exception receiving message
	at com.mongodb.internal.connection.InternalStreamConnection.translateReadException(InternalStreamConnection.java:814) ~[mongodb-driver-core-5.2.1.jar:na]
	at com.mongodb.internal.connection.InternalStreamConnection.receiveResponseBuffers(InternalStreamConnection.java:862) ~[mongodb-driver-core-5.2.1.jar:na]
	at com.mongodb.internal.connection.InternalStreamConnection.receiveCommandMessageResponse(InternalStreamConnection.java:517) ~[mongodb-driver-core-5.2.1.jar:na]
	at com.mongodb.internal.connection.InternalStreamConnection.receive(InternalStreamConnection.java:469) ~[mongodb-driver-core-5.2.1.jar:na]
	at com.mongodb.internal.connection.DefaultServerMonitor$ServerMonitor.lookupServerDescription(DefaultServerMonitor.java:249) ~[mongodb-driver-core-5.2.1.jar:na]
	at com.mongodb.internal.connection.DefaultServerMonitor$ServerMonitor.run(DefaultServerMonitor.java:176) ~[mongodb-driver-core-5.2.1.jar:na]
Caused by: java.net.SocketException: Connection reset
	at java.base/sun.nio.ch.NioSocketImpl.implRead(NioSocketImpl.java:328) ~[na:na]
	at java.base/sun.nio.ch.NioSocketImpl.read(NioSocketImpl.java:355) ~[na:na]
	at java.base/sun.nio.ch.NioSocketImpl$1.read(NioSocketImpl.java:808) ~[na:na]
	at java.base/java.net.Socket$SocketInputStream.read(Socket.java:966) ~[na:na]
	at java.base/sun.security.ssl.SSLSocketInputRecord.read(SSLSocketInputRecord.java:484) ~[na:na]
	at java.base/sun.security.ssl.SSLSocketInputRecord.readHeader(SSLSocketInputRecord.java:478) ~[na:na]
	at java.base/sun.security.ssl.SSLSocketInputRecord.bytesInCompletePacket(SSLSocketInputRecord.java:70) ~[na:na]
	at java.base/sun.security.ssl.SSLSocketImpl.readApplicationRecord(SSLSocketImpl.java:1461) ~[na:na]
	at java.base/sun.security.ssl.SSLSocketImpl$AppInputStream.read(SSLSocketImpl.java:1065) ~[na:na]
	at com.mongodb.internal.connection.SocketStream.read(SocketStream.java:182) ~[mongodb-driver-core-5.2.1.jar:na]
	at com.mongodb.internal.connection.InternalStreamConnection.receiveResponseBuffers(InternalStreamConnection.java:829) ~[mongodb-driver-core-5.2.1.jar:na]
	... 4 common frames omitted

2026-05-19T16:01:52.757+01:00  INFO 25220 --- [ReclamationService] [ngodb.net:27017] org.mongodb.driver.cluster               : Exception in monitor thread while connecting to server ac-khxyvkv-shard-00-01.ltylxsp.mongodb.net:27017

com.mongodb.MongoSocketException: Hôte inconnu (ac-khxyvkv-shard-00-01.ltylxsp.mongodb.net)
	at com.mongodb.internal.connection.ServerAddressHelper.getSocketAddresses(ServerAddressHelper.java:75) ~[mongodb-driver-core-5.2.1.jar:na]
	at com.mongodb.internal.connection.SocketStream.initializeSocket(SocketStream.java:100) ~[mongodb-driver-core-5.2.1.jar:na]
	at com.mongodb.internal.connection.SocketStream.open(SocketStream.java:79) ~[mongodb-driver-core-5.2.1.jar:na]
	at com.mongodb.internal.connection.InternalStreamConnection.open(InternalStreamConnection.java:233) ~[mongodb-driver-core-5.2.1.jar:na]
	at com.mongodb.internal.connection.DefaultServerMonitor$ServerMonitor.lookupServerDescription(DefaultServerMonitor.java:219) ~[mongodb-driver-core-5.2.1.jar:na]
	at com.mongodb.internal.connection.DefaultServerMonitor$ServerMonitor.run(DefaultServerMonitor.java:176) ~[mongodb-driver-core-5.2.1.jar:na]
Caused by: java.net.UnknownHostException: Hôte inconnu (ac-khxyvkv-shard-00-01.ltylxsp.mongodb.net)
	at java.base/java.net.Inet6AddressImpl.lookupAllHostAddr(Native Method) ~[na:na]
	at java.base/java.net.InetAddress$PlatformNameService.lookupAllHostAddr(InetAddress.java:933) ~[na:na]
	at java.base/java.net.InetAddress.getAddressesFromNameService(InetAddress.java:1543) ~[na:na]
	at java.base/java.net.InetAddress$NameServiceAddresses.get(InetAddress.java:852) ~[na:na]
	at java.base/java.net.InetAddress.getAllByName0(InetAddress.java:1532) ~[na:na]
	at java.base/java.net.InetAddress.getAllByName(InetAddress.java:1384) ~[na:na]
	at java.base/java.net.InetAddress.getAllByName(InetAddress.java:1305) ~[na:na]
	at com.mongodb.internal.connection.DefaultInetAddressResolver.lookupByName(DefaultInetAddressResolver.java:34) ~[mongodb-driver-core-5.2.1.jar:na]
	at com.mongodb.internal.connection.ServerAddressHelper.getSocketAddresses(ServerAddressHelper.java:71) ~[mongodb-driver-core-5.2.1.jar:na]
	... 5 common frames omitted

2026-05-19T16:01:52.794+01:00  INFO 25220 --- [ReclamationService] [ngodb.net:27017] org.mongodb.driver.cluster               : Exception in monitor thread while connecting to server ac-khxyvkv-shard-00-00.ltylxsp.mongodb.net:27017

com.mongodb.MongoSocketException: Hôte inconnu (ac-khxyvkv-shard-00-00.ltylxsp.mongodb.net)
	at com.mongodb.internal.connection.ServerAddressHelper.getSocketAddresses(ServerAddressHelper.java:75) ~[mongodb-driver-core-5.2.1.jar:na]
	at com.mongodb.internal.connection.SocketStream.initializeSocket(SocketStream.java:100) ~[mongodb-driver-core-5.2.1.jar:na]
	at com.mongodb.internal.connection.SocketStream.open(SocketStream.java:79) ~[mongodb-driver-core-5.2.1.jar:na]
	at com.mongodb.internal.connection.InternalStreamConnection.open(InternalStreamConnection.java:233) ~[mongodb-driver-core-5.2.1.jar:na]
	at com.mongodb.internal.connection.DefaultServerMonitor$ServerMonitor.lookupServerDescription(DefaultServerMonitor.java:219) ~[mongodb-driver-core-5.2.1.jar:na]
	at com.mongodb.internal.connection.DefaultServerMonitor$ServerMonitor.run(DefaultServerMonitor.java:176) ~[mongodb-driver-core-5.2.1.jar:na]
Caused by: java.net.UnknownHostException: Hôte inconnu (ac-khxyvkv-shard-00-00.ltylxsp.mongodb.net)
	at java.base/java.net.Inet6AddressImpl.lookupAllHostAddr(Native Method) ~[na:na]
	at java.base/java.net.InetAddress$PlatformNameService.lookupAllHostAddr(InetAddress.java:933) ~[na:na]
	at java.base/java.net.InetAddress.getAddressesFromNameService(InetAddress.java:1543) ~[na:na]
	at java.base/java.net.InetAddress$NameServiceAddresses.get(InetAddress.java:852) ~[na:na]
	at java.base/java.net.InetAddress.getAllByName0(InetAddress.java:1532) ~[na:na]
	at java.base/java.net.InetAddress.getAllByName(InetAddress.java:1384) ~[na:na]
	at java.base/java.net.InetAddress.getAllByName(InetAddress.java:1305) ~[na:na]
	at com.mongodb.internal.connection.DefaultInetAddressResolver.lookupByName(DefaultInetAddressResolver.java:34) ~[mongodb-driver-core-5.2.1.jar:na]
	at com.mongodb.internal.connection.ServerAddressHelper.getSocketAddresses(ServerAddressHelper.java:71) ~[mongodb-driver-core-5.2.1.jar:na]
	... 5 common frames omitted

2026-05-19T16:01:52.811+01:00  INFO 25220 --- [ReclamationService] [ngodb.net:27017] org.mongodb.driver.cluster               : Exception in monitor thread while connecting to server ac-khxyvkv-shard-00-02.ltylxsp.mongodb.net:27017

com.mongodb.MongoSocketException: Hôte inconnu (ac-khxyvkv-shard-00-02.ltylxsp.mongodb.net)
	at com.mongodb.internal.connection.ServerAddressHelper.getSocketAddresses(ServerAddressHelper.java:75) ~[mongodb-driver-core-5.2.1.jar:na]
	at com.mongodb.internal.connection.SocketStream.initializeSocket(SocketStream.java:100) ~[mongodb-driver-core-5.2.1.jar:na]
	at com.mongodb.internal.connection.SocketStream.open(SocketStream.java:79) ~[mongodb-driver-core-5.2.1.jar:na]
	at com.mongodb.internal.connection.InternalStreamConnection.open(InternalStreamConnection.java:233) ~[mongodb-driver-core-5.2.1.jar:na]
	at com.mongodb.internal.connection.DefaultServerMonitor$ServerMonitor.lookupServerDescription(DefaultServerMonitor.java:219) ~[mongodb-driver-core-5.2.1.jar:na]
	at com.mongodb.internal.connection.DefaultServerMonitor$ServerMonitor.run(DefaultServerMonitor.java:176) ~[mongodb-driver-core-5.2.1.jar:na]
Caused by: java.net.UnknownHostException: Hôte inconnu (ac-khxyvkv-shard-00-02.ltylxsp.mongodb.net)
	at java.base/java.net.Inet6AddressImpl.lookupAllHostAddr(Native Method) ~[na:na]
	at java.base/java.net.InetAddress$PlatformNameService.lookupAllHostAddr(InetAddress.java:933) ~[na:na]
	at java.base/java.net.InetAddress.getAddressesFromNameService(InetAddress.java:1543) ~[na:na]
	at java.base/java.net.InetAddress$NameServiceAddresses.get(InetAddress.java:852) ~[na:na]
	at java.base/java.net.InetAddress.getAllByName0(InetAddress.java:1532) ~[na:na]
	at java.base/java.net.InetAddress.getAllByName(InetAddress.java:1384) ~[na:na]
	at java.base/java.net.InetAddress.getAllByName(InetAddress.java:1305) ~[na:na]
	at com.mongodb.internal.connection.DefaultInetAddressResolver.lookupByName(DefaultInetAddressResolver.java:34) ~[mongodb-driver-core-5.2.1.jar:na]
	at com.mongodb.internal.connection.ServerAddressHelper.getSocketAddresses(ServerAddressHelper.java:71) ~[mongodb-driver-core-5.2.1.jar:na]
	... 5 common frames omitted

2026-05-19T16:19:06.312+01:00  INFO 25220 --- [ReclamationService] [ngodb.net:27017] org.mongodb.driver.cluster               : Monitor thread successfully connected to server with description ServerDescription{address=ac-khxyvkv-shard-00-01.ltylxsp.mongodb.net:27017, type=REPLICA_SET_SECONDARY, cryptd=false, state=CONNECTED, ok=true, minWireVersion=0, maxWireVersion=25, maxDocumentSize=16777216, logicalSessionTimeoutMinutes=30, roundTripTimeNanos=213053000, minRoundTripTimeNanos=0, setName='atlas-6x6yvm-shard-0', canonicalAddress=ac-khxyvkv-shard-00-01.ltylxsp.mongodb.net:27017, hosts=[ac-khxyvkv-shard-00-00.ltylxsp.mongodb.net:27017, ac-khxyvkv-shard-00-01.ltylxsp.mongodb.net:27017, ac-khxyvkv-shard-00-02.ltylxsp.mongodb.net:27017], passives=[], arbiters=[], primary='ac-khxyvkv-shard-00-02.ltylxsp.mongodb.net:27017', tagSet=TagSet{[Tag{name='availabilityZone', value='euw3-az2'}, Tag{name='cacheState', value='READY'}, Tag{name='diskState', value='READY'}, Tag{name='nodeType', value='ELECTABLE'}, Tag{name='provider', value='AWS'}, Tag{name='region', value='EU_WEST_3'}, Tag{name='workloadType', value='OPERATIONAL'}]}, electionId=null, setVersion=36, topologyVersion=TopologyVersion{processId=6a0b7610b7f22932df19d864, counter=3}, lastWriteDate=Tue May 19 16:19:05 WAT 2026, lastUpdateTimeNanos=281670164038600}
2026-05-19T16:19:06.312+01:00  INFO 25220 --- [ReclamationService] [ngodb.net:27017] org.mongodb.driver.cluster               : Monitor thread successfully connected to server with description ServerDescription{address=ac-khxyvkv-shard-00-00.ltylxsp.mongodb.net:27017, type=REPLICA_SET_SECONDARY, cryptd=false, state=CONNECTED, ok=true, minWireVersion=0, maxWireVersion=25, maxDocumentSize=16777216, logicalSessionTimeoutMinutes=30, roundTripTimeNanos=208634800, minRoundTripTimeNanos=0, setName='atlas-6x6yvm-shard-0', canonicalAddress=ac-khxyvkv-shard-00-00.ltylxsp.mongodb.net:27017, hosts=[ac-khxyvkv-shard-00-00.ltylxsp.mongodb.net:27017, ac-khxyvkv-shard-00-01.ltylxsp.mongodb.net:27017, ac-khxyvkv-shard-00-02.ltylxsp.mongodb.net:27017], passives=[], arbiters=[], primary='ac-khxyvkv-shard-00-02.ltylxsp.mongodb.net:27017', tagSet=TagSet{[Tag{name='availabilityZone', value='euw3-az1'}, Tag{name='cacheState', value='READY'}, Tag{name='diskState', value='READY'}, Tag{name='nodeType', value='ELECTABLE'}, Tag{name='provider', value='AWS'}, Tag{name='region', value='EU_WEST_3'}, Tag{name='workloadType', value='OPERATIONAL'}]}, electionId=null, setVersion=36, topologyVersion=TopologyVersion{processId=6a0b71594350e6bbf1a71fd2, counter=4}, lastWriteDate=Tue May 19 16:19:05 WAT 2026, lastUpdateTimeNanos=281670159625300}
2026-05-19T16:19:06.312+01:00  INFO 25220 --- [ReclamationService] [ngodb.net:27017] org.mongodb.driver.cluster               : Monitor thread successfully connected to server with description ServerDescription{address=ac-khxyvkv-shard-00-02.ltylxsp.mongodb.net:27017, type=REPLICA_SET_PRIMARY, cryptd=false, state=CONNECTED, ok=true, minWireVersion=0, maxWireVersion=25, maxDocumentSize=16777216, logicalSessionTimeoutMinutes=30, roundTripTimeNanos=197303200, minRoundTripTimeNanos=0, setName='atlas-6x6yvm-shard-0', canonicalAddress=ac-khxyvkv-shard-00-02.ltylxsp.mongodb.net:27017, hosts=[ac-khxyvkv-shard-00-00.ltylxsp.mongodb.net:27017, ac-khxyvkv-shard-00-01.ltylxsp.mongodb.net:27017, ac-khxyvkv-shard-00-02.ltylxsp.mongodb.net:27017], passives=[], arbiters=[], primary='ac-khxyvkv-shard-00-02.ltylxsp.mongodb.net:27017', tagSet=TagSet{[Tag{name='availabilityZone', value='euw3-az3'}, Tag{name='cacheState', value='READY'}, Tag{name='diskState', value='READY'}, Tag{name='nodeType', value='ELECTABLE'}, Tag{name='provider', value='AWS'}, Tag{name='region', value='EU_WEST_3'}, Tag{name='workloadType', value='OPERATIONAL'}]}, electionId=7fffffff000000000000006a, setVersion=36, topologyVersion=TopologyVersion{processId=6a0b739aa9fe492cf1ce6df6, counter=6}, lastWriteDate=Tue May 19 16:19:05 WAT 2026, lastUpdateTimeNanos=281670169341500}
2026-05-19T16:19:06.323+01:00  INFO 25220 --- [ReclamationService] [ngodb.net:27017] org.mongodb.driver.cluster               : Discovered replica set primary ac-khxyvkv-shard-00-02.ltylxsp.mongodb.net:27017 with max election id 7fffffff000000000000006a and max set version 36
2026-05-23T16:04:32.211+01:00  INFO 25220 --- [ReclamationService] [ngodb.net:27017] org.mongodb.driver.cluster               : Exception in monitor thread while connecting to server ac-khxyvkv-shard-00-00.ltylxsp.mongodb.net:27017

com.mongodb.MongoSocketReadException: Exception receiving message
	at com.mongodb.internal.connection.InternalStreamConnection.translateReadException(InternalStreamConnection.java:814) ~[mongodb-driver-core-5.2.1.jar:na]
	at com.mongodb.internal.connection.InternalStreamConnection.receiveResponseBuffers(InternalStreamConnection.java:862) ~[mongodb-driver-core-5.2.1.jar:na]
	at com.mongodb.internal.connection.InternalStreamConnection.receiveCommandMessageResponse(InternalStreamConnection.java:517) ~[mongodb-driver-core-5.2.1.jar:na]
	at com.mongodb.internal.connection.InternalStreamConnection.receive(InternalStreamConnection.java:469) ~[mongodb-driver-core-5.2.1.jar:na]
	at com.mongodb.internal.connection.DefaultServerMonitor$ServerMonitor.lookupServerDescription(DefaultServerMonitor.java:249) ~[mongodb-driver-core-5.2.1.jar:na]
	at com.mongodb.internal.connection.DefaultServerMonitor$ServerMonitor.run(DefaultServerMonitor.java:176) ~[mongodb-driver-core-5.2.1.jar:na]
Caused by: java.net.SocketException: Connection reset
	at java.base/sun.nio.ch.NioSocketImpl.implRead(NioSocketImpl.java:328) ~[na:na]
	at java.base/sun.nio.ch.NioSocketImpl.read(NioSocketImpl.java:355) ~[na:na]
	at java.base/sun.nio.ch.NioSocketImpl$1.read(NioSocketImpl.java:808) ~[na:na]
	at java.base/java.net.Socket$SocketInputStream.read(Socket.java:966) ~[na:na]
	at java.base/sun.security.ssl.SSLSocketInputRecord.read(SSLSocketInputRecord.java:484) ~[na:na]
	at java.base/sun.security.ssl.SSLSocketInputRecord.readHeader(SSLSocketInputRecord.java:478) ~[na:na]
	at java.base/sun.security.ssl.SSLSocketInputRecord.bytesInCompletePacket(SSLSocketInputRecord.java:70) ~[na:na]
	at java.base/sun.security.ssl.SSLSocketImpl.readApplicationRecord(SSLSocketImpl.java:1461) ~[na:na]
	at java.base/sun.security.ssl.SSLSocketImpl$AppInputStream.read(SSLSocketImpl.java:1065) ~[na:na]
	at com.mongodb.internal.connection.SocketStream.read(SocketStream.java:182) ~[mongodb-driver-core-5.2.1.jar:na]
	at com.mongodb.internal.connection.InternalStreamConnection.receiveResponseBuffers(InternalStreamConnection.java:829) ~[mongodb-driver-core-5.2.1.jar:na]
	... 4 common frames omitted

2026-05-23T16:04:32.211+01:00  INFO 25220 --- [ReclamationService] [ngodb.net:27017] org.mongodb.driver.cluster               : Exception in monitor thread while connecting to server ac-khxyvkv-shard-00-01.ltylxsp.mongodb.net:27017

com.mongodb.MongoSocketReadException: Exception receiving message
	at com.mongodb.internal.connection.InternalStreamConnection.translateReadException(InternalStreamConnection.java:814) ~[mongodb-driver-core-5.2.1.jar:na]
	at com.mongodb.internal.connection.InternalStreamConnection.receiveResponseBuffers(InternalStreamConnection.java:862) ~[mongodb-driver-core-5.2.1.jar:na]
	at com.mongodb.internal.connection.InternalStreamConnection.receiveCommandMessageResponse(InternalStreamConnection.java:517) ~[mongodb-driver-core-5.2.1.jar:na]
	at com.mongodb.internal.connection.InternalStreamConnection.receive(InternalStreamConnection.java:469) ~[mongodb-driver-core-5.2.1.jar:na]
	at com.mongodb.internal.connection.DefaultServerMonitor$ServerMonitor.lookupServerDescription(DefaultServerMonitor.java:249) ~[mongodb-driver-core-5.2.1.jar:na]
	at com.mongodb.internal.connection.DefaultServerMonitor$ServerMonitor.run(DefaultServerMonitor.java:176) ~[mongodb-driver-core-5.2.1.jar:na]
Caused by: java.net.SocketException: Connection reset
	at java.base/sun.nio.ch.NioSocketImpl.implRead(NioSocketImpl.java:328) ~[na:na]
	at java.base/sun.nio.ch.NioSocketImpl.read(NioSocketImpl.java:355) ~[na:na]
	at java.base/sun.nio.ch.NioSocketImpl$1.read(NioSocketImpl.java:808) ~[na:na]
	at java.base/java.net.Socket$SocketInputStream.read(Socket.java:966) ~[na:na]
	at java.base/sun.security.ssl.SSLSocketInputRecord.read(SSLSocketInputRecord.java:484) ~[na:na]
	at java.base/sun.security.ssl.SSLSocketInputRecord.readHeader(SSLSocketInputRecord.java:478) ~[na:na]
	at java.base/sun.security.ssl.SSLSocketInputRecord.bytesInCompletePacket(SSLSocketInputRecord.java:70) ~[na:na]
	at java.base/sun.security.ssl.SSLSocketImpl.readApplicationRecord(SSLSocketImpl.java:1461) ~[na:na]
	at java.base/sun.security.ssl.SSLSocketImpl$AppInputStream.read(SSLSocketImpl.java:1065) ~[na:na]
	at com.mongodb.internal.connection.SocketStream.read(SocketStream.java:182) ~[mongodb-driver-core-5.2.1.jar:na]
	at com.mongodb.internal.connection.InternalStreamConnection.receiveResponseBuffers(InternalStreamConnection.java:829) ~[mongodb-driver-core-5.2.1.jar:na]
	... 4 common frames omitted

2026-05-23T16:04:32.211+01:00  INFO 25220 --- [ReclamationService] [ngodb.net:27017] org.mongodb.driver.cluster               : Exception in monitor thread while connecting to server ac-khxyvkv-shard-00-02.ltylxsp.mongodb.net:27017

com.mongodb.MongoSocketReadException: Exception receiving message
	at com.mongodb.internal.connection.InternalStreamConnection.translateReadException(InternalStreamConnection.java:814) ~[mongodb-driver-core-5.2.1.jar:na]
	at com.mongodb.internal.connection.InternalStreamConnection.receiveResponseBuffers(InternalStreamConnection.java:862) ~[mongodb-driver-core-5.2.1.jar:na]
	at com.mongodb.internal.connection.InternalStreamConnection.receiveCommandMessageResponse(InternalStreamConnection.java:517) ~[mongodb-driver-core-5.2.1.jar:na]
	at com.mongodb.internal.connection.InternalStreamConnection.receive(InternalStreamConnection.java:469) ~[mongodb-driver-core-5.2.1.jar:na]
	at com.mongodb.internal.connection.DefaultServerMonitor$ServerMonitor.lookupServerDescription(DefaultServerMonitor.java:249) ~[mongodb-driver-core-5.2.1.jar:na]
	at com.mongodb.internal.connection.DefaultServerMonitor$ServerMonitor.run(DefaultServerMonitor.java:176) ~[mongodb-driver-core-5.2.1.jar:na]
Caused by: java.net.SocketException: Connection reset
	at java.base/sun.nio.ch.NioSocketImpl.implRead(NioSocketImpl.java:328) ~[na:na]
	at java.base/sun.nio.ch.NioSocketImpl.read(NioSocketImpl.java:355) ~[na:na]
	at java.base/sun.nio.ch.NioSocketImpl$1.read(NioSocketImpl.java:808) ~[na:na]
	at java.base/java.net.Socket$SocketInputStream.read(Socket.java:966) ~[na:na]
	at java.base/sun.security.ssl.SSLSocketInputRecord.read(SSLSocketInputRecord.java:484) ~[na:na]
	at java.base/sun.security.ssl.SSLSocketInputRecord.readHeader(SSLSocketInputRecord.java:478) ~[na:na]
	at java.base/sun.security.ssl.SSLSocketInputRecord.bytesInCompletePacket(SSLSocketInputRecord.java:70) ~[na:na]
	at java.base/sun.security.ssl.SSLSocketImpl.readApplicationRecord(SSLSocketImpl.java:1461) ~[na:na]
	at java.base/sun.security.ssl.SSLSocketImpl$AppInputStream.read(SSLSocketImpl.java:1065) ~[na:na]
	at com.mongodb.internal.connection.SocketStream.read(SocketStream.java:182) ~[mongodb-driver-core-5.2.1.jar:na]
	at com.mongodb.internal.connection.InternalStreamConnection.receiveResponseBuffers(InternalStreamConnection.java:829) ~[mongodb-driver-core-5.2.1.jar:na]
	... 4 common frames omitted

2026-05-23T16:04:33.279+01:00  INFO 25220 --- [ReclamationService] [ngodb.net:27017] org.mongodb.driver.cluster               : Exception in monitor thread while connecting to server ac-khxyvkv-shard-00-02.ltylxsp.mongodb.net:27017

com.mongodb.MongoSocketException: Hôte inconnu (ac-khxyvkv-shard-00-02.ltylxsp.mongodb.net)
	at com.mongodb.internal.connection.ServerAddressHelper.getSocketAddresses(ServerAddressHelper.java:75) ~[mongodb-driver-core-5.2.1.jar:na]
	at com.mongodb.internal.connection.SocketStream.initializeSocket(SocketStream.java:100) ~[mongodb-driver-core-5.2.1.jar:na]
	at com.mongodb.internal.connection.SocketStream.open(SocketStream.java:79) ~[mongodb-driver-core-5.2.1.jar:na]
	at com.mongodb.internal.connection.InternalStreamConnection.open(InternalStreamConnection.java:233) ~[mongodb-driver-core-5.2.1.jar:na]
	at com.mongodb.internal.connection.DefaultServerMonitor$ServerMonitor.lookupServerDescription(DefaultServerMonitor.java:219) ~[mongodb-driver-core-5.2.1.jar:na]
	at com.mongodb.internal.connection.DefaultServerMonitor$ServerMonitor.run(DefaultServerMonitor.java:176) ~[mongodb-driver-core-5.2.1.jar:na]
Caused by: java.net.UnknownHostException: Hôte inconnu (ac-khxyvkv-shard-00-02.ltylxsp.mongodb.net)
	at java.base/java.net.Inet6AddressImpl.lookupAllHostAddr(Native Method) ~[na:na]
	at java.base/java.net.InetAddress$PlatformNameService.lookupAllHostAddr(InetAddress.java:933) ~[na:na]
	at java.base/java.net.InetAddress.getAddressesFromNameService(InetAddress.java:1543) ~[na:na]
	at java.base/java.net.InetAddress$NameServiceAddresses.get(InetAddress.java:852) ~[na:na]
	at java.base/java.net.InetAddress.getAllByName0(InetAddress.java:1532) ~[na:na]
	at java.base/java.net.InetAddress.getAllByName(InetAddress.java:1384) ~[na:na]
	at java.base/java.net.InetAddress.getAllByName(InetAddress.java:1305) ~[na:na]
	at com.mongodb.internal.connection.DefaultInetAddressResolver.lookupByName(DefaultInetAddressResolver.java:34) ~[mongodb-driver-core-5.2.1.jar:na]
	at com.mongodb.internal.connection.ServerAddressHelper.getSocketAddresses(ServerAddressHelper.java:71) ~[mongodb-driver-core-5.2.1.jar:na]
	... 5 common frames omitted

2026-05-23T16:04:33.279+01:00  INFO 25220 --- [ReclamationService] [ngodb.net:27017] org.mongodb.driver.cluster               : Exception in monitor thread while connecting to server ac-khxyvkv-shard-00-00.ltylxsp.mongodb.net:27017

com.mongodb.MongoSocketException: Hôte inconnu (ac-khxyvkv-shard-00-00.ltylxsp.mongodb.net)
	at com.mongodb.internal.connection.ServerAddressHelper.getSocketAddresses(ServerAddressHelper.java:75) ~[mongodb-driver-core-5.2.1.jar:na]
	at com.mongodb.internal.connection.SocketStream.initializeSocket(SocketStream.java:100) ~[mongodb-driver-core-5.2.1.jar:na]
	at com.mongodb.internal.connection.SocketStream.open(SocketStream.java:79) ~[mongodb-driver-core-5.2.1.jar:na]
	at com.mongodb.internal.connection.InternalStreamConnection.open(InternalStreamConnection.java:233) ~[mongodb-driver-core-5.2.1.jar:na]
	at com.mongodb.internal.connection.DefaultServerMonitor$ServerMonitor.lookupServerDescription(DefaultServerMonitor.java:219) ~[mongodb-driver-core-5.2.1.jar:na]
	at com.mongodb.internal.connection.DefaultServerMonitor$ServerMonitor.run(DefaultServerMonitor.java:176) ~[mongodb-driver-core-5.2.1.jar:na]
Caused by: java.net.UnknownHostException: Hôte inconnu (ac-khxyvkv-shard-00-00.ltylxsp.mongodb.net)
	at java.base/java.net.Inet6AddressImpl.lookupAllHostAddr(Native Method) ~[na:na]
	at java.base/java.net.InetAddress$PlatformNameService.lookupAllHostAddr(InetAddress.java:933) ~[na:na]
	at java.base/java.net.InetAddress.getAddressesFromNameService(InetAddress.java:1543) ~[na:na]
	at java.base/java.net.InetAddress$NameServiceAddresses.get(InetAddress.java:852) ~[na:na]
	at java.base/java.net.InetAddress.getAllByName0(InetAddress.java:1532) ~[na:na]
	at java.base/java.net.InetAddress.getAllByName(InetAddress.java:1384) ~[na:na]
	at java.base/java.net.InetAddress.getAllByName(InetAddress.java:1305) ~[na:na]
	at com.mongodb.internal.connection.DefaultInetAddressResolver.lookupByName(DefaultInetAddressResolver.java:34) ~[mongodb-driver-core-5.2.1.jar:na]
	at com.mongodb.internal.connection.ServerAddressHelper.getSocketAddresses(ServerAddressHelper.java:71) ~[mongodb-driver-core-5.2.1.jar:na]
	... 5 common frames omitted

2026-05-23T16:04:33.279+01:00  INFO 25220 --- [ReclamationService] [ngodb.net:27017] org.mongodb.driver.cluster               : Exception in monitor thread while connecting to server ac-khxyvkv-shard-00-01.ltylxsp.mongodb.net:27017

com.mongodb.MongoSocketException: Hôte inconnu (ac-khxyvkv-shard-00-01.ltylxsp.mongodb.net)
	at com.mongodb.internal.connection.ServerAddressHelper.getSocketAddresses(ServerAddressHelper.java:75) ~[mongodb-driver-core-5.2.1.jar:na]
	at com.mongodb.internal.connection.SocketStream.initializeSocket(SocketStream.java:100) ~[mongodb-driver-core-5.2.1.jar:na]
	at com.mongodb.internal.connection.SocketStream.open(SocketStream.java:79) ~[mongodb-driver-core-5.2.1.jar:na]
	at com.mongodb.internal.connection.InternalStreamConnection.open(InternalStreamConnection.java:233) ~[mongodb-driver-core-5.2.1.jar:na]
	at com.mongodb.internal.connection.DefaultServerMonitor$ServerMonitor.lookupServerDescription(DefaultServerMonitor.java:219) ~[mongodb-driver-core-5.2.1.jar:na]
	at com.mongodb.internal.connection.DefaultServerMonitor$ServerMonitor.run(DefaultServerMonitor.java:176) ~[mongodb-driver-core-5.2.1.jar:na]
Caused by: java.net.UnknownHostException: Hôte inconnu (ac-khxyvkv-shard-00-01.ltylxsp.mongodb.net)
	at java.base/java.net.Inet6AddressImpl.lookupAllHostAddr(Native Method) ~[na:na]
	at java.base/java.net.InetAddress$PlatformNameService.lookupAllHostAddr(InetAddress.java:933) ~[na:na]
	at java.base/java.net.InetAddress.getAddressesFromNameService(InetAddress.java:1543) ~[na:na]
	at java.base/java.net.InetAddress$NameServiceAddresses.get(InetAddress.java:852) ~[na:na]
	at java.base/java.net.InetAddress.getAllByName0(InetAddress.java:1532) ~[na:na]
	at java.base/java.net.InetAddress.getAllByName(InetAddress.java:1384) ~[na:na]
	at java.base/java.net.InetAddress.getAllByName(InetAddress.java:1305) ~[na:na]
	at com.mongodb.internal.connection.DefaultInetAddressResolver.lookupByName(DefaultInetAddressResolver.java:34) ~[mongodb-driver-core-5.2.1.jar:na]
	at com.mongodb.internal.connection.ServerAddressHelper.getSocketAddresses(ServerAddressHelper.java:71) ~[mongodb-driver-core-5.2.1.jar:na]
	... 5 common frames omitted

2026-05-23T16:04:46.388+01:00  INFO 25220 --- [ReclamationService] [ngodb.net:27017] org.mongodb.driver.cluster               : Monitor thread successfully connected to server with description ServerDescription{address=ac-khxyvkv-shard-00-01.ltylxsp.mongodb.net:27017, type=REPLICA_SET_PRIMARY, cryptd=false, state=CONNECTED, ok=true, minWireVersion=0, maxWireVersion=25, maxDocumentSize=16777216, logicalSessionTimeoutMinutes=30, roundTripTimeNanos=1508515300, minRoundTripTimeNanos=0, setName='atlas-6x6yvm-shard-0', canonicalAddress=ac-khxyvkv-shard-00-01.ltylxsp.mongodb.net:27017, hosts=[ac-khxyvkv-shard-00-00.ltylxsp.mongodb.net:27017, ac-khxyvkv-shard-00-01.ltylxsp.mongodb.net:27017, ac-khxyvkv-shard-00-02.ltylxsp.mongodb.net:27017], passives=[], arbiters=[], primary='ac-khxyvkv-shard-00-01.ltylxsp.mongodb.net:27017', tagSet=TagSet{[Tag{name='availabilityZone', value='euw3-az2'}, Tag{name='cacheState', value='READY'}, Tag{name='diskState', value='READY'}, Tag{name='nodeType', value='ELECTABLE'}, Tag{name='provider', value='AWS'}, Tag{name='region', value='EU_WEST_3'}, Tag{name='workloadType', value='OPERATIONAL'}]}, electionId=7fffffff000000000000006b, setVersion=36, topologyVersion=TopologyVersion{processId=6a10ad2db025c004c20c2eaf, counter=6}, lastWriteDate=Sat May 23 16:04:44 WAT 2026, lastUpdateTimeNanos=626415529164700}
2026-05-23T16:04:46.403+01:00  INFO 25220 --- [ReclamationService] [ngodb.net:27017] org.mongodb.driver.cluster               : Discovered replica set primary ac-khxyvkv-shard-00-01.ltylxsp.mongodb.net:27017 with max election id 7fffffff000000000000006b and max set version 36
2026-05-23T16:04:49.143+01:00  INFO 25220 --- [ReclamationService] [ngodb.net:27017] org.mongodb.driver.cluster               : Monitor thread successfully connected to server with description ServerDescription{address=ac-khxyvkv-shard-00-02.ltylxsp.mongodb.net:27017, type=REPLICA_SET_SECONDARY, cryptd=false, state=CONNECTED, ok=true, minWireVersion=0, maxWireVersion=25, maxDocumentSize=16777216, logicalSessionTimeoutMinutes=30, roundTripTimeNanos=1158452600, minRoundTripTimeNanos=0, setName='atlas-6x6yvm-shard-0', canonicalAddress=ac-khxyvkv-shard-00-02.ltylxsp.mongodb.net:27017, hosts=[ac-khxyvkv-shard-00-00.ltylxsp.mongodb.net:27017, ac-khxyvkv-shard-00-01.ltylxsp.mongodb.net:27017, ac-khxyvkv-shard-00-02.ltylxsp.mongodb.net:27017], passives=[], arbiters=[], primary='ac-khxyvkv-shard-00-01.ltylxsp.mongodb.net:27017', tagSet=TagSet{[Tag{name='availabilityZone', value='euw3-az3'}, Tag{name='cacheState', value='READY'}, Tag{name='diskState', value='READY'}, Tag{name='nodeType', value='ELECTABLE'}, Tag{name='provider', value='AWS'}, Tag{name='region', value='EU_WEST_3'}, Tag{name='workloadType', value='OPERATIONAL'}]}, electionId=null, setVersion=36, topologyVersion=TopologyVersion{processId=6a10afacc3c0145a7299563d, counter=3}, lastWriteDate=Sat May 23 16:04:47 WAT 2026, lastUpdateTimeNanos=626418291310800}
2026-05-23T16:04:54.842+01:00  INFO 25220 --- [ReclamationService] [ngodb.net:27017] org.mongodb.driver.cluster               : Exception in monitor thread while connecting to server ac-khxyvkv-shard-00-00.ltylxsp.mongodb.net:27017

com.mongodb.MongoSocketOpenException: Exception opening socket
	at com.mongodb.internal.connection.SocketStream.lambda$open$0(SocketStream.java:85) ~[mongodb-driver-core-5.2.1.jar:na]
	at java.base/java.util.Optional.orElseThrow(Optional.java:403) ~[na:na]
	at com.mongodb.internal.connection.SocketStream.open(SocketStream.java:85) ~[mongodb-driver-core-5.2.1.jar:na]
	at com.mongodb.internal.connection.InternalStreamConnection.open(InternalStreamConnection.java:233) ~[mongodb-driver-core-5.2.1.jar:na]
	at com.mongodb.internal.connection.DefaultServerMonitor$ServerMonitor.lookupServerDescription(DefaultServerMonitor.java:219) ~[mongodb-driver-core-5.2.1.jar:na]
	at com.mongodb.internal.connection.DefaultServerMonitor$ServerMonitor.run(DefaultServerMonitor.java:176) ~[mongodb-driver-core-5.2.1.jar:na]
Caused by: java.net.SocketTimeoutException: Connect timed out
	at java.base/sun.nio.ch.NioSocketImpl.timedFinishConnect(NioSocketImpl.java:551) ~[na:na]
	at java.base/sun.nio.ch.NioSocketImpl.connect(NioSocketImpl.java:602) ~[na:na]
	at java.base/java.net.SocksSocketImpl.connect(SocksSocketImpl.java:327) ~[na:na]
	at java.base/java.net.Socket.connect(Socket.java:633) ~[na:na]
	at java.base/sun.security.ssl.SSLSocketImpl.connect(SSLSocketImpl.java:304) ~[na:na]
	at com.mongodb.internal.connection.SocketStreamHelper.initialize(SocketStreamHelper.java:76) ~[mongodb-driver-core-5.2.1.jar:na]
	at com.mongodb.internal.connection.SocketStream.initializeSocket(SocketStream.java:104) ~[mongodb-driver-core-5.2.1.jar:na]
	at com.mongodb.internal.connection.SocketStream.open(SocketStream.java:79) ~[mongodb-driver-core-5.2.1.jar:na]
	... 3 common frames omitted

2026-05-23T16:05:06.277+01:00  INFO 25220 --- [ReclamationService] [ngodb.net:27017] org.mongodb.driver.cluster               : Monitor thread successfully connected to server with description ServerDescription{address=ac-khxyvkv-shard-00-00.ltylxsp.mongodb.net:27017, type=REPLICA_SET_SECONDARY, cryptd=false, state=CONNECTED, ok=true, minWireVersion=0, maxWireVersion=25, maxDocumentSize=16777216, logicalSessionTimeoutMinutes=30, roundTripTimeNanos=291352100, minRoundTripTimeNanos=0, setName='atlas-6x6yvm-shard-0', canonicalAddress=ac-khxyvkv-shard-00-00.ltylxsp.mongodb.net:27017, hosts=[ac-khxyvkv-shard-00-00.ltylxsp.mongodb.net:27017, ac-khxyvkv-shard-00-01.ltylxsp.mongodb.net:27017, ac-khxyvkv-shard-00-02.ltylxsp.mongodb.net:27017], passives=[], arbiters=[], primary='ac-khxyvkv-shard-00-01.ltylxsp.mongodb.net:27017', tagSet=TagSet{[Tag{name='availabilityZone', value='euw3-az1'}, Tag{name='cacheState', value='READY'}, Tag{name='diskState', value='READY'}, Tag{name='nodeType', value='ELECTABLE'}, Tag{name='provider', value='AWS'}, Tag{name='region', value='EU_WEST_3'}, Tag{name='workloadType', value='OPERATIONAL'}]}, electionId=null, setVersion=36, topologyVersion=TopologyVersion{processId=6a10aaf2adb9cf8404387343, counter=4}, lastWriteDate=Sat May 23 16:05:04 WAT 2026, lastUpdateTimeNanos=626435418781000}
2026-05-23T17:21:44.565+01:00  INFO 25220 --- [ReclamationService] [ngodb.net:27017] org.mongodb.driver.cluster               : Exception in monitor thread while connecting to server ac-khxyvkv-shard-00-00.ltylxsp.mongodb.net:27017

com.mongodb.MongoSocketReadException: Exception receiving message
	at com.mongodb.internal.connection.InternalStreamConnection.translateReadException(InternalStreamConnection.java:814) ~[mongodb-driver-core-5.2.1.jar:na]
	at com.mongodb.internal.connection.InternalStreamConnection.receiveResponseBuffers(InternalStreamConnection.java:862) ~[mongodb-driver-core-5.2.1.jar:na]
	at com.mongodb.internal.connection.InternalStreamConnection.receiveCommandMessageResponse(InternalStreamConnection.java:517) ~[mongodb-driver-core-5.2.1.jar:na]
	at com.mongodb.internal.connection.InternalStreamConnection.receive(InternalStreamConnection.java:469) ~[mongodb-driver-core-5.2.1.jar:na]
	at com.mongodb.internal.connection.DefaultServerMonitor$ServerMonitor.lookupServerDescription(DefaultServerMonitor.java:249) ~[mongodb-driver-core-5.2.1.jar:na]
	at com.mongodb.internal.connection.DefaultServerMonitor$ServerMonitor.run(DefaultServerMonitor.java:176) ~[mongodb-driver-core-5.2.1.jar:na]
Caused by: java.net.SocketException: Connection reset
	at java.base/sun.nio.ch.NioSocketImpl.implRead(NioSocketImpl.java:328) ~[na:na]
	at java.base/sun.nio.ch.NioSocketImpl.read(NioSocketImpl.java:355) ~[na:na]
	at java.base/sun.nio.ch.NioSocketImpl$1.read(NioSocketImpl.java:808) ~[na:na]
	at java.base/java.net.Socket$SocketInputStream.read(Socket.java:966) ~[na:na]
	at java.base/sun.security.ssl.SSLSocketInputRecord.read(SSLSocketInputRecord.java:484) ~[na:na]
	at java.base/sun.security.ssl.SSLSocketInputRecord.readHeader(SSLSocketInputRecord.java:478) ~[na:na]
	at java.base/sun.security.ssl.SSLSocketInputRecord.bytesInCompletePacket(SSLSocketInputRecord.java:70) ~[na:na]
	at java.base/sun.security.ssl.SSLSocketImpl.readApplicationRecord(SSLSocketImpl.java:1461) ~[na:na]
	at java.base/sun.security.ssl.SSLSocketImpl$AppInputStream.read(SSLSocketImpl.java:1065) ~[na:na]
	at com.mongodb.internal.connection.SocketStream.read(SocketStream.java:182) ~[mongodb-driver-core-5.2.1.jar:na]
	at com.mongodb.internal.connection.InternalStreamConnection.receiveResponseBuffers(InternalStreamConnection.java:829) ~[mongodb-driver-core-5.2.1.jar:na]
	... 4 common frames omitted

2026-05-23T17:21:44.554+01:00  INFO 25220 --- [ReclamationService] [ngodb.net:27017] org.mongodb.driver.cluster               : Exception in monitor thread while connecting to server ac-khxyvkv-shard-00-01.ltylxsp.mongodb.net:27017

com.mongodb.MongoSocketReadException: Exception receiving message
	at com.mongodb.internal.connection.InternalStreamConnection.translateReadException(InternalStreamConnection.java:814) ~[mongodb-driver-core-5.2.1.jar:na]
	at com.mongodb.internal.connection.InternalStreamConnection.receiveResponseBuffers(InternalStreamConnection.java:862) ~[mongodb-driver-core-5.2.1.jar:na]
	at com.mongodb.internal.connection.InternalStreamConnection.receiveCommandMessageResponse(InternalStreamConnection.java:517) ~[mongodb-driver-core-5.2.1.jar:na]
	at com.mongodb.internal.connection.InternalStreamConnection.receive(InternalStreamConnection.java:469) ~[mongodb-driver-core-5.2.1.jar:na]
	at com.mongodb.internal.connection.DefaultServerMonitor$ServerMonitor.lookupServerDescription(DefaultServerMonitor.java:249) ~[mongodb-driver-core-5.2.1.jar:na]
	at com.mongodb.internal.connection.DefaultServerMonitor$ServerMonitor.run(DefaultServerMonitor.java:176) ~[mongodb-driver-core-5.2.1.jar:na]
Caused by: java.net.SocketException: Connection reset
	at java.base/sun.nio.ch.NioSocketImpl.implRead(NioSocketImpl.java:328) ~[na:na]
	at java.base/sun.nio.ch.NioSocketImpl.read(NioSocketImpl.java:355) ~[na:na]
	at java.base/sun.nio.ch.NioSocketImpl$1.read(NioSocketImpl.java:808) ~[na:na]
	at java.base/java.net.Socket$SocketInputStream.read(Socket.java:966) ~[na:na]
	at java.base/sun.security.ssl.SSLSocketInputRecord.read(SSLSocketInputRecord.java:484) ~[na:na]
	at java.base/sun.security.ssl.SSLSocketInputRecord.readHeader(SSLSocketInputRecord.java:478) ~[na:na]
	at java.base/sun.security.ssl.SSLSocketInputRecord.bytesInCompletePacket(SSLSocketInputRecord.java:70) ~[na:na]
	at java.base/sun.security.ssl.SSLSocketImpl.readApplicationRecord(SSLSocketImpl.java:1461) ~[na:na]
	at java.base/sun.security.ssl.SSLSocketImpl$AppInputStream.read(SSLSocketImpl.java:1065) ~[na:na]
	at com.mongodb.internal.connection.SocketStream.read(SocketStream.java:182) ~[mongodb-driver-core-5.2.1.jar:na]
	at com.mongodb.internal.connection.InternalStreamConnection.receiveResponseBuffers(InternalStreamConnection.java:829) ~[mongodb-driver-core-5.2.1.jar:na]
	... 4 common frames omitted

2026-05-23T17:21:44.557+01:00  INFO 25220 --- [ReclamationService] [ngodb.net:27017] org.mongodb.driver.cluster               : Exception in monitor thread while connecting to server ac-khxyvkv-shard-00-02.ltylxsp.mongodb.net:27017

com.mongodb.MongoSocketReadException: Exception receiving message
	at com.mongodb.internal.connection.InternalStreamConnection.translateReadException(InternalStreamConnection.java:814) ~[mongodb-driver-core-5.2.1.jar:na]
	at com.mongodb.internal.connection.InternalStreamConnection.receiveResponseBuffers(InternalStreamConnection.java:862) ~[mongodb-driver-core-5.2.1.jar:na]
	at com.mongodb.internal.connection.InternalStreamConnection.receiveCommandMessageResponse(InternalStreamConnection.java:517) ~[mongodb-driver-core-5.2.1.jar:na]
	at com.mongodb.internal.connection.InternalStreamConnection.receive(InternalStreamConnection.java:469) ~[mongodb-driver-core-5.2.1.jar:na]
	at com.mongodb.internal.connection.DefaultServerMonitor$ServerMonitor.lookupServerDescription(DefaultServerMonitor.java:249) ~[mongodb-driver-core-5.2.1.jar:na]
	at com.mongodb.internal.connection.DefaultServerMonitor$ServerMonitor.run(DefaultServerMonitor.java:176) ~[mongodb-driver-core-5.2.1.jar:na]
Caused by: java.net.SocketException: Connection reset
	at java.base/sun.nio.ch.NioSocketImpl.implRead(NioSocketImpl.java:328) ~[na:na]
	at java.base/sun.nio.ch.NioSocketImpl.read(NioSocketImpl.java:355) ~[na:na]
	at java.base/sun.nio.ch.NioSocketImpl$1.read(NioSocketImpl.java:808) ~[na:na]
	at java.base/java.net.Socket$SocketInputStream.read(Socket.java:966) ~[na:na]
	at java.base/sun.security.ssl.SSLSocketInputRecord.read(SSLSocketInputRecord.java:484) ~[na:na]
	at java.base/sun.security.ssl.SSLSocketInputRecord.readHeader(SSLSocketInputRecord.java:478) ~[na:na]
	at java.base/sun.security.ssl.SSLSocketInputRecord.bytesInCompletePacket(SSLSocketInputRecord.java:70) ~[na:na]
	at java.base/sun.security.ssl.SSLSocketImpl.readApplicationRecord(SSLSocketImpl.java:1461) ~[na:na]
	at java.base/sun.security.ssl.SSLSocketImpl$AppInputStream.read(SSLSocketImpl.java:1065) ~[na:na]
	at com.mongodb.internal.connection.SocketStream.read(SocketStream.java:182) ~[mongodb-driver-core-5.2.1.jar:na]
	at com.mongodb.internal.connection.InternalStreamConnection.receiveResponseBuffers(InternalStreamConnection.java:829) ~[mongodb-driver-core-5.2.1.jar:na]
	... 4 common frames omitted

2026-05-23T17:21:44.912+01:00  INFO 25220 --- [ReclamationService] [ngodb.net:27017] org.mongodb.driver.cluster               : Exception in monitor thread while connecting to server ac-khxyvkv-shard-00-02.ltylxsp.mongodb.net:27017

com.mongodb.MongoSocketException: Hôte inconnu (ac-khxyvkv-shard-00-02.ltylxsp.mongodb.net)
	at com.mongodb.internal.connection.ServerAddressHelper.getSocketAddresses(ServerAddressHelper.java:75) ~[mongodb-driver-core-5.2.1.jar:na]
	at com.mongodb.internal.connection.SocketStream.initializeSocket(SocketStream.java:100) ~[mongodb-driver-core-5.2.1.jar:na]
	at com.mongodb.internal.connection.SocketStream.open(SocketStream.java:79) ~[mongodb-driver-core-5.2.1.jar:na]
	at com.mongodb.internal.connection.InternalStreamConnection.open(InternalStreamConnection.java:233) ~[mongodb-driver-core-5.2.1.jar:na]
	at com.mongodb.internal.connection.DefaultServerMonitor$ServerMonitor.lookupServerDescription(DefaultServerMonitor.java:219) ~[mongodb-driver-core-5.2.1.jar:na]
	at com.mongodb.internal.connection.DefaultServerMonitor$ServerMonitor.run(DefaultServerMonitor.java:176) ~[mongodb-driver-core-5.2.1.jar:na]
Caused by: java.net.UnknownHostException: Hôte inconnu (ac-khxyvkv-shard-00-02.ltylxsp.mongodb.net)
	at java.base/java.net.Inet6AddressImpl.lookupAllHostAddr(Native Method) ~[na:na]
	at java.base/java.net.InetAddress$PlatformNameService.lookupAllHostAddr(InetAddress.java:933) ~[na:na]
	at java.base/java.net.InetAddress.getAddressesFromNameService(InetAddress.java:1543) ~[na:na]
	at java.base/java.net.InetAddress$NameServiceAddresses.get(InetAddress.java:852) ~[na:na]
	at java.base/java.net.InetAddress.getAllByName0(InetAddress.java:1532) ~[na:na]
	at java.base/java.net.InetAddress.getAllByName(InetAddress.java:1384) ~[na:na]
	at java.base/java.net.InetAddress.getAllByName(InetAddress.java:1305) ~[na:na]
	at com.mongodb.internal.connection.DefaultInetAddressResolver.lookupByName(DefaultInetAddressResolver.java:34) ~[mongodb-driver-core-5.2.1.jar:na]
	at com.mongodb.internal.connection.ServerAddressHelper.getSocketAddresses(ServerAddressHelper.java:71) ~[mongodb-driver-core-5.2.1.jar:na]
	... 5 common frames omitted

2026-05-23T17:21:44.912+01:00  INFO 25220 --- [ReclamationService] [ngodb.net:27017] org.mongodb.driver.cluster               : Exception in monitor thread while connecting to server ac-khxyvkv-shard-00-00.ltylxsp.mongodb.net:27017

com.mongodb.MongoSocketException: Hôte inconnu (ac-khxyvkv-shard-00-00.ltylxsp.mongodb.net)
	at com.mongodb.internal.connection.ServerAddressHelper.getSocketAddresses(ServerAddressHelper.java:75) ~[mongodb-driver-core-5.2.1.jar:na]
	at com.mongodb.internal.connection.SocketStream.initializeSocket(SocketStream.java:100) ~[mongodb-driver-core-5.2.1.jar:na]
	at com.mongodb.internal.connection.SocketStream.open(SocketStream.java:79) ~[mongodb-driver-core-5.2.1.jar:na]
	at com.mongodb.internal.connection.InternalStreamConnection.open(InternalStreamConnection.java:233) ~[mongodb-driver-core-5.2.1.jar:na]
	at com.mongodb.internal.connection.DefaultServerMonitor$ServerMonitor.lookupServerDescription(DefaultServerMonitor.java:219) ~[mongodb-driver-core-5.2.1.jar:na]
	at com.mongodb.internal.connection.DefaultServerMonitor$ServerMonitor.run(DefaultServerMonitor.java:176) ~[mongodb-driver-core-5.2.1.jar:na]
Caused by: java.net.UnknownHostException: Hôte inconnu (ac-khxyvkv-shard-00-00.ltylxsp.mongodb.net)
	at java.base/java.net.Inet6AddressImpl.lookupAllHostAddr(Native Method) ~[na:na]
	at java.base/java.net.InetAddress$PlatformNameService.lookupAllHostAddr(InetAddress.java:933) ~[na:na]
	at java.base/java.net.InetAddress.getAddressesFromNameService(InetAddress.java:1543) ~[na:na]
	at java.base/java.net.InetAddress$NameServiceAddresses.get(InetAddress.java:852) ~[na:na]
	at java.base/java.net.InetAddress.getAllByName0(InetAddress.java:1532) ~[na:na]
	at java.base/java.net.InetAddress.getAllByName(InetAddress.java:1384) ~[na:na]
	at java.base/java.net.InetAddress.getAllByName(InetAddress.java:1305) ~[na:na]
	at com.mongodb.internal.connection.DefaultInetAddressResolver.lookupByName(DefaultInetAddressResolver.java:34) ~[mongodb-driver-core-5.2.1.jar:na]
	at com.mongodb.internal.connection.ServerAddressHelper.getSocketAddresses(ServerAddressHelper.java:71) ~[mongodb-driver-core-5.2.1.jar:na]
	... 5 common frames omitted

2026-05-23T17:21:44.916+01:00  INFO 25220 --- [ReclamationService] [ngodb.net:27017] org.mongodb.driver.cluster               : Exception in monitor thread while connecting to server ac-khxyvkv-shard-00-01.ltylxsp.mongodb.net:27017

com.mongodb.MongoSocketException: Hôte inconnu (ac-khxyvkv-shard-00-01.ltylxsp.mongodb.net)
	at com.mongodb.internal.connection.ServerAddressHelper.getSocketAddresses(ServerAddressHelper.java:75) ~[mongodb-driver-core-5.2.1.jar:na]
	at com.mongodb.internal.connection.SocketStream.initializeSocket(SocketStream.java:100) ~[mongodb-driver-core-5.2.1.jar:na]
	at com.mongodb.internal.connection.SocketStream.open(SocketStream.java:79) ~[mongodb-driver-core-5.2.1.jar:na]
	at com.mongodb.internal.connection.InternalStreamConnection.open(InternalStreamConnection.java:233) ~[mongodb-driver-core-5.2.1.jar:na]
	at com.mongodb.internal.connection.DefaultServerMonitor$ServerMonitor.lookupServerDescription(DefaultServerMonitor.java:219) ~[mongodb-driver-core-5.2.1.jar:na]
	at com.mongodb.internal.connection.DefaultServerMonitor$ServerMonitor.run(DefaultServerMonitor.java:176) ~[mongodb-driver-core-5.2.1.jar:na]
Caused by: java.net.UnknownHostException: Hôte inconnu (ac-khxyvkv-shard-00-01.ltylxsp.mongodb.net)
	at java.base/java.net.Inet6AddressImpl.lookupAllHostAddr(Native Method) ~[na:na]
	at java.base/java.net.InetAddress$PlatformNameService.lookupAllHostAddr(InetAddress.java:933) ~[na:na]
	at java.base/java.net.InetAddress.getAddressesFromNameService(InetAddress.java:1543) ~[na:na]
	at java.base/java.net.InetAddress$NameServiceAddresses.get(InetAddress.java:852) ~[na:na]
	at java.base/java.net.InetAddress.getAllByName0(InetAddress.java:1532) ~[na:na]
	at java.base/java.net.InetAddress.getAllByName(InetAddress.java:1384) ~[na:na]
	at java.base/java.net.InetAddress.getAllByName(InetAddress.java:1305) ~[na:na]
	at com.mongodb.internal.connection.DefaultInetAddressResolver.lookupByName(DefaultInetAddressResolver.java:34) ~[mongodb-driver-core-5.2.1.jar:na]
	at com.mongodb.internal.connection.ServerAddressHelper.getSocketAddresses(ServerAddressHelper.java:71) ~[mongodb-driver-core-5.2.1.jar:na]
	... 5 common frames omitted

2026-05-23T17:46:31.376+01:00  INFO 25220 --- [ReclamationService] [ngodb.net:27017] org.mongodb.driver.cluster               : Monitor thread successfully connected to server with description ServerDescription{address=ac-khxyvkv-shard-00-02.ltylxsp.mongodb.net:27017, type=REPLICA_SET_SECONDARY, cryptd=false, state=CONNECTED, ok=true, minWireVersion=0, maxWireVersion=25, maxDocumentSize=16777216, logicalSessionTimeoutMinutes=30, roundTripTimeNanos=517003100, minRoundTripTimeNanos=0, setName='atlas-6x6yvm-shard-0', canonicalAddress=ac-khxyvkv-shard-00-02.ltylxsp.mongodb.net:27017, hosts=[ac-khxyvkv-shard-00-00.ltylxsp.mongodb.net:27017, ac-khxyvkv-shard-00-01.ltylxsp.mongodb.net:27017, ac-khxyvkv-shard-00-02.ltylxsp.mongodb.net:27017], passives=[], arbiters=[], primary='ac-khxyvkv-shard-00-01.ltylxsp.mongodb.net:27017', tagSet=TagSet{[Tag{name='availabilityZone', value='euw3-az3'}, Tag{name='cacheState', value='READY'}, Tag{name='diskState', value='READY'}, Tag{name='nodeType', value='ELECTABLE'}, Tag{name='provider', value='AWS'}, Tag{name='region', value='EU_WEST_3'}, Tag{name='workloadType', value='OPERATIONAL'}]}, electionId=null, setVersion=36, topologyVersion=TopologyVersion{processId=6a10afacc3c0145a7299563d, counter=3}, lastWriteDate=Sat May 23 17:46:31 WAT 2026, lastUpdateTimeNanos=632521959497800}
2026-05-23T17:46:31.376+01:00  INFO 25220 --- [ReclamationService] [ngodb.net:27017] org.mongodb.driver.cluster               : Monitor thread successfully connected to server with description ServerDescription{address=ac-khxyvkv-shard-00-00.ltylxsp.mongodb.net:27017, type=REPLICA_SET_SECONDARY, cryptd=false, state=CONNECTED, ok=true, minWireVersion=0, maxWireVersion=25, maxDocumentSize=16777216, logicalSessionTimeoutMinutes=30, roundTripTimeNanos=516984800, minRoundTripTimeNanos=0, setName='atlas-6x6yvm-shard-0', canonicalAddress=ac-khxyvkv-shard-00-00.ltylxsp.mongodb.net:27017, hosts=[ac-khxyvkv-shard-00-00.ltylxsp.mongodb.net:27017, ac-khxyvkv-shard-00-01.ltylxsp.mongodb.net:27017, ac-khxyvkv-shard-00-02.ltylxsp.mongodb.net:27017], passives=[], arbiters=[], primary='ac-khxyvkv-shard-00-01.ltylxsp.mongodb.net:27017', tagSet=TagSet{[Tag{name='availabilityZone', value='euw3-az1'}, Tag{name='cacheState', value='READY'}, Tag{name='diskState', value='READY'}, Tag{name='nodeType', value='ELECTABLE'}, Tag{name='provider', value='AWS'}, Tag{name='region', value='EU_WEST_3'}, Tag{name='workloadType', value='OPERATIONAL'}]}, electionId=null, setVersion=36, topologyVersion=TopologyVersion{processId=6a10aaf2adb9cf8404387343, counter=4}, lastWriteDate=Sat May 23 17:46:31 WAT 2026, lastUpdateTimeNanos=632521959497800}
2026-05-23T17:46:31.376+01:00  INFO 25220 --- [ReclamationService] [ngodb.net:27017] org.mongodb.driver.cluster               : Monitor thread successfully connected to server with description ServerDescription{address=ac-khxyvkv-shard-00-01.ltylxsp.mongodb.net:27017, type=REPLICA_SET_PRIMARY, cryptd=false, state=CONNECTED, ok=true, minWireVersion=0, maxWireVersion=25, maxDocumentSize=16777216, logicalSessionTimeoutMinutes=30, roundTripTimeNanos=517006000, minRoundTripTimeNanos=0, setName='atlas-6x6yvm-shard-0', canonicalAddress=ac-khxyvkv-shard-00-01.ltylxsp.mongodb.net:27017, hosts=[ac-khxyvkv-shard-00-00.ltylxsp.mongodb.net:27017, ac-khxyvkv-shard-00-01.ltylxsp.mongodb.net:27017, ac-khxyvkv-shard-00-02.ltylxsp.mongodb.net:27017], passives=[], arbiters=[], primary='ac-khxyvkv-shard-00-01.ltylxsp.mongodb.net:27017', tagSet=TagSet{[Tag{name='availabilityZone', value='euw3-az2'}, Tag{name='cacheState', value='READY'}, Tag{name='diskState', value='READY'}, Tag{name='nodeType', value='ELECTABLE'}, Tag{name='provider', value='AWS'}, Tag{name='region', value='EU_WEST_3'}, Tag{name='workloadType', value='OPERATIONAL'}]}, electionId=7fffffff000000000000006b, setVersion=36, topologyVersion=TopologyVersion{processId=6a10ad2db025c004c20c2eaf, counter=6}, lastWriteDate=Sat May 23 17:46:31 WAT 2026, lastUpdateTimeNanos=632521959497800}
2026-05-23T17:46:31.412+01:00  INFO 25220 --- [ReclamationService] [ngodb.net:27017] org.mongodb.driver.cluster               : Discovered replica set primary ac-khxyvkv-shard-00-01.ltylxsp.mongodb.net:27017 with max election id 7fffffff000000000000006b and max set version 36
2026-05-23T19:24:14.242+01:00  INFO 25220 --- [ReclamationService] [ngodb.net:27017] org.mongodb.driver.cluster               : Exception in monitor thread while connecting to server ac-khxyvkv-shard-00-00.ltylxsp.mongodb.net:27017

com.mongodb.MongoSocketReadTimeoutException: Timeout while receiving message
	at com.mongodb.internal.connection.InternalStreamConnection.createReadTimeoutException(InternalStreamConnection.java:824) ~[mongodb-driver-core-5.2.1.jar:na]
	at com.mongodb.internal.connection.InternalStreamConnection.translateReadException(InternalStreamConnection.java:812) ~[mongodb-driver-core-5.2.1.jar:na]
	at com.mongodb.internal.connection.InternalStreamConnection.receiveResponseBuffers(InternalStreamConnection.java:862) ~[mongodb-driver-core-5.2.1.jar:na]
	at com.mongodb.internal.connection.InternalStreamConnection.receiveCommandMessageResponse(InternalStreamConnection.java:517) ~[mongodb-driver-core-5.2.1.jar:na]
	at com.mongodb.internal.connection.InternalStreamConnection.receive(InternalStreamConnection.java:469) ~[mongodb-driver-core-5.2.1.jar:na]
	at com.mongodb.internal.connection.DefaultServerMonitor$ServerMonitor.lookupServerDescription(DefaultServerMonitor.java:249) ~[mongodb-driver-core-5.2.1.jar:na]
	at com.mongodb.internal.connection.DefaultServerMonitor$ServerMonitor.run(DefaultServerMonitor.java:176) ~[mongodb-driver-core-5.2.1.jar:na]
Caused by: java.net.SocketTimeoutException: Read timed out
	at java.base/sun.nio.ch.NioSocketImpl.timedRead(NioSocketImpl.java:288) ~[na:na]
	at java.base/sun.nio.ch.NioSocketImpl.implRead(NioSocketImpl.java:314) ~[na:na]
	at java.base/sun.nio.ch.NioSocketImpl.read(NioSocketImpl.java:355) ~[na:na]
	at java.base/sun.nio.ch.NioSocketImpl$1.read(NioSocketImpl.java:808) ~[na:na]
	at java.base/java.net.Socket$SocketInputStream.read(Socket.java:966) ~[na:na]
	at java.base/sun.security.ssl.SSLSocketInputRecord.read(SSLSocketInputRecord.java:484) ~[na:na]
	at java.base/sun.security.ssl.SSLSocketInputRecord.readHeader(SSLSocketInputRecord.java:478) ~[na:na]
	at java.base/sun.security.ssl.SSLSocketInputRecord.bytesInCompletePacket(SSLSocketInputRecord.java:70) ~[na:na]
	at java.base/sun.security.ssl.SSLSocketImpl.readApplicationRecord(SSLSocketImpl.java:1461) ~[na:na]
	at java.base/sun.security.ssl.SSLSocketImpl$AppInputStream.read(SSLSocketImpl.java:1065) ~[na:na]
	at com.mongodb.internal.connection.SocketStream.read(SocketStream.java:182) ~[mongodb-driver-core-5.2.1.jar:na]
	at com.mongodb.internal.connection.InternalStreamConnection.receiveResponseBuffers(InternalStreamConnection.java:829) ~[mongodb-driver-core-5.2.1.jar:na]
	... 4 common frames omitted

2026-05-23T19:24:14.242+01:00  INFO 25220 --- [ReclamationService] [ngodb.net:27017] org.mongodb.driver.cluster               : Exception in monitor thread while connecting to server ac-khxyvkv-shard-00-01.ltylxsp.mongodb.net:27017

com.mongodb.MongoSocketReadTimeoutException: Timeout while receiving message
	at com.mongodb.internal.connection.InternalStreamConnection.createReadTimeoutException(InternalStreamConnection.java:824) ~[mongodb-driver-core-5.2.1.jar:na]
	at com.mongodb.internal.connection.InternalStreamConnection.translateReadException(InternalStreamConnection.java:812) ~[mongodb-driver-core-5.2.1.jar:na]
	at com.mongodb.internal.connection.InternalStreamConnection.receiveResponseBuffers(InternalStreamConnection.java:862) ~[mongodb-driver-core-5.2.1.jar:na]
	at com.mongodb.internal.connection.InternalStreamConnection.receiveCommandMessageResponse(InternalStreamConnection.java:517) ~[mongodb-driver-core-5.2.1.jar:na]
	at com.mongodb.internal.connection.InternalStreamConnection.receive(InternalStreamConnection.java:469) ~[mongodb-driver-core-5.2.1.jar:na]
	at com.mongodb.internal.connection.DefaultServerMonitor$ServerMonitor.lookupServerDescription(DefaultServerMonitor.java:249) ~[mongodb-driver-core-5.2.1.jar:na]
	at com.mongodb.internal.connection.DefaultServerMonitor$ServerMonitor.run(DefaultServerMonitor.java:176) ~[mongodb-driver-core-5.2.1.jar:na]
Caused by: java.net.SocketTimeoutException: Read timed out
	at java.base/sun.nio.ch.NioSocketImpl.timedRead(NioSocketImpl.java:288) ~[na:na]
	at java.base/sun.nio.ch.NioSocketImpl.implRead(NioSocketImpl.java:314) ~[na:na]
	at java.base/sun.nio.ch.NioSocketImpl.read(NioSocketImpl.java:355) ~[na:na]
	at java.base/sun.nio.ch.NioSocketImpl$1.read(NioSocketImpl.java:808) ~[na:na]
	at java.base/java.net.Socket$SocketInputStream.read(Socket.java:966) ~[na:na]
	at java.base/sun.security.ssl.SSLSocketInputRecord.read(SSLSocketInputRecord.java:484) ~[na:na]
	at java.base/sun.security.ssl.SSLSocketInputRecord.readHeader(SSLSocketInputRecord.java:478) ~[na:na]
	at java.base/sun.security.ssl.SSLSocketInputRecord.bytesInCompletePacket(SSLSocketInputRecord.java:70) ~[na:na]
	at java.base/sun.security.ssl.SSLSocketImpl.readApplicationRecord(SSLSocketImpl.java:1461) ~[na:na]
	at java.base/sun.security.ssl.SSLSocketImpl$AppInputStream.read(SSLSocketImpl.java:1065) ~[na:na]
	at com.mongodb.internal.connection.SocketStream.read(SocketStream.java:182) ~[mongodb-driver-core-5.2.1.jar:na]
	at com.mongodb.internal.connection.InternalStreamConnection.receiveResponseBuffers(InternalStreamConnection.java:829) ~[mongodb-driver-core-5.2.1.jar:na]
	... 4 common frames omitted

2026-05-23T19:24:14.353+01:00  INFO 25220 --- [ReclamationService] [ngodb.net:27017] org.mongodb.driver.cluster               : Exception in monitor thread while connecting to server ac-khxyvkv-shard-00-02.ltylxsp.mongodb.net:27017

com.mongodb.MongoSocketReadTimeoutException: Timeout while receiving message
	at com.mongodb.internal.connection.InternalStreamConnection.createReadTimeoutException(InternalStreamConnection.java:824) ~[mongodb-driver-core-5.2.1.jar:na]
	at com.mongodb.internal.connection.InternalStreamConnection.translateReadException(InternalStreamConnection.java:812) ~[mongodb-driver-core-5.2.1.jar:na]
	at com.mongodb.internal.connection.InternalStreamConnection.receiveResponseBuffers(InternalStreamConnection.java:862) ~[mongodb-driver-core-5.2.1.jar:na]
	at com.mongodb.internal.connection.InternalStreamConnection.receiveCommandMessageResponse(InternalStreamConnection.java:517) ~[mongodb-driver-core-5.2.1.jar:na]
	at com.mongodb.internal.connection.InternalStreamConnection.receive(InternalStreamConnection.java:469) ~[mongodb-driver-core-5.2.1.jar:na]
	at com.mongodb.internal.connection.DefaultServerMonitor$ServerMonitor.lookupServerDescription(DefaultServerMonitor.java:249) ~[mongodb-driver-core-5.2.1.jar:na]
	at com.mongodb.internal.connection.DefaultServerMonitor$ServerMonitor.run(DefaultServerMonitor.java:176) ~[mongodb-driver-core-5.2.1.jar:na]
Caused by: java.net.SocketTimeoutException: Read timed out
	at java.base/sun.nio.ch.NioSocketImpl.timedRead(NioSocketImpl.java:288) ~[na:na]
	at java.base/sun.nio.ch.NioSocketImpl.implRead(NioSocketImpl.java:314) ~[na:na]
	at java.base/sun.nio.ch.NioSocketImpl.read(NioSocketImpl.java:355) ~[na:na]
	at java.base/sun.nio.ch.NioSocketImpl$1.read(NioSocketImpl.java:808) ~[na:na]
	at java.base/java.net.Socket$SocketInputStream.read(Socket.java:966) ~[na:na]
	at java.base/sun.security.ssl.SSLSocketInputRecord.read(SSLSocketInputRecord.java:484) ~[na:na]
	at java.base/sun.security.ssl.SSLSocketInputRecord.readHeader(SSLSocketInputRecord.java:478) ~[na:na]
	at java.base/sun.security.ssl.SSLSocketInputRecord.bytesInCompletePacket(SSLSocketInputRecord.java:70) ~[na:na]
	at java.base/sun.security.ssl.SSLSocketImpl.readApplicationRecord(SSLSocketImpl.java:1461) ~[na:na]
	at java.base/sun.security.ssl.SSLSocketImpl$AppInputStream.read(SSLSocketImpl.java:1065) ~[na:na]
	at com.mongodb.internal.connection.SocketStream.read(SocketStream.java:182) ~[mongodb-driver-core-5.2.1.jar:na]
	at com.mongodb.internal.connection.InternalStreamConnection.receiveResponseBuffers(InternalStreamConnection.java:829) ~[mongodb-driver-core-5.2.1.jar:na]
	... 4 common frames omitted

2026-05-23T19:24:14.693+01:00  INFO 25220 --- [ReclamationService] [ngodb.net:27017] org.mongodb.driver.cluster               : Monitor thread successfully connected to server with description ServerDescription{address=ac-khxyvkv-shard-00-02.ltylxsp.mongodb.net:27017, type=REPLICA_SET_SECONDARY, cryptd=false, state=CONNECTED, ok=true, minWireVersion=0, maxWireVersion=25, maxDocumentSize=16777216, logicalSessionTimeoutMinutes=30, roundTripTimeNanos=187041900, minRoundTripTimeNanos=0, setName='atlas-6x6yvm-shard-0', canonicalAddress=ac-khxyvkv-shard-00-02.ltylxsp.mongodb.net:27017, hosts=[ac-khxyvkv-shard-00-00.ltylxsp.mongodb.net:27017, ac-khxyvkv-shard-00-01.ltylxsp.mongodb.net:27017, ac-khxyvkv-shard-00-02.ltylxsp.mongodb.net:27017], passives=[], arbiters=[], primary='ac-khxyvkv-shard-00-01.ltylxsp.mongodb.net:27017', tagSet=TagSet{[Tag{name='availabilityZone', value='euw3-az3'}, Tag{name='cacheState', value='READY'}, Tag{name='diskState', value='READY'}, Tag{name='nodeType', value='ELECTABLE'}, Tag{name='provider', value='AWS'}, Tag{name='region', value='EU_WEST_3'}, Tag{name='workloadType', value='OPERATIONAL'}]}, electionId=null, setVersion=36, topologyVersion=TopologyVersion{processId=6a10afacc3c0145a7299563d, counter=3}, lastWriteDate=Sat May 23 19:24:14 WAT 2026, lastUpdateTimeNanos=638390176615800}
2026-05-23T19:24:14.693+01:00  INFO 25220 --- [ReclamationService] [ngodb.net:27017] org.mongodb.driver.cluster               : Monitor thread successfully connected to server with description ServerDescription{address=ac-khxyvkv-shard-00-00.ltylxsp.mongodb.net:27017, type=REPLICA_SET_SECONDARY, cryptd=false, state=CONNECTED, ok=true, minWireVersion=0, maxWireVersion=25, maxDocumentSize=16777216, logicalSessionTimeoutMinutes=30, roundTripTimeNanos=190446000, minRoundTripTimeNanos=0, setName='atlas-6x6yvm-shard-0', canonicalAddress=ac-khxyvkv-shard-00-00.ltylxsp.mongodb.net:27017, hosts=[ac-khxyvkv-shard-00-00.ltylxsp.mongodb.net:27017, ac-khxyvkv-shard-00-01.ltylxsp.mongodb.net:27017, ac-khxyvkv-shard-00-02.ltylxsp.mongodb.net:27017], passives=[], arbiters=[], primary='ac-khxyvkv-shard-00-01.ltylxsp.mongodb.net:27017', tagSet=TagSet{[Tag{name='availabilityZone', value='euw3-az1'}, Tag{name='cacheState', value='READY'}, Tag{name='diskState', value='READY'}, Tag{name='nodeType', value='ELECTABLE'}, Tag{name='provider', value='AWS'}, Tag{name='region', value='EU_WEST_3'}, Tag{name='workloadType', value='OPERATIONAL'}]}, electionId=null, setVersion=36, topologyVersion=TopologyVersion{processId=6a10aaf2adb9cf8404387343, counter=4}, lastWriteDate=Sat May 23 19:24:14 WAT 2026, lastUpdateTimeNanos=638390180017600}
2026-05-23T19:24:14.693+01:00  INFO 25220 --- [ReclamationService] [ngodb.net:27017] org.mongodb.driver.cluster               : Monitor thread successfully connected to server with description ServerDescription{address=ac-khxyvkv-shard-00-01.ltylxsp.mongodb.net:27017, type=REPLICA_SET_PRIMARY, cryptd=false, state=CONNECTED, ok=true, minWireVersion=0, maxWireVersion=25, maxDocumentSize=16777216, logicalSessionTimeoutMinutes=30, roundTripTimeNanos=187677200, minRoundTripTimeNanos=0, setName='atlas-6x6yvm-shard-0', canonicalAddress=ac-khxyvkv-shard-00-01.ltylxsp.mongodb.net:27017, hosts=[ac-khxyvkv-shard-00-00.ltylxsp.mongodb.net:27017, ac-khxyvkv-shard-00-01.ltylxsp.mongodb.net:27017, ac-khxyvkv-shard-00-02.ltylxsp.mongodb.net:27017], passives=[], arbiters=[], primary='ac-khxyvkv-shard-00-01.ltylxsp.mongodb.net:27017', tagSet=TagSet{[Tag{name='availabilityZone', value='euw3-az2'}, Tag{name='cacheState', value='READY'}, Tag{name='diskState', value='READY'}, Tag{name='nodeType', value='ELECTABLE'}, Tag{name='provider', value='AWS'}, Tag{name='region', value='EU_WEST_3'}, Tag{name='workloadType', value='OPERATIONAL'}]}, electionId=7fffffff000000000000006b, setVersion=36, topologyVersion=TopologyVersion{processId=6a10ad2db025c004c20c2eaf, counter=6}, lastWriteDate=Sat May 23 19:24:14 WAT 2026, lastUpdateTimeNanos=638390177246200}
2026-05-23T19:24:14.705+01:00  INFO 25220 --- [ReclamationService] [ngodb.net:27017] org.mongodb.driver.cluster               : Discovered replica set primary ac-khxyvkv-shard-00-01.ltylxsp.mongodb.net:27017 with max election id 7fffffff000000000000006b and max set version 36
2026-05-23T20:43:43.030+01:00  INFO 25220 --- [ReclamationService] [ngodb.net:27017] org.mongodb.driver.cluster               : Exception in monitor thread while connecting to server ac-khxyvkv-shard-00-02.ltylxsp.mongodb.net:27017

com.mongodb.MongoSocketReadException: Exception receiving message
	at com.mongodb.internal.connection.InternalStreamConnection.translateReadException(InternalStreamConnection.java:814) ~[mongodb-driver-core-5.2.1.jar:na]
	at com.mongodb.internal.connection.InternalStreamConnection.receiveResponseBuffers(InternalStreamConnection.java:862) ~[mongodb-driver-core-5.2.1.jar:na]
	at com.mongodb.internal.connection.InternalStreamConnection.receiveCommandMessageResponse(InternalStreamConnection.java:517) ~[mongodb-driver-core-5.2.1.jar:na]
	at com.mongodb.internal.connection.InternalStreamConnection.receive(InternalStreamConnection.java:469) ~[mongodb-driver-core-5.2.1.jar:na]
	at com.mongodb.internal.connection.DefaultServerMonitor$ServerMonitor.lookupServerDescription(DefaultServerMonitor.java:249) ~[mongodb-driver-core-5.2.1.jar:na]
	at com.mongodb.internal.connection.DefaultServerMonitor$ServerMonitor.run(DefaultServerMonitor.java:176) ~[mongodb-driver-core-5.2.1.jar:na]
Caused by: java.net.SocketException: Connection reset
	at java.base/sun.nio.ch.NioSocketImpl.implRead(NioSocketImpl.java:328) ~[na:na]
	at java.base/sun.nio.ch.NioSocketImpl.read(NioSocketImpl.java:355) ~[na:na]
	at java.base/sun.nio.ch.NioSocketImpl$1.read(NioSocketImpl.java:808) ~[na:na]
	at java.base/java.net.Socket$SocketInputStream.read(Socket.java:966) ~[na:na]
	at java.base/sun.security.ssl.SSLSocketInputRecord.read(SSLSocketInputRecord.java:484) ~[na:na]
	at java.base/sun.security.ssl.SSLSocketInputRecord.readHeader(SSLSocketInputRecord.java:478) ~[na:na]
	at java.base/sun.security.ssl.SSLSocketInputRecord.bytesInCompletePacket(SSLSocketInputRecord.java:70) ~[na:na]
	at java.base/sun.security.ssl.SSLSocketImpl.readApplicationRecord(SSLSocketImpl.java:1461) ~[na:na]
	at java.base/sun.security.ssl.SSLSocketImpl$AppInputStream.read(SSLSocketImpl.java:1065) ~[na:na]
	at com.mongodb.internal.connection.SocketStream.read(SocketStream.java:182) ~[mongodb-driver-core-5.2.1.jar:na]
	at com.mongodb.internal.connection.InternalStreamConnection.receiveResponseBuffers(InternalStreamConnection.java:829) ~[mongodb-driver-core-5.2.1.jar:na]
	... 4 common frames omitted

2026-05-23T20:43:43.008+01:00  INFO 25220 --- [ReclamationService] [ngodb.net:27017] org.mongodb.driver.cluster               : Exception in monitor thread while connecting to server ac-khxyvkv-shard-00-01.ltylxsp.mongodb.net:27017

com.mongodb.MongoSocketReadException: Exception receiving message
	at com.mongodb.internal.connection.InternalStreamConnection.translateReadException(InternalStreamConnection.java:814) ~[mongodb-driver-core-5.2.1.jar:na]
	at com.mongodb.internal.connection.InternalStreamConnection.receiveResponseBuffers(InternalStreamConnection.java:862) ~[mongodb-driver-core-5.2.1.jar:na]
	at com.mongodb.internal.connection.InternalStreamConnection.receiveCommandMessageResponse(InternalStreamConnection.java:517) ~[mongodb-driver-core-5.2.1.jar:na]
	at com.mongodb.internal.connection.InternalStreamConnection.receive(InternalStreamConnection.java:469) ~[mongodb-driver-core-5.2.1.jar:na]
	at com.mongodb.internal.connection.DefaultServerMonitor$ServerMonitor.lookupServerDescription(DefaultServerMonitor.java:249) ~[mongodb-driver-core-5.2.1.jar:na]
	at com.mongodb.internal.connection.DefaultServerMonitor$ServerMonitor.run(DefaultServerMonitor.java:176) ~[mongodb-driver-core-5.2.1.jar:na]
Caused by: java.net.SocketException: Connection reset
	at java.base/sun.nio.ch.NioSocketImpl.implRead(NioSocketImpl.java:328) ~[na:na]
	at java.base/sun.nio.ch.NioSocketImpl.read(NioSocketImpl.java:355) ~[na:na]
	at java.base/sun.nio.ch.NioSocketImpl$1.read(NioSocketImpl.java:808) ~[na:na]
	at java.base/java.net.Socket$SocketInputStream.read(Socket.java:966) ~[na:na]
	at java.base/sun.security.ssl.SSLSocketInputRecord.read(SSLSocketInputRecord.java:484) ~[na:na]
	at java.base/sun.security.ssl.SSLSocketInputRecord.readHeader(SSLSocketInputRecord.java:478) ~[na:na]
	at java.base/sun.security.ssl.SSLSocketInputRecord.bytesInCompletePacket(SSLSocketInputRecord.java:70) ~[na:na]
	at java.base/sun.security.ssl.SSLSocketImpl.readApplicationRecord(SSLSocketImpl.java:1461) ~[na:na]
	at java.base/sun.security.ssl.SSLSocketImpl$AppInputStream.read(SSLSocketImpl.java:1065) ~[na:na]
	at com.mongodb.internal.connection.SocketStream.read(SocketStream.java:182) ~[mongodb-driver-core-5.2.1.jar:na]
	at com.mongodb.internal.connection.InternalStreamConnection.receiveResponseBuffers(InternalStreamConnection.java:829) ~[mongodb-driver-core-5.2.1.jar:na]
	... 4 common frames omitted

2026-05-23T20:43:43.007+01:00  INFO 25220 --- [ReclamationService] [ngodb.net:27017] org.mongodb.driver.cluster               : Exception in monitor thread while connecting to server ac-khxyvkv-shard-00-00.ltylxsp.mongodb.net:27017

com.mongodb.MongoSocketReadException: Exception receiving message
	at com.mongodb.internal.connection.InternalStreamConnection.translateReadException(InternalStreamConnection.java:814) ~[mongodb-driver-core-5.2.1.jar:na]
	at com.mongodb.internal.connection.InternalStreamConnection.receiveResponseBuffers(InternalStreamConnection.java:862) ~[mongodb-driver-core-5.2.1.jar:na]
	at com.mongodb.internal.connection.InternalStreamConnection.receiveCommandMessageResponse(InternalStreamConnection.java:517) ~[mongodb-driver-core-5.2.1.jar:na]
	at com.mongodb.internal.connection.InternalStreamConnection.receive(InternalStreamConnection.java:469) ~[mongodb-driver-core-5.2.1.jar:na]
	at com.mongodb.internal.connection.DefaultServerMonitor$ServerMonitor.lookupServerDescription(DefaultServerMonitor.java:249) ~[mongodb-driver-core-5.2.1.jar:na]
	at com.mongodb.internal.connection.DefaultServerMonitor$ServerMonitor.run(DefaultServerMonitor.java:176) ~[mongodb-driver-core-5.2.1.jar:na]
Caused by: java.net.SocketException: Connection reset
	at java.base/sun.nio.ch.NioSocketImpl.implRead(NioSocketImpl.java:328) ~[na:na]
	at java.base/sun.nio.ch.NioSocketImpl.read(NioSocketImpl.java:355) ~[na:na]
	at java.base/sun.nio.ch.NioSocketImpl$1.read(NioSocketImpl.java:808) ~[na:na]
	at java.base/java.net.Socket$SocketInputStream.read(Socket.java:966) ~[na:na]
	at java.base/sun.security.ssl.SSLSocketInputRecord.read(SSLSocketInputRecord.java:484) ~[na:na]
	at java.base/sun.security.ssl.SSLSocketInputRecord.readHeader(SSLSocketInputRecord.java:478) ~[na:na]
	at java.base/sun.security.ssl.SSLSocketInputRecord.bytesInCompletePacket(SSLSocketInputRecord.java:70) ~[na:na]
	at java.base/sun.security.ssl.SSLSocketImpl.readApplicationRecord(SSLSocketImpl.java:1461) ~[na:na]
	at java.base/sun.security.ssl.SSLSocketImpl$AppInputStream.read(SSLSocketImpl.java:1065) ~[na:na]
	at com.mongodb.internal.connection.SocketStream.read(SocketStream.java:182) ~[mongodb-driver-core-5.2.1.jar:na]
	at com.mongodb.internal.connection.InternalStreamConnection.receiveResponseBuffers(InternalStreamConnection.java:829) ~[mongodb-driver-core-5.2.1.jar:na]
	... 4 common frames omitted

2026-05-23T20:43:43.566+01:00  INFO 25220 --- [ReclamationService] [ngodb.net:27017] org.mongodb.driver.cluster               : Exception in monitor thread while connecting to server ac-khxyvkv-shard-00-01.ltylxsp.mongodb.net:27017

com.mongodb.MongoSocketException: Hôte inconnu (ac-khxyvkv-shard-00-01.ltylxsp.mongodb.net)
	at com.mongodb.internal.connection.ServerAddressHelper.getSocketAddresses(ServerAddressHelper.java:75) ~[mongodb-driver-core-5.2.1.jar:na]
	at com.mongodb.internal.connection.SocketStream.initializeSocket(SocketStream.java:100) ~[mongodb-driver-core-5.2.1.jar:na]
	at com.mongodb.internal.connection.SocketStream.open(SocketStream.java:79) ~[mongodb-driver-core-5.2.1.jar:na]
	at com.mongodb.internal.connection.InternalStreamConnection.open(InternalStreamConnection.java:233) ~[mongodb-driver-core-5.2.1.jar:na]
	at com.mongodb.internal.connection.DefaultServerMonitor$ServerMonitor.lookupServerDescription(DefaultServerMonitor.java:219) ~[mongodb-driver-core-5.2.1.jar:na]
	at com.mongodb.internal.connection.DefaultServerMonitor$ServerMonitor.run(DefaultServerMonitor.java:176) ~[mongodb-driver-core-5.2.1.jar:na]
Caused by: java.net.UnknownHostException: Hôte inconnu (ac-khxyvkv-shard-00-01.ltylxsp.mongodb.net)
	at java.base/java.net.Inet6AddressImpl.lookupAllHostAddr(Native Method) ~[na:na]
	at java.base/java.net.InetAddress$PlatformNameService.lookupAllHostAddr(InetAddress.java:933) ~[na:na]
	at java.base/java.net.InetAddress.getAddressesFromNameService(InetAddress.java:1543) ~[na:na]
	at java.base/java.net.InetAddress$NameServiceAddresses.get(InetAddress.java:852) ~[na:na]
	at java.base/java.net.InetAddress.getAllByName0(InetAddress.java:1532) ~[na:na]
	at java.base/java.net.InetAddress.getAllByName(InetAddress.java:1384) ~[na:na]
	at java.base/java.net.InetAddress.getAllByName(InetAddress.java:1305) ~[na:na]
	at com.mongodb.internal.connection.DefaultInetAddressResolver.lookupByName(DefaultInetAddressResolver.java:34) ~[mongodb-driver-core-5.2.1.jar:na]
	at com.mongodb.internal.connection.ServerAddressHelper.getSocketAddresses(ServerAddressHelper.java:71) ~[mongodb-driver-core-5.2.1.jar:na]
	... 5 common frames omitted

2026-05-23T20:43:43.566+01:00  INFO 25220 --- [ReclamationService] [ngodb.net:27017] org.mongodb.driver.cluster               : Exception in monitor thread while connecting to server ac-khxyvkv-shard-00-02.ltylxsp.mongodb.net:27017

com.mongodb.MongoSocketException: Hôte inconnu (ac-khxyvkv-shard-00-02.ltylxsp.mongodb.net)
	at com.mongodb.internal.connection.ServerAddressHelper.getSocketAddresses(ServerAddressHelper.java:75) ~[mongodb-driver-core-5.2.1.jar:na]
	at com.mongodb.internal.connection.SocketStream.initializeSocket(SocketStream.java:100) ~[mongodb-driver-core-5.2.1.jar:na]
	at com.mongodb.internal.connection.SocketStream.open(SocketStream.java:79) ~[mongodb-driver-core-5.2.1.jar:na]
	at com.mongodb.internal.connection.InternalStreamConnection.open(InternalStreamConnection.java:233) ~[mongodb-driver-core-5.2.1.jar:na]
	at com.mongodb.internal.connection.DefaultServerMonitor$ServerMonitor.lookupServerDescription(DefaultServerMonitor.java:219) ~[mongodb-driver-core-5.2.1.jar:na]
	at com.mongodb.internal.connection.DefaultServerMonitor$ServerMonitor.run(DefaultServerMonitor.java:176) ~[mongodb-driver-core-5.2.1.jar:na]
Caused by: java.net.UnknownHostException: Hôte inconnu (ac-khxyvkv-shard-00-02.ltylxsp.mongodb.net)
	at java.base/java.net.Inet6AddressImpl.lookupAllHostAddr(Native Method) ~[na:na]
	at java.base/java.net.InetAddress$PlatformNameService.lookupAllHostAddr(InetAddress.java:933) ~[na:na]
	at java.base/java.net.InetAddress.getAddressesFromNameService(InetAddress.java:1543) ~[na:na]
	at java.base/java.net.InetAddress$NameServiceAddresses.get(InetAddress.java:852) ~[na:na]
	at java.base/java.net.InetAddress.getAllByName0(InetAddress.java:1532) ~[na:na]
	at java.base/java.net.InetAddress.getAllByName(InetAddress.java:1384) ~[na:na]
	at java.base/java.net.InetAddress.getAllByName(InetAddress.java:1305) ~[na:na]
	at com.mongodb.internal.connection.DefaultInetAddressResolver.lookupByName(DefaultInetAddressResolver.java:34) ~[mongodb-driver-core-5.2.1.jar:na]
	at com.mongodb.internal.connection.ServerAddressHelper.getSocketAddresses(ServerAddressHelper.java:71) ~[mongodb-driver-core-5.2.1.jar:na]
	... 5 common frames omitted

2026-05-23T20:43:43.566+01:00  INFO 25220 --- [ReclamationService] [ngodb.net:27017] org.mongodb.driver.cluster               : Exception in monitor thread while connecting to server ac-khxyvkv-shard-00-00.ltylxsp.mongodb.net:27017

com.mongodb.MongoSocketException: Hôte inconnu (ac-khxyvkv-shard-00-00.ltylxsp.mongodb.net)
	at com.mongodb.internal.connection.ServerAddressHelper.getSocketAddresses(ServerAddressHelper.java:75) ~[mongodb-driver-core-5.2.1.jar:na]
	at com.mongodb.internal.connection.SocketStream.initializeSocket(SocketStream.java:100) ~[mongodb-driver-core-5.2.1.jar:na]
	at com.mongodb.internal.connection.SocketStream.open(SocketStream.java:79) ~[mongodb-driver-core-5.2.1.jar:na]
	at com.mongodb.internal.connection.InternalStreamConnection.open(InternalStreamConnection.java:233) ~[mongodb-driver-core-5.2.1.jar:na]
	at com.mongodb.internal.connection.DefaultServerMonitor$ServerMonitor.lookupServerDescription(DefaultServerMonitor.java:219) ~[mongodb-driver-core-5.2.1.jar:na]
	at com.mongodb.internal.connection.DefaultServerMonitor$ServerMonitor.run(DefaultServerMonitor.java:176) ~[mongodb-driver-core-5.2.1.jar:na]
Caused by: java.net.UnknownHostException: Hôte inconnu (ac-khxyvkv-shard-00-00.ltylxsp.mongodb.net)
	at java.base/java.net.Inet6AddressImpl.lookupAllHostAddr(Native Method) ~[na:na]
	at java.base/java.net.InetAddress$PlatformNameService.lookupAllHostAddr(InetAddress.java:933) ~[na:na]
	at java.base/java.net.InetAddress.getAddressesFromNameService(InetAddress.java:1543) ~[na:na]
	at java.base/java.net.InetAddress$NameServiceAddresses.get(InetAddress.java:852) ~[na:na]
	at java.base/java.net.InetAddress.getAllByName0(InetAddress.java:1532) ~[na:na]
	at java.base/java.net.InetAddress.getAllByName(InetAddress.java:1384) ~[na:na]
	at java.base/java.net.InetAddress.getAllByName(InetAddress.java:1305) ~[na:na]
	at com.mongodb.internal.connection.DefaultInetAddressResolver.lookupByName(DefaultInetAddressResolver.java:34) ~[mongodb-driver-core-5.2.1.jar:na]
	at com.mongodb.internal.connection.ServerAddressHelper.getSocketAddresses(ServerAddressHelper.java:71) ~[mongodb-driver-core-5.2.1.jar:na]
	... 5 common frames omitted

2026-05-23T20:43:54.142+01:00  INFO 25220 --- [ReclamationService] [ngodb.net:27017] org.mongodb.driver.cluster               : Monitor thread successfully connected to server with description ServerDescription{address=ac-khxyvkv-shard-00-01.ltylxsp.mongodb.net:27017, type=REPLICA_SET_PRIMARY, cryptd=false, state=CONNECTED, ok=true, minWireVersion=0, maxWireVersion=25, maxDocumentSize=16777216, logicalSessionTimeoutMinutes=30, roundTripTimeNanos=391378300, minRoundTripTimeNanos=0, setName='atlas-6x6yvm-shard-0', canonicalAddress=ac-khxyvkv-shard-00-01.ltylxsp.mongodb.net:27017, hosts=[ac-khxyvkv-shard-00-00.ltylxsp.mongodb.net:27017, ac-khxyvkv-shard-00-01.ltylxsp.mongodb.net:27017, ac-khxyvkv-shard-00-02.ltylxsp.mongodb.net:27017], passives=[], arbiters=[], primary='ac-khxyvkv-shard-00-01.ltylxsp.mongodb.net:27017', tagSet=TagSet{[Tag{name='availabilityZone', value='euw3-az2'}, Tag{name='cacheState', value='READY'}, Tag{name='diskState', value='READY'}, Tag{name='nodeType', value='ELECTABLE'}, Tag{name='provider', value='AWS'}, Tag{name='region', value='EU_WEST_3'}, Tag{name='workloadType', value='OPERATIONAL'}]}, electionId=7fffffff000000000000006b, setVersion=36, topologyVersion=TopologyVersion{processId=6a10ad2db025c004c20c2eaf, counter=6}, lastWriteDate=Sat May 23 20:43:53 WAT 2026, lastUpdateTimeNanos=643169628570700}
2026-05-23T20:43:54.141+01:00  INFO 25220 --- [ReclamationService] [ngodb.net:27017] org.mongodb.driver.cluster               : Monitor thread successfully connected to server with description ServerDescription{address=ac-khxyvkv-shard-00-00.ltylxsp.mongodb.net:27017, type=REPLICA_SET_SECONDARY, cryptd=false, state=CONNECTED, ok=true, minWireVersion=0, maxWireVersion=25, maxDocumentSize=16777216, logicalSessionTimeoutMinutes=30, roundTripTimeNanos=391386400, minRoundTripTimeNanos=0, setName='atlas-6x6yvm-shard-0', canonicalAddress=ac-khxyvkv-shard-00-00.ltylxsp.mongodb.net:27017, hosts=[ac-khxyvkv-shard-00-00.ltylxsp.mongodb.net:27017, ac-khxyvkv-shard-00-01.ltylxsp.mongodb.net:27017, ac-khxyvkv-shard-00-02.ltylxsp.mongodb.net:27017], passives=[], arbiters=[], primary='ac-khxyvkv-shard-00-01.ltylxsp.mongodb.net:27017', tagSet=TagSet{[Tag{name='availabilityZone', value='euw3-az1'}, Tag{name='cacheState', value='READY'}, Tag{name='diskState', value='READY'}, Tag{name='nodeType', value='ELECTABLE'}, Tag{name='provider', value='AWS'}, Tag{name='region', value='EU_WEST_3'}, Tag{name='workloadType', value='OPERATIONAL'}]}, electionId=null, setVersion=36, topologyVersion=TopologyVersion{processId=6a10aaf2adb9cf8404387343, counter=4}, lastWriteDate=Sat May 23 20:43:53 WAT 2026, lastUpdateTimeNanos=643169628576100}
2026-05-23T20:43:54.152+01:00  INFO 25220 --- [ReclamationService] [ngodb.net:27017] org.mongodb.driver.cluster               : Discovered replica set primary ac-khxyvkv-shard-00-01.ltylxsp.mongodb.net:27017 with max election id 7fffffff000000000000006b and max set version 36
2026-05-23T20:43:54.181+01:00  INFO 25220 --- [ReclamationService] [ngodb.net:27017] org.mongodb.driver.cluster               : Monitor thread successfully connected to server with description ServerDescription{address=ac-khxyvkv-shard-00-02.ltylxsp.mongodb.net:27017, type=REPLICA_SET_SECONDARY, cryptd=false, state=CONNECTED, ok=true, minWireVersion=0, maxWireVersion=25, maxDocumentSize=16777216, logicalSessionTimeoutMinutes=30, roundTripTimeNanos=437061100, minRoundTripTimeNanos=0, setName='atlas-6x6yvm-shard-0', canonicalAddress=ac-khxyvkv-shard-00-02.ltylxsp.mongodb.net:27017, hosts=[ac-khxyvkv-shard-00-00.ltylxsp.mongodb.net:27017, ac-khxyvkv-shard-00-01.ltylxsp.mongodb.net:27017, ac-khxyvkv-shard-00-02.ltylxsp.mongodb.net:27017], passives=[], arbiters=[], primary='ac-khxyvkv-shard-00-01.ltylxsp.mongodb.net:27017', tagSet=TagSet{[Tag{name='availabilityZone', value='euw3-az3'}, Tag{name='cacheState', value='READY'}, Tag{name='diskState', value='READY'}, Tag{name='nodeType', value='ELECTABLE'}, Tag{name='provider', value='AWS'}, Tag{name='region', value='EU_WEST_3'}, Tag{name='workloadType', value='OPERATIONAL'}]}, electionId=null, setVersion=36, topologyVersion=TopologyVersion{processId=6a10afacc3c0145a7299563d, counter=3}, lastWriteDate=Sat May 23 20:43:53 WAT 2026, lastUpdateTimeNanos=643169673986800}
2026-05-25T02:02:14.588+01:00  INFO 25220 --- [ReclamationService] [ngodb.net:27017] org.mongodb.driver.cluster               : Exception in monitor thread while connecting to server ac-khxyvkv-shard-00-02.ltylxsp.mongodb.net:27017

com.mongodb.MongoSocketReadException: Exception receiving message
	at com.mongodb.internal.connection.InternalStreamConnection.translateReadException(InternalStreamConnection.java:814) ~[mongodb-driver-core-5.2.1.jar:na]
	at com.mongodb.internal.connection.InternalStreamConnection.receiveResponseBuffers(InternalStreamConnection.java:862) ~[mongodb-driver-core-5.2.1.jar:na]
	at com.mongodb.internal.connection.InternalStreamConnection.receiveCommandMessageResponse(InternalStreamConnection.java:517) ~[mongodb-driver-core-5.2.1.jar:na]
	at com.mongodb.internal.connection.InternalStreamConnection.receive(InternalStreamConnection.java:469) ~[mongodb-driver-core-5.2.1.jar:na]
	at com.mongodb.internal.connection.DefaultServerMonitor$ServerMonitor.lookupServerDescription(DefaultServerMonitor.java:249) ~[mongodb-driver-core-5.2.1.jar:na]
	at com.mongodb.internal.connection.DefaultServerMonitor$ServerMonitor.run(DefaultServerMonitor.java:176) ~[mongodb-driver-core-5.2.1.jar:na]
Caused by: java.net.SocketException: Connection reset
	at java.base/sun.nio.ch.NioSocketImpl.implRead(NioSocketImpl.java:328) ~[na:na]
	at java.base/sun.nio.ch.NioSocketImpl.read(NioSocketImpl.java:355) ~[na:na]
	at java.base/sun.nio.ch.NioSocketImpl$1.read(NioSocketImpl.java:808) ~[na:na]
	at java.base/java.net.Socket$SocketInputStream.read(Socket.java:966) ~[na:na]
	at java.base/sun.security.ssl.SSLSocketInputRecord.read(SSLSocketInputRecord.java:484) ~[na:na]
	at java.base/sun.security.ssl.SSLSocketInputRecord.readHeader(SSLSocketInputRecord.java:478) ~[na:na]
	at java.base/sun.security.ssl.SSLSocketInputRecord.bytesInCompletePacket(SSLSocketInputRecord.java:70) ~[na:na]
	at java.base/sun.security.ssl.SSLSocketImpl.readApplicationRecord(SSLSocketImpl.java:1461) ~[na:na]
	at java.base/sun.security.ssl.SSLSocketImpl$AppInputStream.read(SSLSocketImpl.java:1065) ~[na:na]
	at com.mongodb.internal.connection.SocketStream.read(SocketStream.java:182) ~[mongodb-driver-core-5.2.1.jar:na]
	at com.mongodb.internal.connection.InternalStreamConnection.receiveResponseBuffers(InternalStreamConnection.java:829) ~[mongodb-driver-core-5.2.1.jar:na]
	... 4 common frames omitted

2026-05-25T02:02:14.587+01:00  INFO 25220 --- [ReclamationService] [ngodb.net:27017] org.mongodb.driver.cluster               : Exception in monitor thread while connecting to server ac-khxyvkv-shard-00-00.ltylxsp.mongodb.net:27017

com.mongodb.MongoSocketReadException: Exception receiving message
	at com.mongodb.internal.connection.InternalStreamConnection.translateReadException(InternalStreamConnection.java:814) ~[mongodb-driver-core-5.2.1.jar:na]
	at com.mongodb.internal.connection.InternalStreamConnection.receiveResponseBuffers(InternalStreamConnection.java:862) ~[mongodb-driver-core-5.2.1.jar:na]
	at com.mongodb.internal.connection.InternalStreamConnection.receiveCommandMessageResponse(InternalStreamConnection.java:517) ~[mongodb-driver-core-5.2.1.jar:na]
	at com.mongodb.internal.connection.InternalStreamConnection.receive(InternalStreamConnection.java:469) ~[mongodb-driver-core-5.2.1.jar:na]
	at com.mongodb.internal.connection.DefaultServerMonitor$ServerMonitor.lookupServerDescription(DefaultServerMonitor.java:249) ~[mongodb-driver-core-5.2.1.jar:na]
	at com.mongodb.internal.connection.DefaultServerMonitor$ServerMonitor.run(DefaultServerMonitor.java:176) ~[mongodb-driver-core-5.2.1.jar:na]
Caused by: java.net.SocketException: Connection reset
	at java.base/sun.nio.ch.NioSocketImpl.implRead(NioSocketImpl.java:328) ~[na:na]
	at java.base/sun.nio.ch.NioSocketImpl.read(NioSocketImpl.java:355) ~[na:na]
	at java.base/sun.nio.ch.NioSocketImpl$1.read(NioSocketImpl.java:808) ~[na:na]
	at java.base/java.net.Socket$SocketInputStream.read(Socket.java:966) ~[na:na]
	at java.base/sun.security.ssl.SSLSocketInputRecord.read(SSLSocketInputRecord.java:484) ~[na:na]
	at java.base/sun.security.ssl.SSLSocketInputRecord.readHeader(SSLSocketInputRecord.java:478) ~[na:na]
	at java.base/sun.security.ssl.SSLSocketInputRecord.bytesInCompletePacket(SSLSocketInputRecord.java:70) ~[na:na]
	at java.base/sun.security.ssl.SSLSocketImpl.readApplicationRecord(SSLSocketImpl.java:1461) ~[na:na]
	at java.base/sun.security.ssl.SSLSocketImpl$AppInputStream.read(SSLSocketImpl.java:1065) ~[na:na]
	at com.mongodb.internal.connection.SocketStream.read(SocketStream.java:182) ~[mongodb-driver-core-5.2.1.jar:na]
	at com.mongodb.internal.connection.InternalStreamConnection.receiveResponseBuffers(InternalStreamConnection.java:829) ~[mongodb-driver-core-5.2.1.jar:na]
	... 4 common frames omitted

2026-05-25T02:02:14.587+01:00  INFO 25220 --- [ReclamationService] [ngodb.net:27017] org.mongodb.driver.cluster               : Exception in monitor thread while connecting to server ac-khxyvkv-shard-00-01.ltylxsp.mongodb.net:27017

com.mongodb.MongoSocketReadException: Exception receiving message
	at com.mongodb.internal.connection.InternalStreamConnection.translateReadException(InternalStreamConnection.java:814) ~[mongodb-driver-core-5.2.1.jar:na]
	at com.mongodb.internal.connection.InternalStreamConnection.receiveResponseBuffers(InternalStreamConnection.java:862) ~[mongodb-driver-core-5.2.1.jar:na]
	at com.mongodb.internal.connection.InternalStreamConnection.receiveCommandMessageResponse(InternalStreamConnection.java:517) ~[mongodb-driver-core-5.2.1.jar:na]
	at com.mongodb.internal.connection.InternalStreamConnection.receive(InternalStreamConnection.java:469) ~[mongodb-driver-core-5.2.1.jar:na]
	at com.mongodb.internal.connection.DefaultServerMonitor$ServerMonitor.lookupServerDescription(DefaultServerMonitor.java:249) ~[mongodb-driver-core-5.2.1.jar:na]
	at com.mongodb.internal.connection.DefaultServerMonitor$ServerMonitor.run(DefaultServerMonitor.java:176) ~[mongodb-driver-core-5.2.1.jar:na]
Caused by: java.net.SocketException: Connection reset
	at java.base/sun.nio.ch.NioSocketImpl.implRead(NioSocketImpl.java:328) ~[na:na]
	at java.base/sun.nio.ch.NioSocketImpl.read(NioSocketImpl.java:355) ~[na:na]
	at java.base/sun.nio.ch.NioSocketImpl$1.read(NioSocketImpl.java:808) ~[na:na]
	at java.base/java.net.Socket$SocketInputStream.read(Socket.java:966) ~[na:na]
	at java.base/sun.security.ssl.SSLSocketInputRecord.read(SSLSocketInputRecord.java:484) ~[na:na]
	at java.base/sun.security.ssl.SSLSocketInputRecord.readHeader(SSLSocketInputRecord.java:478) ~[na:na]
	at java.base/sun.security.ssl.SSLSocketInputRecord.bytesInCompletePacket(SSLSocketInputRecord.java:70) ~[na:na]
	at java.base/sun.security.ssl.SSLSocketImpl.readApplicationRecord(SSLSocketImpl.java:1461) ~[na:na]
	at java.base/sun.security.ssl.SSLSocketImpl$AppInputStream.read(SSLSocketImpl.java:1065) ~[na:na]
	at com.mongodb.internal.connection.SocketStream.read(SocketStream.java:182) ~[mongodb-driver-core-5.2.1.jar:na]
	at com.mongodb.internal.connection.InternalStreamConnection.receiveResponseBuffers(InternalStreamConnection.java:829) ~[mongodb-driver-core-5.2.1.jar:na]
	... 4 common frames omitted

2026-05-25T02:02:15.427+01:00  INFO 25220 --- [ReclamationService] [ngodb.net:27017] org.mongodb.driver.cluster               : Exception in monitor thread while connecting to server ac-khxyvkv-shard-00-01.ltylxsp.mongodb.net:27017

com.mongodb.MongoSocketException: Hôte inconnu (ac-khxyvkv-shard-00-01.ltylxsp.mongodb.net)
	at com.mongodb.internal.connection.ServerAddressHelper.getSocketAddresses(ServerAddressHelper.java:75) ~[mongodb-driver-core-5.2.1.jar:na]
	at com.mongodb.internal.connection.SocketStream.initializeSocket(SocketStream.java:100) ~[mongodb-driver-core-5.2.1.jar:na]
	at com.mongodb.internal.connection.SocketStream.open(SocketStream.java:79) ~[mongodb-driver-core-5.2.1.jar:na]
	at com.mongodb.internal.connection.InternalStreamConnection.open(InternalStreamConnection.java:233) ~[mongodb-driver-core-5.2.1.jar:na]
	at com.mongodb.internal.connection.DefaultServerMonitor$ServerMonitor.lookupServerDescription(DefaultServerMonitor.java:219) ~[mongodb-driver-core-5.2.1.jar:na]
	at com.mongodb.internal.connection.DefaultServerMonitor$ServerMonitor.run(DefaultServerMonitor.java:176) ~[mongodb-driver-core-5.2.1.jar:na]
Caused by: java.net.UnknownHostException: Hôte inconnu (ac-khxyvkv-shard-00-01.ltylxsp.mongodb.net)
	at java.base/java.net.Inet6AddressImpl.lookupAllHostAddr(Native Method) ~[na:na]
	at java.base/java.net.InetAddress$PlatformNameService.lookupAllHostAddr(InetAddress.java:933) ~[na:na]
	at java.base/java.net.InetAddress.getAddressesFromNameService(InetAddress.java:1543) ~[na:na]
	at java.base/java.net.InetAddress$NameServiceAddresses.get(InetAddress.java:852) ~[na:na]
	at java.base/java.net.InetAddress.getAllByName0(InetAddress.java:1532) ~[na:na]
	at java.base/java.net.InetAddress.getAllByName(InetAddress.java:1384) ~[na:na]
	at java.base/java.net.InetAddress.getAllByName(InetAddress.java:1305) ~[na:na]
	at com.mongodb.internal.connection.DefaultInetAddressResolver.lookupByName(DefaultInetAddressResolver.java:34) ~[mongodb-driver-core-5.2.1.jar:na]
	at com.mongodb.internal.connection.ServerAddressHelper.getSocketAddresses(ServerAddressHelper.java:71) ~[mongodb-driver-core-5.2.1.jar:na]
	... 5 common frames omitted

2026-05-25T02:02:15.429+01:00  INFO 25220 --- [ReclamationService] [ngodb.net:27017] org.mongodb.driver.cluster               : Exception in monitor thread while connecting to server ac-khxyvkv-shard-00-00.ltylxsp.mongodb.net:27017

com.mongodb.MongoSocketException: Hôte inconnu (ac-khxyvkv-shard-00-00.ltylxsp.mongodb.net)
	at com.mongodb.internal.connection.ServerAddressHelper.getSocketAddresses(ServerAddressHelper.java:75) ~[mongodb-driver-core-5.2.1.jar:na]
	at com.mongodb.internal.connection.SocketStream.initializeSocket(SocketStream.java:100) ~[mongodb-driver-core-5.2.1.jar:na]
	at com.mongodb.internal.connection.SocketStream.open(SocketStream.java:79) ~[mongodb-driver-core-5.2.1.jar:na]
	at com.mongodb.internal.connection.InternalStreamConnection.open(InternalStreamConnection.java:233) ~[mongodb-driver-core-5.2.1.jar:na]
	at com.mongodb.internal.connection.DefaultServerMonitor$ServerMonitor.lookupServerDescription(DefaultServerMonitor.java:219) ~[mongodb-driver-core-5.2.1.jar:na]
	at com.mongodb.internal.connection.DefaultServerMonitor$ServerMonitor.run(DefaultServerMonitor.java:176) ~[mongodb-driver-core-5.2.1.jar:na]
Caused by: java.net.UnknownHostException: Hôte inconnu (ac-khxyvkv-shard-00-00.ltylxsp.mongodb.net)
	at java.base/java.net.Inet6AddressImpl.lookupAllHostAddr(Native Method) ~[na:na]
	at java.base/java.net.InetAddress$PlatformNameService.lookupAllHostAddr(InetAddress.java:933) ~[na:na]
	at java.base/java.net.InetAddress.getAddressesFromNameService(InetAddress.java:1543) ~[na:na]
	at java.base/java.net.InetAddress$NameServiceAddresses.get(InetAddress.java:852) ~[na:na]
	at java.base/java.net.InetAddress.getAllByName0(InetAddress.java:1532) ~[na:na]
	at java.base/java.net.InetAddress.getAllByName(InetAddress.java:1384) ~[na:na]
	at java.base/java.net.InetAddress.getAllByName(InetAddress.java:1305) ~[na:na]
	at com.mongodb.internal.connection.DefaultInetAddressResolver.lookupByName(DefaultInetAddressResolver.java:34) ~[mongodb-driver-core-5.2.1.jar:na]
	at com.mongodb.internal.connection.ServerAddressHelper.getSocketAddresses(ServerAddressHelper.java:71) ~[mongodb-driver-core-5.2.1.jar:na]
	... 5 common frames omitted

2026-05-25T02:02:15.428+01:00  INFO 25220 --- [ReclamationService] [ngodb.net:27017] org.mongodb.driver.cluster               : Exception in monitor thread while connecting to server ac-khxyvkv-shard-00-02.ltylxsp.mongodb.net:27017

com.mongodb.MongoSocketException: Hôte inconnu (ac-khxyvkv-shard-00-02.ltylxsp.mongodb.net)
	at com.mongodb.internal.connection.ServerAddressHelper.getSocketAddresses(ServerAddressHelper.java:75) ~[mongodb-driver-core-5.2.1.jar:na]
	at com.mongodb.internal.connection.SocketStream.initializeSocket(SocketStream.java:100) ~[mongodb-driver-core-5.2.1.jar:na]
	at com.mongodb.internal.connection.SocketStream.open(SocketStream.java:79) ~[mongodb-driver-core-5.2.1.jar:na]
	at com.mongodb.internal.connection.InternalStreamConnection.open(InternalStreamConnection.java:233) ~[mongodb-driver-core-5.2.1.jar:na]
	at com.mongodb.internal.connection.DefaultServerMonitor$ServerMonitor.lookupServerDescription(DefaultServerMonitor.java:219) ~[mongodb-driver-core-5.2.1.jar:na]
	at com.mongodb.internal.connection.DefaultServerMonitor$ServerMonitor.run(DefaultServerMonitor.java:176) ~[mongodb-driver-core-5.2.1.jar:na]
Caused by: java.net.UnknownHostException: Hôte inconnu (ac-khxyvkv-shard-00-02.ltylxsp.mongodb.net)
	at java.base/java.net.Inet6AddressImpl.lookupAllHostAddr(Native Method) ~[na:na]
	at java.base/java.net.InetAddress$PlatformNameService.lookupAllHostAddr(InetAddress.java:933) ~[na:na]
	at java.base/java.net.InetAddress.getAddressesFromNameService(InetAddress.java:1543) ~[na:na]
	at java.base/java.net.InetAddress$NameServiceAddresses.get(InetAddress.java:852) ~[na:na]
	at java.base/java.net.InetAddress.getAllByName0(InetAddress.java:1532) ~[na:na]
	at java.base/java.net.InetAddress.getAllByName(InetAddress.java:1384) ~[na:na]
	at java.base/java.net.InetAddress.getAllByName(InetAddress.java:1305) ~[na:na]
	at com.mongodb.internal.connection.DefaultInetAddressResolver.lookupByName(DefaultInetAddressResolver.java:34) ~[mongodb-driver-core-5.2.1.jar:na]
	at com.mongodb.internal.connection.ServerAddressHelper.getSocketAddresses(ServerAddressHelper.java:71) ~[mongodb-driver-core-5.2.1.jar:na]
	... 5 common frames omitted

2026-05-25T02:02:35.456+01:00  INFO 25220 --- [ReclamationService] [ngodb.net:27017] org.mongodb.driver.cluster               : Exception in monitor thread while connecting to server ac-khxyvkv-shard-00-00.ltylxsp.mongodb.net:27017

com.mongodb.MongoSocketException: ac-khxyvkv-shard-00-00.ltylxsp.mongodb.net
	at com.mongodb.internal.connection.ServerAddressHelper.getSocketAddresses(ServerAddressHelper.java:75) ~[mongodb-driver-core-5.2.1.jar:na]
	at com.mongodb.internal.connection.SocketStream.initializeSocket(SocketStream.java:100) ~[mongodb-driver-core-5.2.1.jar:na]
	at com.mongodb.internal.connection.SocketStream.open(SocketStream.java:79) ~[mongodb-driver-core-5.2.1.jar:na]
	at com.mongodb.internal.connection.InternalStreamConnection.open(InternalStreamConnection.java:233) ~[mongodb-driver-core-5.2.1.jar:na]
	at com.mongodb.internal.connection.DefaultServerMonitor$ServerMonitor.lookupServerDescription(DefaultServerMonitor.java:219) ~[mongodb-driver-core-5.2.1.jar:na]
	at com.mongodb.internal.connection.DefaultServerMonitor$ServerMonitor.run(DefaultServerMonitor.java:176) ~[mongodb-driver-core-5.2.1.jar:na]
Caused by: java.net.UnknownHostException: ac-khxyvkv-shard-00-00.ltylxsp.mongodb.net
	at java.base/java.net.InetAddress$CachedAddresses.get(InetAddress.java:801) ~[na:na]
	at java.base/java.net.InetAddress.getAllByName0(InetAddress.java:1532) ~[na:na]
	at java.base/java.net.InetAddress.getAllByName(InetAddress.java:1384) ~[na:na]
	at java.base/java.net.InetAddress.getAllByName(InetAddress.java:1305) ~[na:na]
	at com.mongodb.internal.connection.DefaultInetAddressResolver.lookupByName(DefaultInetAddressResolver.java:34) ~[mongodb-driver-core-5.2.1.jar:na]
	at com.mongodb.internal.connection.ServerAddressHelper.getSocketAddresses(ServerAddressHelper.java:71) ~[mongodb-driver-core-5.2.1.jar:na]
	... 5 common frames omitted

2026-05-25T02:02:36.795+01:00  INFO 25220 --- [ReclamationService] [ngodb.net:27017] org.mongodb.driver.cluster               : Monitor thread successfully connected to server with description ServerDescription{address=ac-khxyvkv-shard-00-02.ltylxsp.mongodb.net:27017, type=REPLICA_SET_SECONDARY, cryptd=false, state=CONNECTED, ok=true, minWireVersion=0, maxWireVersion=25, maxDocumentSize=16777216, logicalSessionTimeoutMinutes=30, roundTripTimeNanos=1082088300, minRoundTripTimeNanos=0, setName='atlas-6x6yvm-shard-0', canonicalAddress=ac-khxyvkv-shard-00-02.ltylxsp.mongodb.net:27017, hosts=[ac-khxyvkv-shard-00-00.ltylxsp.mongodb.net:27017, ac-khxyvkv-shard-00-01.ltylxsp.mongodb.net:27017, ac-khxyvkv-shard-00-02.ltylxsp.mongodb.net:27017], passives=[], arbiters=[], primary='ac-khxyvkv-shard-00-01.ltylxsp.mongodb.net:27017', tagSet=TagSet{[Tag{name='availabilityZone', value='euw3-az3'}, Tag{name='cacheState', value='READY'}, Tag{name='diskState', value='READY'}, Tag{name='nodeType', value='ELECTABLE'}, Tag{name='provider', value='AWS'}, Tag{name='region', value='EU_WEST_3'}, Tag{name='workloadType', value='OPERATIONAL'}]}, electionId=null, setVersion=36, topologyVersion=TopologyVersion{processId=6a10afacc3c0145a7299563d, counter=3}, lastWriteDate=Mon May 25 02:02:35 WAT 2026, lastUpdateTimeNanos=748698547471800}
2026-05-25T02:02:36.795+01:00  INFO 25220 --- [ReclamationService] [ngodb.net:27017] org.mongodb.driver.cluster               : Monitor thread successfully connected to server with description ServerDescription{address=ac-khxyvkv-shard-00-01.ltylxsp.mongodb.net:27017, type=REPLICA_SET_PRIMARY, cryptd=false, state=CONNECTED, ok=true, minWireVersion=0, maxWireVersion=25, maxDocumentSize=16777216, logicalSessionTimeoutMinutes=30, roundTripTimeNanos=1082071800, minRoundTripTimeNanos=0, setName='atlas-6x6yvm-shard-0', canonicalAddress=ac-khxyvkv-shard-00-01.ltylxsp.mongodb.net:27017, hosts=[ac-khxyvkv-shard-00-00.ltylxsp.mongodb.net:27017, ac-khxyvkv-shard-00-01.ltylxsp.mongodb.net:27017, ac-khxyvkv-shard-00-02.ltylxsp.mongodb.net:27017], passives=[], arbiters=[], primary='ac-khxyvkv-shard-00-01.ltylxsp.mongodb.net:27017', tagSet=TagSet{[Tag{name='availabilityZone', value='euw3-az2'}, Tag{name='cacheState', value='READY'}, Tag{name='diskState', value='READY'}, Tag{name='nodeType', value='ELECTABLE'}, Tag{name='provider', value='AWS'}, Tag{name='region', value='EU_WEST_3'}, Tag{name='workloadType', value='OPERATIONAL'}]}, electionId=7fffffff000000000000006b, setVersion=36, topologyVersion=TopologyVersion{processId=6a10ad2db025c004c20c2eaf, counter=6}, lastWriteDate=Mon May 25 02:02:35 WAT 2026, lastUpdateTimeNanos=748698547468800}
2026-05-25T02:02:36.811+01:00  INFO 25220 --- [ReclamationService] [ngodb.net:27017] org.mongodb.driver.cluster               : Discovered replica set primary ac-khxyvkv-shard-00-01.ltylxsp.mongodb.net:27017 with max election id 7fffffff000000000000006b and max set version 36
2026-05-25T02:02:45.686+01:00  INFO 25220 --- [ReclamationService] [ngodb.net:27017] org.mongodb.driver.cluster               : Monitor thread successfully connected to server with description ServerDescription{address=ac-khxyvkv-shard-00-00.ltylxsp.mongodb.net:27017, type=REPLICA_SET_SECONDARY, cryptd=false, state=CONNECTED, ok=true, minWireVersion=0, maxWireVersion=25, maxDocumentSize=16777216, logicalSessionTimeoutMinutes=30, roundTripTimeNanos=109705200, minRoundTripTimeNanos=0, setName='atlas-6x6yvm-shard-0', canonicalAddress=ac-khxyvkv-shard-00-00.ltylxsp.mongodb.net:27017, hosts=[ac-khxyvkv-shard-00-00.ltylxsp.mongodb.net:27017, ac-khxyvkv-shard-00-01.ltylxsp.mongodb.net:27017, ac-khxyvkv-shard-00-02.ltylxsp.mongodb.net:27017], passives=[], arbiters=[], primary='ac-khxyvkv-shard-00-01.ltylxsp.mongodb.net:27017', tagSet=TagSet{[Tag{name='availabilityZone', value='euw3-az1'}, Tag{name='cacheState', value='READY'}, Tag{name='diskState', value='READY'}, Tag{name='nodeType', value='ELECTABLE'}, Tag{name='provider', value='AWS'}, Tag{name='region', value='EU_WEST_3'}, Tag{name='workloadType', value='OPERATIONAL'}]}, electionId=null, setVersion=36, topologyVersion=TopologyVersion{processId=6a10aaf2adb9cf8404387343, counter=4}, lastWriteDate=Mon May 25 02:02:44 WAT 2026, lastUpdateTimeNanos=748707444253200}
2026-05-25T03:37:23.000+01:00  INFO 25220 --- [ReclamationService] [ngodb.net:27017] org.mongodb.driver.cluster               : Exception in monitor thread while connecting to server ac-khxyvkv-shard-00-01.ltylxsp.mongodb.net:27017

com.mongodb.MongoSocketReadException: Exception receiving message
	at com.mongodb.internal.connection.InternalStreamConnection.translateReadException(InternalStreamConnection.java:814) ~[mongodb-driver-core-5.2.1.jar:na]
	at com.mongodb.internal.connection.InternalStreamConnection.receiveResponseBuffers(InternalStreamConnection.java:862) ~[mongodb-driver-core-5.2.1.jar:na]
	at com.mongodb.internal.connection.InternalStreamConnection.receiveCommandMessageResponse(InternalStreamConnection.java:517) ~[mongodb-driver-core-5.2.1.jar:na]
	at com.mongodb.internal.connection.InternalStreamConnection.receive(InternalStreamConnection.java:469) ~[mongodb-driver-core-5.2.1.jar:na]
	at com.mongodb.internal.connection.DefaultServerMonitor$ServerMonitor.lookupServerDescription(DefaultServerMonitor.java:249) ~[mongodb-driver-core-5.2.1.jar:na]
	at com.mongodb.internal.connection.DefaultServerMonitor$ServerMonitor.run(DefaultServerMonitor.java:176) ~[mongodb-driver-core-5.2.1.jar:na]
Caused by: java.net.SocketException: Connection reset
	at java.base/sun.nio.ch.NioSocketImpl.implRead(NioSocketImpl.java:328) ~[na:na]
	at java.base/sun.nio.ch.NioSocketImpl.read(NioSocketImpl.java:355) ~[na:na]
	at java.base/sun.nio.ch.NioSocketImpl$1.read(NioSocketImpl.java:808) ~[na:na]
	at java.base/java.net.Socket$SocketInputStream.read(Socket.java:966) ~[na:na]
	at java.base/sun.security.ssl.SSLSocketInputRecord.read(SSLSocketInputRecord.java:484) ~[na:na]
	at java.base/sun.security.ssl.SSLSocketInputRecord.readHeader(SSLSocketInputRecord.java:478) ~[na:na]
	at java.base/sun.security.ssl.SSLSocketInputRecord.bytesInCompletePacket(SSLSocketInputRecord.java:70) ~[na:na]
	at java.base/sun.security.ssl.SSLSocketImpl.readApplicationRecord(SSLSocketImpl.java:1461) ~[na:na]
	at java.base/sun.security.ssl.SSLSocketImpl$AppInputStream.read(SSLSocketImpl.java:1065) ~[na:na]
	at com.mongodb.internal.connection.SocketStream.read(SocketStream.java:182) ~[mongodb-driver-core-5.2.1.jar:na]
	at com.mongodb.internal.connection.InternalStreamConnection.receiveResponseBuffers(InternalStreamConnection.java:829) ~[mongodb-driver-core-5.2.1.jar:na]
	... 4 common frames omitted

2026-05-25T03:37:22.993+01:00  INFO 25220 --- [ReclamationService] [ngodb.net:27017] org.mongodb.driver.cluster               : Exception in monitor thread while connecting to server ac-khxyvkv-shard-00-02.ltylxsp.mongodb.net:27017

com.mongodb.MongoSocketReadException: Exception receiving message
	at com.mongodb.internal.connection.InternalStreamConnection.translateReadException(InternalStreamConnection.java:814) ~[mongodb-driver-core-5.2.1.jar:na]
	at com.mongodb.internal.connection.InternalStreamConnection.receiveResponseBuffers(InternalStreamConnection.java:862) ~[mongodb-driver-core-5.2.1.jar:na]
	at com.mongodb.internal.connection.InternalStreamConnection.receiveCommandMessageResponse(InternalStreamConnection.java:517) ~[mongodb-driver-core-5.2.1.jar:na]
	at com.mongodb.internal.connection.InternalStreamConnection.receive(InternalStreamConnection.java:469) ~[mongodb-driver-core-5.2.1.jar:na]
	at com.mongodb.internal.connection.DefaultServerMonitor$ServerMonitor.lookupServerDescription(DefaultServerMonitor.java:249) ~[mongodb-driver-core-5.2.1.jar:na]
	at com.mongodb.internal.connection.DefaultServerMonitor$ServerMonitor.run(DefaultServerMonitor.java:176) ~[mongodb-driver-core-5.2.1.jar:na]
Caused by: java.net.SocketException: Connection reset
	at java.base/sun.nio.ch.NioSocketImpl.implRead(NioSocketImpl.java:328) ~[na:na]
	at java.base/sun.nio.ch.NioSocketImpl.read(NioSocketImpl.java:355) ~[na:na]
	at java.base/sun.nio.ch.NioSocketImpl$1.read(NioSocketImpl.java:808) ~[na:na]
	at java.base/java.net.Socket$SocketInputStream.read(Socket.java:966) ~[na:na]
	at java.base/sun.security.ssl.SSLSocketInputRecord.read(SSLSocketInputRecord.java:484) ~[na:na]
	at java.base/sun.security.ssl.SSLSocketInputRecord.readHeader(SSLSocketInputRecord.java:478) ~[na:na]
	at java.base/sun.security.ssl.SSLSocketInputRecord.bytesInCompletePacket(SSLSocketInputRecord.java:70) ~[na:na]
	at java.base/sun.security.ssl.SSLSocketImpl.readApplicationRecord(SSLSocketImpl.java:1461) ~[na:na]
	at java.base/sun.security.ssl.SSLSocketImpl$AppInputStream.read(SSLSocketImpl.java:1065) ~[na:na]
	at com.mongodb.internal.connection.SocketStream.read(SocketStream.java:182) ~[mongodb-driver-core-5.2.1.jar:na]
	at com.mongodb.internal.connection.InternalStreamConnection.receiveResponseBuffers(InternalStreamConnection.java:829) ~[mongodb-driver-core-5.2.1.jar:na]
	... 4 common frames omitted

2026-05-25T03:37:22.994+01:00  INFO 25220 --- [ReclamationService] [ngodb.net:27017] org.mongodb.driver.cluster               : Exception in monitor thread while connecting to server ac-khxyvkv-shard-00-00.ltylxsp.mongodb.net:27017

com.mongodb.MongoSocketReadException: Exception receiving message
	at com.mongodb.internal.connection.InternalStreamConnection.translateReadException(InternalStreamConnection.java:814) ~[mongodb-driver-core-5.2.1.jar:na]
	at com.mongodb.internal.connection.InternalStreamConnection.receiveResponseBuffers(InternalStreamConnection.java:862) ~[mongodb-driver-core-5.2.1.jar:na]
	at com.mongodb.internal.connection.InternalStreamConnection.receiveCommandMessageResponse(InternalStreamConnection.java:517) ~[mongodb-driver-core-5.2.1.jar:na]
	at com.mongodb.internal.connection.InternalStreamConnection.receive(InternalStreamConnection.java:469) ~[mongodb-driver-core-5.2.1.jar:na]
	at com.mongodb.internal.connection.DefaultServerMonitor$ServerMonitor.lookupServerDescription(DefaultServerMonitor.java:249) ~[mongodb-driver-core-5.2.1.jar:na]
	at com.mongodb.internal.connection.DefaultServerMonitor$ServerMonitor.run(DefaultServerMonitor.java:176) ~[mongodb-driver-core-5.2.1.jar:na]
Caused by: java.net.SocketException: Connection reset
	at java.base/sun.nio.ch.NioSocketImpl.implRead(NioSocketImpl.java:328) ~[na:na]
	at java.base/sun.nio.ch.NioSocketImpl.read(NioSocketImpl.java:355) ~[na:na]
	at java.base/sun.nio.ch.NioSocketImpl$1.read(NioSocketImpl.java:808) ~[na:na]
	at java.base/java.net.Socket$SocketInputStream.read(Socket.java:966) ~[na:na]
	at java.base/sun.security.ssl.SSLSocketInputRecord.read(SSLSocketInputRecord.java:484) ~[na:na]
	at java.base/sun.security.ssl.SSLSocketInputRecord.readHeader(SSLSocketInputRecord.java:478) ~[na:na]
	at java.base/sun.security.ssl.SSLSocketInputRecord.bytesInCompletePacket(SSLSocketInputRecord.java:70) ~[na:na]
	at java.base/sun.security.ssl.SSLSocketImpl.readApplicationRecord(SSLSocketImpl.java:1461) ~[na:na]
	at java.base/sun.security.ssl.SSLSocketImpl$AppInputStream.read(SSLSocketImpl.java:1065) ~[na:na]
	at com.mongodb.internal.connection.SocketStream.read(SocketStream.java:182) ~[mongodb-driver-core-5.2.1.jar:na]
	at com.mongodb.internal.connection.InternalStreamConnection.receiveResponseBuffers(InternalStreamConnection.java:829) ~[mongodb-driver-core-5.2.1.jar:na]
	... 4 common frames omitted

2026-05-25T03:37:24.305+01:00  INFO 25220 --- [ReclamationService] [ngodb.net:27017] org.mongodb.driver.cluster               : Monitor thread successfully connected to server with description ServerDescription{address=ac-khxyvkv-shard-00-02.ltylxsp.mongodb.net:27017, type=REPLICA_SET_SECONDARY, cryptd=false, state=CONNECTED, ok=true, minWireVersion=0, maxWireVersion=25, maxDocumentSize=16777216, logicalSessionTimeoutMinutes=30, roundTripTimeNanos=377947000, minRoundTripTimeNanos=0, setName='atlas-6x6yvm-shard-0', canonicalAddress=ac-khxyvkv-shard-00-02.ltylxsp.mongodb.net:27017, hosts=[ac-khxyvkv-shard-00-00.ltylxsp.mongodb.net:27017, ac-khxyvkv-shard-00-01.ltylxsp.mongodb.net:27017, ac-khxyvkv-shard-00-02.ltylxsp.mongodb.net:27017], passives=[], arbiters=[], primary='ac-khxyvkv-shard-00-01.ltylxsp.mongodb.net:27017', tagSet=TagSet{[Tag{name='availabilityZone', value='euw3-az3'}, Tag{name='cacheState', value='READY'}, Tag{name='diskState', value='READY'}, Tag{name='nodeType', value='ELECTABLE'}, Tag{name='provider', value='AWS'}, Tag{name='region', value='EU_WEST_3'}, Tag{name='workloadType', value='OPERATIONAL'}]}, electionId=null, setVersion=36, topologyVersion=TopologyVersion{processId=6a10afacc3c0145a7299563d, counter=3}, lastWriteDate=Mon May 25 03:37:23 WAT 2026, lastUpdateTimeNanos=754386386067700}
2026-05-25T03:37:24.321+01:00  INFO 25220 --- [ReclamationService] [ngodb.net:27017] org.mongodb.driver.cluster               : Monitor thread successfully connected to server with description ServerDescription{address=ac-khxyvkv-shard-00-00.ltylxsp.mongodb.net:27017, type=REPLICA_SET_SECONDARY, cryptd=false, state=CONNECTED, ok=true, minWireVersion=0, maxWireVersion=25, maxDocumentSize=16777216, logicalSessionTimeoutMinutes=30, roundTripTimeNanos=406415500, minRoundTripTimeNanos=0, setName='atlas-6x6yvm-shard-0', canonicalAddress=ac-khxyvkv-shard-00-00.ltylxsp.mongodb.net:27017, hosts=[ac-khxyvkv-shard-00-00.ltylxsp.mongodb.net:27017, ac-khxyvkv-shard-00-01.ltylxsp.mongodb.net:27017, ac-khxyvkv-shard-00-02.ltylxsp.mongodb.net:27017], passives=[], arbiters=[], primary='ac-khxyvkv-shard-00-01.ltylxsp.mongodb.net:27017', tagSet=TagSet{[Tag{name='availabilityZone', value='euw3-az1'}, Tag{name='cacheState', value='READY'}, Tag{name='diskState', value='READY'}, Tag{name='nodeType', value='ELECTABLE'}, Tag{name='provider', value='AWS'}, Tag{name='region', value='EU_WEST_3'}, Tag{name='workloadType', value='OPERATIONAL'}]}, electionId=null, setVersion=36, topologyVersion=TopologyVersion{processId=6a10aaf2adb9cf8404387343, counter=4}, lastWriteDate=Mon May 25 03:37:23 WAT 2026, lastUpdateTimeNanos=754386414543700}
2026-05-25T03:37:24.675+01:00  INFO 25220 --- [ReclamationService] [ngodb.net:27017] org.mongodb.driver.cluster               : Monitor thread successfully connected to server with description ServerDescription{address=ac-khxyvkv-shard-00-01.ltylxsp.mongodb.net:27017, type=REPLICA_SET_PRIMARY, cryptd=false, state=CONNECTED, ok=true, minWireVersion=0, maxWireVersion=25, maxDocumentSize=16777216, logicalSessionTimeoutMinutes=30, roundTripTimeNanos=105786300, minRoundTripTimeNanos=0, setName='atlas-6x6yvm-shard-0', canonicalAddress=ac-khxyvkv-shard-00-01.ltylxsp.mongodb.net:27017, hosts=[ac-khxyvkv-shard-00-00.ltylxsp.mongodb.net:27017, ac-khxyvkv-shard-00-01.ltylxsp.mongodb.net:27017, ac-khxyvkv-shard-00-02.ltylxsp.mongodb.net:27017], passives=[], arbiters=[], primary='ac-khxyvkv-shard-00-01.ltylxsp.mongodb.net:27017', tagSet=TagSet{[Tag{name='availabilityZone', value='euw3-az2'}, Tag{name='cacheState', value='READY'}, Tag{name='diskState', value='READY'}, Tag{name='nodeType', value='ELECTABLE'}, Tag{name='provider', value='AWS'}, Tag{name='region', value='EU_WEST_3'}, Tag{name='workloadType', value='OPERATIONAL'}]}, electionId=7fffffff000000000000006b, setVersion=36, topologyVersion=TopologyVersion{processId=6a10ad2db025c004c20c2eaf, counter=6}, lastWriteDate=Mon May 25 03:37:24 WAT 2026, lastUpdateTimeNanos=754386765520600}
2026-05-25T03:37:24.694+01:00  INFO 25220 --- [ReclamationService] [ngodb.net:27017] org.mongodb.driver.cluster               : Discovered replica set primary ac-khxyvkv-shard-00-01.ltylxsp.mongodb.net:27017 with max election id 7fffffff000000000000006b and max set version 36
2026-05-27T18:12:39.648+01:00  INFO 25220 --- [ReclamationService] [ngodb.net:27017] org.mongodb.driver.cluster               : Exception in monitor thread while connecting to server ac-khxyvkv-shard-00-02.ltylxsp.mongodb.net:27017

com.mongodb.MongoSocketReadException: Exception receiving message
	at com.mongodb.internal.connection.InternalStreamConnection.translateReadException(InternalStreamConnection.java:814) ~[mongodb-driver-core-5.2.1.jar:na]
	at com.mongodb.internal.connection.InternalStreamConnection.receiveResponseBuffers(InternalStreamConnection.java:862) ~[mongodb-driver-core-5.2.1.jar:na]
	at com.mongodb.internal.connection.InternalStreamConnection.receiveCommandMessageResponse(InternalStreamConnection.java:517) ~[mongodb-driver-core-5.2.1.jar:na]
	at com.mongodb.internal.connection.InternalStreamConnection.receive(InternalStreamConnection.java:469) ~[mongodb-driver-core-5.2.1.jar:na]
	at com.mongodb.internal.connection.DefaultServerMonitor$ServerMonitor.lookupServerDescription(DefaultServerMonitor.java:249) ~[mongodb-driver-core-5.2.1.jar:na]
	at com.mongodb.internal.connection.DefaultServerMonitor$ServerMonitor.run(DefaultServerMonitor.java:176) ~[mongodb-driver-core-5.2.1.jar:na]
Caused by: java.net.SocketException: Connection reset
	at java.base/sun.nio.ch.NioSocketImpl.implRead(NioSocketImpl.java:328) ~[na:na]
	at java.base/sun.nio.ch.NioSocketImpl.read(NioSocketImpl.java:355) ~[na:na]
	at java.base/sun.nio.ch.NioSocketImpl$1.read(NioSocketImpl.java:808) ~[na:na]
	at java.base/java.net.Socket$SocketInputStream.read(Socket.java:966) ~[na:na]
	at java.base/sun.security.ssl.SSLSocketInputRecord.read(SSLSocketInputRecord.java:484) ~[na:na]
	at java.base/sun.security.ssl.SSLSocketInputRecord.readHeader(SSLSocketInputRecord.java:478) ~[na:na]
	at java.base/sun.security.ssl.SSLSocketInputRecord.bytesInCompletePacket(SSLSocketInputRecord.java:70) ~[na:na]
	at java.base/sun.security.ssl.SSLSocketImpl.readApplicationRecord(SSLSocketImpl.java:1461) ~[na:na]
	at java.base/sun.security.ssl.SSLSocketImpl$AppInputStream.read(SSLSocketImpl.java:1065) ~[na:na]
	at com.mongodb.internal.connection.SocketStream.read(SocketStream.java:182) ~[mongodb-driver-core-5.2.1.jar:na]
	at com.mongodb.internal.connection.InternalStreamConnection.receiveResponseBuffers(InternalStreamConnection.java:829) ~[mongodb-driver-core-5.2.1.jar:na]
	... 4 common frames omitted

2026-05-27T18:12:39.647+01:00  INFO 25220 --- [ReclamationService] [ngodb.net:27017] org.mongodb.driver.cluster               : Exception in monitor thread while connecting to server ac-khxyvkv-shard-00-01.ltylxsp.mongodb.net:27017

com.mongodb.MongoSocketReadException: Exception receiving message
	at com.mongodb.internal.connection.InternalStreamConnection.translateReadException(InternalStreamConnection.java:814) ~[mongodb-driver-core-5.2.1.jar:na]
	at com.mongodb.internal.connection.InternalStreamConnection.receiveResponseBuffers(InternalStreamConnection.java:862) ~[mongodb-driver-core-5.2.1.jar:na]
	at com.mongodb.internal.connection.InternalStreamConnection.receiveCommandMessageResponse(InternalStreamConnection.java:517) ~[mongodb-driver-core-5.2.1.jar:na]
	at com.mongodb.internal.connection.InternalStreamConnection.receive(InternalStreamConnection.java:469) ~[mongodb-driver-core-5.2.1.jar:na]
	at com.mongodb.internal.connection.DefaultServerMonitor$ServerMonitor.lookupServerDescription(DefaultServerMonitor.java:249) ~[mongodb-driver-core-5.2.1.jar:na]
	at com.mongodb.internal.connection.DefaultServerMonitor$ServerMonitor.run(DefaultServerMonitor.java:176) ~[mongodb-driver-core-5.2.1.jar:na]
Caused by: java.net.SocketException: Connection reset
	at java.base/sun.nio.ch.NioSocketImpl.implRead(NioSocketImpl.java:328) ~[na:na]
	at java.base/sun.nio.ch.NioSocketImpl.read(NioSocketImpl.java:355) ~[na:na]
	at java.base/sun.nio.ch.NioSocketImpl$1.read(NioSocketImpl.java:808) ~[na:na]
	at java.base/java.net.Socket$SocketInputStream.read(Socket.java:966) ~[na:na]
	at java.base/sun.security.ssl.SSLSocketInputRecord.read(SSLSocketInputRecord.java:484) ~[na:na]
	at java.base/sun.security.ssl.SSLSocketInputRecord.readHeader(SSLSocketInputRecord.java:478) ~[na:na]
	at java.base/sun.security.ssl.SSLSocketInputRecord.bytesInCompletePacket(SSLSocketInputRecord.java:70) ~[na:na]
	at java.base/sun.security.ssl.SSLSocketImpl.readApplicationRecord(SSLSocketImpl.java:1461) ~[na:na]
	at java.base/sun.security.ssl.SSLSocketImpl$AppInputStream.read(SSLSocketImpl.java:1065) ~[na:na]
	at com.mongodb.internal.connection.SocketStream.read(SocketStream.java:182) ~[mongodb-driver-core-5.2.1.jar:na]
	at com.mongodb.internal.connection.InternalStreamConnection.receiveResponseBuffers(InternalStreamConnection.java:829) ~[mongodb-driver-core-5.2.1.jar:na]
	... 4 common frames omitted

2026-05-27T18:12:39.647+01:00  INFO 25220 --- [ReclamationService] [ngodb.net:27017] org.mongodb.driver.cluster               : Exception in monitor thread while connecting to server ac-khxyvkv-shard-00-00.ltylxsp.mongodb.net:27017

com.mongodb.MongoSocketReadException: Exception receiving message
	at com.mongodb.internal.connection.InternalStreamConnection.translateReadException(InternalStreamConnection.java:814) ~[mongodb-driver-core-5.2.1.jar:na]
	at com.mongodb.internal.connection.InternalStreamConnection.receiveResponseBuffers(InternalStreamConnection.java:862) ~[mongodb-driver-core-5.2.1.jar:na]
	at com.mongodb.internal.connection.InternalStreamConnection.receiveCommandMessageResponse(InternalStreamConnection.java:517) ~[mongodb-driver-core-5.2.1.jar:na]
	at com.mongodb.internal.connection.InternalStreamConnection.receive(InternalStreamConnection.java:469) ~[mongodb-driver-core-5.2.1.jar:na]
	at com.mongodb.internal.connection.DefaultServerMonitor$ServerMonitor.lookupServerDescription(DefaultServerMonitor.java:249) ~[mongodb-driver-core-5.2.1.jar:na]
	at com.mongodb.internal.connection.DefaultServerMonitor$ServerMonitor.run(DefaultServerMonitor.java:176) ~[mongodb-driver-core-5.2.1.jar:na]
Caused by: java.net.SocketException: Connection reset
	at java.base/sun.nio.ch.NioSocketImpl.implRead(NioSocketImpl.java:328) ~[na:na]
	at java.base/sun.nio.ch.NioSocketImpl.read(NioSocketImpl.java:355) ~[na:na]
	at java.base/sun.nio.ch.NioSocketImpl$1.read(NioSocketImpl.java:808) ~[na:na]
	at java.base/java.net.Socket$SocketInputStream.read(Socket.java:966) ~[na:na]
	at java.base/sun.security.ssl.SSLSocketInputRecord.read(SSLSocketInputRecord.java:484) ~[na:na]
	at java.base/sun.security.ssl.SSLSocketInputRecord.readHeader(SSLSocketInputRecord.java:478) ~[na:na]
	at java.base/sun.security.ssl.SSLSocketInputRecord.bytesInCompletePacket(SSLSocketInputRecord.java:70) ~[na:na]
	at java.base/sun.security.ssl.SSLSocketImpl.readApplicationRecord(SSLSocketImpl.java:1461) ~[na:na]
	at java.base/sun.security.ssl.SSLSocketImpl$AppInputStream.read(SSLSocketImpl.java:1065) ~[na:na]
	at com.mongodb.internal.connection.SocketStream.read(SocketStream.java:182) ~[mongodb-driver-core-5.2.1.jar:na]
	at com.mongodb.internal.connection.InternalStreamConnection.receiveResponseBuffers(InternalStreamConnection.java:829) ~[mongodb-driver-core-5.2.1.jar:na]
	... 4 common frames omitted

2026-05-27T18:12:40.047+01:00  INFO 25220 --- [ReclamationService] [ngodb.net:27017] org.mongodb.driver.cluster               : Exception in monitor thread while connecting to server ac-khxyvkv-shard-00-00.ltylxsp.mongodb.net:27017

com.mongodb.MongoSocketException: Hôte inconnu (ac-khxyvkv-shard-00-00.ltylxsp.mongodb.net)
	at com.mongodb.internal.connection.ServerAddressHelper.getSocketAddresses(ServerAddressHelper.java:75) ~[mongodb-driver-core-5.2.1.jar:na]
	at com.mongodb.internal.connection.SocketStream.initializeSocket(SocketStream.java:100) ~[mongodb-driver-core-5.2.1.jar:na]
	at com.mongodb.internal.connection.SocketStream.open(SocketStream.java:79) ~[mongodb-driver-core-5.2.1.jar:na]
	at com.mongodb.internal.connection.InternalStreamConnection.open(InternalStreamConnection.java:233) ~[mongodb-driver-core-5.2.1.jar:na]
	at com.mongodb.internal.connection.DefaultServerMonitor$ServerMonitor.lookupServerDescription(DefaultServerMonitor.java:219) ~[mongodb-driver-core-5.2.1.jar:na]
	at com.mongodb.internal.connection.DefaultServerMonitor$ServerMonitor.run(DefaultServerMonitor.java:176) ~[mongodb-driver-core-5.2.1.jar:na]
Caused by: java.net.UnknownHostException: Hôte inconnu (ac-khxyvkv-shard-00-00.ltylxsp.mongodb.net)
	at java.base/java.net.Inet6AddressImpl.lookupAllHostAddr(Native Method) ~[na:na]
	at java.base/java.net.InetAddress$PlatformNameService.lookupAllHostAddr(InetAddress.java:933) ~[na:na]
	at java.base/java.net.InetAddress.getAddressesFromNameService(InetAddress.java:1543) ~[na:na]
	at java.base/java.net.InetAddress$NameServiceAddresses.get(InetAddress.java:852) ~[na:na]
	at java.base/java.net.InetAddress.getAllByName0(InetAddress.java:1532) ~[na:na]
	at java.base/java.net.InetAddress.getAllByName(InetAddress.java:1384) ~[na:na]
	at java.base/java.net.InetAddress.getAllByName(InetAddress.java:1305) ~[na:na]
	at com.mongodb.internal.connection.DefaultInetAddressResolver.lookupByName(DefaultInetAddressResolver.java:34) ~[mongodb-driver-core-5.2.1.jar:na]
	at com.mongodb.internal.connection.ServerAddressHelper.getSocketAddresses(ServerAddressHelper.java:71) ~[mongodb-driver-core-5.2.1.jar:na]
	... 5 common frames omitted

2026-05-27T18:12:39.874+01:00  INFO 25220 --- [ReclamationService] [ngodb.net:27017] org.mongodb.driver.cluster               : Exception in monitor thread while connecting to server ac-khxyvkv-shard-00-01.ltylxsp.mongodb.net:27017

com.mongodb.MongoSocketException: Hôte inconnu (ac-khxyvkv-shard-00-01.ltylxsp.mongodb.net)
	at com.mongodb.internal.connection.ServerAddressHelper.getSocketAddresses(ServerAddressHelper.java:75) ~[mongodb-driver-core-5.2.1.jar:na]
	at com.mongodb.internal.connection.SocketStream.initializeSocket(SocketStream.java:100) ~[mongodb-driver-core-5.2.1.jar:na]
	at com.mongodb.internal.connection.SocketStream.open(SocketStream.java:79) ~[mongodb-driver-core-5.2.1.jar:na]
	at com.mongodb.internal.connection.InternalStreamConnection.open(InternalStreamConnection.java:233) ~[mongodb-driver-core-5.2.1.jar:na]
	at com.mongodb.internal.connection.DefaultServerMonitor$ServerMonitor.lookupServerDescription(DefaultServerMonitor.java:219) ~[mongodb-driver-core-5.2.1.jar:na]
	at com.mongodb.internal.connection.DefaultServerMonitor$ServerMonitor.run(DefaultServerMonitor.java:176) ~[mongodb-driver-core-5.2.1.jar:na]
Caused by: java.net.UnknownHostException: Hôte inconnu (ac-khxyvkv-shard-00-01.ltylxsp.mongodb.net)
	at java.base/java.net.Inet6AddressImpl.lookupAllHostAddr(Native Method) ~[na:na]
	at java.base/java.net.InetAddress$PlatformNameService.lookupAllHostAddr(InetAddress.java:933) ~[na:na]
	at java.base/java.net.InetAddress.getAddressesFromNameService(InetAddress.java:1543) ~[na:na]
	at java.base/java.net.InetAddress$NameServiceAddresses.get(InetAddress.java:852) ~[na:na]
	at java.base/java.net.InetAddress.getAllByName0(InetAddress.java:1532) ~[na:na]
	at java.base/java.net.InetAddress.getAllByName(InetAddress.java:1384) ~[na:na]
	at java.base/java.net.InetAddress.getAllByName(InetAddress.java:1305) ~[na:na]
	at com.mongodb.internal.connection.DefaultInetAddressResolver.lookupByName(DefaultInetAddressResolver.java:34) ~[mongodb-driver-core-5.2.1.jar:na]
	at com.mongodb.internal.connection.ServerAddressHelper.getSocketAddresses(ServerAddressHelper.java:71) ~[mongodb-driver-core-5.2.1.jar:na]
	... 5 common frames omitted

2026-05-27T18:12:39.926+01:00  INFO 25220 --- [ReclamationService] [ngodb.net:27017] org.mongodb.driver.cluster               : Exception in monitor thread while connecting to server ac-khxyvkv-shard-00-02.ltylxsp.mongodb.net:27017

com.mongodb.MongoSocketException: Hôte inconnu (ac-khxyvkv-shard-00-02.ltylxsp.mongodb.net)
	at com.mongodb.internal.connection.ServerAddressHelper.getSocketAddresses(ServerAddressHelper.java:75) ~[mongodb-driver-core-5.2.1.jar:na]
	at com.mongodb.internal.connection.SocketStream.initializeSocket(SocketStream.java:100) ~[mongodb-driver-core-5.2.1.jar:na]
	at com.mongodb.internal.connection.SocketStream.open(SocketStream.java:79) ~[mongodb-driver-core-5.2.1.jar:na]
	at com.mongodb.internal.connection.InternalStreamConnection.open(InternalStreamConnection.java:233) ~[mongodb-driver-core-5.2.1.jar:na]
	at com.mongodb.internal.connection.DefaultServerMonitor$ServerMonitor.lookupServerDescription(DefaultServerMonitor.java:219) ~[mongodb-driver-core-5.2.1.jar:na]
	at com.mongodb.internal.connection.DefaultServerMonitor$ServerMonitor.run(DefaultServerMonitor.java:176) ~[mongodb-driver-core-5.2.1.jar:na]
Caused by: java.net.UnknownHostException: Hôte inconnu (ac-khxyvkv-shard-00-02.ltylxsp.mongodb.net)
	at java.base/java.net.Inet6AddressImpl.lookupAllHostAddr(Native Method) ~[na:na]
	at java.base/java.net.InetAddress$PlatformNameService.lookupAllHostAddr(InetAddress.java:933) ~[na:na]
	at java.base/java.net.InetAddress.getAddressesFromNameService(InetAddress.java:1543) ~[na:na]
	at java.base/java.net.InetAddress$NameServiceAddresses.get(InetAddress.java:852) ~[na:na]
	at java.base/java.net.InetAddress.getAllByName0(InetAddress.java:1532) ~[na:na]
	at java.base/java.net.InetAddress.getAllByName(InetAddress.java:1384) ~[na:na]
	at java.base/java.net.InetAddress.getAllByName(InetAddress.java:1305) ~[na:na]
	at com.mongodb.internal.connection.DefaultInetAddressResolver.lookupByName(DefaultInetAddressResolver.java:34) ~[mongodb-driver-core-5.2.1.jar:na]
	at com.mongodb.internal.connection.ServerAddressHelper.getSocketAddresses(ServerAddressHelper.java:71) ~[mongodb-driver-core-5.2.1.jar:na]
	... 5 common frames omitted

2026-05-27T18:12:53.032+01:00  INFO 25220 --- [ReclamationService] [ngodb.net:27017] org.mongodb.driver.cluster               : Monitor thread successfully connected to server with description ServerDescription{address=ac-khxyvkv-shard-00-01.ltylxsp.mongodb.net:27017, type=REPLICA_SET_PRIMARY, cryptd=false, state=CONNECTED, ok=true, minWireVersion=0, maxWireVersion=25, maxDocumentSize=16777216, logicalSessionTimeoutMinutes=30, roundTripTimeNanos=346710800, minRoundTripTimeNanos=0, setName='atlas-6x6yvm-shard-0', canonicalAddress=ac-khxyvkv-shard-00-01.ltylxsp.mongodb.net:27017, hosts=[ac-khxyvkv-shard-00-00.ltylxsp.mongodb.net:27017, ac-khxyvkv-shard-00-01.ltylxsp.mongodb.net:27017, ac-khxyvkv-shard-00-02.ltylxsp.mongodb.net:27017], passives=[], arbiters=[], primary='ac-khxyvkv-shard-00-01.ltylxsp.mongodb.net:27017', tagSet=TagSet{[Tag{name='availabilityZone', value='euw3-az2'}, Tag{name='cacheState', value='READY'}, Tag{name='diskState', value='READY'}, Tag{name='nodeType', value='ELECTABLE'}, Tag{name='provider', value='AWS'}, Tag{name='region', value='EU_WEST_3'}, Tag{name='workloadType', value='OPERATIONAL'}]}, electionId=7fffffff000000000000006b, setVersion=36, topologyVersion=TopologyVersion{processId=6a10ad2db025c004c20c2eaf, counter=6}, lastWriteDate=Wed May 27 18:12:51 WAT 2026, lastUpdateTimeNanos=979721421924800}
2026-05-27T18:12:53.081+01:00  INFO 25220 --- [ReclamationService] [ngodb.net:27017] org.mongodb.driver.cluster               : Discovered replica set primary ac-khxyvkv-shard-00-01.ltylxsp.mongodb.net:27017 with max election id 7fffffff000000000000006b and max set version 36
2026-05-27T18:12:53.560+01:00  INFO 25220 --- [ReclamationService] [ngodb.net:27017] org.mongodb.driver.cluster               : Monitor thread successfully connected to server with description ServerDescription{address=ac-khxyvkv-shard-00-00.ltylxsp.mongodb.net:27017, type=REPLICA_SET_SECONDARY, cryptd=false, state=CONNECTED, ok=true, minWireVersion=0, maxWireVersion=25, maxDocumentSize=16777216, logicalSessionTimeoutMinutes=30, roundTripTimeNanos=436022600, minRoundTripTimeNanos=0, setName='atlas-6x6yvm-shard-0', canonicalAddress=ac-khxyvkv-shard-00-00.ltylxsp.mongodb.net:27017, hosts=[ac-khxyvkv-shard-00-00.ltylxsp.mongodb.net:27017, ac-khxyvkv-shard-00-01.ltylxsp.mongodb.net:27017, ac-khxyvkv-shard-00-02.ltylxsp.mongodb.net:27017], passives=[], arbiters=[], primary='ac-khxyvkv-shard-00-01.ltylxsp.mongodb.net:27017', tagSet=TagSet{[Tag{name='availabilityZone', value='euw3-az1'}, Tag{name='cacheState', value='READY'}, Tag{name='diskState', value='READY'}, Tag{name='nodeType', value='ELECTABLE'}, Tag{name='provider', value='AWS'}, Tag{name='region', value='EU_WEST_3'}, Tag{name='workloadType', value='OPERATIONAL'}]}, electionId=null, setVersion=36, topologyVersion=TopologyVersion{processId=6a10aaf2adb9cf8404387343, counter=4}, lastWriteDate=Wed May 27 18:12:51 WAT 2026, lastUpdateTimeNanos=979721965237200}
2026-05-27T18:12:53.885+01:00  INFO 25220 --- [ReclamationService] [ngodb.net:27017] org.mongodb.driver.cluster               : Monitor thread successfully connected to server with description ServerDescription{address=ac-khxyvkv-shard-00-02.ltylxsp.mongodb.net:27017, type=REPLICA_SET_SECONDARY, cryptd=false, state=CONNECTED, ok=true, minWireVersion=0, maxWireVersion=25, maxDocumentSize=16777216, logicalSessionTimeoutMinutes=30, roundTripTimeNanos=791489000, minRoundTripTimeNanos=0, setName='atlas-6x6yvm-shard-0', canonicalAddress=ac-khxyvkv-shard-00-02.ltylxsp.mongodb.net:27017, hosts=[ac-khxyvkv-shard-00-00.ltylxsp.mongodb.net:27017, ac-khxyvkv-shard-00-01.ltylxsp.mongodb.net:27017, ac-khxyvkv-shard-00-02.ltylxsp.mongodb.net:27017], passives=[], arbiters=[], primary='ac-khxyvkv-shard-00-01.ltylxsp.mongodb.net:27017', tagSet=TagSet{[Tag{name='availabilityZone', value='euw3-az3'}, Tag{name='cacheState', value='READY'}, Tag{name='diskState', value='READY'}, Tag{name='nodeType', value='ELECTABLE'}, Tag{name='provider', value='AWS'}, Tag{name='region', value='EU_WEST_3'}, Tag{name='workloadType', value='OPERATIONAL'}]}, electionId=null, setVersion=36, topologyVersion=TopologyVersion{processId=6a10afacc3c0145a7299563d, counter=3}, lastWriteDate=Wed May 27 18:12:51 WAT 2026, lastUpdateTimeNanos=979722297176600}
2026-05-27T18:39:50.246+01:00  INFO 25220 --- [ReclamationService] [ngodb.net:27017] org.mongodb.driver.cluster               : Exception in monitor thread while connecting to server ac-khxyvkv-shard-00-00.ltylxsp.mongodb.net:27017

com.mongodb.MongoSocketReadException: Exception receiving message
	at com.mongodb.internal.connection.InternalStreamConnection.translateReadException(InternalStreamConnection.java:814) ~[mongodb-driver-core-5.2.1.jar:na]
	at com.mongodb.internal.connection.InternalStreamConnection.receiveResponseBuffers(InternalStreamConnection.java:862) ~[mongodb-driver-core-5.2.1.jar:na]
	at com.mongodb.internal.connection.InternalStreamConnection.receiveCommandMessageResponse(InternalStreamConnection.java:517) ~[mongodb-driver-core-5.2.1.jar:na]
	at com.mongodb.internal.connection.InternalStreamConnection.receive(InternalStreamConnection.java:469) ~[mongodb-driver-core-5.2.1.jar:na]
	at com.mongodb.internal.connection.DefaultServerMonitor$ServerMonitor.lookupServerDescription(DefaultServerMonitor.java:249) ~[mongodb-driver-core-5.2.1.jar:na]
	at com.mongodb.internal.connection.DefaultServerMonitor$ServerMonitor.run(DefaultServerMonitor.java:176) ~[mongodb-driver-core-5.2.1.jar:na]
Caused by: java.net.SocketException: Connection reset
	at java.base/sun.nio.ch.NioSocketImpl.implRead(NioSocketImpl.java:328) ~[na:na]
	at java.base/sun.nio.ch.NioSocketImpl.read(NioSocketImpl.java:355) ~[na:na]
	at java.base/sun.nio.ch.NioSocketImpl$1.read(NioSocketImpl.java:808) ~[na:na]
	at java.base/java.net.Socket$SocketInputStream.read(Socket.java:966) ~[na:na]
	at java.base/sun.security.ssl.SSLSocketInputRecord.read(SSLSocketInputRecord.java:484) ~[na:na]
	at java.base/sun.security.ssl.SSLSocketInputRecord.readHeader(SSLSocketInputRecord.java:478) ~[na:na]
	at java.base/sun.security.ssl.SSLSocketInputRecord.bytesInCompletePacket(SSLSocketInputRecord.java:70) ~[na:na]
	at java.base/sun.security.ssl.SSLSocketImpl.readApplicationRecord(SSLSocketImpl.java:1461) ~[na:na]
	at java.base/sun.security.ssl.SSLSocketImpl$AppInputStream.read(SSLSocketImpl.java:1065) ~[na:na]
	at com.mongodb.internal.connection.SocketStream.read(SocketStream.java:182) ~[mongodb-driver-core-5.2.1.jar:na]
	at com.mongodb.internal.connection.InternalStreamConnection.receiveResponseBuffers(InternalStreamConnection.java:829) ~[mongodb-driver-core-5.2.1.jar:na]
	... 4 common frames omitted

2026-05-27T18:39:50.236+01:00  INFO 25220 --- [ReclamationService] [ngodb.net:27017] org.mongodb.driver.cluster               : Exception in monitor thread while connecting to server ac-khxyvkv-shard-00-02.ltylxsp.mongodb.net:27017

com.mongodb.MongoSocketReadException: Exception receiving message
	at com.mongodb.internal.connection.InternalStreamConnection.translateReadException(InternalStreamConnection.java:814) ~[mongodb-driver-core-5.2.1.jar:na]
	at com.mongodb.internal.connection.InternalStreamConnection.receiveResponseBuffers(InternalStreamConnection.java:862) ~[mongodb-driver-core-5.2.1.jar:na]
	at com.mongodb.internal.connection.InternalStreamConnection.receiveCommandMessageResponse(InternalStreamConnection.java:517) ~[mongodb-driver-core-5.2.1.jar:na]
	at com.mongodb.internal.connection.InternalStreamConnection.receive(InternalStreamConnection.java:469) ~[mongodb-driver-core-5.2.1.jar:na]
	at com.mongodb.internal.connection.DefaultServerMonitor$ServerMonitor.lookupServerDescription(DefaultServerMonitor.java:249) ~[mongodb-driver-core-5.2.1.jar:na]
	at com.mongodb.internal.connection.DefaultServerMonitor$ServerMonitor.run(DefaultServerMonitor.java:176) ~[mongodb-driver-core-5.2.1.jar:na]
Caused by: java.net.SocketException: Connection reset
	at java.base/sun.nio.ch.NioSocketImpl.implRead(NioSocketImpl.java:328) ~[na:na]
	at java.base/sun.nio.ch.NioSocketImpl.read(NioSocketImpl.java:355) ~[na:na]
	at java.base/sun.nio.ch.NioSocketImpl$1.read(NioSocketImpl.java:808) ~[na:na]
	at java.base/java.net.Socket$SocketInputStream.read(Socket.java:966) ~[na:na]
	at java.base/sun.security.ssl.SSLSocketInputRecord.read(SSLSocketInputRecord.java:484) ~[na:na]
	at java.base/sun.security.ssl.SSLSocketInputRecord.readHeader(SSLSocketInputRecord.java:478) ~[na:na]
	at java.base/sun.security.ssl.SSLSocketInputRecord.bytesInCompletePacket(SSLSocketInputRecord.java:70) ~[na:na]
	at java.base/sun.security.ssl.SSLSocketImpl.readApplicationRecord(SSLSocketImpl.java:1461) ~[na:na]
	at java.base/sun.security.ssl.SSLSocketImpl$AppInputStream.read(SSLSocketImpl.java:1065) ~[na:na]
	at com.mongodb.internal.connection.SocketStream.read(SocketStream.java:182) ~[mongodb-driver-core-5.2.1.jar:na]
	at com.mongodb.internal.connection.InternalStreamConnection.receiveResponseBuffers(InternalStreamConnection.java:829) ~[mongodb-driver-core-5.2.1.jar:na]
	... 4 common frames omitted

2026-05-27T18:39:50.218+01:00  INFO 25220 --- [ReclamationService] [ngodb.net:27017] org.mongodb.driver.cluster               : Exception in monitor thread while connecting to server ac-khxyvkv-shard-00-01.ltylxsp.mongodb.net:27017

com.mongodb.MongoSocketReadException: Exception receiving message
	at com.mongodb.internal.connection.InternalStreamConnection.translateReadException(InternalStreamConnection.java:814) ~[mongodb-driver-core-5.2.1.jar:na]
	at com.mongodb.internal.connection.InternalStreamConnection.receiveResponseBuffers(InternalStreamConnection.java:862) ~[mongodb-driver-core-5.2.1.jar:na]
	at com.mongodb.internal.connection.InternalStreamConnection.receiveCommandMessageResponse(InternalStreamConnection.java:517) ~[mongodb-driver-core-5.2.1.jar:na]
	at com.mongodb.internal.connection.InternalStreamConnection.receive(InternalStreamConnection.java:469) ~[mongodb-driver-core-5.2.1.jar:na]
	at com.mongodb.internal.connection.DefaultServerMonitor$ServerMonitor.lookupServerDescription(DefaultServerMonitor.java:249) ~[mongodb-driver-core-5.2.1.jar:na]
	at com.mongodb.internal.connection.DefaultServerMonitor$ServerMonitor.run(DefaultServerMonitor.java:176) ~[mongodb-driver-core-5.2.1.jar:na]
Caused by: java.net.SocketException: Connection reset
	at java.base/sun.nio.ch.NioSocketImpl.implRead(NioSocketImpl.java:328) ~[na:na]
	at java.base/sun.nio.ch.NioSocketImpl.read(NioSocketImpl.java:355) ~[na:na]
	at java.base/sun.nio.ch.NioSocketImpl$1.read(NioSocketImpl.java:808) ~[na:na]
	at java.base/java.net.Socket$SocketInputStream.read(Socket.java:966) ~[na:na]
	at java.base/sun.security.ssl.SSLSocketInputRecord.read(SSLSocketInputRecord.java:484) ~[na:na]
	at java.base/sun.security.ssl.SSLSocketInputRecord.readHeader(SSLSocketInputRecord.java:478) ~[na:na]
	at java.base/sun.security.ssl.SSLSocketInputRecord.bytesInCompletePacket(SSLSocketInputRecord.java:70) ~[na:na]
	at java.base/sun.security.ssl.SSLSocketImpl.readApplicationRecord(SSLSocketImpl.java:1461) ~[na:na]
	at java.base/sun.security.ssl.SSLSocketImpl$AppInputStream.read(SSLSocketImpl.java:1065) ~[na:na]
	at com.mongodb.internal.connection.SocketStream.read(SocketStream.java:182) ~[mongodb-driver-core-5.2.1.jar:na]
	at com.mongodb.internal.connection.InternalStreamConnection.receiveResponseBuffers(InternalStreamConnection.java:829) ~[mongodb-driver-core-5.2.1.jar:na]
	... 4 common frames omitted

2026-05-27T18:39:51.261+01:00  INFO 25220 --- [ReclamationService] [ngodb.net:27017] org.mongodb.driver.cluster               : Exception in monitor thread while connecting to server ac-khxyvkv-shard-00-01.ltylxsp.mongodb.net:27017

com.mongodb.MongoSocketException: Hôte inconnu (ac-khxyvkv-shard-00-01.ltylxsp.mongodb.net)
	at com.mongodb.internal.connection.ServerAddressHelper.getSocketAddresses(ServerAddressHelper.java:75) ~[mongodb-driver-core-5.2.1.jar:na]
	at com.mongodb.internal.connection.SocketStream.initializeSocket(SocketStream.java:100) ~[mongodb-driver-core-5.2.1.jar:na]
	at com.mongodb.internal.connection.SocketStream.open(SocketStream.java:79) ~[mongodb-driver-core-5.2.1.jar:na]
	at com.mongodb.internal.connection.InternalStreamConnection.open(InternalStreamConnection.java:233) ~[mongodb-driver-core-5.2.1.jar:na]
	at com.mongodb.internal.connection.DefaultServerMonitor$ServerMonitor.lookupServerDescription(DefaultServerMonitor.java:219) ~[mongodb-driver-core-5.2.1.jar:na]
	at com.mongodb.internal.connection.DefaultServerMonitor$ServerMonitor.run(DefaultServerMonitor.java:176) ~[mongodb-driver-core-5.2.1.jar:na]
Caused by: java.net.UnknownHostException: Hôte inconnu (ac-khxyvkv-shard-00-01.ltylxsp.mongodb.net)
	at java.base/java.net.Inet6AddressImpl.lookupAllHostAddr(Native Method) ~[na:na]
	at java.base/java.net.InetAddress$PlatformNameService.lookupAllHostAddr(InetAddress.java:933) ~[na:na]
	at java.base/java.net.InetAddress.getAddressesFromNameService(InetAddress.java:1543) ~[na:na]
	at java.base/java.net.InetAddress$NameServiceAddresses.get(InetAddress.java:852) ~[na:na]
	at java.base/java.net.InetAddress.getAllByName0(InetAddress.java:1532) ~[na:na]
	at java.base/java.net.InetAddress.getAllByName(InetAddress.java:1384) ~[na:na]
	at java.base/java.net.InetAddress.getAllByName(InetAddress.java:1305) ~[na:na]
	at com.mongodb.internal.connection.DefaultInetAddressResolver.lookupByName(DefaultInetAddressResolver.java:34) ~[mongodb-driver-core-5.2.1.jar:na]
	at com.mongodb.internal.connection.ServerAddressHelper.getSocketAddresses(ServerAddressHelper.java:71) ~[mongodb-driver-core-5.2.1.jar:na]
	... 5 common frames omitted

2026-05-27T18:39:51.261+01:00  INFO 25220 --- [ReclamationService] [ngodb.net:27017] org.mongodb.driver.cluster               : Exception in monitor thread while connecting to server ac-khxyvkv-shard-00-00.ltylxsp.mongodb.net:27017

com.mongodb.MongoSocketException: Hôte inconnu (ac-khxyvkv-shard-00-00.ltylxsp.mongodb.net)
	at com.mongodb.internal.connection.ServerAddressHelper.getSocketAddresses(ServerAddressHelper.java:75) ~[mongodb-driver-core-5.2.1.jar:na]
	at com.mongodb.internal.connection.SocketStream.initializeSocket(SocketStream.java:100) ~[mongodb-driver-core-5.2.1.jar:na]
	at com.mongodb.internal.connection.SocketStream.open(SocketStream.java:79) ~[mongodb-driver-core-5.2.1.jar:na]
	at com.mongodb.internal.connection.InternalStreamConnection.open(InternalStreamConnection.java:233) ~[mongodb-driver-core-5.2.1.jar:na]
	at com.mongodb.internal.connection.DefaultServerMonitor$ServerMonitor.lookupServerDescription(DefaultServerMonitor.java:219) ~[mongodb-driver-core-5.2.1.jar:na]
	at com.mongodb.internal.connection.DefaultServerMonitor$ServerMonitor.run(DefaultServerMonitor.java:176) ~[mongodb-driver-core-5.2.1.jar:na]
Caused by: java.net.UnknownHostException: Hôte inconnu (ac-khxyvkv-shard-00-00.ltylxsp.mongodb.net)
	at java.base/java.net.Inet6AddressImpl.lookupAllHostAddr(Native Method) ~[na:na]
	at java.base/java.net.InetAddress$PlatformNameService.lookupAllHostAddr(InetAddress.java:933) ~[na:na]
	at java.base/java.net.InetAddress.getAddressesFromNameService(InetAddress.java:1543) ~[na:na]
	at java.base/java.net.InetAddress$NameServiceAddresses.get(InetAddress.java:852) ~[na:na]
	at java.base/java.net.InetAddress.getAllByName0(InetAddress.java:1532) ~[na:na]
	at java.base/java.net.InetAddress.getAllByName(InetAddress.java:1384) ~[na:na]
	at java.base/java.net.InetAddress.getAllByName(InetAddress.java:1305) ~[na:na]
	at com.mongodb.internal.connection.DefaultInetAddressResolver.lookupByName(DefaultInetAddressResolver.java:34) ~[mongodb-driver-core-5.2.1.jar:na]
	at com.mongodb.internal.connection.ServerAddressHelper.getSocketAddresses(ServerAddressHelper.java:71) ~[mongodb-driver-core-5.2.1.jar:na]
	... 5 common frames omitted

2026-05-27T18:39:51.260+01:00  INFO 25220 --- [ReclamationService] [ngodb.net:27017] org.mongodb.driver.cluster               : Exception in monitor thread while connecting to server ac-khxyvkv-shard-00-02.ltylxsp.mongodb.net:27017

com.mongodb.MongoSocketException: Hôte inconnu (ac-khxyvkv-shard-00-02.ltylxsp.mongodb.net)
	at com.mongodb.internal.connection.ServerAddressHelper.getSocketAddresses(ServerAddressHelper.java:75) ~[mongodb-driver-core-5.2.1.jar:na]
	at com.mongodb.internal.connection.SocketStream.initializeSocket(SocketStream.java:100) ~[mongodb-driver-core-5.2.1.jar:na]
	at com.mongodb.internal.connection.SocketStream.open(SocketStream.java:79) ~[mongodb-driver-core-5.2.1.jar:na]
	at com.mongodb.internal.connection.InternalStreamConnection.open(InternalStreamConnection.java:233) ~[mongodb-driver-core-5.2.1.jar:na]
	at com.mongodb.internal.connection.DefaultServerMonitor$ServerMonitor.lookupServerDescription(DefaultServerMonitor.java:219) ~[mongodb-driver-core-5.2.1.jar:na]
	at com.mongodb.internal.connection.DefaultServerMonitor$ServerMonitor.run(DefaultServerMonitor.java:176) ~[mongodb-driver-core-5.2.1.jar:na]
Caused by: java.net.UnknownHostException: Hôte inconnu (ac-khxyvkv-shard-00-02.ltylxsp.mongodb.net)
	at java.base/java.net.Inet6AddressImpl.lookupAllHostAddr(Native Method) ~[na:na]
	at java.base/java.net.InetAddress$PlatformNameService.lookupAllHostAddr(InetAddress.java:933) ~[na:na]
	at java.base/java.net.InetAddress.getAddressesFromNameService(InetAddress.java:1543) ~[na:na]
	at java.base/java.net.InetAddress$NameServiceAddresses.get(InetAddress.java:852) ~[na:na]
	at java.base/java.net.InetAddress.getAllByName0(InetAddress.java:1532) ~[na:na]
	at java.base/java.net.InetAddress.getAllByName(InetAddress.java:1384) ~[na:na]
	at java.base/java.net.InetAddress.getAllByName(InetAddress.java:1305) ~[na:na]
	at com.mongodb.internal.connection.DefaultInetAddressResolver.lookupByName(DefaultInetAddressResolver.java:34) ~[mongodb-driver-core-5.2.1.jar:na]
	at com.mongodb.internal.connection.ServerAddressHelper.getSocketAddresses(ServerAddressHelper.java:71) ~[mongodb-driver-core-5.2.1.jar:na]
	... 5 common frames omitted

2026-05-27T19:08:22.182+01:00  INFO 25220 --- [ReclamationService] [ngodb.net:27017] org.mongodb.driver.cluster               : Monitor thread successfully connected to server with description ServerDescription{address=ac-khxyvkv-shard-00-01.ltylxsp.mongodb.net:27017, type=REPLICA_SET_PRIMARY, cryptd=false, state=CONNECTED, ok=true, minWireVersion=0, maxWireVersion=25, maxDocumentSize=16777216, logicalSessionTimeoutMinutes=30, roundTripTimeNanos=215704300, minRoundTripTimeNanos=0, setName='atlas-6x6yvm-shard-0', canonicalAddress=ac-khxyvkv-shard-00-01.ltylxsp.mongodb.net:27017, hosts=[ac-khxyvkv-shard-00-00.ltylxsp.mongodb.net:27017, ac-khxyvkv-shard-00-01.ltylxsp.mongodb.net:27017, ac-khxyvkv-shard-00-02.ltylxsp.mongodb.net:27017], passives=[], arbiters=[], primary='ac-khxyvkv-shard-00-01.ltylxsp.mongodb.net:27017', tagSet=TagSet{[Tag{name='availabilityZone', value='euw3-az2'}, Tag{name='cacheState', value='READY'}, Tag{name='diskState', value='READY'}, Tag{name='nodeType', value='ELECTABLE'}, Tag{name='provider', value='AWS'}, Tag{name='region', value='EU_WEST_3'}, Tag{name='workloadType', value='OPERATIONAL'}]}, electionId=7fffffff000000000000006b, setVersion=36, topologyVersion=TopologyVersion{processId=6a10ad2db025c004c20c2eaf, counter=6}, lastWriteDate=Wed May 27 19:08:21 WAT 2026, lastUpdateTimeNanos=983052167811600}
2026-05-27T19:08:22.182+01:00  INFO 25220 --- [ReclamationService] [ngodb.net:27017] org.mongodb.driver.cluster               : Monitor thread successfully connected to server with description ServerDescription{address=ac-khxyvkv-shard-00-02.ltylxsp.mongodb.net:27017, type=REPLICA_SET_SECONDARY, cryptd=false, state=CONNECTED, ok=true, minWireVersion=0, maxWireVersion=25, maxDocumentSize=16777216, logicalSessionTimeoutMinutes=30, roundTripTimeNanos=215673000, minRoundTripTimeNanos=0, setName='atlas-6x6yvm-shard-0', canonicalAddress=ac-khxyvkv-shard-00-02.ltylxsp.mongodb.net:27017, hosts=[ac-khxyvkv-shard-00-00.ltylxsp.mongodb.net:27017, ac-khxyvkv-shard-00-01.ltylxsp.mongodb.net:27017, ac-khxyvkv-shard-00-02.ltylxsp.mongodb.net:27017], passives=[], arbiters=[], primary='ac-khxyvkv-shard-00-01.ltylxsp.mongodb.net:27017', tagSet=TagSet{[Tag{name='availabilityZone', value='euw3-az3'}, Tag{name='cacheState', value='READY'}, Tag{name='diskState', value='READY'}, Tag{name='nodeType', value='ELECTABLE'}, Tag{name='provider', value='AWS'}, Tag{name='region', value='EU_WEST_3'}, Tag{name='workloadType', value='OPERATIONAL'}]}, electionId=null, setVersion=36, topologyVersion=TopologyVersion{processId=6a10afacc3c0145a7299563d, counter=3}, lastWriteDate=Wed May 27 19:08:21 WAT 2026, lastUpdateTimeNanos=983052167788400}
2026-05-27T19:08:22.200+01:00  INFO 25220 --- [ReclamationService] [ngodb.net:27017] org.mongodb.driver.cluster               : Discovered replica set primary ac-khxyvkv-shard-00-01.ltylxsp.mongodb.net:27017 with max election id 7fffffff000000000000006b and max set version 36
2026-05-27T19:08:22.228+01:00  INFO 25220 --- [ReclamationService] [ngodb.net:27017] org.mongodb.driver.cluster               : Monitor thread successfully connected to server with description ServerDescription{address=ac-khxyvkv-shard-00-00.ltylxsp.mongodb.net:27017, type=REPLICA_SET_SECONDARY, cryptd=false, state=CONNECTED, ok=true, minWireVersion=0, maxWireVersion=25, maxDocumentSize=16777216, logicalSessionTimeoutMinutes=30, roundTripTimeNanos=273962000, minRoundTripTimeNanos=0, setName='atlas-6x6yvm-shard-0', canonicalAddress=ac-khxyvkv-shard-00-00.ltylxsp.mongodb.net:27017, hosts=[ac-khxyvkv-shard-00-00.ltylxsp.mongodb.net:27017, ac-khxyvkv-shard-00-01.ltylxsp.mongodb.net:27017, ac-khxyvkv-shard-00-02.ltylxsp.mongodb.net:27017], passives=[], arbiters=[], primary='ac-khxyvkv-shard-00-01.ltylxsp.mongodb.net:27017', tagSet=TagSet{[Tag{name='availabilityZone', value='euw3-az1'}, Tag{name='cacheState', value='READY'}, Tag{name='diskState', value='READY'}, Tag{name='nodeType', value='ELECTABLE'}, Tag{name='provider', value='AWS'}, Tag{name='region', value='EU_WEST_3'}, Tag{name='workloadType', value='OPERATIONAL'}]}, electionId=null, setVersion=36, topologyVersion=TopologyVersion{processId=6a10aaf2adb9cf8404387343, counter=4}, lastWriteDate=Wed May 27 19:08:21 WAT 2026, lastUpdateTimeNanos=983052225899700}
2026-05-27T19:08:42.238+01:00  INFO 25220 --- [ReclamationService] [ngodb.net:27017] org.mongodb.driver.cluster               : Exception in monitor thread while connecting to server ac-khxyvkv-shard-00-00.ltylxsp.mongodb.net:27017

com.mongodb.MongoSocketReadTimeoutException: Timeout while receiving message
	at com.mongodb.internal.connection.InternalStreamConnection.createReadTimeoutException(InternalStreamConnection.java:824) ~[mongodb-driver-core-5.2.1.jar:na]
	at com.mongodb.internal.connection.InternalStreamConnection.translateReadException(InternalStreamConnection.java:812) ~[mongodb-driver-core-5.2.1.jar:na]
	at com.mongodb.internal.connection.InternalStreamConnection.receiveResponseBuffers(InternalStreamConnection.java:862) ~[mongodb-driver-core-5.2.1.jar:na]
	at com.mongodb.internal.connection.InternalStreamConnection.receiveCommandMessageResponse(InternalStreamConnection.java:517) ~[mongodb-driver-core-5.2.1.jar:na]
	at com.mongodb.internal.connection.InternalStreamConnection.receive(InternalStreamConnection.java:469) ~[mongodb-driver-core-5.2.1.jar:na]
	at com.mongodb.internal.connection.DefaultServerMonitor$ServerMonitor.lookupServerDescription(DefaultServerMonitor.java:249) ~[mongodb-driver-core-5.2.1.jar:na]
	at com.mongodb.internal.connection.DefaultServerMonitor$ServerMonitor.run(DefaultServerMonitor.java:176) ~[mongodb-driver-core-5.2.1.jar:na]
Caused by: java.net.SocketTimeoutException: Read timed out
	at java.base/sun.nio.ch.NioSocketImpl.timedRead(NioSocketImpl.java:288) ~[na:na]
	at java.base/sun.nio.ch.NioSocketImpl.implRead(NioSocketImpl.java:314) ~[na:na]
	at java.base/sun.nio.ch.NioSocketImpl.read(NioSocketImpl.java:355) ~[na:na]
	at java.base/sun.nio.ch.NioSocketImpl$1.read(NioSocketImpl.java:808) ~[na:na]
	at java.base/java.net.Socket$SocketInputStream.read(Socket.java:966) ~[na:na]
	at java.base/sun.security.ssl.SSLSocketInputRecord.read(SSLSocketInputRecord.java:484) ~[na:na]
	at java.base/sun.security.ssl.SSLSocketInputRecord.readHeader(SSLSocketInputRecord.java:478) ~[na:na]
	at java.base/sun.security.ssl.SSLSocketInputRecord.bytesInCompletePacket(SSLSocketInputRecord.java:70) ~[na:na]
	at java.base/sun.security.ssl.SSLSocketImpl.readApplicationRecord(SSLSocketImpl.java:1461) ~[na:na]
	at java.base/sun.security.ssl.SSLSocketImpl$AppInputStream.read(SSLSocketImpl.java:1065) ~[na:na]
	at com.mongodb.internal.connection.SocketStream.read(SocketStream.java:182) ~[mongodb-driver-core-5.2.1.jar:na]
	at com.mongodb.internal.connection.InternalStreamConnection.receiveResponseBuffers(InternalStreamConnection.java:829) ~[mongodb-driver-core-5.2.1.jar:na]
	... 4 common frames omitted

2026-05-27T19:08:42.212+01:00  INFO 25220 --- [ReclamationService] [ngodb.net:27017] org.mongodb.driver.cluster               : Exception in monitor thread while connecting to server ac-khxyvkv-shard-00-02.ltylxsp.mongodb.net:27017

com.mongodb.MongoSocketReadTimeoutException: Timeout while receiving message
	at com.mongodb.internal.connection.InternalStreamConnection.createReadTimeoutException(InternalStreamConnection.java:824) ~[mongodb-driver-core-5.2.1.jar:na]
	at com.mongodb.internal.connection.InternalStreamConnection.translateReadException(InternalStreamConnection.java:812) ~[mongodb-driver-core-5.2.1.jar:na]
	at com.mongodb.internal.connection.InternalStreamConnection.receiveResponseBuffers(InternalStreamConnection.java:862) ~[mongodb-driver-core-5.2.1.jar:na]
	at com.mongodb.internal.connection.InternalStreamConnection.receiveCommandMessageResponse(InternalStreamConnection.java:517) ~[mongodb-driver-core-5.2.1.jar:na]
	at com.mongodb.internal.connection.InternalStreamConnection.receive(InternalStreamConnection.java:469) ~[mongodb-driver-core-5.2.1.jar:na]
	at com.mongodb.internal.connection.DefaultServerMonitor$ServerMonitor.lookupServerDescription(DefaultServerMonitor.java:249) ~[mongodb-driver-core-5.2.1.jar:na]
	at com.mongodb.internal.connection.DefaultServerMonitor$ServerMonitor.run(DefaultServerMonitor.java:176) ~[mongodb-driver-core-5.2.1.jar:na]
Caused by: java.net.SocketTimeoutException: Read timed out
	at java.base/sun.nio.ch.NioSocketImpl.timedRead(NioSocketImpl.java:288) ~[na:na]
	at java.base/sun.nio.ch.NioSocketImpl.implRead(NioSocketImpl.java:314) ~[na:na]
	at java.base/sun.nio.ch.NioSocketImpl.read(NioSocketImpl.java:355) ~[na:na]
	at java.base/sun.nio.ch.NioSocketImpl$1.read(NioSocketImpl.java:808) ~[na:na]
	at java.base/java.net.Socket$SocketInputStream.read(Socket.java:966) ~[na:na]
	at java.base/sun.security.ssl.SSLSocketInputRecord.read(SSLSocketInputRecord.java:484) ~[na:na]
	at java.base/sun.security.ssl.SSLSocketInputRecord.readHeader(SSLSocketInputRecord.java:478) ~[na:na]
	at java.base/sun.security.ssl.SSLSocketInputRecord.bytesInCompletePacket(SSLSocketInputRecord.java:70) ~[na:na]
	at java.base/sun.security.ssl.SSLSocketImpl.readApplicationRecord(SSLSocketImpl.java:1461) ~[na:na]
	at java.base/sun.security.ssl.SSLSocketImpl$AppInputStream.read(SSLSocketImpl.java:1065) ~[na:na]
	at com.mongodb.internal.connection.SocketStream.read(SocketStream.java:182) ~[mongodb-driver-core-5.2.1.jar:na]
	at com.mongodb.internal.connection.InternalStreamConnection.receiveResponseBuffers(InternalStreamConnection.java:829) ~[mongodb-driver-core-5.2.1.jar:na]
	... 4 common frames omitted

2026-05-27T19:08:42.212+01:00  INFO 25220 --- [ReclamationService] [ngodb.net:27017] org.mongodb.driver.cluster               : Exception in monitor thread while connecting to server ac-khxyvkv-shard-00-01.ltylxsp.mongodb.net:27017

com.mongodb.MongoSocketReadTimeoutException: Timeout while receiving message
	at com.mongodb.internal.connection.InternalStreamConnection.createReadTimeoutException(InternalStreamConnection.java:824) ~[mongodb-driver-core-5.2.1.jar:na]
	at com.mongodb.internal.connection.InternalStreamConnection.translateReadException(InternalStreamConnection.java:812) ~[mongodb-driver-core-5.2.1.jar:na]
	at com.mongodb.internal.connection.InternalStreamConnection.receiveResponseBuffers(InternalStreamConnection.java:862) ~[mongodb-driver-core-5.2.1.jar:na]
	at com.mongodb.internal.connection.InternalStreamConnection.receiveCommandMessageResponse(InternalStreamConnection.java:517) ~[mongodb-driver-core-5.2.1.jar:na]
	at com.mongodb.internal.connection.InternalStreamConnection.receive(InternalStreamConnection.java:469) ~[mongodb-driver-core-5.2.1.jar:na]
	at com.mongodb.internal.connection.DefaultServerMonitor$ServerMonitor.lookupServerDescription(DefaultServerMonitor.java:249) ~[mongodb-driver-core-5.2.1.jar:na]
	at com.mongodb.internal.connection.DefaultServerMonitor$ServerMonitor.run(DefaultServerMonitor.java:176) ~[mongodb-driver-core-5.2.1.jar:na]
Caused by: java.net.SocketTimeoutException: Read timed out
	at java.base/sun.nio.ch.NioSocketImpl.timedRead(NioSocketImpl.java:288) ~[na:na]
	at java.base/sun.nio.ch.NioSocketImpl.implRead(NioSocketImpl.java:314) ~[na:na]
	at java.base/sun.nio.ch.NioSocketImpl.read(NioSocketImpl.java:355) ~[na:na]
	at java.base/sun.nio.ch.NioSocketImpl$1.read(NioSocketImpl.java:808) ~[na:na]
	at java.base/java.net.Socket$SocketInputStream.read(Socket.java:966) ~[na:na]
	at java.base/sun.security.ssl.SSLSocketInputRecord.read(SSLSocketInputRecord.java:484) ~[na:na]
	at java.base/sun.security.ssl.SSLSocketInputRecord.readHeader(SSLSocketInputRecord.java:478) ~[na:na]
	at java.base/sun.security.ssl.SSLSocketInputRecord.bytesInCompletePacket(SSLSocketInputRecord.java:70) ~[na:na]
	at java.base/sun.security.ssl.SSLSocketImpl.readApplicationRecord(SSLSocketImpl.java:1461) ~[na:na]
	at java.base/sun.security.ssl.SSLSocketImpl$AppInputStream.read(SSLSocketImpl.java:1065) ~[na:na]
	at com.mongodb.internal.connection.SocketStream.read(SocketStream.java:182) ~[mongodb-driver-core-5.2.1.jar:na]
	at com.mongodb.internal.connection.InternalStreamConnection.receiveResponseBuffers(InternalStreamConnection.java:829) ~[mongodb-driver-core-5.2.1.jar:na]
	... 4 common frames omitted

2026-05-27T19:08:42.758+01:00  INFO 25220 --- [ReclamationService] [ngodb.net:27017] org.mongodb.driver.cluster               : Monitor thread successfully connected to server with description ServerDescription{address=ac-khxyvkv-shard-00-02.ltylxsp.mongodb.net:27017, type=REPLICA_SET_SECONDARY, cryptd=false, state=CONNECTED, ok=true, minWireVersion=0, maxWireVersion=25, maxDocumentSize=16777216, logicalSessionTimeoutMinutes=30, roundTripTimeNanos=320309200, minRoundTripTimeNanos=0, setName='atlas-6x6yvm-shard-0', canonicalAddress=ac-khxyvkv-shard-00-02.ltylxsp.mongodb.net:27017, hosts=[ac-khxyvkv-shard-00-00.ltylxsp.mongodb.net:27017, ac-khxyvkv-shard-00-01.ltylxsp.mongodb.net:27017, ac-khxyvkv-shard-00-02.ltylxsp.mongodb.net:27017], passives=[], arbiters=[], primary='ac-khxyvkv-shard-00-01.ltylxsp.mongodb.net:27017', tagSet=TagSet{[Tag{name='availabilityZone', value='euw3-az3'}, Tag{name='cacheState', value='READY'}, Tag{name='diskState', value='READY'}, Tag{name='nodeType', value='ELECTABLE'}, Tag{name='provider', value='AWS'}, Tag{name='region', value='EU_WEST_3'}, Tag{name='workloadType', value='OPERATIONAL'}]}, electionId=null, setVersion=36, topologyVersion=TopologyVersion{processId=6a10afacc3c0145a7299563d, counter=3}, lastWriteDate=Sat May 30 14:10:37 WAT 2026, lastUpdateTimeNanos=983078382125000}
2026-05-27T19:08:44.079+01:00  INFO 25220 --- [ReclamationService] [ngodb.net:27017] org.mongodb.driver.cluster               : Monitor thread successfully connected to server with description ServerDescription{address=ac-khxyvkv-shard-00-01.ltylxsp.mongodb.net:27017, type=REPLICA_SET_PRIMARY, cryptd=false, state=CONNECTED, ok=true, minWireVersion=0, maxWireVersion=25, maxDocumentSize=16777216, logicalSessionTimeoutMinutes=30, roundTripTimeNanos=500748000, minRoundTripTimeNanos=0, setName='atlas-6x6yvm-shard-0', canonicalAddress=ac-khxyvkv-shard-00-01.ltylxsp.mongodb.net:27017, hosts=[ac-khxyvkv-shard-00-00.ltylxsp.mongodb.net:27017, ac-khxyvkv-shard-00-01.ltylxsp.mongodb.net:27017, ac-khxyvkv-shard-00-02.ltylxsp.mongodb.net:27017], passives=[], arbiters=[], primary='ac-khxyvkv-shard-00-01.ltylxsp.mongodb.net:27017', tagSet=TagSet{[Tag{name='availabilityZone', value='euw3-az2'}, Tag{name='cacheState', value='READY'}, Tag{name='diskState', value='READY'}, Tag{name='nodeType', value='ELECTABLE'}, Tag{name='provider', value='AWS'}, Tag{name='region', value='EU_WEST_3'}, Tag{name='workloadType', value='OPERATIONAL'}]}, electionId=7fffffff000000000000006b, setVersion=36, topologyVersion=TopologyVersion{processId=6a10ad2db025c004c20c2eaf, counter=6}, lastWriteDate=Sat May 30 14:10:38 WAT 2026, lastUpdateTimeNanos=983079702728600}
2026-05-27T19:08:44.080+01:00  INFO 25220 --- [ReclamationService] [ngodb.net:27017] org.mongodb.driver.cluster               : Monitor thread successfully connected to server with description ServerDescription{address=ac-khxyvkv-shard-00-00.ltylxsp.mongodb.net:27017, type=REPLICA_SET_SECONDARY, cryptd=false, state=CONNECTED, ok=true, minWireVersion=0, maxWireVersion=25, maxDocumentSize=16777216, logicalSessionTimeoutMinutes=30, roundTripTimeNanos=502047100, minRoundTripTimeNanos=0, setName='atlas-6x6yvm-shard-0', canonicalAddress=ac-khxyvkv-shard-00-00.ltylxsp.mongodb.net:27017, hosts=[ac-khxyvkv-shard-00-00.ltylxsp.mongodb.net:27017, ac-khxyvkv-shard-00-01.ltylxsp.mongodb.net:27017, ac-khxyvkv-shard-00-02.ltylxsp.mongodb.net:27017], passives=[], arbiters=[], primary='ac-khxyvkv-shard-00-01.ltylxsp.mongodb.net:27017', tagSet=TagSet{[Tag{name='availabilityZone', value='euw3-az1'}, Tag{name='cacheState', value='READY'}, Tag{name='diskState', value='READY'}, Tag{name='nodeType', value='ELECTABLE'}, Tag{name='provider', value='AWS'}, Tag{name='region', value='EU_WEST_3'}, Tag{name='workloadType', value='OPERATIONAL'}]}, electionId=null, setVersion=36, topologyVersion=TopologyVersion{processId=6a10aaf2adb9cf8404387343, counter=4}, lastWriteDate=Sat May 30 14:10:38 WAT 2026, lastUpdateTimeNanos=983079704118500}
2026-05-27T19:08:44.094+01:00  INFO 25220 --- [ReclamationService] [ngodb.net:27017] org.mongodb.driver.cluster               : Discovered replica set primary ac-khxyvkv-shard-00-01.ltylxsp.mongodb.net:27017 with max election id 7fffffff000000000000006b and max set version 36
2026-05-27T19:09:12.877+01:00  INFO 25220 --- [ReclamationService] [ngodb.net:27017] org.mongodb.driver.cluster               : Exception in monitor thread while connecting to server ac-khxyvkv-shard-00-02.ltylxsp.mongodb.net:27017

com.mongodb.MongoSocketReadTimeoutException: Timeout while receiving message
	at com.mongodb.internal.connection.InternalStreamConnection.createReadTimeoutException(InternalStreamConnection.java:824) ~[mongodb-driver-core-5.2.1.jar:na]
	at com.mongodb.internal.connection.InternalStreamConnection.translateReadException(InternalStreamConnection.java:812) ~[mongodb-driver-core-5.2.1.jar:na]
	at com.mongodb.internal.connection.InternalStreamConnection.receiveResponseBuffers(InternalStreamConnection.java:862) ~[mongodb-driver-core-5.2.1.jar:na]
	at com.mongodb.internal.connection.InternalStreamConnection.receiveCommandMessageResponse(InternalStreamConnection.java:517) ~[mongodb-driver-core-5.2.1.jar:na]
	at com.mongodb.internal.connection.InternalStreamConnection.receive(InternalStreamConnection.java:469) ~[mongodb-driver-core-5.2.1.jar:na]
	at com.mongodb.internal.connection.DefaultServerMonitor$ServerMonitor.lookupServerDescription(DefaultServerMonitor.java:249) ~[mongodb-driver-core-5.2.1.jar:na]
	at com.mongodb.internal.connection.DefaultServerMonitor$ServerMonitor.run(DefaultServerMonitor.java:176) ~[mongodb-driver-core-5.2.1.jar:na]
Caused by: java.net.SocketTimeoutException: Read timed out
	at java.base/sun.nio.ch.NioSocketImpl.timedRead(NioSocketImpl.java:288) ~[na:na]
	at java.base/sun.nio.ch.NioSocketImpl.implRead(NioSocketImpl.java:314) ~[na:na]
	at java.base/sun.nio.ch.NioSocketImpl.read(NioSocketImpl.java:355) ~[na:na]
	at java.base/sun.nio.ch.NioSocketImpl$1.read(NioSocketImpl.java:808) ~[na:na]
	at java.base/java.net.Socket$SocketInputStream.read(Socket.java:966) ~[na:na]
	at java.base/sun.security.ssl.SSLSocketInputRecord.read(SSLSocketInputRecord.java:484) ~[na:na]
	at java.base/sun.security.ssl.SSLSocketInputRecord.readHeader(SSLSocketInputRecord.java:478) ~[na:na]
	at java.base/sun.security.ssl.SSLSocketInputRecord.bytesInCompletePacket(SSLSocketInputRecord.java:70) ~[na:na]
	at java.base/sun.security.ssl.SSLSocketImpl.readApplicationRecord(SSLSocketImpl.java:1461) ~[na:na]
	at java.base/sun.security.ssl.SSLSocketImpl$AppInputStream.read(SSLSocketImpl.java:1065) ~[na:na]
	at com.mongodb.internal.connection.SocketStream.read(SocketStream.java:182) ~[mongodb-driver-core-5.2.1.jar:na]
	at com.mongodb.internal.connection.InternalStreamConnection.receiveResponseBuffers(InternalStreamConnection.java:829) ~[mongodb-driver-core-5.2.1.jar:na]
	... 4 common frames omitted

2026-05-27T19:09:13.082+01:00  INFO 25220 --- [ReclamationService] [ngodb.net:27017] org.mongodb.driver.cluster               : Monitor thread successfully connected to server with description ServerDescription{address=ac-khxyvkv-shard-00-02.ltylxsp.mongodb.net:27017, type=REPLICA_SET_SECONDARY, cryptd=false, state=CONNECTED, ok=true, minWireVersion=0, maxWireVersion=25, maxDocumentSize=16777216, logicalSessionTimeoutMinutes=30, roundTripTimeNanos=120744400, minRoundTripTimeNanos=0, setName='atlas-6x6yvm-shard-0', canonicalAddress=ac-khxyvkv-shard-00-02.ltylxsp.mongodb.net:27017, hosts=[ac-khxyvkv-shard-00-00.ltylxsp.mongodb.net:27017, ac-khxyvkv-shard-00-01.ltylxsp.mongodb.net:27017, ac-khxyvkv-shard-00-02.ltylxsp.mongodb.net:27017], passives=[], arbiters=[], primary='ac-khxyvkv-shard-00-01.ltylxsp.mongodb.net:27017', tagSet=TagSet{[Tag{name='availabilityZone', value='euw3-az3'}, Tag{name='cacheState', value='READY'}, Tag{name='diskState', value='READY'}, Tag{name='nodeType', value='ELECTABLE'}, Tag{name='provider', value='AWS'}, Tag{name='region', value='EU_WEST_3'}, Tag{name='workloadType', value='OPERATIONAL'}]}, electionId=null, setVersion=36, topologyVersion=TopologyVersion{processId=6a10afacc3c0145a7299563d, counter=3}, lastWriteDate=Sat May 30 14:11:45 WAT 2026, lastUpdateTimeNanos=983115483206100}
2026-05-27T19:09:14.319+01:00  INFO 25220 --- [ReclamationService] [ngodb.net:27017] org.mongodb.driver.cluster               : Exception in monitor thread while connecting to server ac-khxyvkv-shard-00-00.ltylxsp.mongodb.net:27017

com.mongodb.MongoSocketReadTimeoutException: Timeout while receiving message
	at com.mongodb.internal.connection.InternalStreamConnection.createReadTimeoutException(InternalStreamConnection.java:824) ~[mongodb-driver-core-5.2.1.jar:na]
	at com.mongodb.internal.connection.InternalStreamConnection.translateReadException(InternalStreamConnection.java:812) ~[mongodb-driver-core-5.2.1.jar:na]
	at com.mongodb.internal.connection.InternalStreamConnection.receiveResponseBuffers(InternalStreamConnection.java:862) ~[mongodb-driver-core-5.2.1.jar:na]
	at com.mongodb.internal.connection.InternalStreamConnection.receiveCommandMessageResponse(InternalStreamConnection.java:517) ~[mongodb-driver-core-5.2.1.jar:na]
	at com.mongodb.internal.connection.InternalStreamConnection.receive(InternalStreamConnection.java:469) ~[mongodb-driver-core-5.2.1.jar:na]
	at com.mongodb.internal.connection.DefaultServerMonitor$ServerMonitor.lookupServerDescription(DefaultServerMonitor.java:249) ~[mongodb-driver-core-5.2.1.jar:na]
	at com.mongodb.internal.connection.DefaultServerMonitor$ServerMonitor.run(DefaultServerMonitor.java:176) ~[mongodb-driver-core-5.2.1.jar:na]
Caused by: java.net.SocketTimeoutException: Read timed out
	at java.base/sun.nio.ch.NioSocketImpl.timedRead(NioSocketImpl.java:288) ~[na:na]
	at java.base/sun.nio.ch.NioSocketImpl.implRead(NioSocketImpl.java:314) ~[na:na]
	at java.base/sun.nio.ch.NioSocketImpl.read(NioSocketImpl.java:355) ~[na:na]
	at java.base/sun.nio.ch.NioSocketImpl$1.read(NioSocketImpl.java:808) ~[na:na]
	at java.base/java.net.Socket$SocketInputStream.read(Socket.java:966) ~[na:na]
	at java.base/sun.security.ssl.SSLSocketInputRecord.read(SSLSocketInputRecord.java:484) ~[na:na]
	at java.base/sun.security.ssl.SSLSocketInputRecord.readHeader(SSLSocketInputRecord.java:478) ~[na:na]
	at java.base/sun.security.ssl.SSLSocketInputRecord.bytesInCompletePacket(SSLSocketInputRecord.java:70) ~[na:na]
	at java.base/sun.security.ssl.SSLSocketImpl.readApplicationRecord(SSLSocketImpl.java:1461) ~[na:na]
	at java.base/sun.security.ssl.SSLSocketImpl$AppInputStream.read(SSLSocketImpl.java:1065) ~[na:na]
	at com.mongodb.internal.connection.SocketStream.read(SocketStream.java:182) ~[mongodb-driver-core-5.2.1.jar:na]
	at com.mongodb.internal.connection.InternalStreamConnection.receiveResponseBuffers(InternalStreamConnection.java:829) ~[mongodb-driver-core-5.2.1.jar:na]
	... 4 common frames omitted

2026-05-27T19:09:14.319+01:00  INFO 25220 --- [ReclamationService] [ngodb.net:27017] org.mongodb.driver.cluster               : Exception in monitor thread while connecting to server ac-khxyvkv-shard-00-01.ltylxsp.mongodb.net:27017

com.mongodb.MongoSocketReadTimeoutException: Timeout while receiving message
	at com.mongodb.internal.connection.InternalStreamConnection.createReadTimeoutException(InternalStreamConnection.java:824) ~[mongodb-driver-core-5.2.1.jar:na]
	at com.mongodb.internal.connection.InternalStreamConnection.translateReadException(InternalStreamConnection.java:812) ~[mongodb-driver-core-5.2.1.jar:na]
	at com.mongodb.internal.connection.InternalStreamConnection.receiveResponseBuffers(InternalStreamConnection.java:862) ~[mongodb-driver-core-5.2.1.jar:na]
	at com.mongodb.internal.connection.InternalStreamConnection.receiveCommandMessageResponse(InternalStreamConnection.java:517) ~[mongodb-driver-core-5.2.1.jar:na]
	at com.mongodb.internal.connection.InternalStreamConnection.receive(InternalStreamConnection.java:469) ~[mongodb-driver-core-5.2.1.jar:na]
	at com.mongodb.internal.connection.DefaultServerMonitor$ServerMonitor.lookupServerDescription(DefaultServerMonitor.java:249) ~[mongodb-driver-core-5.2.1.jar:na]
	at com.mongodb.internal.connection.DefaultServerMonitor$ServerMonitor.run(DefaultServerMonitor.java:176) ~[mongodb-driver-core-5.2.1.jar:na]
Caused by: java.net.SocketTimeoutException: Read timed out
	at java.base/sun.nio.ch.NioSocketImpl.timedRead(NioSocketImpl.java:288) ~[na:na]
	at java.base/sun.nio.ch.NioSocketImpl.implRead(NioSocketImpl.java:314) ~[na:na]
	at java.base/sun.nio.ch.NioSocketImpl.read(NioSocketImpl.java:355) ~[na:na]
	at java.base/sun.nio.ch.NioSocketImpl$1.read(NioSocketImpl.java:808) ~[na:na]
	at java.base/java.net.Socket$SocketInputStream.read(Socket.java:966) ~[na:na]
	at java.base/sun.security.ssl.SSLSocketInputRecord.read(SSLSocketInputRecord.java:484) ~[na:na]
	at java.base/sun.security.ssl.SSLSocketInputRecord.readHeader(SSLSocketInputRecord.java:478) ~[na:na]
	at java.base/sun.security.ssl.SSLSocketInputRecord.bytesInCompletePacket(SSLSocketInputRecord.java:70) ~[na:na]
	at java.base/sun.security.ssl.SSLSocketImpl.readApplicationRecord(SSLSocketImpl.java:1461) ~[na:na]
	at java.base/sun.security.ssl.SSLSocketImpl$AppInputStream.read(SSLSocketImpl.java:1065) ~[na:na]
	at com.mongodb.internal.connection.SocketStream.read(SocketStream.java:182) ~[mongodb-driver-core-5.2.1.jar:na]
	at com.mongodb.internal.connection.InternalStreamConnection.receiveResponseBuffers(InternalStreamConnection.java:829) ~[mongodb-driver-core-5.2.1.jar:na]
	... 4 common frames omitted

2026-05-27T19:09:14.505+01:00  INFO 25220 --- [ReclamationService] [ngodb.net:27017] org.mongodb.driver.cluster               : Monitor thread successfully connected to server with description ServerDescription{address=ac-khxyvkv-shard-00-01.ltylxsp.mongodb.net:27017, type=REPLICA_SET_PRIMARY, cryptd=false, state=CONNECTED, ok=true, minWireVersion=0, maxWireVersion=25, maxDocumentSize=16777216, logicalSessionTimeoutMinutes=30, roundTripTimeNanos=91844700, minRoundTripTimeNanos=0, setName='atlas-6x6yvm-shard-0', canonicalAddress=ac-khxyvkv-shard-00-01.ltylxsp.mongodb.net:27017, hosts=[ac-khxyvkv-shard-00-00.ltylxsp.mongodb.net:27017, ac-khxyvkv-shard-00-01.ltylxsp.mongodb.net:27017, ac-khxyvkv-shard-00-02.ltylxsp.mongodb.net:27017], passives=[], arbiters=[], primary='ac-khxyvkv-shard-00-01.ltylxsp.mongodb.net:27017', tagSet=TagSet{[Tag{name='availabilityZone', value='euw3-az2'}, Tag{name='cacheState', value='READY'}, Tag{name='diskState', value='READY'}, Tag{name='nodeType', value='ELECTABLE'}, Tag{name='provider', value='AWS'}, Tag{name='region', value='EU_WEST_3'}, Tag{name='workloadType', value='OPERATIONAL'}]}, electionId=7fffffff000000000000006b, setVersion=36, topologyVersion=TopologyVersion{processId=6a10ad2db025c004c20c2eaf, counter=6}, lastWriteDate=Sat May 30 14:11:46 WAT 2026, lastUpdateTimeNanos=983116908236600}
2026-05-27T19:09:14.506+01:00  INFO 25220 --- [ReclamationService] [ngodb.net:27017] org.mongodb.driver.cluster               : Discovered replica set primary ac-khxyvkv-shard-00-01.ltylxsp.mongodb.net:27017 with max election id 7fffffff000000000000006b and max set version 36
2026-05-27T19:09:14.512+01:00  INFO 25220 --- [ReclamationService] [ngodb.net:27017] org.mongodb.driver.cluster               : Monitor thread successfully connected to server with description ServerDescription{address=ac-khxyvkv-shard-00-00.ltylxsp.mongodb.net:27017, type=REPLICA_SET_SECONDARY, cryptd=false, state=CONNECTED, ok=true, minWireVersion=0, maxWireVersion=25, maxDocumentSize=16777216, logicalSessionTimeoutMinutes=30, roundTripTimeNanos=98578500, minRoundTripTimeNanos=0, setName='atlas-6x6yvm-shard-0', canonicalAddress=ac-khxyvkv-shard-00-00.ltylxsp.mongodb.net:27017, hosts=[ac-khxyvkv-shard-00-00.ltylxsp.mongodb.net:27017, ac-khxyvkv-shard-00-01.ltylxsp.mongodb.net:27017, ac-khxyvkv-shard-00-02.ltylxsp.mongodb.net:27017], passives=[], arbiters=[], primary='ac-khxyvkv-shard-00-01.ltylxsp.mongodb.net:27017', tagSet=TagSet{[Tag{name='availabilityZone', value='euw3-az1'}, Tag{name='cacheState', value='READY'}, Tag{name='diskState', value='READY'}, Tag{name='nodeType', value='ELECTABLE'}, Tag{name='provider', value='AWS'}, Tag{name='region', value='EU_WEST_3'}, Tag{name='workloadType', value='OPERATIONAL'}]}, electionId=null, setVersion=36, topologyVersion=TopologyVersion{processId=6a10aaf2adb9cf8404387343, counter=4}, lastWriteDate=Sat May 30 14:11:46 WAT 2026, lastUpdateTimeNanos=983116914970700}
