[INFO] Scanning for projects...
[INFO] 
[INFO] --------------------< tn.matchmakers:SocialService >--------------------
[INFO] Building SocialService 0.0.1-SNAPSHOT
[INFO]   from pom.xml
[INFO] --------------------------------[ jar ]---------------------------------
[INFO] 
[INFO] >>> spring-boot:3.4.12:run (default-cli) > test-compile @ SocialService >>>
[INFO] 
[INFO] --- resources:3.3.1:resources (default-resources) @ SocialService ---
[INFO] Copying 1 resource from src\main\resources to target\classes
[INFO] Copying 0 resource from src\main\resources to target\classes
[INFO] 
[INFO] --- compiler:3.13.0:compile (default-compile) @ SocialService ---
[INFO] Recompiling the module because of added or removed source files.
[INFO] Compiling 46 source files with javac [debug parameters release 17] to target\classes
[INFO] 
[INFO] --- resources:3.3.1:testResources (default-testResources) @ SocialService ---
[INFO] skip non existing resourceDirectory D:\school\3SDE1\PI3C-SDE2-2526\MatchMakers\Backend\SocialService\src\test\resources
[INFO] 
[INFO] --- compiler:3.13.0:testCompile (default-testCompile) @ SocialService ---
[INFO] Recompiling the module because of changed dependency.
[INFO] Compiling 1 source file with javac [debug parameters release 17] to target\test-classes
[INFO] 
[INFO] <<< spring-boot:3.4.12:run (default-cli) < test-compile @ SocialService <<<
[INFO] 
[INFO] 
[INFO] --- spring-boot:3.4.12:run (default-cli) @ SocialService ---
[INFO] Attaching agents: []

  .   ____          _            __ _ _
 /\\ / ___'_ __ _ _(_)_ __  __ _ \ \ \ \
( ( )\___ | '_ | '_| | '_ \/ _` | \ \ \ \
 \\/  ___)| |_)| | | | | || (_| |  ) ) ) )
  '  |____| .__|_| |_|_| |_\__, | / / / /
 =========|_|==============|___/=/_/_/_/

 :: Spring Boot ::               (v3.4.12)

2026-05-16T15:57:23.700+01:00  INFO 29248 --- [SocialService] [           main] t.m.s.SocialServiceApplication           : Starting SocialServiceApplication using Java 17.0.12 with PID 29248 (D:\school\3SDE1\PI3C-SDE2-2526\MatchMakers\Backend\SocialService\target\classes started by mayre in D:\school\3SDE1\PI3C-SDE2-2526\MatchMakers\Backend\SocialService)
2026-05-16T15:57:23.705+01:00  INFO 29248 --- [SocialService] [           main] t.m.s.SocialServiceApplication           : No active profile set, falling back to 1 default profile: "default"
2026-05-16T15:57:26.969+01:00  INFO 29248 --- [SocialService] [           main] .s.d.r.c.RepositoryConfigurationDelegate : Bootstrapping Spring Data MongoDB repositories in DEFAULT mode.
2026-05-16T15:57:27.335+01:00  INFO 29248 --- [SocialService] [           main] .s.d.r.c.RepositoryConfigurationDelegate : Finished Spring Data repository scanning in 354 ms. Found 5 MongoDB repository interfaces.
2026-05-16T15:57:28.996+01:00  INFO 29248 --- [SocialService] [           main] o.s.b.w.embedded.tomcat.TomcatWebServer  : Tomcat initialized with port 8090 (http)
2026-05-16T15:57:29.022+01:00  INFO 29248 --- [SocialService] [           main] o.apache.catalina.core.StandardService   : Starting service [Tomcat]
2026-05-16T15:57:29.024+01:00  INFO 29248 --- [SocialService] [           main] o.apache.catalina.core.StandardEngine    : Starting Servlet engine: [Apache Tomcat/10.1.49]
2026-05-16T15:57:29.138+01:00  INFO 29248 --- [SocialService] [           main] o.a.c.c.C.[.[localhost].[/social]        : Initializing Spring embedded WebApplicationContext
2026-05-16T15:57:29.140+01:00  INFO 29248 --- [SocialService] [           main] w.s.c.ServletWebServerApplicationContext : Root WebApplicationContext: initialization completed in 5346 ms
2026-05-16T15:57:30.112+01:00  INFO 29248 --- [SocialService] [xsp.mongodb.net] org.mongodb.driver.cluster               : Adding discovered server ac-khxyvkv-shard-00-02.ltylxsp.mongodb.net:27017 to client view of cluster
2026-05-16T15:57:30.116+01:00  INFO 29248 --- [SocialService] [           main] org.mongodb.driver.client                : MongoClient with metadata {"driver": {"name": "mongo-java-driver|sync|spring-boot", "version": "5.2.1"}, "os": {"type": "Windows", "name": "Windows 11", "architecture": "amd64", "version": "10.0"}, "platform": "Java/Oracle Corporation/17.0.12+8-LTS-286"} created with settings MongoClientSettings{readPreference=primary, writeConcern=WriteConcern{w=null, wTimeout=null ms, journal=null}, retryWrites=true, retryReads=true, readConcern=ReadConcern{level=null}, credential=MongoCredential{mechanism=null, userName='elghalimeriem14_db_user', source='admin', password=<hidden>, mechanismProperties=<hidden>}, transportSettings=null, commandListeners=[], codecRegistry=ProvidersCodecRegistry{codecProviders=[ValueCodecProvider{}, BsonValueCodecProvider{}, DBRefCodecProvider{}, DBObjectCodecProvider{}, DocumentCodecProvider{}, CollectionCodecProvider{}, IterableCodecProvider{}, MapCodecProvider{}, GeoJsonCodecProvider{}, GridFSFileCodecProvider{}, Jsr310CodecProvider{}, JsonObjectCodecProvider{}, BsonCodecProvider{}, EnumCodecProvider{}, com.mongodb.client.model.mql.ExpressionCodecProvider@6ecc02bb, com.mongodb.Jep395RecordCodecProvider@31973858, com.mongodb.KotlinCodecProvider@65514add]}, loggerSettings=LoggerSettings{maxDocumentLength=1000}, clusterSettings={hosts=[127.0.0.1:27017], srvHost=clustermatchmakers.ltylxsp.mongodb.net, srvServiceName=mongodb, mode=MULTIPLE, requiredClusterType=REPLICA_SET, requiredReplicaSetName='atlas-6x6yvm-shard-0', serverSelector='null', clusterListeners='[]', serverSelectionTimeout='30000 ms', localThreshold='15 ms'}, socketSettings=SocketSettings{connectTimeoutMS=10000, readTimeoutMS=0, receiveBufferSize=0, proxySettings=ProxySettings{host=null, port=null, username=null, password=null}}, heartbeatSocketSettings=SocketSettings{connectTimeoutMS=10000, readTimeoutMS=10000, receiveBufferSize=0, proxySettings=ProxySettings{host=null, port=null, username=null, password=null}}, connectionPoolSettings=ConnectionPoolSettings{maxSize=100, minSize=0, maxWaitTimeMS=120000, maxConnectionLifeTimeMS=0, maxConnectionIdleTimeMS=0, maintenanceInitialDelayMS=0, maintenanceFrequencyMS=60000, connectionPoolListeners=[], maxConnecting=2}, serverSettings=ServerSettings{heartbeatFrequencyMS=10000, minHeartbeatFrequencyMS=500, serverMonitoringMode=AUTO, serverListeners='[]', serverMonitorListeners='[]'}, sslSettings=SslSettings{enabled=true, invalidHostNameAllowed=false, context=null}, applicationName='null', compressorList=[], uuidRepresentation=JAVA_LEGACY, serverApi=null, autoEncryptionSettings=null, dnsClient=null, inetAddressResolver=null, contextProvider=null, timeoutMS=null}
2026-05-16T15:57:30.156+01:00  INFO 29248 --- [SocialService] [xsp.mongodb.net] org.mongodb.driver.cluster               : Adding discovered server ac-khxyvkv-shard-00-01.ltylxsp.mongodb.net:27017 to client view of cluster
2026-05-16T15:57:30.202+01:00  INFO 29248 --- [SocialService] [xsp.mongodb.net] org.mongodb.driver.cluster               : Adding discovered server ac-khxyvkv-shard-00-00.ltylxsp.mongodb.net:27017 to client view of cluster
2026-05-16T15:57:30.847+01:00  INFO 29248 --- [SocialService] [ngodb.net:27017] org.mongodb.driver.cluster               : Monitor thread successfully connected to server with description ServerDescription{address=ac-khxyvkv-shard-00-00.ltylxsp.mongodb.net:27017, type=REPLICA_SET_SECONDARY, cryptd=false, state=CONNECTED, ok=true, minWireVersion=0, maxWireVersion=25, maxDocumentSize=16777216, logicalSessionTimeoutMinutes=30, roundTripTimeNanos=283315500, minRoundTripTimeNanos=0, setName='atlas-6x6yvm-shard-0', canonicalAddress=ac-khxyvkv-shard-00-00.ltylxsp.mongodb.net:27017, hosts=[ac-khxyvkv-shard-00-00.ltylxsp.mongodb.net:27017, ac-khxyvkv-shard-00-01.ltylxsp.mongodb.net:27017, ac-khxyvkv-shard-00-02.ltylxsp.mongodb.net:27017], passives=[], arbiters=[], primary='ac-khxyvkv-shard-00-01.ltylxsp.mongodb.net:27017', tagSet=TagSet{[Tag{name='availabilityZone', value='euw3-az1'}, Tag{name='cacheState', value='READY'}, Tag{name='diskState', value='READY'}, Tag{name='nodeType', value='ELECTABLE'}, Tag{name='provider', value='AWS'}, Tag{name='region', value='EU_WEST_3'}, Tag{name='workloadType', value='OPERATIONAL'}]}, electionId=null, setVersion=36, topologyVersion=TopologyVersion{processId=69fe3480bce649a00b1f6b90, counter=4}, lastWriteDate=Sat May 16 15:57:30 WAT 2026, lastUpdateTimeNanos=21147804783500}
2026-05-16T15:57:30.847+01:00  INFO 29248 --- [SocialService] [ngodb.net:27017] org.mongodb.driver.cluster               : Monitor thread successfully connected to server with description ServerDescription{address=ac-khxyvkv-shard-00-01.ltylxsp.mongodb.net:27017, type=REPLICA_SET_PRIMARY, cryptd=false, state=CONNECTED, ok=true, minWireVersion=0, maxWireVersion=25, maxDocumentSize=16777216, logicalSessionTimeoutMinutes=30, roundTripTimeNanos=280180500, minRoundTripTimeNanos=0, setName='atlas-6x6yvm-shard-0', canonicalAddress=ac-khxyvkv-shard-00-01.ltylxsp.mongodb.net:27017, hosts=[ac-khxyvkv-shard-00-00.ltylxsp.mongodb.net:27017, ac-khxyvkv-shard-00-01.ltylxsp.mongodb.net:27017, ac-khxyvkv-shard-00-02.ltylxsp.mongodb.net:27017], passives=[], arbiters=[], primary='ac-khxyvkv-shard-00-01.ltylxsp.mongodb.net:27017', tagSet=TagSet{[Tag{name='availabilityZone', value='euw3-az2'}, Tag{name='cacheState', value='READY'}, Tag{name='diskState', value='READY'}, Tag{name='nodeType', value='ELECTABLE'}, Tag{name='provider', value='AWS'}, Tag{name='region', value='EU_WEST_3'}, Tag{name='workloadType', value='OPERATIONAL'}]}, electionId=7fffffff0000000000000069, setVersion=36, topologyVersion=TopologyVersion{processId=69fe370e7afba3a6519b2508, counter=6}, lastWriteDate=Sat May 16 15:57:30 WAT 2026, lastUpdateTimeNanos=21147803063200}
2026-05-16T15:57:30.847+01:00  INFO 29248 --- [SocialService] [ngodb.net:27017] org.mongodb.driver.cluster               : Monitor thread successfully connected to server with description ServerDescription{address=ac-khxyvkv-shard-00-02.ltylxsp.mongodb.net:27017, type=REPLICA_SET_SECONDARY, cryptd=false, state=CONNECTED, ok=true, minWireVersion=0, maxWireVersion=25, maxDocumentSize=16777216, logicalSessionTimeoutMinutes=30, roundTripTimeNanos=280162300, minRoundTripTimeNanos=0, setName='atlas-6x6yvm-shard-0', canonicalAddress=ac-khxyvkv-shard-00-02.ltylxsp.mongodb.net:27017, hosts=[ac-khxyvkv-shard-00-00.ltylxsp.mongodb.net:27017, ac-khxyvkv-shard-00-01.ltylxsp.mongodb.net:27017, ac-khxyvkv-shard-00-02.ltylxsp.mongodb.net:27017], passives=[], arbiters=[], primary='ac-khxyvkv-shard-00-01.ltylxsp.mongodb.net:27017', tagSet=TagSet{[Tag{name='availabilityZone', value='euw3-az3'}, Tag{name='cacheState', value='READY'}, Tag{name='diskState', value='READY'}, Tag{name='nodeType', value='ELECTABLE'}, Tag{name='provider', value='AWS'}, Tag{name='region', value='EU_WEST_3'}, Tag{name='workloadType', value='OPERATIONAL'}]}, electionId=null, setVersion=36, topologyVersion=TopologyVersion{processId=69fe3974932517ad87b461cb, counter=3}, lastWriteDate=Sat May 16 15:57:30 WAT 2026, lastUpdateTimeNanos=21147803063200}
2026-05-16T15:57:30.915+01:00  INFO 29248 --- [SocialService] [ngodb.net:27017] org.mongodb.driver.cluster               : Discovered replica set primary ac-khxyvkv-shard-00-01.ltylxsp.mongodb.net:27017 with max election id 7fffffff0000000000000069 and max set version 36
2026-05-16T15:57:32.398+01:00  INFO 29248 --- [SocialService] [           main] o.s.m.s.b.SimpleBrokerMessageHandler     : Starting...
2026-05-16T15:57:32.402+01:00  INFO 29248 --- [SocialService] [           main] o.s.m.s.b.SimpleBrokerMessageHandler     : BrokerAvailabilityEvent[available=true, SimpleBrokerMessageHandler [org.springframework.messaging.simp.broker.DefaultSubscriptionRegistry@6c830ebd]]
2026-05-16T15:57:32.404+01:00  INFO 29248 --- [SocialService] [           main] o.s.m.s.b.SimpleBrokerMessageHandler     : Started.
2026-05-16T15:57:32.453+01:00  INFO 29248 --- [SocialService] [           main] o.s.b.w.embedded.tomcat.TomcatWebServer  : Tomcat started on port 8090 (http) with context path '/social'
2026-05-16T15:57:32.471+01:00  INFO 29248 --- [SocialService] [           main] t.m.s.SocialServiceApplication           : Started SocialServiceApplication in 9.75 seconds (process running for 13.195)
2026-05-16T15:58:32.412+01:00  INFO 29248 --- [SocialService] [MessageBroker-1] o.s.w.s.c.WebSocketMessageBrokerStats    : WebSocketSession[0 current WS(0)-HttpStream(0)-HttpPoll(0), 0 total, 0 closed abnormally (0 connect failure, 0 send limit, 0 transport error)], stompSubProtocol[processed CONNECT(0)-CONNECTED(0)-DISCONNECT(0)], stompBrokerRelay[null], inboundChannel[pool size = 0, active threads = 0, queued tasks = 0, completed tasks = 0], outboundChannel[pool size = 0, active threads = 0, queued tasks = 0, completed tasks = 0], sockJsScheduler[pool size = 1, active threads = 1, queued tasks = 0, completed tasks = 0]
2026-05-16T16:02:41.405+01:00  INFO 29248 --- [SocialService] [ngodb.net:27017] org.mongodb.driver.cluster               : Exception in monitor thread while connecting to server ac-khxyvkv-shard-00-00.ltylxsp.mongodb.net:27017

com.mongodb.MongoSocketReadException: Exception receiving message
	at com.mongodb.internal.connection.InternalStreamConnection.translateReadException(InternalStreamConnection.java:814) ~[mongodb-driver-core-5.2.1.jar:na]
	at com.mongodb.internal.connection.InternalStreamConnection.receiveResponseBuffers(InternalStreamConnection.java:862) ~[mongodb-driver-core-5.2.1.jar:na]
	at com.mongodb.internal.connection.InternalStreamConnection.receiveCommandMessageResponse(InternalStreamConnection.java:517) ~[mongodb-driver-core-5.2.1.jar:na]
	at com.mongodb.internal.connection.InternalStreamConnection.receive(InternalStreamConnection.java:469) ~[mongodb-driver-core-5.2.1.jar:na]
	at com.mongodb.internal.connection.DefaultServerMonitor$ServerMonitor.lookupServerDescription(DefaultServerMonitor.java:249) ~[mongodb-driver-core-5.2.1.jar:na]
	at com.mongodb.internal.connection.DefaultServerMonitor$ServerMonitor.run(DefaultServerMonitor.java:176) ~[mongodb-driver-core-5.2.1.jar:na]
Caused by: java.net.SocketException: Connection reset
	at java.base/sun.nio.ch.NioSocketImpl.implRead(NioSocketImpl.java:328) ~[na:na]
	at java.base/sun.nio.ch.NioSocketImpl.read(NioSocketImpl.java:355) ~[na:na]
	at java.base/sun.nio.ch.NioSocketImpl$1.read(NioSocketImpl.java:808) ~[na:na]
	at java.base/java.net.Socket$SocketInputStream.read(Socket.java:966) ~[na:na]
	at java.base/sun.security.ssl.SSLSocketInputRecord.read(SSLSocketInputRecord.java:484) ~[na:na]
	at java.base/sun.security.ssl.SSLSocketInputRecord.readHeader(SSLSocketInputRecord.java:478) ~[na:na]
	at java.base/sun.security.ssl.SSLSocketInputRecord.bytesInCompletePacket(SSLSocketInputRecord.java:70) ~[na:na]
	at java.base/sun.security.ssl.SSLSocketImpl.readApplicationRecord(SSLSocketImpl.java:1461) ~[na:na]
	at java.base/sun.security.ssl.SSLSocketImpl$AppInputStream.read(SSLSocketImpl.java:1065) ~[na:na]
	at com.mongodb.internal.connection.SocketStream.read(SocketStream.java:182) ~[mongodb-driver-core-5.2.1.jar:na]
	at com.mongodb.internal.connection.InternalStreamConnection.receiveResponseBuffers(InternalStreamConnection.java:829) ~[mongodb-driver-core-5.2.1.jar:na]
	... 4 common frames omitted

2026-05-16T16:02:41.405+01:00  INFO 29248 --- [SocialService] [ngodb.net:27017] org.mongodb.driver.cluster               : Exception in monitor thread while connecting to server ac-khxyvkv-shard-00-02.ltylxsp.mongodb.net:27017

com.mongodb.MongoSocketReadException: Exception receiving message
	at com.mongodb.internal.connection.InternalStreamConnection.translateReadException(InternalStreamConnection.java:814) ~[mongodb-driver-core-5.2.1.jar:na]
	at com.mongodb.internal.connection.InternalStreamConnection.receiveResponseBuffers(InternalStreamConnection.java:862) ~[mongodb-driver-core-5.2.1.jar:na]
	at com.mongodb.internal.connection.InternalStreamConnection.receiveCommandMessageResponse(InternalStreamConnection.java:517) ~[mongodb-driver-core-5.2.1.jar:na]
	at com.mongodb.internal.connection.InternalStreamConnection.receive(InternalStreamConnection.java:469) ~[mongodb-driver-core-5.2.1.jar:na]
	at com.mongodb.internal.connection.DefaultServerMonitor$ServerMonitor.lookupServerDescription(DefaultServerMonitor.java:249) ~[mongodb-driver-core-5.2.1.jar:na]
	at com.mongodb.internal.connection.DefaultServerMonitor$ServerMonitor.run(DefaultServerMonitor.java:176) ~[mongodb-driver-core-5.2.1.jar:na]
Caused by: java.net.SocketException: Connection reset
	at java.base/sun.nio.ch.NioSocketImpl.implRead(NioSocketImpl.java:328) ~[na:na]
	at java.base/sun.nio.ch.NioSocketImpl.read(NioSocketImpl.java:355) ~[na:na]
	at java.base/sun.nio.ch.NioSocketImpl$1.read(NioSocketImpl.java:808) ~[na:na]
	at java.base/java.net.Socket$SocketInputStream.read(Socket.java:966) ~[na:na]
	at java.base/sun.security.ssl.SSLSocketInputRecord.read(SSLSocketInputRecord.java:484) ~[na:na]
	at java.base/sun.security.ssl.SSLSocketInputRecord.readHeader(SSLSocketInputRecord.java:478) ~[na:na]
	at java.base/sun.security.ssl.SSLSocketInputRecord.bytesInCompletePacket(SSLSocketInputRecord.java:70) ~[na:na]
	at java.base/sun.security.ssl.SSLSocketImpl.readApplicationRecord(SSLSocketImpl.java:1461) ~[na:na]
	at java.base/sun.security.ssl.SSLSocketImpl$AppInputStream.read(SSLSocketImpl.java:1065) ~[na:na]
	at com.mongodb.internal.connection.SocketStream.read(SocketStream.java:182) ~[mongodb-driver-core-5.2.1.jar:na]
	at com.mongodb.internal.connection.InternalStreamConnection.receiveResponseBuffers(InternalStreamConnection.java:829) ~[mongodb-driver-core-5.2.1.jar:na]
	... 4 common frames omitted

2026-05-16T16:02:41.405+01:00  INFO 29248 --- [SocialService] [ngodb.net:27017] org.mongodb.driver.cluster               : Exception in monitor thread while connecting to server ac-khxyvkv-shard-00-01.ltylxsp.mongodb.net:27017

com.mongodb.MongoSocketReadException: Exception receiving message
	at com.mongodb.internal.connection.InternalStreamConnection.translateReadException(InternalStreamConnection.java:814) ~[mongodb-driver-core-5.2.1.jar:na]
	at com.mongodb.internal.connection.InternalStreamConnection.receiveResponseBuffers(InternalStreamConnection.java:862) ~[mongodb-driver-core-5.2.1.jar:na]
	at com.mongodb.internal.connection.InternalStreamConnection.receiveCommandMessageResponse(InternalStreamConnection.java:517) ~[mongodb-driver-core-5.2.1.jar:na]
	at com.mongodb.internal.connection.InternalStreamConnection.receive(InternalStreamConnection.java:469) ~[mongodb-driver-core-5.2.1.jar:na]
	at com.mongodb.internal.connection.DefaultServerMonitor$ServerMonitor.lookupServerDescription(DefaultServerMonitor.java:249) ~[mongodb-driver-core-5.2.1.jar:na]
	at com.mongodb.internal.connection.DefaultServerMonitor$ServerMonitor.run(DefaultServerMonitor.java:176) ~[mongodb-driver-core-5.2.1.jar:na]
Caused by: java.net.SocketException: Connection reset
	at java.base/sun.nio.ch.NioSocketImpl.implRead(NioSocketImpl.java:328) ~[na:na]
	at java.base/sun.nio.ch.NioSocketImpl.read(NioSocketImpl.java:355) ~[na:na]
	at java.base/sun.nio.ch.NioSocketImpl$1.read(NioSocketImpl.java:808) ~[na:na]
	at java.base/java.net.Socket$SocketInputStream.read(Socket.java:966) ~[na:na]
	at java.base/sun.security.ssl.SSLSocketInputRecord.read(SSLSocketInputRecord.java:484) ~[na:na]
	at java.base/sun.security.ssl.SSLSocketInputRecord.readHeader(SSLSocketInputRecord.java:478) ~[na:na]
	at java.base/sun.security.ssl.SSLSocketInputRecord.bytesInCompletePacket(SSLSocketInputRecord.java:70) ~[na:na]
	at java.base/sun.security.ssl.SSLSocketImpl.readApplicationRecord(SSLSocketImpl.java:1461) ~[na:na]
	at java.base/sun.security.ssl.SSLSocketImpl$AppInputStream.read(SSLSocketImpl.java:1065) ~[na:na]
	at com.mongodb.internal.connection.SocketStream.read(SocketStream.java:182) ~[mongodb-driver-core-5.2.1.jar:na]
	at com.mongodb.internal.connection.InternalStreamConnection.receiveResponseBuffers(InternalStreamConnection.java:829) ~[mongodb-driver-core-5.2.1.jar:na]
	... 4 common frames omitted

2026-05-16T16:02:41.546+01:00  INFO 29248 --- [SocialService] [ngodb.net:27017] org.mongodb.driver.cluster               : Exception in monitor thread while connecting to server ac-khxyvkv-shard-00-01.ltylxsp.mongodb.net:27017

com.mongodb.MongoSocketException: Hôte inconnu (ac-khxyvkv-shard-00-01.ltylxsp.mongodb.net)
	at com.mongodb.internal.connection.ServerAddressHelper.getSocketAddresses(ServerAddressHelper.java:75) ~[mongodb-driver-core-5.2.1.jar:na]
	at com.mongodb.internal.connection.SocketStream.initializeSocket(SocketStream.java:100) ~[mongodb-driver-core-5.2.1.jar:na]
	at com.mongodb.internal.connection.SocketStream.open(SocketStream.java:79) ~[mongodb-driver-core-5.2.1.jar:na]
	at com.mongodb.internal.connection.InternalStreamConnection.open(InternalStreamConnection.java:233) ~[mongodb-driver-core-5.2.1.jar:na]
	at com.mongodb.internal.connection.DefaultServerMonitor$ServerMonitor.lookupServerDescription(DefaultServerMonitor.java:219) ~[mongodb-driver-core-5.2.1.jar:na]
	at com.mongodb.internal.connection.DefaultServerMonitor$ServerMonitor.run(DefaultServerMonitor.java:176) ~[mongodb-driver-core-5.2.1.jar:na]
Caused by: java.net.UnknownHostException: Hôte inconnu (ac-khxyvkv-shard-00-01.ltylxsp.mongodb.net)
	at java.base/java.net.Inet6AddressImpl.lookupAllHostAddr(Native Method) ~[na:na]
	at java.base/java.net.InetAddress$PlatformNameService.lookupAllHostAddr(InetAddress.java:933) ~[na:na]
	at java.base/java.net.InetAddress.getAddressesFromNameService(InetAddress.java:1543) ~[na:na]
	at java.base/java.net.InetAddress$NameServiceAddresses.get(InetAddress.java:852) ~[na:na]
	at java.base/java.net.InetAddress.getAllByName0(InetAddress.java:1532) ~[na:na]
	at java.base/java.net.InetAddress.getAllByName(InetAddress.java:1384) ~[na:na]
	at java.base/java.net.InetAddress.getAllByName(InetAddress.java:1305) ~[na:na]
	at com.mongodb.internal.connection.DefaultInetAddressResolver.lookupByName(DefaultInetAddressResolver.java:34) ~[mongodb-driver-core-5.2.1.jar:na]
	at com.mongodb.internal.connection.ServerAddressHelper.getSocketAddresses(ServerAddressHelper.java:71) ~[mongodb-driver-core-5.2.1.jar:na]
	... 5 common frames omitted

2026-05-16T16:02:41.548+01:00  INFO 29248 --- [SocialService] [ngodb.net:27017] org.mongodb.driver.cluster               : Exception in monitor thread while connecting to server ac-khxyvkv-shard-00-02.ltylxsp.mongodb.net:27017

com.mongodb.MongoSocketException: Hôte inconnu (ac-khxyvkv-shard-00-02.ltylxsp.mongodb.net)
	at com.mongodb.internal.connection.ServerAddressHelper.getSocketAddresses(ServerAddressHelper.java:75) ~[mongodb-driver-core-5.2.1.jar:na]
	at com.mongodb.internal.connection.SocketStream.initializeSocket(SocketStream.java:100) ~[mongodb-driver-core-5.2.1.jar:na]
	at com.mongodb.internal.connection.SocketStream.open(SocketStream.java:79) ~[mongodb-driver-core-5.2.1.jar:na]
	at com.mongodb.internal.connection.InternalStreamConnection.open(InternalStreamConnection.java:233) ~[mongodb-driver-core-5.2.1.jar:na]
	at com.mongodb.internal.connection.DefaultServerMonitor$ServerMonitor.lookupServerDescription(DefaultServerMonitor.java:219) ~[mongodb-driver-core-5.2.1.jar:na]
	at com.mongodb.internal.connection.DefaultServerMonitor$ServerMonitor.run(DefaultServerMonitor.java:176) ~[mongodb-driver-core-5.2.1.jar:na]
Caused by: java.net.UnknownHostException: Hôte inconnu (ac-khxyvkv-shard-00-02.ltylxsp.mongodb.net)
	at java.base/java.net.Inet6AddressImpl.lookupAllHostAddr(Native Method) ~[na:na]
	at java.base/java.net.InetAddress$PlatformNameService.lookupAllHostAddr(InetAddress.java:933) ~[na:na]
	at java.base/java.net.InetAddress.getAddressesFromNameService(InetAddress.java:1543) ~[na:na]
	at java.base/java.net.InetAddress$NameServiceAddresses.get(InetAddress.java:852) ~[na:na]
	at java.base/java.net.InetAddress.getAllByName0(InetAddress.java:1532) ~[na:na]
	at java.base/java.net.InetAddress.getAllByName(InetAddress.java:1384) ~[na:na]
	at java.base/java.net.InetAddress.getAllByName(InetAddress.java:1305) ~[na:na]
	at com.mongodb.internal.connection.DefaultInetAddressResolver.lookupByName(DefaultInetAddressResolver.java:34) ~[mongodb-driver-core-5.2.1.jar:na]
	at com.mongodb.internal.connection.ServerAddressHelper.getSocketAddresses(ServerAddressHelper.java:71) ~[mongodb-driver-core-5.2.1.jar:na]
	... 5 common frames omitted

2026-05-16T16:02:41.592+01:00  INFO 29248 --- [SocialService] [ngodb.net:27017] org.mongodb.driver.cluster               : Exception in monitor thread while connecting to server ac-khxyvkv-shard-00-00.ltylxsp.mongodb.net:27017

com.mongodb.MongoSocketException: Hôte inconnu (ac-khxyvkv-shard-00-00.ltylxsp.mongodb.net)
	at com.mongodb.internal.connection.ServerAddressHelper.getSocketAddresses(ServerAddressHelper.java:75) ~[mongodb-driver-core-5.2.1.jar:na]
	at com.mongodb.internal.connection.SocketStream.initializeSocket(SocketStream.java:100) ~[mongodb-driver-core-5.2.1.jar:na]
	at com.mongodb.internal.connection.SocketStream.open(SocketStream.java:79) ~[mongodb-driver-core-5.2.1.jar:na]
	at com.mongodb.internal.connection.InternalStreamConnection.open(InternalStreamConnection.java:233) ~[mongodb-driver-core-5.2.1.jar:na]
	at com.mongodb.internal.connection.DefaultServerMonitor$ServerMonitor.lookupServerDescription(DefaultServerMonitor.java:219) ~[mongodb-driver-core-5.2.1.jar:na]
	at com.mongodb.internal.connection.DefaultServerMonitor$ServerMonitor.run(DefaultServerMonitor.java:176) ~[mongodb-driver-core-5.2.1.jar:na]
Caused by: java.net.UnknownHostException: Hôte inconnu (ac-khxyvkv-shard-00-00.ltylxsp.mongodb.net)
	at java.base/java.net.Inet6AddressImpl.lookupAllHostAddr(Native Method) ~[na:na]
	at java.base/java.net.InetAddress$PlatformNameService.lookupAllHostAddr(InetAddress.java:933) ~[na:na]
	at java.base/java.net.InetAddress.getAddressesFromNameService(InetAddress.java:1543) ~[na:na]
	at java.base/java.net.InetAddress$NameServiceAddresses.get(InetAddress.java:852) ~[na:na]
	at java.base/java.net.InetAddress.getAllByName0(InetAddress.java:1532) ~[na:na]
	at java.base/java.net.InetAddress.getAllByName(InetAddress.java:1384) ~[na:na]
	at java.base/java.net.InetAddress.getAllByName(InetAddress.java:1305) ~[na:na]
	at com.mongodb.internal.connection.DefaultInetAddressResolver.lookupByName(DefaultInetAddressResolver.java:34) ~[mongodb-driver-core-5.2.1.jar:na]
	at com.mongodb.internal.connection.ServerAddressHelper.getSocketAddresses(ServerAddressHelper.java:71) ~[mongodb-driver-core-5.2.1.jar:na]
	... 5 common frames omitted

2026-05-16T21:35:43.783+01:00  INFO 29248 --- [SocialService] [ngodb.net:27017] org.mongodb.driver.cluster               : Exception in monitor thread while connecting to server ac-khxyvkv-shard-00-01.ltylxsp.mongodb.net:27017

com.mongodb.MongoSocketException: ac-khxyvkv-shard-00-01.ltylxsp.mongodb.net
	at com.mongodb.internal.connection.ServerAddressHelper.getSocketAddresses(ServerAddressHelper.java:75) ~[mongodb-driver-core-5.2.1.jar:na]
	at com.mongodb.internal.connection.SocketStream.initializeSocket(SocketStream.java:100) ~[mongodb-driver-core-5.2.1.jar:na]
	at com.mongodb.internal.connection.SocketStream.open(SocketStream.java:79) ~[mongodb-driver-core-5.2.1.jar:na]
	at com.mongodb.internal.connection.InternalStreamConnection.open(InternalStreamConnection.java:233) ~[mongodb-driver-core-5.2.1.jar:na]
	at com.mongodb.internal.connection.DefaultServerMonitor$ServerMonitor.lookupServerDescription(DefaultServerMonitor.java:219) ~[mongodb-driver-core-5.2.1.jar:na]
	at com.mongodb.internal.connection.DefaultServerMonitor$ServerMonitor.run(DefaultServerMonitor.java:176) ~[mongodb-driver-core-5.2.1.jar:na]
Caused by: java.net.UnknownHostException: ac-khxyvkv-shard-00-01.ltylxsp.mongodb.net
	at java.base/java.net.InetAddress$CachedAddresses.get(InetAddress.java:801) ~[na:na]
	at java.base/java.net.InetAddress.getAllByName0(InetAddress.java:1532) ~[na:na]
	at java.base/java.net.InetAddress.getAllByName(InetAddress.java:1384) ~[na:na]
	at java.base/java.net.InetAddress.getAllByName(InetAddress.java:1305) ~[na:na]
	at com.mongodb.internal.connection.DefaultInetAddressResolver.lookupByName(DefaultInetAddressResolver.java:34) ~[mongodb-driver-core-5.2.1.jar:na]
	at com.mongodb.internal.connection.ServerAddressHelper.getSocketAddresses(ServerAddressHelper.java:71) ~[mongodb-driver-core-5.2.1.jar:na]
	... 5 common frames omitted

2026-05-16T21:35:43.783+01:00  INFO 29248 --- [SocialService] [ngodb.net:27017] org.mongodb.driver.cluster               : Exception in monitor thread while connecting to server ac-khxyvkv-shard-00-02.ltylxsp.mongodb.net:27017

com.mongodb.MongoSocketException: ac-khxyvkv-shard-00-02.ltylxsp.mongodb.net
	at com.mongodb.internal.connection.ServerAddressHelper.getSocketAddresses(ServerAddressHelper.java:75) ~[mongodb-driver-core-5.2.1.jar:na]
	at com.mongodb.internal.connection.SocketStream.initializeSocket(SocketStream.java:100) ~[mongodb-driver-core-5.2.1.jar:na]
	at com.mongodb.internal.connection.SocketStream.open(SocketStream.java:79) ~[mongodb-driver-core-5.2.1.jar:na]
	at com.mongodb.internal.connection.InternalStreamConnection.open(InternalStreamConnection.java:233) ~[mongodb-driver-core-5.2.1.jar:na]
	at com.mongodb.internal.connection.DefaultServerMonitor$ServerMonitor.lookupServerDescription(DefaultServerMonitor.java:219) ~[mongodb-driver-core-5.2.1.jar:na]
	at com.mongodb.internal.connection.DefaultServerMonitor$ServerMonitor.run(DefaultServerMonitor.java:176) ~[mongodb-driver-core-5.2.1.jar:na]
Caused by: java.net.UnknownHostException: ac-khxyvkv-shard-00-02.ltylxsp.mongodb.net
	at java.base/java.net.InetAddress$CachedAddresses.get(InetAddress.java:801) ~[na:na]
	at java.base/java.net.InetAddress.getAllByName0(InetAddress.java:1532) ~[na:na]
	at java.base/java.net.InetAddress.getAllByName(InetAddress.java:1384) ~[na:na]
	at java.base/java.net.InetAddress.getAllByName(InetAddress.java:1305) ~[na:na]
	at com.mongodb.internal.connection.DefaultInetAddressResolver.lookupByName(DefaultInetAddressResolver.java:34) ~[mongodb-driver-core-5.2.1.jar:na]
	at com.mongodb.internal.connection.ServerAddressHelper.getSocketAddresses(ServerAddressHelper.java:71) ~[mongodb-driver-core-5.2.1.jar:na]
	... 5 common frames omitted

2026-05-16T21:35:43.786+01:00  INFO 29248 --- [SocialService] [ngodb.net:27017] org.mongodb.driver.cluster               : Exception in monitor thread while connecting to server ac-khxyvkv-shard-00-00.ltylxsp.mongodb.net:27017

com.mongodb.MongoSocketException: ac-khxyvkv-shard-00-00.ltylxsp.mongodb.net
	at com.mongodb.internal.connection.ServerAddressHelper.getSocketAddresses(ServerAddressHelper.java:75) ~[mongodb-driver-core-5.2.1.jar:na]
	at com.mongodb.internal.connection.SocketStream.initializeSocket(SocketStream.java:100) ~[mongodb-driver-core-5.2.1.jar:na]
	at com.mongodb.internal.connection.SocketStream.open(SocketStream.java:79) ~[mongodb-driver-core-5.2.1.jar:na]
	at com.mongodb.internal.connection.InternalStreamConnection.open(InternalStreamConnection.java:233) ~[mongodb-driver-core-5.2.1.jar:na]
	at com.mongodb.internal.connection.DefaultServerMonitor$ServerMonitor.lookupServerDescription(DefaultServerMonitor.java:219) ~[mongodb-driver-core-5.2.1.jar:na]
	at com.mongodb.internal.connection.DefaultServerMonitor$ServerMonitor.run(DefaultServerMonitor.java:176) ~[mongodb-driver-core-5.2.1.jar:na]
Caused by: java.net.UnknownHostException: ac-khxyvkv-shard-00-00.ltylxsp.mongodb.net
	at java.base/java.net.InetAddress$CachedAddresses.get(InetAddress.java:801) ~[na:na]
	at java.base/java.net.InetAddress.getAllByName0(InetAddress.java:1532) ~[na:na]
	at java.base/java.net.InetAddress.getAllByName(InetAddress.java:1384) ~[na:na]
	at java.base/java.net.InetAddress.getAllByName(InetAddress.java:1305) ~[na:na]
	at com.mongodb.internal.connection.DefaultInetAddressResolver.lookupByName(DefaultInetAddressResolver.java:34) ~[mongodb-driver-core-5.2.1.jar:na]
	at com.mongodb.internal.connection.ServerAddressHelper.getSocketAddresses(ServerAddressHelper.java:71) ~[mongodb-driver-core-5.2.1.jar:na]
	... 5 common frames omitted

2026-05-16T21:36:04.093+01:00  INFO 29248 --- [SocialService] [ngodb.net:27017] org.mongodb.driver.cluster               : Monitor thread successfully connected to server with description ServerDescription{address=ac-khxyvkv-shard-00-00.ltylxsp.mongodb.net:27017, type=REPLICA_SET_SECONDARY, cryptd=false, state=CONNECTED, ok=true, minWireVersion=0, maxWireVersion=25, maxDocumentSize=16777216, logicalSessionTimeoutMinutes=30, roundTripTimeNanos=163200000, minRoundTripTimeNanos=0, setName='atlas-6x6yvm-shard-0', canonicalAddress=ac-khxyvkv-shard-00-00.ltylxsp.mongodb.net:27017, hosts=[ac-khxyvkv-shard-00-00.ltylxsp.mongodb.net:27017, ac-khxyvkv-shard-00-01.ltylxsp.mongodb.net:27017, ac-khxyvkv-shard-00-02.ltylxsp.mongodb.net:27017], passives=[], arbiters=[], primary='ac-khxyvkv-shard-00-01.ltylxsp.mongodb.net:27017', tagSet=TagSet{[Tag{name='availabilityZone', value='euw3-az1'}, Tag{name='cacheState', value='READY'}, Tag{name='diskState', value='READY'}, Tag{name='nodeType', value='ELECTABLE'}, Tag{name='provider', value='AWS'}, Tag{name='region', value='EU_WEST_3'}, Tag{name='workloadType', value='OPERATIONAL'}]}, electionId=null, setVersion=36, topologyVersion=TopologyVersion{processId=69fe3480bce649a00b1f6b90, counter=4}, lastWriteDate=Sat May 16 21:36:03 WAT 2026, lastUpdateTimeNanos=41469981979000}
2026-05-16T21:36:04.115+01:00  INFO 29248 --- [SocialService] [ngodb.net:27017] org.mongodb.driver.cluster               : Monitor thread successfully connected to server with description ServerDescription{address=ac-khxyvkv-shard-00-01.ltylxsp.mongodb.net:27017, type=REPLICA_SET_PRIMARY, cryptd=false, state=CONNECTED, ok=true, minWireVersion=0, maxWireVersion=25, maxDocumentSize=16777216, logicalSessionTimeoutMinutes=30, roundTripTimeNanos=197193500, minRoundTripTimeNanos=0, setName='atlas-6x6yvm-shard-0', canonicalAddress=ac-khxyvkv-shard-00-01.ltylxsp.mongodb.net:27017, hosts=[ac-khxyvkv-shard-00-00.ltylxsp.mongodb.net:27017, ac-khxyvkv-shard-00-01.ltylxsp.mongodb.net:27017, ac-khxyvkv-shard-00-02.ltylxsp.mongodb.net:27017], passives=[], arbiters=[], primary='ac-khxyvkv-shard-00-01.ltylxsp.mongodb.net:27017', tagSet=TagSet{[Tag{name='availabilityZone', value='euw3-az2'}, Tag{name='cacheState', value='READY'}, Tag{name='diskState', value='READY'}, Tag{name='nodeType', value='ELECTABLE'}, Tag{name='provider', value='AWS'}, Tag{name='region', value='EU_WEST_3'}, Tag{name='workloadType', value='OPERATIONAL'}]}, electionId=7fffffff0000000000000069, setVersion=36, topologyVersion=TopologyVersion{processId=69fe370e7afba3a6519b2508, counter=6}, lastWriteDate=Sat May 16 21:36:03 WAT 2026, lastUpdateTimeNanos=41470015971100}
2026-05-16T21:36:04.132+01:00  INFO 29248 --- [SocialService] [ngodb.net:27017] org.mongodb.driver.cluster               : Discovered replica set primary ac-khxyvkv-shard-00-01.ltylxsp.mongodb.net:27017 with max election id 7fffffff0000000000000069 and max set version 36
2026-05-16T21:36:04.175+01:00  INFO 29248 --- [SocialService] [ngodb.net:27017] org.mongodb.driver.cluster               : Monitor thread successfully connected to server with description ServerDescription{address=ac-khxyvkv-shard-00-02.ltylxsp.mongodb.net:27017, type=REPLICA_SET_SECONDARY, cryptd=false, state=CONNECTED, ok=true, minWireVersion=0, maxWireVersion=25, maxDocumentSize=16777216, logicalSessionTimeoutMinutes=30, roundTripTimeNanos=257644800, minRoundTripTimeNanos=0, setName='atlas-6x6yvm-shard-0', canonicalAddress=ac-khxyvkv-shard-00-02.ltylxsp.mongodb.net:27017, hosts=[ac-khxyvkv-shard-00-00.ltylxsp.mongodb.net:27017, ac-khxyvkv-shard-00-01.ltylxsp.mongodb.net:27017, ac-khxyvkv-shard-00-02.ltylxsp.mongodb.net:27017], passives=[], arbiters=[], primary='ac-khxyvkv-shard-00-01.ltylxsp.mongodb.net:27017', tagSet=TagSet{[Tag{name='availabilityZone', value='euw3-az3'}, Tag{name='cacheState', value='READY'}, Tag{name='diskState', value='READY'}, Tag{name='nodeType', value='ELECTABLE'}, Tag{name='provider', value='AWS'}, Tag{name='region', value='EU_WEST_3'}, Tag{name='workloadType', value='OPERATIONAL'}]}, electionId=null, setVersion=36, topologyVersion=TopologyVersion{processId=69fe3974932517ad87b461cb, counter=3}, lastWriteDate=Sat May 16 21:36:03 WAT 2026, lastUpdateTimeNanos=41470076439100}
2026-05-16T22:02:57.895+01:00  INFO 29248 --- [SocialService] [MessageBroker-1] o.s.w.s.c.WebSocketMessageBrokerStats    : WebSocketSession[0 current WS(0)-HttpStream(0)-HttpPoll(0), 0 total, 0 closed abnormally (0 connect failure, 0 send limit, 0 transport error)], stompSubProtocol[processed CONNECT(0)-CONNECTED(0)-DISCONNECT(0)], stompBrokerRelay[null], inboundChannel[pool size = 0, active threads = 0, queued tasks = 0, completed tasks = 0], outboundChannel[pool size = 0, active threads = 0, queued tasks = 0, completed tasks = 0], sockJsScheduler[pool size = 2, active threads = 1, queued tasks = 0, completed tasks = 1]
2026-05-16T22:32:57.960+01:00  INFO 29248 --- [SocialService] [MessageBroker-2] o.s.w.s.c.WebSocketMessageBrokerStats    : WebSocketSession[0 current WS(0)-HttpStream(0)-HttpPoll(0), 0 total, 0 closed abnormally (0 connect failure, 0 send limit, 0 transport error)], stompSubProtocol[processed CONNECT(0)-CONNECTED(0)-DISCONNECT(0)], stompBrokerRelay[null], inboundChannel[pool size = 0, active threads = 0, queued tasks = 0, completed tasks = 0], outboundChannel[pool size = 0, active threads = 0, queued tasks = 0, completed tasks = 0], sockJsScheduler[pool size = 3, active threads = 1, queued tasks = 0, completed tasks = 2]
2026-05-16T23:02:58.004+01:00  INFO 29248 --- [SocialService] [MessageBroker-1] o.s.w.s.c.WebSocketMessageBrokerStats    : WebSocketSession[0 current WS(0)-HttpStream(0)-HttpPoll(0), 0 total, 0 closed abnormally (0 connect failure, 0 send limit, 0 transport error)], stompSubProtocol[processed CONNECT(0)-CONNECTED(0)-DISCONNECT(0)], stompBrokerRelay[null], inboundChannel[pool size = 0, active threads = 0, queued tasks = 0, completed tasks = 0], outboundChannel[pool size = 0, active threads = 0, queued tasks = 0, completed tasks = 0], sockJsScheduler[pool size = 4, active threads = 1, queued tasks = 0, completed tasks = 3]
2026-05-16T23:32:58.024+01:00  INFO 29248 --- [SocialService] [MessageBroker-3] o.s.w.s.c.WebSocketMessageBrokerStats    : WebSocketSession[0 current WS(0)-HttpStream(0)-HttpPoll(0), 0 total, 0 closed abnormally (0 connect failure, 0 send limit, 0 transport error)], stompSubProtocol[processed CONNECT(0)-CONNECTED(0)-DISCONNECT(0)], stompBrokerRelay[null], inboundChannel[pool size = 0, active threads = 0, queued tasks = 0, completed tasks = 0], outboundChannel[pool size = 0, active threads = 0, queued tasks = 0, completed tasks = 0], sockJsScheduler[pool size = 5, active threads = 1, queued tasks = 0, completed tasks = 4]
2026-05-16T23:53:41.878+01:00  INFO 29248 --- [SocialService] [ngodb.net:27017] org.mongodb.driver.cluster               : Exception in monitor thread while connecting to server ac-khxyvkv-shard-00-02.ltylxsp.mongodb.net:27017

com.mongodb.MongoSocketReadTimeoutException: Timeout while receiving message
	at com.mongodb.internal.connection.InternalStreamConnection.createReadTimeoutException(InternalStreamConnection.java:824) ~[mongodb-driver-core-5.2.1.jar:na]
	at com.mongodb.internal.connection.InternalStreamConnection.translateReadException(InternalStreamConnection.java:812) ~[mongodb-driver-core-5.2.1.jar:na]
	at com.mongodb.internal.connection.InternalStreamConnection.receiveResponseBuffers(InternalStreamConnection.java:862) ~[mongodb-driver-core-5.2.1.jar:na]
	at com.mongodb.internal.connection.InternalStreamConnection.receiveCommandMessageResponse(InternalStreamConnection.java:517) ~[mongodb-driver-core-5.2.1.jar:na]
	at com.mongodb.internal.connection.InternalStreamConnection.receive(InternalStreamConnection.java:469) ~[mongodb-driver-core-5.2.1.jar:na]
	at com.mongodb.internal.connection.DefaultServerMonitor$ServerMonitor.lookupServerDescription(DefaultServerMonitor.java:249) ~[mongodb-driver-core-5.2.1.jar:na]
	at com.mongodb.internal.connection.DefaultServerMonitor$ServerMonitor.run(DefaultServerMonitor.java:176) ~[mongodb-driver-core-5.2.1.jar:na]
Caused by: java.net.SocketTimeoutException: Read timed out
	at java.base/sun.nio.ch.NioSocketImpl.timedRead(NioSocketImpl.java:288) ~[na:na]
	at java.base/sun.nio.ch.NioSocketImpl.implRead(NioSocketImpl.java:314) ~[na:na]
	at java.base/sun.nio.ch.NioSocketImpl.read(NioSocketImpl.java:355) ~[na:na]
	at java.base/sun.nio.ch.NioSocketImpl$1.read(NioSocketImpl.java:808) ~[na:na]
	at java.base/java.net.Socket$SocketInputStream.read(Socket.java:966) ~[na:na]
	at java.base/sun.security.ssl.SSLSocketInputRecord.read(SSLSocketInputRecord.java:484) ~[na:na]
	at java.base/sun.security.ssl.SSLSocketInputRecord.readHeader(SSLSocketInputRecord.java:478) ~[na:na]
	at java.base/sun.security.ssl.SSLSocketInputRecord.bytesInCompletePacket(SSLSocketInputRecord.java:70) ~[na:na]
	at java.base/sun.security.ssl.SSLSocketImpl.readApplicationRecord(SSLSocketImpl.java:1461) ~[na:na]
	at java.base/sun.security.ssl.SSLSocketImpl$AppInputStream.read(SSLSocketImpl.java:1065) ~[na:na]
	at com.mongodb.internal.connection.SocketStream.read(SocketStream.java:182) ~[mongodb-driver-core-5.2.1.jar:na]
	at com.mongodb.internal.connection.InternalStreamConnection.receiveResponseBuffers(InternalStreamConnection.java:829) ~[mongodb-driver-core-5.2.1.jar:na]
	... 4 common frames omitted

2026-05-16T23:53:42.481+01:00  INFO 29248 --- [SocialService] [ngodb.net:27017] org.mongodb.driver.cluster               : Exception in monitor thread while connecting to server ac-khxyvkv-shard-00-01.ltylxsp.mongodb.net:27017

com.mongodb.MongoSocketReadTimeoutException: Timeout while receiving message
	at com.mongodb.internal.connection.InternalStreamConnection.createReadTimeoutException(InternalStreamConnection.java:824) ~[mongodb-driver-core-5.2.1.jar:na]
	at com.mongodb.internal.connection.InternalStreamConnection.translateReadException(InternalStreamConnection.java:812) ~[mongodb-driver-core-5.2.1.jar:na]
	at com.mongodb.internal.connection.InternalStreamConnection.receiveResponseBuffers(InternalStreamConnection.java:862) ~[mongodb-driver-core-5.2.1.jar:na]
	at com.mongodb.internal.connection.InternalStreamConnection.receiveCommandMessageResponse(InternalStreamConnection.java:517) ~[mongodb-driver-core-5.2.1.jar:na]
	at com.mongodb.internal.connection.InternalStreamConnection.receive(InternalStreamConnection.java:469) ~[mongodb-driver-core-5.2.1.jar:na]
	at com.mongodb.internal.connection.DefaultServerMonitor$ServerMonitor.lookupServerDescription(DefaultServerMonitor.java:249) ~[mongodb-driver-core-5.2.1.jar:na]
	at com.mongodb.internal.connection.DefaultServerMonitor$ServerMonitor.run(DefaultServerMonitor.java:176) ~[mongodb-driver-core-5.2.1.jar:na]
Caused by: java.net.SocketTimeoutException: Read timed out
	at java.base/sun.nio.ch.NioSocketImpl.timedRead(NioSocketImpl.java:288) ~[na:na]
	at java.base/sun.nio.ch.NioSocketImpl.implRead(NioSocketImpl.java:314) ~[na:na]
	at java.base/sun.nio.ch.NioSocketImpl.read(NioSocketImpl.java:355) ~[na:na]
	at java.base/sun.nio.ch.NioSocketImpl$1.read(NioSocketImpl.java:808) ~[na:na]
	at java.base/java.net.Socket$SocketInputStream.read(Socket.java:966) ~[na:na]
	at java.base/sun.security.ssl.SSLSocketInputRecord.read(SSLSocketInputRecord.java:484) ~[na:na]
	at java.base/sun.security.ssl.SSLSocketInputRecord.readHeader(SSLSocketInputRecord.java:478) ~[na:na]
	at java.base/sun.security.ssl.SSLSocketInputRecord.bytesInCompletePacket(SSLSocketInputRecord.java:70) ~[na:na]
	at java.base/sun.security.ssl.SSLSocketImpl.readApplicationRecord(SSLSocketImpl.java:1461) ~[na:na]
	at java.base/sun.security.ssl.SSLSocketImpl$AppInputStream.read(SSLSocketImpl.java:1065) ~[na:na]
	at com.mongodb.internal.connection.SocketStream.read(SocketStream.java:182) ~[mongodb-driver-core-5.2.1.jar:na]
	at com.mongodb.internal.connection.InternalStreamConnection.receiveResponseBuffers(InternalStreamConnection.java:829) ~[mongodb-driver-core-5.2.1.jar:na]
	... 4 common frames omitted

2026-05-16T23:53:45.283+01:00  INFO 29248 --- [SocialService] [ngodb.net:27017] org.mongodb.driver.cluster               : Monitor thread successfully connected to server with description ServerDescription{address=ac-khxyvkv-shard-00-02.ltylxsp.mongodb.net:27017, type=REPLICA_SET_SECONDARY, cryptd=false, state=CONNECTED, ok=true, minWireVersion=0, maxWireVersion=25, maxDocumentSize=16777216, logicalSessionTimeoutMinutes=30, roundTripTimeNanos=185926700, minRoundTripTimeNanos=0, setName='atlas-6x6yvm-shard-0', canonicalAddress=ac-khxyvkv-shard-00-02.ltylxsp.mongodb.net:27017, hosts=[ac-khxyvkv-shard-00-00.ltylxsp.mongodb.net:27017, ac-khxyvkv-shard-00-01.ltylxsp.mongodb.net:27017, ac-khxyvkv-shard-00-02.ltylxsp.mongodb.net:27017], passives=[], arbiters=[], primary='ac-khxyvkv-shard-00-01.ltylxsp.mongodb.net:27017', tagSet=TagSet{[Tag{name='availabilityZone', value='euw3-az3'}, Tag{name='cacheState', value='READY'}, Tag{name='diskState', value='READY'}, Tag{name='nodeType', value='ELECTABLE'}, Tag{name='provider', value='AWS'}, Tag{name='region', value='EU_WEST_3'}, Tag{name='workloadType', value='OPERATIONAL'}]}, electionId=null, setVersion=36, topologyVersion=TopologyVersion{processId=69fe3974932517ad87b461cb, counter=3}, lastWriteDate=Sat May 16 23:53:45 WAT 2026, lastUpdateTimeNanos=49731073970200}
2026-05-16T23:53:45.314+01:00  INFO 29248 --- [SocialService] [ngodb.net:27017] org.mongodb.driver.cluster               : Monitor thread successfully connected to server with description ServerDescription{address=ac-khxyvkv-shard-00-01.ltylxsp.mongodb.net:27017, type=REPLICA_SET_PRIMARY, cryptd=false, state=CONNECTED, ok=true, minWireVersion=0, maxWireVersion=25, maxDocumentSize=16777216, logicalSessionTimeoutMinutes=30, roundTripTimeNanos=1191278000, minRoundTripTimeNanos=0, setName='atlas-6x6yvm-shard-0', canonicalAddress=ac-khxyvkv-shard-00-01.ltylxsp.mongodb.net:27017, hosts=[ac-khxyvkv-shard-00-00.ltylxsp.mongodb.net:27017, ac-khxyvkv-shard-00-01.ltylxsp.mongodb.net:27017, ac-khxyvkv-shard-00-02.ltylxsp.mongodb.net:27017], passives=[], arbiters=[], primary='ac-khxyvkv-shard-00-01.ltylxsp.mongodb.net:27017', tagSet=TagSet{[Tag{name='availabilityZone', value='euw3-az2'}, Tag{name='cacheState', value='READY'}, Tag{name='diskState', value='READY'}, Tag{name='nodeType', value='ELECTABLE'}, Tag{name='provider', value='AWS'}, Tag{name='region', value='EU_WEST_3'}, Tag{name='workloadType', value='OPERATIONAL'}]}, electionId=7fffffff0000000000000069, setVersion=36, topologyVersion=TopologyVersion{processId=69fe370e7afba3a6519b2508, counter=6}, lastWriteDate=Sat May 16 23:53:45 WAT 2026, lastUpdateTimeNanos=49731110492400}
2026-05-16T23:53:45.318+01:00  INFO 29248 --- [SocialService] [ngodb.net:27017] org.mongodb.driver.cluster               : Discovered replica set primary ac-khxyvkv-shard-00-01.ltylxsp.mongodb.net:27017 with max election id 7fffffff0000000000000069 and max set version 36
2026-05-17T00:02:58.045+01:00  INFO 29248 --- [SocialService] [MessageBroker-2] o.s.w.s.c.WebSocketMessageBrokerStats    : WebSocketSession[0 current WS(0)-HttpStream(0)-HttpPoll(0), 0 total, 0 closed abnormally (0 connect failure, 0 send limit, 0 transport error)], stompSubProtocol[processed CONNECT(0)-CONNECTED(0)-DISCONNECT(0)], stompBrokerRelay[null], inboundChannel[pool size = 0, active threads = 0, queued tasks = 0, completed tasks = 0], outboundChannel[pool size = 0, active threads = 0, queued tasks = 0, completed tasks = 0], sockJsScheduler[pool size = 6, active threads = 1, queued tasks = 0, completed tasks = 5]
2026-05-17T00:32:58.061+01:00  INFO 29248 --- [SocialService] [MessageBroker-4] o.s.w.s.c.WebSocketMessageBrokerStats    : WebSocketSession[0 current WS(0)-HttpStream(0)-HttpPoll(0), 0 total, 0 closed abnormally (0 connect failure, 0 send limit, 0 transport error)], stompSubProtocol[processed CONNECT(0)-CONNECTED(0)-DISCONNECT(0)], stompBrokerRelay[null], inboundChannel[pool size = 0, active threads = 0, queued tasks = 0, completed tasks = 0], outboundChannel[pool size = 0, active threads = 0, queued tasks = 0, completed tasks = 0], sockJsScheduler[pool size = 7, active threads = 1, queued tasks = 0, completed tasks = 6]
2026-05-17T01:02:58.069+01:00  INFO 29248 --- [SocialService] [MessageBroker-1] o.s.w.s.c.WebSocketMessageBrokerStats    : WebSocketSession[0 current WS(0)-HttpStream(0)-HttpPoll(0), 0 total, 0 closed abnormally (0 connect failure, 0 send limit, 0 transport error)], stompSubProtocol[processed CONNECT(0)-CONNECTED(0)-DISCONNECT(0)], stompBrokerRelay[null], inboundChannel[pool size = 0, active threads = 0, queued tasks = 0, completed tasks = 0], outboundChannel[pool size = 0, active threads = 0, queued tasks = 0, completed tasks = 0], sockJsScheduler[pool size = 8, active threads = 1, queued tasks = 0, completed tasks = 7]
2026-05-17T01:32:58.083+01:00  INFO 29248 --- [SocialService] [MessageBroker-1] o.s.w.s.c.WebSocketMessageBrokerStats    : WebSocketSession[0 current WS(0)-HttpStream(0)-HttpPoll(0), 0 total, 0 closed abnormally (0 connect failure, 0 send limit, 0 transport error)], stompSubProtocol[processed CONNECT(0)-CONNECTED(0)-DISCONNECT(0)], stompBrokerRelay[null], inboundChannel[pool size = 0, active threads = 0, queued tasks = 0, completed tasks = 0], outboundChannel[pool size = 0, active threads = 0, queued tasks = 0, completed tasks = 0], sockJsScheduler[pool size = 8, active threads = 1, queued tasks = 0, completed tasks = 8]
2026-05-17T02:02:58.097+01:00  INFO 29248 --- [SocialService] [MessageBroker-1] o.s.w.s.c.WebSocketMessageBrokerStats    : WebSocketSession[0 current WS(0)-HttpStream(0)-HttpPoll(0), 0 total, 0 closed abnormally (0 connect failure, 0 send limit, 0 transport error)], stompSubProtocol[processed CONNECT(0)-CONNECTED(0)-DISCONNECT(0)], stompBrokerRelay[null], inboundChannel[pool size = 0, active threads = 0, queued tasks = 0, completed tasks = 0], outboundChannel[pool size = 0, active threads = 0, queued tasks = 0, completed tasks = 0], sockJsScheduler[pool size = 8, active threads = 1, queued tasks = 0, completed tasks = 9]
2026-05-17T03:43:45.344+01:00  INFO 29248 --- [SocialService] [ngodb.net:27017] org.mongodb.driver.cluster               : Exception in monitor thread while connecting to server ac-khxyvkv-shard-00-02.ltylxsp.mongodb.net:27017

com.mongodb.MongoSocketReadException: Exception receiving message
	at com.mongodb.internal.connection.InternalStreamConnection.translateReadException(InternalStreamConnection.java:814) ~[mongodb-driver-core-5.2.1.jar:na]
	at com.mongodb.internal.connection.InternalStreamConnection.receiveResponseBuffers(InternalStreamConnection.java:862) ~[mongodb-driver-core-5.2.1.jar:na]
	at com.mongodb.internal.connection.InternalStreamConnection.receiveCommandMessageResponse(InternalStreamConnection.java:517) ~[mongodb-driver-core-5.2.1.jar:na]
	at com.mongodb.internal.connection.InternalStreamConnection.receive(InternalStreamConnection.java:469) ~[mongodb-driver-core-5.2.1.jar:na]
	at com.mongodb.internal.connection.DefaultServerMonitor$ServerMonitor.lookupServerDescription(DefaultServerMonitor.java:249) ~[mongodb-driver-core-5.2.1.jar:na]
	at com.mongodb.internal.connection.DefaultServerMonitor$ServerMonitor.run(DefaultServerMonitor.java:176) ~[mongodb-driver-core-5.2.1.jar:na]
Caused by: java.net.SocketException: Connection reset
	at java.base/sun.nio.ch.NioSocketImpl.implRead(NioSocketImpl.java:328) ~[na:na]
	at java.base/sun.nio.ch.NioSocketImpl.read(NioSocketImpl.java:355) ~[na:na]
	at java.base/sun.nio.ch.NioSocketImpl$1.read(NioSocketImpl.java:808) ~[na:na]
	at java.base/java.net.Socket$SocketInputStream.read(Socket.java:966) ~[na:na]
	at java.base/sun.security.ssl.SSLSocketInputRecord.read(SSLSocketInputRecord.java:484) ~[na:na]
	at java.base/sun.security.ssl.SSLSocketInputRecord.readHeader(SSLSocketInputRecord.java:478) ~[na:na]
	at java.base/sun.security.ssl.SSLSocketInputRecord.bytesInCompletePacket(SSLSocketInputRecord.java:70) ~[na:na]
	at java.base/sun.security.ssl.SSLSocketImpl.readApplicationRecord(SSLSocketImpl.java:1461) ~[na:na]
	at java.base/sun.security.ssl.SSLSocketImpl$AppInputStream.read(SSLSocketImpl.java:1065) ~[na:na]
	at com.mongodb.internal.connection.SocketStream.read(SocketStream.java:182) ~[mongodb-driver-core-5.2.1.jar:na]
	at com.mongodb.internal.connection.InternalStreamConnection.receiveResponseBuffers(InternalStreamConnection.java:829) ~[mongodb-driver-core-5.2.1.jar:na]
	... 4 common frames omitted

2026-05-17T03:43:45.344+01:00  INFO 29248 --- [SocialService] [ngodb.net:27017] org.mongodb.driver.cluster               : Exception in monitor thread while connecting to server ac-khxyvkv-shard-00-00.ltylxsp.mongodb.net:27017

com.mongodb.MongoSocketReadException: Exception receiving message
	at com.mongodb.internal.connection.InternalStreamConnection.translateReadException(InternalStreamConnection.java:814) ~[mongodb-driver-core-5.2.1.jar:na]
	at com.mongodb.internal.connection.InternalStreamConnection.receiveResponseBuffers(InternalStreamConnection.java:862) ~[mongodb-driver-core-5.2.1.jar:na]
	at com.mongodb.internal.connection.InternalStreamConnection.receiveCommandMessageResponse(InternalStreamConnection.java:517) ~[mongodb-driver-core-5.2.1.jar:na]
	at com.mongodb.internal.connection.InternalStreamConnection.receive(InternalStreamConnection.java:469) ~[mongodb-driver-core-5.2.1.jar:na]
	at com.mongodb.internal.connection.DefaultServerMonitor$ServerMonitor.lookupServerDescription(DefaultServerMonitor.java:249) ~[mongodb-driver-core-5.2.1.jar:na]
	at com.mongodb.internal.connection.DefaultServerMonitor$ServerMonitor.run(DefaultServerMonitor.java:176) ~[mongodb-driver-core-5.2.1.jar:na]
Caused by: java.net.SocketException: Connection reset
	at java.base/sun.nio.ch.NioSocketImpl.implRead(NioSocketImpl.java:328) ~[na:na]
	at java.base/sun.nio.ch.NioSocketImpl.read(NioSocketImpl.java:355) ~[na:na]
	at java.base/sun.nio.ch.NioSocketImpl$1.read(NioSocketImpl.java:808) ~[na:na]
	at java.base/java.net.Socket$SocketInputStream.read(Socket.java:966) ~[na:na]
	at java.base/sun.security.ssl.SSLSocketInputRecord.read(SSLSocketInputRecord.java:484) ~[na:na]
	at java.base/sun.security.ssl.SSLSocketInputRecord.readHeader(SSLSocketInputRecord.java:478) ~[na:na]
	at java.base/sun.security.ssl.SSLSocketInputRecord.bytesInCompletePacket(SSLSocketInputRecord.java:70) ~[na:na]
	at java.base/sun.security.ssl.SSLSocketImpl.readApplicationRecord(SSLSocketImpl.java:1461) ~[na:na]
	at java.base/sun.security.ssl.SSLSocketImpl$AppInputStream.read(SSLSocketImpl.java:1065) ~[na:na]
	at com.mongodb.internal.connection.SocketStream.read(SocketStream.java:182) ~[mongodb-driver-core-5.2.1.jar:na]
	at com.mongodb.internal.connection.InternalStreamConnection.receiveResponseBuffers(InternalStreamConnection.java:829) ~[mongodb-driver-core-5.2.1.jar:na]
	... 4 common frames omitted

2026-05-17T03:43:45.405+01:00  INFO 29248 --- [SocialService] [ngodb.net:27017] org.mongodb.driver.cluster               : Exception in monitor thread while connecting to server ac-khxyvkv-shard-00-01.ltylxsp.mongodb.net:27017

com.mongodb.MongoSocketReadException: Exception receiving message
	at com.mongodb.internal.connection.InternalStreamConnection.translateReadException(InternalStreamConnection.java:814) ~[mongodb-driver-core-5.2.1.jar:na]
	at com.mongodb.internal.connection.InternalStreamConnection.receiveResponseBuffers(InternalStreamConnection.java:862) ~[mongodb-driver-core-5.2.1.jar:na]
	at com.mongodb.internal.connection.InternalStreamConnection.receiveCommandMessageResponse(InternalStreamConnection.java:517) ~[mongodb-driver-core-5.2.1.jar:na]
	at com.mongodb.internal.connection.InternalStreamConnection.receive(InternalStreamConnection.java:469) ~[mongodb-driver-core-5.2.1.jar:na]
	at com.mongodb.internal.connection.DefaultServerMonitor$ServerMonitor.lookupServerDescription(DefaultServerMonitor.java:249) ~[mongodb-driver-core-5.2.1.jar:na]
	at com.mongodb.internal.connection.DefaultServerMonitor$ServerMonitor.run(DefaultServerMonitor.java:176) ~[mongodb-driver-core-5.2.1.jar:na]
Caused by: java.net.SocketException: Connection reset
	at java.base/sun.nio.ch.NioSocketImpl.implRead(NioSocketImpl.java:328) ~[na:na]
	at java.base/sun.nio.ch.NioSocketImpl.read(NioSocketImpl.java:355) ~[na:na]
	at java.base/sun.nio.ch.NioSocketImpl$1.read(NioSocketImpl.java:808) ~[na:na]
	at java.base/java.net.Socket$SocketInputStream.read(Socket.java:966) ~[na:na]
	at java.base/sun.security.ssl.SSLSocketInputRecord.read(SSLSocketInputRecord.java:484) ~[na:na]
	at java.base/sun.security.ssl.SSLSocketInputRecord.readHeader(SSLSocketInputRecord.java:478) ~[na:na]
	at java.base/sun.security.ssl.SSLSocketInputRecord.bytesInCompletePacket(SSLSocketInputRecord.java:70) ~[na:na]
	at java.base/sun.security.ssl.SSLSocketImpl.readApplicationRecord(SSLSocketImpl.java:1461) ~[na:na]
	at java.base/sun.security.ssl.SSLSocketImpl$AppInputStream.read(SSLSocketImpl.java:1065) ~[na:na]
	at com.mongodb.internal.connection.SocketStream.read(SocketStream.java:182) ~[mongodb-driver-core-5.2.1.jar:na]
	at com.mongodb.internal.connection.InternalStreamConnection.receiveResponseBuffers(InternalStreamConnection.java:829) ~[mongodb-driver-core-5.2.1.jar:na]
	... 4 common frames omitted

2026-05-17T03:43:47.420+01:00  INFO 29248 --- [SocialService] [ngodb.net:27017] org.mongodb.driver.cluster               : Monitor thread successfully connected to server with description ServerDescription{address=ac-khxyvkv-shard-00-01.ltylxsp.mongodb.net:27017, type=REPLICA_SET_PRIMARY, cryptd=false, state=CONNECTED, ok=true, minWireVersion=0, maxWireVersion=25, maxDocumentSize=16777216, logicalSessionTimeoutMinutes=30, roundTripTimeNanos=417680100, minRoundTripTimeNanos=0, setName='atlas-6x6yvm-shard-0', canonicalAddress=ac-khxyvkv-shard-00-01.ltylxsp.mongodb.net:27017, hosts=[ac-khxyvkv-shard-00-00.ltylxsp.mongodb.net:27017, ac-khxyvkv-shard-00-01.ltylxsp.mongodb.net:27017, ac-khxyvkv-shard-00-02.ltylxsp.mongodb.net:27017], passives=[], arbiters=[], primary='ac-khxyvkv-shard-00-01.ltylxsp.mongodb.net:27017', tagSet=TagSet{[Tag{name='availabilityZone', value='euw3-az2'}, Tag{name='cacheState', value='READY'}, Tag{name='diskState', value='READY'}, Tag{name='nodeType', value='ELECTABLE'}, Tag{name='provider', value='AWS'}, Tag{name='region', value='EU_WEST_3'}, Tag{name='workloadType', value='OPERATIONAL'}]}, electionId=7fffffff0000000000000069, setVersion=36, topologyVersion=TopologyVersion{processId=69fe370e7afba3a6519b2508, counter=6}, lastWriteDate=Sun May 17 03:43:47 WAT 2026, lastUpdateTimeNanos=63533202282100}
2026-05-17T03:43:47.425+01:00  INFO 29248 --- [SocialService] [ngodb.net:27017] org.mongodb.driver.cluster               : Discovered replica set primary ac-khxyvkv-shard-00-01.ltylxsp.mongodb.net:27017 with max election id 7fffffff0000000000000069 and max set version 36
2026-05-17T03:43:47.794+01:00  INFO 29248 --- [SocialService] [ngodb.net:27017] org.mongodb.driver.cluster               : Monitor thread successfully connected to server with description ServerDescription{address=ac-khxyvkv-shard-00-02.ltylxsp.mongodb.net:27017, type=REPLICA_SET_SECONDARY, cryptd=false, state=CONNECTED, ok=true, minWireVersion=0, maxWireVersion=25, maxDocumentSize=16777216, logicalSessionTimeoutMinutes=30, roundTripTimeNanos=797622300, minRoundTripTimeNanos=0, setName='atlas-6x6yvm-shard-0', canonicalAddress=ac-khxyvkv-shard-00-02.ltylxsp.mongodb.net:27017, hosts=[ac-khxyvkv-shard-00-00.ltylxsp.mongodb.net:27017, ac-khxyvkv-shard-00-01.ltylxsp.mongodb.net:27017, ac-khxyvkv-shard-00-02.ltylxsp.mongodb.net:27017], passives=[], arbiters=[], primary='ac-khxyvkv-shard-00-01.ltylxsp.mongodb.net:27017', tagSet=TagSet{[Tag{name='availabilityZone', value='euw3-az3'}, Tag{name='cacheState', value='READY'}, Tag{name='diskState', value='READY'}, Tag{name='nodeType', value='ELECTABLE'}, Tag{name='provider', value='AWS'}, Tag{name='region', value='EU_WEST_3'}, Tag{name='workloadType', value='OPERATIONAL'}]}, electionId=null, setVersion=36, topologyVersion=TopologyVersion{processId=69fe3974932517ad87b461cb, counter=3}, lastWriteDate=Sun May 17 03:43:47 WAT 2026, lastUpdateTimeNanos=63533580360000}
2026-05-17T05:24:59.456+01:00  INFO 29248 --- [SocialService] [ngodb.net:27017] org.mongodb.driver.cluster               : Exception in monitor thread while connecting to server ac-khxyvkv-shard-00-02.ltylxsp.mongodb.net:27017

com.mongodb.MongoSocketReadException: Exception receiving message
	at com.mongodb.internal.connection.InternalStreamConnection.translateReadException(InternalStreamConnection.java:814) ~[mongodb-driver-core-5.2.1.jar:na]
	at com.mongodb.internal.connection.InternalStreamConnection.receiveResponseBuffers(InternalStreamConnection.java:862) ~[mongodb-driver-core-5.2.1.jar:na]
	at com.mongodb.internal.connection.InternalStreamConnection.receiveCommandMessageResponse(InternalStreamConnection.java:517) ~[mongodb-driver-core-5.2.1.jar:na]
	at com.mongodb.internal.connection.InternalStreamConnection.receive(InternalStreamConnection.java:469) ~[mongodb-driver-core-5.2.1.jar:na]
	at com.mongodb.internal.connection.DefaultServerMonitor$ServerMonitor.lookupServerDescription(DefaultServerMonitor.java:249) ~[mongodb-driver-core-5.2.1.jar:na]
	at com.mongodb.internal.connection.DefaultServerMonitor$ServerMonitor.run(DefaultServerMonitor.java:176) ~[mongodb-driver-core-5.2.1.jar:na]
Caused by: java.net.SocketException: Connection reset
	at java.base/sun.nio.ch.NioSocketImpl.implRead(NioSocketImpl.java:328) ~[na:na]
	at java.base/sun.nio.ch.NioSocketImpl.read(NioSocketImpl.java:355) ~[na:na]
	at java.base/sun.nio.ch.NioSocketImpl$1.read(NioSocketImpl.java:808) ~[na:na]
	at java.base/java.net.Socket$SocketInputStream.read(Socket.java:966) ~[na:na]
	at java.base/sun.security.ssl.SSLSocketInputRecord.read(SSLSocketInputRecord.java:484) ~[na:na]
	at java.base/sun.security.ssl.SSLSocketInputRecord.readHeader(SSLSocketInputRecord.java:478) ~[na:na]
	at java.base/sun.security.ssl.SSLSocketInputRecord.bytesInCompletePacket(SSLSocketInputRecord.java:70) ~[na:na]
	at java.base/sun.security.ssl.SSLSocketImpl.readApplicationRecord(SSLSocketImpl.java:1461) ~[na:na]
	at java.base/sun.security.ssl.SSLSocketImpl$AppInputStream.read(SSLSocketImpl.java:1065) ~[na:na]
	at com.mongodb.internal.connection.SocketStream.read(SocketStream.java:182) ~[mongodb-driver-core-5.2.1.jar:na]
	at com.mongodb.internal.connection.InternalStreamConnection.receiveResponseBuffers(InternalStreamConnection.java:829) ~[mongodb-driver-core-5.2.1.jar:na]
	... 4 common frames omitted

2026-05-17T05:24:59.457+01:00  INFO 29248 --- [SocialService] [ngodb.net:27017] org.mongodb.driver.cluster               : Exception in monitor thread while connecting to server ac-khxyvkv-shard-00-01.ltylxsp.mongodb.net:27017

com.mongodb.MongoSocketReadException: Exception receiving message
	at com.mongodb.internal.connection.InternalStreamConnection.translateReadException(InternalStreamConnection.java:814) ~[mongodb-driver-core-5.2.1.jar:na]
	at com.mongodb.internal.connection.InternalStreamConnection.receiveResponseBuffers(InternalStreamConnection.java:862) ~[mongodb-driver-core-5.2.1.jar:na]
	at com.mongodb.internal.connection.InternalStreamConnection.receiveCommandMessageResponse(InternalStreamConnection.java:517) ~[mongodb-driver-core-5.2.1.jar:na]
	at com.mongodb.internal.connection.InternalStreamConnection.receive(InternalStreamConnection.java:469) ~[mongodb-driver-core-5.2.1.jar:na]
	at com.mongodb.internal.connection.DefaultServerMonitor$ServerMonitor.lookupServerDescription(DefaultServerMonitor.java:249) ~[mongodb-driver-core-5.2.1.jar:na]
	at com.mongodb.internal.connection.DefaultServerMonitor$ServerMonitor.run(DefaultServerMonitor.java:176) ~[mongodb-driver-core-5.2.1.jar:na]
Caused by: java.net.SocketException: Connection reset
	at java.base/sun.nio.ch.NioSocketImpl.implRead(NioSocketImpl.java:328) ~[na:na]
	at java.base/sun.nio.ch.NioSocketImpl.read(NioSocketImpl.java:355) ~[na:na]
	at java.base/sun.nio.ch.NioSocketImpl$1.read(NioSocketImpl.java:808) ~[na:na]
	at java.base/java.net.Socket$SocketInputStream.read(Socket.java:966) ~[na:na]
	at java.base/sun.security.ssl.SSLSocketInputRecord.read(SSLSocketInputRecord.java:484) ~[na:na]
	at java.base/sun.security.ssl.SSLSocketInputRecord.readHeader(SSLSocketInputRecord.java:478) ~[na:na]
	at java.base/sun.security.ssl.SSLSocketInputRecord.bytesInCompletePacket(SSLSocketInputRecord.java:70) ~[na:na]
	at java.base/sun.security.ssl.SSLSocketImpl.readApplicationRecord(SSLSocketImpl.java:1461) ~[na:na]
	at java.base/sun.security.ssl.SSLSocketImpl$AppInputStream.read(SSLSocketImpl.java:1065) ~[na:na]
	at com.mongodb.internal.connection.SocketStream.read(SocketStream.java:182) ~[mongodb-driver-core-5.2.1.jar:na]
	at com.mongodb.internal.connection.InternalStreamConnection.receiveResponseBuffers(InternalStreamConnection.java:829) ~[mongodb-driver-core-5.2.1.jar:na]
	... 4 common frames omitted

2026-05-17T19:27:27.997+01:00  INFO 29248 --- [SocialService] [ngodb.net:27017] org.mongodb.driver.cluster               : Monitor thread successfully connected to server with description ServerDescription{address=ac-khxyvkv-shard-00-02.ltylxsp.mongodb.net:27017, type=REPLICA_SET_SECONDARY, cryptd=false, state=CONNECTED, ok=true, minWireVersion=0, maxWireVersion=25, maxDocumentSize=16777216, logicalSessionTimeoutMinutes=30, roundTripTimeNanos=400345600, minRoundTripTimeNanos=0, setName='atlas-6x6yvm-shard-0', canonicalAddress=ac-khxyvkv-shard-00-02.ltylxsp.mongodb.net:27017, hosts=[ac-khxyvkv-shard-00-00.ltylxsp.mongodb.net:27017, ac-khxyvkv-shard-00-01.ltylxsp.mongodb.net:27017, ac-khxyvkv-shard-00-02.ltylxsp.mongodb.net:27017], passives=[], arbiters=[], primary='ac-khxyvkv-shard-00-01.ltylxsp.mongodb.net:27017', tagSet=TagSet{[Tag{name='availabilityZone', value='euw3-az3'}, Tag{name='cacheState', value='READY'}, Tag{name='diskState', value='READY'}, Tag{name='nodeType', value='ELECTABLE'}, Tag{name='provider', value='AWS'}, Tag{name='region', value='EU_WEST_3'}, Tag{name='workloadType', value='OPERATIONAL'}]}, electionId=null, setVersion=36, topologyVersion=TopologyVersion{processId=69fe3974932517ad87b461cb, counter=3}, lastWriteDate=Sun May 17 19:27:27 WAT 2026, lastUpdateTimeNanos=120159896627800}
2026-05-17T19:27:28.114+01:00  INFO 29248 --- [SocialService] [ngodb.net:27017] org.mongodb.driver.cluster               : Monitor thread successfully connected to server with description ServerDescription{address=ac-khxyvkv-shard-00-01.ltylxsp.mongodb.net:27017, type=REPLICA_SET_PRIMARY, cryptd=false, state=CONNECTED, ok=true, minWireVersion=0, maxWireVersion=25, maxDocumentSize=16777216, logicalSessionTimeoutMinutes=30, roundTripTimeNanos=291067000, minRoundTripTimeNanos=0, setName='atlas-6x6yvm-shard-0', canonicalAddress=ac-khxyvkv-shard-00-01.ltylxsp.mongodb.net:27017, hosts=[ac-khxyvkv-shard-00-00.ltylxsp.mongodb.net:27017, ac-khxyvkv-shard-00-01.ltylxsp.mongodb.net:27017, ac-khxyvkv-shard-00-02.ltylxsp.mongodb.net:27017], passives=[], arbiters=[], primary='ac-khxyvkv-shard-00-01.ltylxsp.mongodb.net:27017', tagSet=TagSet{[Tag{name='availabilityZone', value='euw3-az2'}, Tag{name='cacheState', value='READY'}, Tag{name='diskState', value='READY'}, Tag{name='nodeType', value='ELECTABLE'}, Tag{name='provider', value='AWS'}, Tag{name='region', value='EU_WEST_3'}, Tag{name='workloadType', value='OPERATIONAL'}]}, electionId=7fffffff0000000000000069, setVersion=36, topologyVersion=TopologyVersion{processId=69fe370e7afba3a6519b2508, counter=6}, lastWriteDate=Sun May 17 19:27:27 WAT 2026, lastUpdateTimeNanos=120160013006000}
2026-05-17T19:27:28.115+01:00  INFO 29248 --- [SocialService] [ngodb.net:27017] org.mongodb.driver.cluster               : Discovered replica set primary ac-khxyvkv-shard-00-01.ltylxsp.mongodb.net:27017 with max election id 7fffffff0000000000000069 and max set version 36
2026-05-17T19:27:30.535+01:00  INFO 29248 --- [SocialService] [ngodb.net:27017] org.mongodb.driver.cluster               : Monitor thread successfully connected to server with description ServerDescription{address=ac-khxyvkv-shard-00-00.ltylxsp.mongodb.net:27017, type=REPLICA_SET_SECONDARY, cryptd=false, state=CONNECTED, ok=true, minWireVersion=0, maxWireVersion=25, maxDocumentSize=16777216, logicalSessionTimeoutMinutes=30, roundTripTimeNanos=153848600, minRoundTripTimeNanos=0, setName='atlas-6x6yvm-shard-0', canonicalAddress=ac-khxyvkv-shard-00-00.ltylxsp.mongodb.net:27017, hosts=[ac-khxyvkv-shard-00-00.ltylxsp.mongodb.net:27017, ac-khxyvkv-shard-00-01.ltylxsp.mongodb.net:27017, ac-khxyvkv-shard-00-02.ltylxsp.mongodb.net:27017], passives=[], arbiters=[], primary='ac-khxyvkv-shard-00-01.ltylxsp.mongodb.net:27017', tagSet=TagSet{[Tag{name='availabilityZone', value='euw3-az1'}, Tag{name='cacheState', value='READY'}, Tag{name='diskState', value='READY'}, Tag{name='nodeType', value='ELECTABLE'}, Tag{name='provider', value='AWS'}, Tag{name='region', value='EU_WEST_3'}, Tag{name='workloadType', value='OPERATIONAL'}]}, electionId=null, setVersion=36, topologyVersion=TopologyVersion{processId=69fe3480bce649a00b1f6b90, counter=4}, lastWriteDate=Sun May 17 19:27:30 WAT 2026, lastUpdateTimeNanos=120162434290800}
2026-05-17T19:35:14.410+01:00  INFO 29248 --- [SocialService] [MessageBroker-1] o.s.w.s.c.WebSocketMessageBrokerStats    : WebSocketSession[0 current WS(0)-HttpStream(0)-HttpPoll(0), 0 total, 0 closed abnormally (0 connect failure, 0 send limit, 0 transport error)], stompSubProtocol[processed CONNECT(0)-CONNECTED(0)-DISCONNECT(0)], stompBrokerRelay[null], inboundChannel[pool size = 0, active threads = 0, queued tasks = 0, completed tasks = 0], outboundChannel[pool size = 0, active threads = 0, queued tasks = 0, completed tasks = 0], sockJsScheduler[pool size = 8, active threads = 1, queued tasks = 0, completed tasks = 10]
2026-05-17T20:05:14.428+01:00  INFO 29248 --- [SocialService] [MessageBroker-1] o.s.w.s.c.WebSocketMessageBrokerStats    : WebSocketSession[0 current WS(0)-HttpStream(0)-HttpPoll(0), 0 total, 0 closed abnormally (0 connect failure, 0 send limit, 0 transport error)], stompSubProtocol[processed CONNECT(0)-CONNECTED(0)-DISCONNECT(0)], stompBrokerRelay[null], inboundChannel[pool size = 0, active threads = 0, queued tasks = 0, completed tasks = 0], outboundChannel[pool size = 0, active threads = 0, queued tasks = 0, completed tasks = 0], sockJsScheduler[pool size = 8, active threads = 1, queued tasks = 0, completed tasks = 11]
2026-05-17T21:03:16.687+01:00  INFO 29248 --- [SocialService] [ngodb.net:27017] org.mongodb.driver.cluster               : Exception in monitor thread while connecting to server ac-khxyvkv-shard-00-01.ltylxsp.mongodb.net:27017

com.mongodb.MongoSocketReadException: Exception receiving message
	at com.mongodb.internal.connection.InternalStreamConnection.translateReadException(InternalStreamConnection.java:814) ~[mongodb-driver-core-5.2.1.jar:na]
	at com.mongodb.internal.connection.InternalStreamConnection.receiveResponseBuffers(InternalStreamConnection.java:862) ~[mongodb-driver-core-5.2.1.jar:na]
	at com.mongodb.internal.connection.InternalStreamConnection.receiveCommandMessageResponse(InternalStreamConnection.java:517) ~[mongodb-driver-core-5.2.1.jar:na]
	at com.mongodb.internal.connection.InternalStreamConnection.receive(InternalStreamConnection.java:469) ~[mongodb-driver-core-5.2.1.jar:na]
	at com.mongodb.internal.connection.DefaultServerMonitor$ServerMonitor.lookupServerDescription(DefaultServerMonitor.java:249) ~[mongodb-driver-core-5.2.1.jar:na]
	at com.mongodb.internal.connection.DefaultServerMonitor$ServerMonitor.run(DefaultServerMonitor.java:176) ~[mongodb-driver-core-5.2.1.jar:na]
Caused by: java.net.SocketException: Connection reset
	at java.base/sun.nio.ch.NioSocketImpl.implRead(NioSocketImpl.java:328) ~[na:na]
	at java.base/sun.nio.ch.NioSocketImpl.read(NioSocketImpl.java:355) ~[na:na]
	at java.base/sun.nio.ch.NioSocketImpl$1.read(NioSocketImpl.java:808) ~[na:na]
	at java.base/java.net.Socket$SocketInputStream.read(Socket.java:966) ~[na:na]
	at java.base/sun.security.ssl.SSLSocketInputRecord.read(SSLSocketInputRecord.java:484) ~[na:na]
	at java.base/sun.security.ssl.SSLSocketInputRecord.readHeader(SSLSocketInputRecord.java:478) ~[na:na]
	at java.base/sun.security.ssl.SSLSocketInputRecord.bytesInCompletePacket(SSLSocketInputRecord.java:70) ~[na:na]
	at java.base/sun.security.ssl.SSLSocketImpl.readApplicationRecord(SSLSocketImpl.java:1461) ~[na:na]
	at java.base/sun.security.ssl.SSLSocketImpl$AppInputStream.read(SSLSocketImpl.java:1065) ~[na:na]
	at com.mongodb.internal.connection.SocketStream.read(SocketStream.java:182) ~[mongodb-driver-core-5.2.1.jar:na]
	at com.mongodb.internal.connection.InternalStreamConnection.receiveResponseBuffers(InternalStreamConnection.java:829) ~[mongodb-driver-core-5.2.1.jar:na]
	... 4 common frames omitted

2026-05-17T21:03:16.690+01:00  INFO 29248 --- [SocialService] [ngodb.net:27017] org.mongodb.driver.cluster               : Exception in monitor thread while connecting to server ac-khxyvkv-shard-00-02.ltylxsp.mongodb.net:27017

com.mongodb.MongoSocketReadException: Exception receiving message
	at com.mongodb.internal.connection.InternalStreamConnection.translateReadException(InternalStreamConnection.java:814) ~[mongodb-driver-core-5.2.1.jar:na]
	at com.mongodb.internal.connection.InternalStreamConnection.receiveResponseBuffers(InternalStreamConnection.java:862) ~[mongodb-driver-core-5.2.1.jar:na]
	at com.mongodb.internal.connection.InternalStreamConnection.receiveCommandMessageResponse(InternalStreamConnection.java:517) ~[mongodb-driver-core-5.2.1.jar:na]
	at com.mongodb.internal.connection.InternalStreamConnection.receive(InternalStreamConnection.java:469) ~[mongodb-driver-core-5.2.1.jar:na]
	at com.mongodb.internal.connection.DefaultServerMonitor$ServerMonitor.lookupServerDescription(DefaultServerMonitor.java:249) ~[mongodb-driver-core-5.2.1.jar:na]
	at com.mongodb.internal.connection.DefaultServerMonitor$ServerMonitor.run(DefaultServerMonitor.java:176) ~[mongodb-driver-core-5.2.1.jar:na]
Caused by: java.net.SocketException: Connection reset
	at java.base/sun.nio.ch.NioSocketImpl.implRead(NioSocketImpl.java:328) ~[na:na]
	at java.base/sun.nio.ch.NioSocketImpl.read(NioSocketImpl.java:355) ~[na:na]
	at java.base/sun.nio.ch.NioSocketImpl$1.read(NioSocketImpl.java:808) ~[na:na]
	at java.base/java.net.Socket$SocketInputStream.read(Socket.java:966) ~[na:na]
	at java.base/sun.security.ssl.SSLSocketInputRecord.read(SSLSocketInputRecord.java:484) ~[na:na]
	at java.base/sun.security.ssl.SSLSocketInputRecord.readHeader(SSLSocketInputRecord.java:478) ~[na:na]
	at java.base/sun.security.ssl.SSLSocketInputRecord.bytesInCompletePacket(SSLSocketInputRecord.java:70) ~[na:na]
	at java.base/sun.security.ssl.SSLSocketImpl.readApplicationRecord(SSLSocketImpl.java:1461) ~[na:na]
	at java.base/sun.security.ssl.SSLSocketImpl$AppInputStream.read(SSLSocketImpl.java:1065) ~[na:na]
	at com.mongodb.internal.connection.SocketStream.read(SocketStream.java:182) ~[mongodb-driver-core-5.2.1.jar:na]
	at com.mongodb.internal.connection.InternalStreamConnection.receiveResponseBuffers(InternalStreamConnection.java:829) ~[mongodb-driver-core-5.2.1.jar:na]
	... 4 common frames omitted

2026-05-17T21:03:16.666+01:00  INFO 29248 --- [SocialService] [ngodb.net:27017] org.mongodb.driver.cluster               : Exception in monitor thread while connecting to server ac-khxyvkv-shard-00-00.ltylxsp.mongodb.net:27017

com.mongodb.MongoSocketReadException: Exception receiving message
	at com.mongodb.internal.connection.InternalStreamConnection.translateReadException(InternalStreamConnection.java:814) ~[mongodb-driver-core-5.2.1.jar:na]
	at com.mongodb.internal.connection.InternalStreamConnection.receiveResponseBuffers(InternalStreamConnection.java:862) ~[mongodb-driver-core-5.2.1.jar:na]
	at com.mongodb.internal.connection.InternalStreamConnection.receiveCommandMessageResponse(InternalStreamConnection.java:517) ~[mongodb-driver-core-5.2.1.jar:na]
	at com.mongodb.internal.connection.InternalStreamConnection.receive(InternalStreamConnection.java:469) ~[mongodb-driver-core-5.2.1.jar:na]
	at com.mongodb.internal.connection.DefaultServerMonitor$ServerMonitor.lookupServerDescription(DefaultServerMonitor.java:249) ~[mongodb-driver-core-5.2.1.jar:na]
	at com.mongodb.internal.connection.DefaultServerMonitor$ServerMonitor.run(DefaultServerMonitor.java:176) ~[mongodb-driver-core-5.2.1.jar:na]
Caused by: java.net.SocketException: Connection reset
	at java.base/sun.nio.ch.NioSocketImpl.implRead(NioSocketImpl.java:328) ~[na:na]
	at java.base/sun.nio.ch.NioSocketImpl.read(NioSocketImpl.java:355) ~[na:na]
	at java.base/sun.nio.ch.NioSocketImpl$1.read(NioSocketImpl.java:808) ~[na:na]
	at java.base/java.net.Socket$SocketInputStream.read(Socket.java:966) ~[na:na]
	at java.base/sun.security.ssl.SSLSocketInputRecord.read(SSLSocketInputRecord.java:484) ~[na:na]
	at java.base/sun.security.ssl.SSLSocketInputRecord.readHeader(SSLSocketInputRecord.java:478) ~[na:na]
	at java.base/sun.security.ssl.SSLSocketInputRecord.bytesInCompletePacket(SSLSocketInputRecord.java:70) ~[na:na]
	at java.base/sun.security.ssl.SSLSocketImpl.readApplicationRecord(SSLSocketImpl.java:1461) ~[na:na]
	at java.base/sun.security.ssl.SSLSocketImpl$AppInputStream.read(SSLSocketImpl.java:1065) ~[na:na]
	at com.mongodb.internal.connection.SocketStream.read(SocketStream.java:182) ~[mongodb-driver-core-5.2.1.jar:na]
	at com.mongodb.internal.connection.InternalStreamConnection.receiveResponseBuffers(InternalStreamConnection.java:829) ~[mongodb-driver-core-5.2.1.jar:na]
	... 4 common frames omitted

2026-05-17T21:03:16.800+01:00  INFO 29248 --- [SocialService] [ngodb.net:27017] org.mongodb.driver.cluster               : Exception in monitor thread while connecting to server ac-khxyvkv-shard-00-01.ltylxsp.mongodb.net:27017

com.mongodb.MongoSocketException: Hôte inconnu (ac-khxyvkv-shard-00-01.ltylxsp.mongodb.net)
	at com.mongodb.internal.connection.ServerAddressHelper.getSocketAddresses(ServerAddressHelper.java:75) ~[mongodb-driver-core-5.2.1.jar:na]
	at com.mongodb.internal.connection.SocketStream.initializeSocket(SocketStream.java:100) ~[mongodb-driver-core-5.2.1.jar:na]
	at com.mongodb.internal.connection.SocketStream.open(SocketStream.java:79) ~[mongodb-driver-core-5.2.1.jar:na]
	at com.mongodb.internal.connection.InternalStreamConnection.open(InternalStreamConnection.java:233) ~[mongodb-driver-core-5.2.1.jar:na]
	at com.mongodb.internal.connection.DefaultServerMonitor$ServerMonitor.lookupServerDescription(DefaultServerMonitor.java:219) ~[mongodb-driver-core-5.2.1.jar:na]
	at com.mongodb.internal.connection.DefaultServerMonitor$ServerMonitor.run(DefaultServerMonitor.java:176) ~[mongodb-driver-core-5.2.1.jar:na]
Caused by: java.net.UnknownHostException: Hôte inconnu (ac-khxyvkv-shard-00-01.ltylxsp.mongodb.net)
	at java.base/java.net.Inet6AddressImpl.lookupAllHostAddr(Native Method) ~[na:na]
	at java.base/java.net.InetAddress$PlatformNameService.lookupAllHostAddr(InetAddress.java:933) ~[na:na]
	at java.base/java.net.InetAddress.getAddressesFromNameService(InetAddress.java:1543) ~[na:na]
	at java.base/java.net.InetAddress$NameServiceAddresses.get(InetAddress.java:852) ~[na:na]
	at java.base/java.net.InetAddress.getAllByName0(InetAddress.java:1532) ~[na:na]
	at java.base/java.net.InetAddress.getAllByName(InetAddress.java:1384) ~[na:na]
	at java.base/java.net.InetAddress.getAllByName(InetAddress.java:1305) ~[na:na]
	at com.mongodb.internal.connection.DefaultInetAddressResolver.lookupByName(DefaultInetAddressResolver.java:34) ~[mongodb-driver-core-5.2.1.jar:na]
	at com.mongodb.internal.connection.ServerAddressHelper.getSocketAddresses(ServerAddressHelper.java:71) ~[mongodb-driver-core-5.2.1.jar:na]
	... 5 common frames omitted

2026-05-17T21:03:16.800+01:00  INFO 29248 --- [SocialService] [ngodb.net:27017] org.mongodb.driver.cluster               : Exception in monitor thread while connecting to server ac-khxyvkv-shard-00-02.ltylxsp.mongodb.net:27017

com.mongodb.MongoSocketException: Hôte inconnu (ac-khxyvkv-shard-00-02.ltylxsp.mongodb.net)
	at com.mongodb.internal.connection.ServerAddressHelper.getSocketAddresses(ServerAddressHelper.java:75) ~[mongodb-driver-core-5.2.1.jar:na]
	at com.mongodb.internal.connection.SocketStream.initializeSocket(SocketStream.java:100) ~[mongodb-driver-core-5.2.1.jar:na]
	at com.mongodb.internal.connection.SocketStream.open(SocketStream.java:79) ~[mongodb-driver-core-5.2.1.jar:na]
	at com.mongodb.internal.connection.InternalStreamConnection.open(InternalStreamConnection.java:233) ~[mongodb-driver-core-5.2.1.jar:na]
	at com.mongodb.internal.connection.DefaultServerMonitor$ServerMonitor.lookupServerDescription(DefaultServerMonitor.java:219) ~[mongodb-driver-core-5.2.1.jar:na]
	at com.mongodb.internal.connection.DefaultServerMonitor$ServerMonitor.run(DefaultServerMonitor.java:176) ~[mongodb-driver-core-5.2.1.jar:na]
Caused by: java.net.UnknownHostException: Hôte inconnu (ac-khxyvkv-shard-00-02.ltylxsp.mongodb.net)
	at java.base/java.net.Inet6AddressImpl.lookupAllHostAddr(Native Method) ~[na:na]
	at java.base/java.net.InetAddress$PlatformNameService.lookupAllHostAddr(InetAddress.java:933) ~[na:na]
	at java.base/java.net.InetAddress.getAddressesFromNameService(InetAddress.java:1543) ~[na:na]
	at java.base/java.net.InetAddress$NameServiceAddresses.get(InetAddress.java:852) ~[na:na]
	at java.base/java.net.InetAddress.getAllByName0(InetAddress.java:1532) ~[na:na]
	at java.base/java.net.InetAddress.getAllByName(InetAddress.java:1384) ~[na:na]
	at java.base/java.net.InetAddress.getAllByName(InetAddress.java:1305) ~[na:na]
	at com.mongodb.internal.connection.DefaultInetAddressResolver.lookupByName(DefaultInetAddressResolver.java:34) ~[mongodb-driver-core-5.2.1.jar:na]
	at com.mongodb.internal.connection.ServerAddressHelper.getSocketAddresses(ServerAddressHelper.java:71) ~[mongodb-driver-core-5.2.1.jar:na]
	... 5 common frames omitted

2026-05-17T21:03:16.800+01:00  INFO 29248 --- [SocialService] [ngodb.net:27017] org.mongodb.driver.cluster               : Exception in monitor thread while connecting to server ac-khxyvkv-shard-00-00.ltylxsp.mongodb.net:27017

com.mongodb.MongoSocketException: Hôte inconnu (ac-khxyvkv-shard-00-00.ltylxsp.mongodb.net)
	at com.mongodb.internal.connection.ServerAddressHelper.getSocketAddresses(ServerAddressHelper.java:75) ~[mongodb-driver-core-5.2.1.jar:na]
	at com.mongodb.internal.connection.SocketStream.initializeSocket(SocketStream.java:100) ~[mongodb-driver-core-5.2.1.jar:na]
	at com.mongodb.internal.connection.SocketStream.open(SocketStream.java:79) ~[mongodb-driver-core-5.2.1.jar:na]
	at com.mongodb.internal.connection.InternalStreamConnection.open(InternalStreamConnection.java:233) ~[mongodb-driver-core-5.2.1.jar:na]
	at com.mongodb.internal.connection.DefaultServerMonitor$ServerMonitor.lookupServerDescription(DefaultServerMonitor.java:219) ~[mongodb-driver-core-5.2.1.jar:na]
	at com.mongodb.internal.connection.DefaultServerMonitor$ServerMonitor.run(DefaultServerMonitor.java:176) ~[mongodb-driver-core-5.2.1.jar:na]
Caused by: java.net.UnknownHostException: Hôte inconnu (ac-khxyvkv-shard-00-00.ltylxsp.mongodb.net)
	at java.base/java.net.Inet6AddressImpl.lookupAllHostAddr(Native Method) ~[na:na]
	at java.base/java.net.InetAddress$PlatformNameService.lookupAllHostAddr(InetAddress.java:933) ~[na:na]
	at java.base/java.net.InetAddress.getAddressesFromNameService(InetAddress.java:1543) ~[na:na]
	at java.base/java.net.InetAddress$NameServiceAddresses.get(InetAddress.java:852) ~[na:na]
	at java.base/java.net.InetAddress.getAllByName0(InetAddress.java:1532) ~[na:na]
	at java.base/java.net.InetAddress.getAllByName(InetAddress.java:1384) ~[na:na]
	at java.base/java.net.InetAddress.getAllByName(InetAddress.java:1305) ~[na:na]
	at com.mongodb.internal.connection.DefaultInetAddressResolver.lookupByName(DefaultInetAddressResolver.java:34) ~[mongodb-driver-core-5.2.1.jar:na]
	at com.mongodb.internal.connection.ServerAddressHelper.getSocketAddresses(ServerAddressHelper.java:71) ~[mongodb-driver-core-5.2.1.jar:na]
	... 5 common frames omitted

2026-05-17T21:16:50.928+01:00  INFO 29248 --- [SocialService] [ngodb.net:27017] org.mongodb.driver.cluster               : Monitor thread successfully connected to server with description ServerDescription{address=ac-khxyvkv-shard-00-00.ltylxsp.mongodb.net:27017, type=REPLICA_SET_SECONDARY, cryptd=false, state=CONNECTED, ok=true, minWireVersion=0, maxWireVersion=25, maxDocumentSize=16777216, logicalSessionTimeoutMinutes=30, roundTripTimeNanos=188689100, minRoundTripTimeNanos=0, setName='atlas-6x6yvm-shard-0', canonicalAddress=ac-khxyvkv-shard-00-00.ltylxsp.mongodb.net:27017, hosts=[ac-khxyvkv-shard-00-00.ltylxsp.mongodb.net:27017, ac-khxyvkv-shard-00-01.ltylxsp.mongodb.net:27017, ac-khxyvkv-shard-00-02.ltylxsp.mongodb.net:27017], passives=[], arbiters=[], primary='ac-khxyvkv-shard-00-01.ltylxsp.mongodb.net:27017', tagSet=TagSet{[Tag{name='availabilityZone', value='euw3-az1'}, Tag{name='cacheState', value='READY'}, Tag{name='diskState', value='READY'}, Tag{name='nodeType', value='ELECTABLE'}, Tag{name='provider', value='AWS'}, Tag{name='region', value='EU_WEST_3'}, Tag{name='workloadType', value='OPERATIONAL'}]}, electionId=null, setVersion=36, topologyVersion=TopologyVersion{processId=69fe3480bce649a00b1f6b90, counter=4}, lastWriteDate=Sun May 17 21:16:50 WAT 2026, lastUpdateTimeNanos=126722899311000}
2026-05-17T21:16:50.939+01:00  INFO 29248 --- [SocialService] [ngodb.net:27017] org.mongodb.driver.cluster               : Monitor thread successfully connected to server with description ServerDescription{address=ac-khxyvkv-shard-00-02.ltylxsp.mongodb.net:27017, type=REPLICA_SET_SECONDARY, cryptd=false, state=CONNECTED, ok=true, minWireVersion=0, maxWireVersion=25, maxDocumentSize=16777216, logicalSessionTimeoutMinutes=30, roundTripTimeNanos=184768300, minRoundTripTimeNanos=0, setName='atlas-6x6yvm-shard-0', canonicalAddress=ac-khxyvkv-shard-00-02.ltylxsp.mongodb.net:27017, hosts=[ac-khxyvkv-shard-00-00.ltylxsp.mongodb.net:27017, ac-khxyvkv-shard-00-01.ltylxsp.mongodb.net:27017, ac-khxyvkv-shard-00-02.ltylxsp.mongodb.net:27017], passives=[], arbiters=[], primary='ac-khxyvkv-shard-00-01.ltylxsp.mongodb.net:27017', tagSet=TagSet{[Tag{name='availabilityZone', value='euw3-az3'}, Tag{name='cacheState', value='READY'}, Tag{name='diskState', value='READY'}, Tag{name='nodeType', value='ELECTABLE'}, Tag{name='provider', value='AWS'}, Tag{name='region', value='EU_WEST_3'}, Tag{name='workloadType', value='OPERATIONAL'}]}, electionId=null, setVersion=36, topologyVersion=TopologyVersion{processId=69fe3974932517ad87b461cb, counter=3}, lastWriteDate=Sun May 17 21:16:50 WAT 2026, lastUpdateTimeNanos=126722893074400}
2026-05-17T21:16:50.939+01:00  INFO 29248 --- [SocialService] [ngodb.net:27017] org.mongodb.driver.cluster               : Monitor thread successfully connected to server with description ServerDescription{address=ac-khxyvkv-shard-00-01.ltylxsp.mongodb.net:27017, type=REPLICA_SET_PRIMARY, cryptd=false, state=CONNECTED, ok=true, minWireVersion=0, maxWireVersion=25, maxDocumentSize=16777216, logicalSessionTimeoutMinutes=30, roundTripTimeNanos=196922400, minRoundTripTimeNanos=0, setName='atlas-6x6yvm-shard-0', canonicalAddress=ac-khxyvkv-shard-00-01.ltylxsp.mongodb.net:27017, hosts=[ac-khxyvkv-shard-00-00.ltylxsp.mongodb.net:27017, ac-khxyvkv-shard-00-01.ltylxsp.mongodb.net:27017, ac-khxyvkv-shard-00-02.ltylxsp.mongodb.net:27017], passives=[], arbiters=[], primary='ac-khxyvkv-shard-00-01.ltylxsp.mongodb.net:27017', tagSet=TagSet{[Tag{name='availabilityZone', value='euw3-az2'}, Tag{name='cacheState', value='READY'}, Tag{name='diskState', value='READY'}, Tag{name='nodeType', value='ELECTABLE'}, Tag{name='provider', value='AWS'}, Tag{name='region', value='EU_WEST_3'}, Tag{name='workloadType', value='OPERATIONAL'}]}, electionId=7fffffff0000000000000069, setVersion=36, topologyVersion=TopologyVersion{processId=69fe370e7afba3a6519b2508, counter=6}, lastWriteDate=Sun May 17 21:16:50 WAT 2026, lastUpdateTimeNanos=126722908575800}
2026-05-17T21:16:50.946+01:00  INFO 29248 --- [SocialService] [ngodb.net:27017] org.mongodb.driver.cluster               : Discovered replica set primary ac-khxyvkv-shard-00-01.ltylxsp.mongodb.net:27017 with max election id 7fffffff0000000000000069 and max set version 36
2026-05-17T21:19:34.106+01:00  INFO 29248 --- [SocialService] [MessageBroker-1] o.s.w.s.c.WebSocketMessageBrokerStats    : WebSocketSession[0 current WS(0)-HttpStream(0)-HttpPoll(0), 0 total, 0 closed abnormally (0 connect failure, 0 send limit, 0 transport error)], stompSubProtocol[processed CONNECT(0)-CONNECTED(0)-DISCONNECT(0)], stompBrokerRelay[null], inboundChannel[pool size = 0, active threads = 0, queued tasks = 0, completed tasks = 0], outboundChannel[pool size = 0, active threads = 0, queued tasks = 0, completed tasks = 0], sockJsScheduler[pool size = 8, active threads = 1, queued tasks = 0, completed tasks = 12]
2026-05-17T21:49:34.184+01:00  INFO 29248 --- [SocialService] [MessageBroker-1] o.s.w.s.c.WebSocketMessageBrokerStats    : WebSocketSession[0 current WS(0)-HttpStream(0)-HttpPoll(0), 0 total, 0 closed abnormally (0 connect failure, 0 send limit, 0 transport error)], stompSubProtocol[processed CONNECT(0)-CONNECTED(0)-DISCONNECT(0)], stompBrokerRelay[null], inboundChannel[pool size = 0, active threads = 0, queued tasks = 0, completed tasks = 0], outboundChannel[pool size = 0, active threads = 0, queued tasks = 0, completed tasks = 0], sockJsScheduler[pool size = 8, active threads = 1, queued tasks = 0, completed tasks = 13]
2026-05-17T22:19:34.228+01:00  INFO 29248 --- [SocialService] [MessageBroker-1] o.s.w.s.c.WebSocketMessageBrokerStats    : WebSocketSession[0 current WS(0)-HttpStream(0)-HttpPoll(0), 0 total, 0 closed abnormally (0 connect failure, 0 send limit, 0 transport error)], stompSubProtocol[processed CONNECT(0)-CONNECTED(0)-DISCONNECT(0)], stompBrokerRelay[null], inboundChannel[pool size = 0, active threads = 0, queued tasks = 0, completed tasks = 0], outboundChannel[pool size = 0, active threads = 0, queued tasks = 0, completed tasks = 0], sockJsScheduler[pool size = 8, active threads = 1, queued tasks = 0, completed tasks = 14]
2026-05-17T22:49:34.350+01:00  INFO 29248 --- [SocialService] [MessageBroker-1] o.s.w.s.c.WebSocketMessageBrokerStats    : WebSocketSession[0 current WS(0)-HttpStream(0)-HttpPoll(0), 0 total, 0 closed abnormally (0 connect failure, 0 send limit, 0 transport error)], stompSubProtocol[processed CONNECT(0)-CONNECTED(0)-DISCONNECT(0)], stompBrokerRelay[null], inboundChannel[pool size = 0, active threads = 0, queued tasks = 0, completed tasks = 0], outboundChannel[pool size = 0, active threads = 0, queued tasks = 0, completed tasks = 0], sockJsScheduler[pool size = 8, active threads = 1, queued tasks = 0, completed tasks = 15]
2026-05-17T23:19:34.389+01:00  INFO 29248 --- [SocialService] [MessageBroker-1] o.s.w.s.c.WebSocketMessageBrokerStats    : WebSocketSession[0 current WS(0)-HttpStream(0)-HttpPoll(0), 0 total, 0 closed abnormally (0 connect failure, 0 send limit, 0 transport error)], stompSubProtocol[processed CONNECT(0)-CONNECTED(0)-DISCONNECT(0)], stompBrokerRelay[null], inboundChannel[pool size = 0, active threads = 0, queued tasks = 0, completed tasks = 0], outboundChannel[pool size = 0, active threads = 0, queued tasks = 0, completed tasks = 0], sockJsScheduler[pool size = 8, active threads = 1, queued tasks = 0, completed tasks = 16]
2026-05-18T18:59:06.651+01:00  INFO 29248 --- [SocialService] [ngodb.net:27017] org.mongodb.driver.cluster               : Exception in monitor thread while connecting to server ac-khxyvkv-shard-00-00.ltylxsp.mongodb.net:27017

com.mongodb.MongoSocketReadException: Exception receiving message
	at com.mongodb.internal.connection.InternalStreamConnection.translateReadException(InternalStreamConnection.java:814) ~[mongodb-driver-core-5.2.1.jar:na]
	at com.mongodb.internal.connection.InternalStreamConnection.receiveResponseBuffers(InternalStreamConnection.java:862) ~[mongodb-driver-core-5.2.1.jar:na]
	at com.mongodb.internal.connection.InternalStreamConnection.receiveCommandMessageResponse(InternalStreamConnection.java:517) ~[mongodb-driver-core-5.2.1.jar:na]
	at com.mongodb.internal.connection.InternalStreamConnection.receive(InternalStreamConnection.java:469) ~[mongodb-driver-core-5.2.1.jar:na]
	at com.mongodb.internal.connection.DefaultServerMonitor$ServerMonitor.lookupServerDescription(DefaultServerMonitor.java:249) ~[mongodb-driver-core-5.2.1.jar:na]
	at com.mongodb.internal.connection.DefaultServerMonitor$ServerMonitor.run(DefaultServerMonitor.java:176) ~[mongodb-driver-core-5.2.1.jar:na]
Caused by: java.net.SocketException: Connection reset
	at java.base/sun.nio.ch.NioSocketImpl.implRead(NioSocketImpl.java:328) ~[na:na]
	at java.base/sun.nio.ch.NioSocketImpl.read(NioSocketImpl.java:355) ~[na:na]
	at java.base/sun.nio.ch.NioSocketImpl$1.read(NioSocketImpl.java:808) ~[na:na]
	at java.base/java.net.Socket$SocketInputStream.read(Socket.java:966) ~[na:na]
	at java.base/sun.security.ssl.SSLSocketInputRecord.read(SSLSocketInputRecord.java:484) ~[na:na]
	at java.base/sun.security.ssl.SSLSocketInputRecord.readHeader(SSLSocketInputRecord.java:478) ~[na:na]
	at java.base/sun.security.ssl.SSLSocketInputRecord.bytesInCompletePacket(SSLSocketInputRecord.java:70) ~[na:na]
	at java.base/sun.security.ssl.SSLSocketImpl.readApplicationRecord(SSLSocketImpl.java:1461) ~[na:na]
	at java.base/sun.security.ssl.SSLSocketImpl$AppInputStream.read(SSLSocketImpl.java:1065) ~[na:na]
	at com.mongodb.internal.connection.SocketStream.read(SocketStream.java:182) ~[mongodb-driver-core-5.2.1.jar:na]
	at com.mongodb.internal.connection.InternalStreamConnection.receiveResponseBuffers(InternalStreamConnection.java:829) ~[mongodb-driver-core-5.2.1.jar:na]
	... 4 common frames omitted

2026-05-18T18:59:06.651+01:00  INFO 29248 --- [SocialService] [ngodb.net:27017] org.mongodb.driver.cluster               : Exception in monitor thread while connecting to server ac-khxyvkv-shard-00-02.ltylxsp.mongodb.net:27017

com.mongodb.MongoSocketReadException: Exception receiving message
	at com.mongodb.internal.connection.InternalStreamConnection.translateReadException(InternalStreamConnection.java:814) ~[mongodb-driver-core-5.2.1.jar:na]
	at com.mongodb.internal.connection.InternalStreamConnection.receiveResponseBuffers(InternalStreamConnection.java:862) ~[mongodb-driver-core-5.2.1.jar:na]
	at com.mongodb.internal.connection.InternalStreamConnection.receiveCommandMessageResponse(InternalStreamConnection.java:517) ~[mongodb-driver-core-5.2.1.jar:na]
	at com.mongodb.internal.connection.InternalStreamConnection.receive(InternalStreamConnection.java:469) ~[mongodb-driver-core-5.2.1.jar:na]
	at com.mongodb.internal.connection.DefaultServerMonitor$ServerMonitor.lookupServerDescription(DefaultServerMonitor.java:249) ~[mongodb-driver-core-5.2.1.jar:na]
	at com.mongodb.internal.connection.DefaultServerMonitor$ServerMonitor.run(DefaultServerMonitor.java:176) ~[mongodb-driver-core-5.2.1.jar:na]
Caused by: java.net.SocketException: Connection reset
	at java.base/sun.nio.ch.NioSocketImpl.implRead(NioSocketImpl.java:328) ~[na:na]
	at java.base/sun.nio.ch.NioSocketImpl.read(NioSocketImpl.java:355) ~[na:na]
	at java.base/sun.nio.ch.NioSocketImpl$1.read(NioSocketImpl.java:808) ~[na:na]
	at java.base/java.net.Socket$SocketInputStream.read(Socket.java:966) ~[na:na]
	at java.base/sun.security.ssl.SSLSocketInputRecord.read(SSLSocketInputRecord.java:484) ~[na:na]
	at java.base/sun.security.ssl.SSLSocketInputRecord.readHeader(SSLSocketInputRecord.java:478) ~[na:na]
	at java.base/sun.security.ssl.SSLSocketInputRecord.bytesInCompletePacket(SSLSocketInputRecord.java:70) ~[na:na]
	at java.base/sun.security.ssl.SSLSocketImpl.readApplicationRecord(SSLSocketImpl.java:1461) ~[na:na]
	at java.base/sun.security.ssl.SSLSocketImpl$AppInputStream.read(SSLSocketImpl.java:1065) ~[na:na]
	at com.mongodb.internal.connection.SocketStream.read(SocketStream.java:182) ~[mongodb-driver-core-5.2.1.jar:na]
	at com.mongodb.internal.connection.InternalStreamConnection.receiveResponseBuffers(InternalStreamConnection.java:829) ~[mongodb-driver-core-5.2.1.jar:na]
	... 4 common frames omitted

2026-05-18T18:59:06.651+01:00  INFO 29248 --- [SocialService] [ngodb.net:27017] org.mongodb.driver.cluster               : Exception in monitor thread while connecting to server ac-khxyvkv-shard-00-01.ltylxsp.mongodb.net:27017

com.mongodb.MongoSocketReadException: Exception receiving message
	at com.mongodb.internal.connection.InternalStreamConnection.translateReadException(InternalStreamConnection.java:814) ~[mongodb-driver-core-5.2.1.jar:na]
	at com.mongodb.internal.connection.InternalStreamConnection.receiveResponseBuffers(InternalStreamConnection.java:862) ~[mongodb-driver-core-5.2.1.jar:na]
	at com.mongodb.internal.connection.InternalStreamConnection.receiveCommandMessageResponse(InternalStreamConnection.java:517) ~[mongodb-driver-core-5.2.1.jar:na]
	at com.mongodb.internal.connection.InternalStreamConnection.receive(InternalStreamConnection.java:469) ~[mongodb-driver-core-5.2.1.jar:na]
	at com.mongodb.internal.connection.DefaultServerMonitor$ServerMonitor.lookupServerDescription(DefaultServerMonitor.java:249) ~[mongodb-driver-core-5.2.1.jar:na]
	at com.mongodb.internal.connection.DefaultServerMonitor$ServerMonitor.run(DefaultServerMonitor.java:176) ~[mongodb-driver-core-5.2.1.jar:na]
Caused by: java.net.SocketException: Connection reset
	at java.base/sun.nio.ch.NioSocketImpl.implRead(NioSocketImpl.java:328) ~[na:na]
	at java.base/sun.nio.ch.NioSocketImpl.read(NioSocketImpl.java:355) ~[na:na]
	at java.base/sun.nio.ch.NioSocketImpl$1.read(NioSocketImpl.java:808) ~[na:na]
	at java.base/java.net.Socket$SocketInputStream.read(Socket.java:966) ~[na:na]
	at java.base/sun.security.ssl.SSLSocketInputRecord.read(SSLSocketInputRecord.java:484) ~[na:na]
	at java.base/sun.security.ssl.SSLSocketInputRecord.readHeader(SSLSocketInputRecord.java:478) ~[na:na]
	at java.base/sun.security.ssl.SSLSocketInputRecord.bytesInCompletePacket(SSLSocketInputRecord.java:70) ~[na:na]
	at java.base/sun.security.ssl.SSLSocketImpl.readApplicationRecord(SSLSocketImpl.java:1461) ~[na:na]
	at java.base/sun.security.ssl.SSLSocketImpl$AppInputStream.read(SSLSocketImpl.java:1065) ~[na:na]
	at com.mongodb.internal.connection.SocketStream.read(SocketStream.java:182) ~[mongodb-driver-core-5.2.1.jar:na]
	at com.mongodb.internal.connection.InternalStreamConnection.receiveResponseBuffers(InternalStreamConnection.java:829) ~[mongodb-driver-core-5.2.1.jar:na]
	... 4 common frames omitted

2026-05-18T18:59:08.944+01:00  INFO 29248 --- [SocialService] [ngodb.net:27017] org.mongodb.driver.cluster               : Monitor thread successfully connected to server with description ServerDescription{address=ac-khxyvkv-shard-00-00.ltylxsp.mongodb.net:27017, type=REPLICA_SET_SECONDARY, cryptd=false, state=CONNECTED, ok=true, minWireVersion=0, maxWireVersion=25, maxDocumentSize=16777216, logicalSessionTimeoutMinutes=30, roundTripTimeNanos=503575200, minRoundTripTimeNanos=0, setName='atlas-6x6yvm-shard-0', canonicalAddress=ac-khxyvkv-shard-00-00.ltylxsp.mongodb.net:27017, hosts=[ac-khxyvkv-shard-00-00.ltylxsp.mongodb.net:27017, ac-khxyvkv-shard-00-01.ltylxsp.mongodb.net:27017, ac-khxyvkv-shard-00-02.ltylxsp.mongodb.net:27017], passives=[], arbiters=[], primary='ac-khxyvkv-shard-00-01.ltylxsp.mongodb.net:27017', tagSet=TagSet{[Tag{name='availabilityZone', value='euw3-az1'}, Tag{name='cacheState', value='READY'}, Tag{name='diskState', value='READY'}, Tag{name='nodeType', value='ELECTABLE'}, Tag{name='provider', value='AWS'}, Tag{name='region', value='EU_WEST_3'}, Tag{name='workloadType', value='OPERATIONAL'}]}, electionId=null, setVersion=36, topologyVersion=TopologyVersion{processId=69fe3480bce649a00b1f6b90, counter=4}, lastWriteDate=Mon May 18 18:59:07 WAT 2026, lastUpdateTimeNanos=204866575509900}
2026-05-18T18:59:08.944+01:00  INFO 29248 --- [SocialService] [ngodb.net:27017] org.mongodb.driver.cluster               : Monitor thread successfully connected to server with description ServerDescription{address=ac-khxyvkv-shard-00-02.ltylxsp.mongodb.net:27017, type=REPLICA_SET_SECONDARY, cryptd=false, state=CONNECTED, ok=true, minWireVersion=0, maxWireVersion=25, maxDocumentSize=16777216, logicalSessionTimeoutMinutes=30, roundTripTimeNanos=523398700, minRoundTripTimeNanos=0, setName='atlas-6x6yvm-shard-0', canonicalAddress=ac-khxyvkv-shard-00-02.ltylxsp.mongodb.net:27017, hosts=[ac-khxyvkv-shard-00-00.ltylxsp.mongodb.net:27017, ac-khxyvkv-shard-00-01.ltylxsp.mongodb.net:27017, ac-khxyvkv-shard-00-02.ltylxsp.mongodb.net:27017], passives=[], arbiters=[], primary='ac-khxyvkv-shard-00-01.ltylxsp.mongodb.net:27017', tagSet=TagSet{[Tag{name='availabilityZone', value='euw3-az3'}, Tag{name='cacheState', value='READY'}, Tag{name='diskState', value='READY'}, Tag{name='nodeType', value='ELECTABLE'}, Tag{name='provider', value='AWS'}, Tag{name='region', value='EU_WEST_3'}, Tag{name='workloadType', value='OPERATIONAL'}]}, electionId=null, setVersion=36, topologyVersion=TopologyVersion{processId=69fe3974932517ad87b461cb, counter=3}, lastWriteDate=Mon May 18 18:59:07 WAT 2026, lastUpdateTimeNanos=204866563119000}
2026-05-18T18:59:15.329+01:00  INFO 29248 --- [SocialService] [ngodb.net:27017] org.mongodb.driver.cluster               : Monitor thread successfully connected to server with description ServerDescription{address=ac-khxyvkv-shard-00-01.ltylxsp.mongodb.net:27017, type=REPLICA_SET_PRIMARY, cryptd=false, state=CONNECTED, ok=true, minWireVersion=0, maxWireVersion=25, maxDocumentSize=16777216, logicalSessionTimeoutMinutes=30, roundTripTimeNanos=528533900, minRoundTripTimeNanos=0, setName='atlas-6x6yvm-shard-0', canonicalAddress=ac-khxyvkv-shard-00-01.ltylxsp.mongodb.net:27017, hosts=[ac-khxyvkv-shard-00-00.ltylxsp.mongodb.net:27017, ac-khxyvkv-shard-00-01.ltylxsp.mongodb.net:27017, ac-khxyvkv-shard-00-02.ltylxsp.mongodb.net:27017], passives=[], arbiters=[], primary='ac-khxyvkv-shard-00-01.ltylxsp.mongodb.net:27017', tagSet=TagSet{[Tag{name='availabilityZone', value='euw3-az2'}, Tag{name='cacheState', value='READY'}, Tag{name='diskState', value='READY'}, Tag{name='nodeType', value='ELECTABLE'}, Tag{name='provider', value='AWS'}, Tag{name='region', value='EU_WEST_3'}, Tag{name='workloadType', value='OPERATIONAL'}]}, electionId=7fffffff0000000000000069, setVersion=36, topologyVersion=TopologyVersion{processId=69fe370e7afba3a6519b2508, counter=6}, lastWriteDate=Mon May 18 18:59:07 GMT+01:00 2026, lastUpdateTimeNanos=204866568252200}
2026-05-18T18:59:15.363+01:00  INFO 29248 --- [SocialService] [ngodb.net:27017] org.mongodb.driver.cluster               : Discovered replica set primary ac-khxyvkv-shard-00-01.ltylxsp.mongodb.net:27017 with max election id 7fffffff0000000000000069 and max set version 36
2026-05-18T19:27:44.762+01:00  INFO 29248 --- [SocialService] [MessageBroker-1] o.s.w.s.c.WebSocketMessageBrokerStats    : WebSocketSession[0 current WS(0)-HttpStream(0)-HttpPoll(0), 0 total, 0 closed abnormally (0 connect failure, 0 send limit, 0 transport error)], stompSubProtocol[processed CONNECT(0)-CONNECTED(0)-DISCONNECT(0)], stompBrokerRelay[null], inboundChannel[pool size = 0, active threads = 0, queued tasks = 0, completed tasks = 0], outboundChannel[pool size = 0, active threads = 0, queued tasks = 0, completed tasks = 0], sockJsScheduler[pool size = 8, active threads = 1, queued tasks = 0, completed tasks = 17]
2026-05-18T19:57:44.811+01:00  INFO 29248 --- [SocialService] [MessageBroker-1] o.s.w.s.c.WebSocketMessageBrokerStats    : WebSocketSession[0 current WS(0)-HttpStream(0)-HttpPoll(0), 0 total, 0 closed abnormally (0 connect failure, 0 send limit, 0 transport error)], stompSubProtocol[processed CONNECT(0)-CONNECTED(0)-DISCONNECT(0)], stompBrokerRelay[null], inboundChannel[pool size = 0, active threads = 0, queued tasks = 0, completed tasks = 0], outboundChannel[pool size = 0, active threads = 0, queued tasks = 0, completed tasks = 0], sockJsScheduler[pool size = 8, active threads = 1, queued tasks = 0, completed tasks = 18]
2026-05-18T20:43:53.712+01:00  INFO 29248 --- [SocialService] [ngodb.net:27017] org.mongodb.driver.cluster               : Exception in monitor thread while connecting to server ac-khxyvkv-shard-00-01.ltylxsp.mongodb.net:27017

com.mongodb.MongoSocketReadException: Exception receiving message
	at com.mongodb.internal.connection.InternalStreamConnection.translateReadException(InternalStreamConnection.java:814) ~[mongodb-driver-core-5.2.1.jar:na]
	at com.mongodb.internal.connection.InternalStreamConnection.receiveResponseBuffers(InternalStreamConnection.java:862) ~[mongodb-driver-core-5.2.1.jar:na]
	at com.mongodb.internal.connection.InternalStreamConnection.receiveCommandMessageResponse(InternalStreamConnection.java:517) ~[mongodb-driver-core-5.2.1.jar:na]
	at com.mongodb.internal.connection.InternalStreamConnection.receive(InternalStreamConnection.java:469) ~[mongodb-driver-core-5.2.1.jar:na]
	at com.mongodb.internal.connection.DefaultServerMonitor$ServerMonitor.lookupServerDescription(DefaultServerMonitor.java:249) ~[mongodb-driver-core-5.2.1.jar:na]
	at com.mongodb.internal.connection.DefaultServerMonitor$ServerMonitor.run(DefaultServerMonitor.java:176) ~[mongodb-driver-core-5.2.1.jar:na]
Caused by: java.net.SocketException: Connection reset
	at java.base/sun.nio.ch.NioSocketImpl.implRead(NioSocketImpl.java:328) ~[na:na]
	at java.base/sun.nio.ch.NioSocketImpl.read(NioSocketImpl.java:355) ~[na:na]
	at java.base/sun.nio.ch.NioSocketImpl$1.read(NioSocketImpl.java:808) ~[na:na]
	at java.base/java.net.Socket$SocketInputStream.read(Socket.java:966) ~[na:na]
	at java.base/sun.security.ssl.SSLSocketInputRecord.read(SSLSocketInputRecord.java:484) ~[na:na]
	at java.base/sun.security.ssl.SSLSocketInputRecord.readHeader(SSLSocketInputRecord.java:478) ~[na:na]
	at java.base/sun.security.ssl.SSLSocketInputRecord.bytesInCompletePacket(SSLSocketInputRecord.java:70) ~[na:na]
	at java.base/sun.security.ssl.SSLSocketImpl.readApplicationRecord(SSLSocketImpl.java:1461) ~[na:na]
	at java.base/sun.security.ssl.SSLSocketImpl$AppInputStream.read(SSLSocketImpl.java:1065) ~[na:na]
	at com.mongodb.internal.connection.SocketStream.read(SocketStream.java:182) ~[mongodb-driver-core-5.2.1.jar:na]
	at com.mongodb.internal.connection.InternalStreamConnection.receiveResponseBuffers(InternalStreamConnection.java:829) ~[mongodb-driver-core-5.2.1.jar:na]
	... 4 common frames omitted

2026-05-18T20:43:53.712+01:00  INFO 29248 --- [SocialService] [ngodb.net:27017] org.mongodb.driver.cluster               : Exception in monitor thread while connecting to server ac-khxyvkv-shard-00-02.ltylxsp.mongodb.net:27017

com.mongodb.MongoSocketReadException: Exception receiving message
	at com.mongodb.internal.connection.InternalStreamConnection.translateReadException(InternalStreamConnection.java:814) ~[mongodb-driver-core-5.2.1.jar:na]
	at com.mongodb.internal.connection.InternalStreamConnection.receiveResponseBuffers(InternalStreamConnection.java:862) ~[mongodb-driver-core-5.2.1.jar:na]
	at com.mongodb.internal.connection.InternalStreamConnection.receiveCommandMessageResponse(InternalStreamConnection.java:517) ~[mongodb-driver-core-5.2.1.jar:na]
	at com.mongodb.internal.connection.InternalStreamConnection.receive(InternalStreamConnection.java:469) ~[mongodb-driver-core-5.2.1.jar:na]
	at com.mongodb.internal.connection.DefaultServerMonitor$ServerMonitor.lookupServerDescription(DefaultServerMonitor.java:249) ~[mongodb-driver-core-5.2.1.jar:na]
	at com.mongodb.internal.connection.DefaultServerMonitor$ServerMonitor.run(DefaultServerMonitor.java:176) ~[mongodb-driver-core-5.2.1.jar:na]
Caused by: java.net.SocketException: Connection reset
	at java.base/sun.nio.ch.NioSocketImpl.implRead(NioSocketImpl.java:328) ~[na:na]
	at java.base/sun.nio.ch.NioSocketImpl.read(NioSocketImpl.java:355) ~[na:na]
	at java.base/sun.nio.ch.NioSocketImpl$1.read(NioSocketImpl.java:808) ~[na:na]
	at java.base/java.net.Socket$SocketInputStream.read(Socket.java:966) ~[na:na]
	at java.base/sun.security.ssl.SSLSocketInputRecord.read(SSLSocketInputRecord.java:484) ~[na:na]
	at java.base/sun.security.ssl.SSLSocketInputRecord.readHeader(SSLSocketInputRecord.java:478) ~[na:na]
	at java.base/sun.security.ssl.SSLSocketInputRecord.bytesInCompletePacket(SSLSocketInputRecord.java:70) ~[na:na]
	at java.base/sun.security.ssl.SSLSocketImpl.readApplicationRecord(SSLSocketImpl.java:1461) ~[na:na]
	at java.base/sun.security.ssl.SSLSocketImpl$AppInputStream.read(SSLSocketImpl.java:1065) ~[na:na]
	at com.mongodb.internal.connection.SocketStream.read(SocketStream.java:182) ~[mongodb-driver-core-5.2.1.jar:na]
	at com.mongodb.internal.connection.InternalStreamConnection.receiveResponseBuffers(InternalStreamConnection.java:829) ~[mongodb-driver-core-5.2.1.jar:na]
	... 4 common frames omitted

2026-05-18T20:43:53.702+01:00  INFO 29248 --- [SocialService] [ngodb.net:27017] org.mongodb.driver.cluster               : Exception in monitor thread while connecting to server ac-khxyvkv-shard-00-00.ltylxsp.mongodb.net:27017

com.mongodb.MongoSocketReadException: Exception receiving message
	at com.mongodb.internal.connection.InternalStreamConnection.translateReadException(InternalStreamConnection.java:814) ~[mongodb-driver-core-5.2.1.jar:na]
	at com.mongodb.internal.connection.InternalStreamConnection.receiveResponseBuffers(InternalStreamConnection.java:862) ~[mongodb-driver-core-5.2.1.jar:na]
	at com.mongodb.internal.connection.InternalStreamConnection.receiveCommandMessageResponse(InternalStreamConnection.java:517) ~[mongodb-driver-core-5.2.1.jar:na]
	at com.mongodb.internal.connection.InternalStreamConnection.receive(InternalStreamConnection.java:469) ~[mongodb-driver-core-5.2.1.jar:na]
	at com.mongodb.internal.connection.DefaultServerMonitor$ServerMonitor.lookupServerDescription(DefaultServerMonitor.java:249) ~[mongodb-driver-core-5.2.1.jar:na]
	at com.mongodb.internal.connection.DefaultServerMonitor$ServerMonitor.run(DefaultServerMonitor.java:176) ~[mongodb-driver-core-5.2.1.jar:na]
Caused by: java.net.SocketException: Connection reset
	at java.base/sun.nio.ch.NioSocketImpl.implRead(NioSocketImpl.java:328) ~[na:na]
	at java.base/sun.nio.ch.NioSocketImpl.read(NioSocketImpl.java:355) ~[na:na]
	at java.base/sun.nio.ch.NioSocketImpl$1.read(NioSocketImpl.java:808) ~[na:na]
	at java.base/java.net.Socket$SocketInputStream.read(Socket.java:966) ~[na:na]
	at java.base/sun.security.ssl.SSLSocketInputRecord.read(SSLSocketInputRecord.java:484) ~[na:na]
	at java.base/sun.security.ssl.SSLSocketInputRecord.readHeader(SSLSocketInputRecord.java:478) ~[na:na]
	at java.base/sun.security.ssl.SSLSocketInputRecord.bytesInCompletePacket(SSLSocketInputRecord.java:70) ~[na:na]
	at java.base/sun.security.ssl.SSLSocketImpl.readApplicationRecord(SSLSocketImpl.java:1461) ~[na:na]
	at java.base/sun.security.ssl.SSLSocketImpl$AppInputStream.read(SSLSocketImpl.java:1065) ~[na:na]
	at com.mongodb.internal.connection.SocketStream.read(SocketStream.java:182) ~[mongodb-driver-core-5.2.1.jar:na]
	at com.mongodb.internal.connection.InternalStreamConnection.receiveResponseBuffers(InternalStreamConnection.java:829) ~[mongodb-driver-core-5.2.1.jar:na]
	... 4 common frames omitted

2026-05-18T20:43:54.097+01:00  INFO 29248 --- [SocialService] [ngodb.net:27017] org.mongodb.driver.cluster               : Exception in monitor thread while connecting to server ac-khxyvkv-shard-00-02.ltylxsp.mongodb.net:27017

com.mongodb.MongoSocketException: Hôte inconnu (ac-khxyvkv-shard-00-02.ltylxsp.mongodb.net)
	at com.mongodb.internal.connection.ServerAddressHelper.getSocketAddresses(ServerAddressHelper.java:75) ~[mongodb-driver-core-5.2.1.jar:na]
	at com.mongodb.internal.connection.SocketStream.initializeSocket(SocketStream.java:100) ~[mongodb-driver-core-5.2.1.jar:na]
	at com.mongodb.internal.connection.SocketStream.open(SocketStream.java:79) ~[mongodb-driver-core-5.2.1.jar:na]
	at com.mongodb.internal.connection.InternalStreamConnection.open(InternalStreamConnection.java:233) ~[mongodb-driver-core-5.2.1.jar:na]
	at com.mongodb.internal.connection.DefaultServerMonitor$ServerMonitor.lookupServerDescription(DefaultServerMonitor.java:219) ~[mongodb-driver-core-5.2.1.jar:na]
	at com.mongodb.internal.connection.DefaultServerMonitor$ServerMonitor.run(DefaultServerMonitor.java:176) ~[mongodb-driver-core-5.2.1.jar:na]
Caused by: java.net.UnknownHostException: Hôte inconnu (ac-khxyvkv-shard-00-02.ltylxsp.mongodb.net)
	at java.base/java.net.Inet6AddressImpl.lookupAllHostAddr(Native Method) ~[na:na]
	at java.base/java.net.InetAddress$PlatformNameService.lookupAllHostAddr(InetAddress.java:933) ~[na:na]
	at java.base/java.net.InetAddress.getAddressesFromNameService(InetAddress.java:1543) ~[na:na]
	at java.base/java.net.InetAddress$NameServiceAddresses.get(InetAddress.java:852) ~[na:na]
	at java.base/java.net.InetAddress.getAllByName0(InetAddress.java:1532) ~[na:na]
	at java.base/java.net.InetAddress.getAllByName(InetAddress.java:1384) ~[na:na]
	at java.base/java.net.InetAddress.getAllByName(InetAddress.java:1305) ~[na:na]
	at com.mongodb.internal.connection.DefaultInetAddressResolver.lookupByName(DefaultInetAddressResolver.java:34) ~[mongodb-driver-core-5.2.1.jar:na]
	at com.mongodb.internal.connection.ServerAddressHelper.getSocketAddresses(ServerAddressHelper.java:71) ~[mongodb-driver-core-5.2.1.jar:na]
	... 5 common frames omitted

2026-05-18T20:43:54.097+01:00  INFO 29248 --- [SocialService] [ngodb.net:27017] org.mongodb.driver.cluster               : Exception in monitor thread while connecting to server ac-khxyvkv-shard-00-00.ltylxsp.mongodb.net:27017

com.mongodb.MongoSocketException: Hôte inconnu (ac-khxyvkv-shard-00-00.ltylxsp.mongodb.net)
	at com.mongodb.internal.connection.ServerAddressHelper.getSocketAddresses(ServerAddressHelper.java:75) ~[mongodb-driver-core-5.2.1.jar:na]
	at com.mongodb.internal.connection.SocketStream.initializeSocket(SocketStream.java:100) ~[mongodb-driver-core-5.2.1.jar:na]
	at com.mongodb.internal.connection.SocketStream.open(SocketStream.java:79) ~[mongodb-driver-core-5.2.1.jar:na]
	at com.mongodb.internal.connection.InternalStreamConnection.open(InternalStreamConnection.java:233) ~[mongodb-driver-core-5.2.1.jar:na]
	at com.mongodb.internal.connection.DefaultServerMonitor$ServerMonitor.lookupServerDescription(DefaultServerMonitor.java:219) ~[mongodb-driver-core-5.2.1.jar:na]
	at com.mongodb.internal.connection.DefaultServerMonitor$ServerMonitor.run(DefaultServerMonitor.java:176) ~[mongodb-driver-core-5.2.1.jar:na]
Caused by: java.net.UnknownHostException: Hôte inconnu (ac-khxyvkv-shard-00-00.ltylxsp.mongodb.net)
	at java.base/java.net.Inet6AddressImpl.lookupAllHostAddr(Native Method) ~[na:na]
	at java.base/java.net.InetAddress$PlatformNameService.lookupAllHostAddr(InetAddress.java:933) ~[na:na]
	at java.base/java.net.InetAddress.getAddressesFromNameService(InetAddress.java:1543) ~[na:na]
	at java.base/java.net.InetAddress$NameServiceAddresses.get(InetAddress.java:852) ~[na:na]
	at java.base/java.net.InetAddress.getAllByName0(InetAddress.java:1532) ~[na:na]
	at java.base/java.net.InetAddress.getAllByName(InetAddress.java:1384) ~[na:na]
	at java.base/java.net.InetAddress.getAllByName(InetAddress.java:1305) ~[na:na]
	at com.mongodb.internal.connection.DefaultInetAddressResolver.lookupByName(DefaultInetAddressResolver.java:34) ~[mongodb-driver-core-5.2.1.jar:na]
	at com.mongodb.internal.connection.ServerAddressHelper.getSocketAddresses(ServerAddressHelper.java:71) ~[mongodb-driver-core-5.2.1.jar:na]
	... 5 common frames omitted

2026-05-18T20:43:54.381+01:00  INFO 29248 --- [SocialService] [ngodb.net:27017] org.mongodb.driver.cluster               : Exception in monitor thread while connecting to server ac-khxyvkv-shard-00-01.ltylxsp.mongodb.net:27017

com.mongodb.MongoSocketOpenException: Exception opening socket
	at com.mongodb.internal.connection.SocketStream.lambda$open$0(SocketStream.java:85) ~[mongodb-driver-core-5.2.1.jar:na]
	at java.base/java.util.Optional.orElseThrow(Optional.java:403) ~[na:na]
	at com.mongodb.internal.connection.SocketStream.open(SocketStream.java:85) ~[mongodb-driver-core-5.2.1.jar:na]
	at com.mongodb.internal.connection.InternalStreamConnection.open(InternalStreamConnection.java:233) ~[mongodb-driver-core-5.2.1.jar:na]
	at com.mongodb.internal.connection.DefaultServerMonitor$ServerMonitor.lookupServerDescription(DefaultServerMonitor.java:219) ~[mongodb-driver-core-5.2.1.jar:na]
	at com.mongodb.internal.connection.DefaultServerMonitor$ServerMonitor.run(DefaultServerMonitor.java:176) ~[mongodb-driver-core-5.2.1.jar:na]
Caused by: java.net.SocketException: Network is unreachable: no further information
	at java.base/sun.nio.ch.Net.pollConnect(Native Method) ~[na:na]
	at java.base/sun.nio.ch.Net.pollConnectNow(Net.java:672) ~[na:na]
	at java.base/sun.nio.ch.NioSocketImpl.timedFinishConnect(NioSocketImpl.java:547) ~[na:na]
	at java.base/sun.nio.ch.NioSocketImpl.connect(NioSocketImpl.java:602) ~[na:na]
	at java.base/java.net.SocksSocketImpl.connect(SocksSocketImpl.java:327) ~[na:na]
	at java.base/java.net.Socket.connect(Socket.java:633) ~[na:na]
	at java.base/sun.security.ssl.SSLSocketImpl.connect(SSLSocketImpl.java:304) ~[na:na]
	at com.mongodb.internal.connection.SocketStreamHelper.initialize(SocketStreamHelper.java:76) ~[mongodb-driver-core-5.2.1.jar:na]
	at com.mongodb.internal.connection.SocketStream.initializeSocket(SocketStream.java:104) ~[mongodb-driver-core-5.2.1.jar:na]
	at com.mongodb.internal.connection.SocketStream.open(SocketStream.java:79) ~[mongodb-driver-core-5.2.1.jar:na]
	... 3 common frames omitted

2026-05-18T20:59:12.524+01:00  INFO 29248 --- [SocialService] [ngodb.net:27017] org.mongodb.driver.cluster               : Exception in monitor thread while connecting to server ac-khxyvkv-shard-00-02.ltylxsp.mongodb.net:27017

com.mongodb.MongoSocketOpenException: Exception opening socket
	at com.mongodb.internal.connection.SocketStream.lambda$open$0(SocketStream.java:85) ~[mongodb-driver-core-5.2.1.jar:na]
	at java.base/java.util.Optional.orElseThrow(Optional.java:403) ~[na:na]
	at com.mongodb.internal.connection.SocketStream.open(SocketStream.java:85) ~[mongodb-driver-core-5.2.1.jar:na]
	at com.mongodb.internal.connection.InternalStreamConnection.open(InternalStreamConnection.java:233) ~[mongodb-driver-core-5.2.1.jar:na]
	at com.mongodb.internal.connection.DefaultServerMonitor$ServerMonitor.lookupServerDescription(DefaultServerMonitor.java:219) ~[mongodb-driver-core-5.2.1.jar:na]
	at com.mongodb.internal.connection.DefaultServerMonitor$ServerMonitor.run(DefaultServerMonitor.java:176) ~[mongodb-driver-core-5.2.1.jar:na]
Caused by: java.net.SocketTimeoutException: Connect timed out
	at java.base/sun.nio.ch.NioSocketImpl.timedFinishConnect(NioSocketImpl.java:551) ~[na:na]
	at java.base/sun.nio.ch.NioSocketImpl.connect(NioSocketImpl.java:602) ~[na:na]
	at java.base/java.net.SocksSocketImpl.connect(SocksSocketImpl.java:327) ~[na:na]
	at java.base/java.net.Socket.connect(Socket.java:633) ~[na:na]
	at java.base/sun.security.ssl.SSLSocketImpl.connect(SSLSocketImpl.java:304) ~[na:na]
	at com.mongodb.internal.connection.SocketStreamHelper.initialize(SocketStreamHelper.java:76) ~[mongodb-driver-core-5.2.1.jar:na]
	at com.mongodb.internal.connection.SocketStream.initializeSocket(SocketStream.java:104) ~[mongodb-driver-core-5.2.1.jar:na]
	at com.mongodb.internal.connection.SocketStream.open(SocketStream.java:79) ~[mongodb-driver-core-5.2.1.jar:na]
	... 3 common frames omitted

2026-05-18T20:59:13.061+01:00  INFO 29248 --- [SocialService] [ngodb.net:27017] org.mongodb.driver.cluster               : Exception in monitor thread while connecting to server ac-khxyvkv-shard-00-01.ltylxsp.mongodb.net:27017

com.mongodb.MongoSocketWriteException: Exception sending message
	at com.mongodb.internal.connection.InternalStreamConnection.throwTranslatedWriteException(InternalStreamConnection.java:790) ~[mongodb-driver-core-5.2.1.jar:na]
	at com.mongodb.internal.connection.InternalStreamConnection.sendMessage(InternalStreamConnection.java:675) ~[mongodb-driver-core-5.2.1.jar:na]
	at com.mongodb.internal.connection.InternalStreamConnection.trySendMessage(InternalStreamConnection.java:507) ~[mongodb-driver-core-5.2.1.jar:na]
	at com.mongodb.internal.connection.InternalStreamConnection.sendCommandMessage(InternalStreamConnection.java:482) ~[mongodb-driver-core-5.2.1.jar:na]
	at com.mongodb.internal.connection.InternalStreamConnection.sendAndReceiveInternal(InternalStreamConnection.java:440) ~[mongodb-driver-core-5.2.1.jar:na]
	at com.mongodb.internal.connection.InternalStreamConnection.lambda$sendAndReceive$0(InternalStreamConnection.java:375) ~[mongodb-driver-core-5.2.1.jar:na]
	at com.mongodb.internal.connection.InternalStreamConnection.sendAndReceive(InternalStreamConnection.java:378) ~[mongodb-driver-core-5.2.1.jar:na]
	at com.mongodb.internal.connection.CommandHelper.sendAndReceive(CommandHelper.java:100) ~[mongodb-driver-core-5.2.1.jar:na]
	at com.mongodb.internal.connection.CommandHelper.executeCommand(CommandHelper.java:49) ~[mongodb-driver-core-5.2.1.jar:na]
	at com.mongodb.internal.connection.InternalStreamConnectionInitializer.initializeConnectionDescription(InternalStreamConnectionInitializer.java:144) ~[mongodb-driver-core-5.2.1.jar:na]
	at com.mongodb.internal.connection.InternalStreamConnectionInitializer.startHandshake(InternalStreamConnectionInitializer.java:79) ~[mongodb-driver-core-5.2.1.jar:na]
	at com.mongodb.internal.connection.InternalStreamConnection.open(InternalStreamConnection.java:235) ~[mongodb-driver-core-5.2.1.jar:na]
	at com.mongodb.internal.connection.DefaultServerMonitor$ServerMonitor.lookupServerDescription(DefaultServerMonitor.java:219) ~[mongodb-driver-core-5.2.1.jar:na]
	at com.mongodb.internal.connection.DefaultServerMonitor$ServerMonitor.run(DefaultServerMonitor.java:176) ~[mongodb-driver-core-5.2.1.jar:na]
Caused by: java.net.SocketTimeoutException: Read timed out
	at java.base/sun.nio.ch.NioSocketImpl.timedRead(NioSocketImpl.java:288) ~[na:na]
	at java.base/sun.nio.ch.NioSocketImpl.implRead(NioSocketImpl.java:314) ~[na:na]
	at java.base/sun.nio.ch.NioSocketImpl.read(NioSocketImpl.java:355) ~[na:na]
	at java.base/sun.nio.ch.NioSocketImpl$1.read(NioSocketImpl.java:808) ~[na:na]
	at java.base/java.net.Socket$SocketInputStream.read(Socket.java:966) ~[na:na]
	at java.base/sun.security.ssl.SSLSocketInputRecord.read(SSLSocketInputRecord.java:484) ~[na:na]
	at java.base/sun.security.ssl.SSLSocketInputRecord.readHeader(SSLSocketInputRecord.java:478) ~[na:na]
	at java.base/sun.security.ssl.SSLSocketInputRecord.decode(SSLSocketInputRecord.java:160) ~[na:na]
	at java.base/sun.security.ssl.SSLTransport.decode(SSLTransport.java:111) ~[na:na]
	at java.base/sun.security.ssl.SSLSocketImpl.decode(SSLSocketImpl.java:1506) ~[na:na]
	at java.base/sun.security.ssl.SSLSocketImpl.readHandshakeRecord(SSLSocketImpl.java:1421) ~[na:na]
	at java.base/sun.security.ssl.SSLSocketImpl.startHandshake(SSLSocketImpl.java:455) ~[na:na]
	at java.base/sun.security.ssl.SSLSocketImpl.ensureNegotiated(SSLSocketImpl.java:921) ~[na:na]
	at java.base/sun.security.ssl.SSLSocketImpl$AppOutputStream.write(SSLSocketImpl.java:1291) ~[na:na]
	at com.mongodb.internal.connection.SocketStream.write(SocketStream.java:165) ~[mongodb-driver-core-5.2.1.jar:na]
	at com.mongodb.internal.connection.InternalStreamConnection.sendMessage(InternalStreamConnection.java:672) ~[mongodb-driver-core-5.2.1.jar:na]
	... 12 common frames omitted

2026-05-18T20:59:14.828+01:00  INFO 29248 --- [SocialService] [ngodb.net:27017] org.mongodb.driver.cluster               : Exception in monitor thread while connecting to server ac-khxyvkv-shard-00-00.ltylxsp.mongodb.net:27017

com.mongodb.MongoSocketReadTimeoutException: Timeout while receiving message
	at com.mongodb.internal.connection.InternalStreamConnection.createReadTimeoutException(InternalStreamConnection.java:824) ~[mongodb-driver-core-5.2.1.jar:na]
	at com.mongodb.internal.connection.InternalStreamConnection.translateReadException(InternalStreamConnection.java:812) ~[mongodb-driver-core-5.2.1.jar:na]
	at com.mongodb.internal.connection.InternalStreamConnection.receiveResponseBuffers(InternalStreamConnection.java:862) ~[mongodb-driver-core-5.2.1.jar:na]
	at com.mongodb.internal.connection.InternalStreamConnection.receiveCommandMessageResponse(InternalStreamConnection.java:517) ~[mongodb-driver-core-5.2.1.jar:na]
	at com.mongodb.internal.connection.InternalStreamConnection.sendAndReceiveInternal(InternalStreamConnection.java:448) ~[mongodb-driver-core-5.2.1.jar:na]
	at com.mongodb.internal.connection.InternalStreamConnection.lambda$sendAndReceive$0(InternalStreamConnection.java:375) ~[mongodb-driver-core-5.2.1.jar:na]
	at com.mongodb.internal.connection.InternalStreamConnection.sendAndReceive(InternalStreamConnection.java:378) ~[mongodb-driver-core-5.2.1.jar:na]
	at com.mongodb.internal.connection.CommandHelper.sendAndReceive(CommandHelper.java:100) ~[mongodb-driver-core-5.2.1.jar:na]
	at com.mongodb.internal.connection.CommandHelper.executeCommand(CommandHelper.java:49) ~[mongodb-driver-core-5.2.1.jar:na]
	at com.mongodb.internal.connection.InternalStreamConnectionInitializer.initializeConnectionDescription(InternalStreamConnectionInitializer.java:144) ~[mongodb-driver-core-5.2.1.jar:na]
	at com.mongodb.internal.connection.InternalStreamConnectionInitializer.startHandshake(InternalStreamConnectionInitializer.java:79) ~[mongodb-driver-core-5.2.1.jar:na]
	at com.mongodb.internal.connection.InternalStreamConnection.open(InternalStreamConnection.java:235) ~[mongodb-driver-core-5.2.1.jar:na]
	at com.mongodb.internal.connection.DefaultServerMonitor$ServerMonitor.lookupServerDescription(DefaultServerMonitor.java:219) ~[mongodb-driver-core-5.2.1.jar:na]
	at com.mongodb.internal.connection.DefaultServerMonitor$ServerMonitor.run(DefaultServerMonitor.java:176) ~[mongodb-driver-core-5.2.1.jar:na]
Caused by: java.net.SocketTimeoutException: Read timed out
	at java.base/sun.nio.ch.NioSocketImpl.timedRead(NioSocketImpl.java:288) ~[na:na]
	at java.base/sun.nio.ch.NioSocketImpl.implRead(NioSocketImpl.java:314) ~[na:na]
	at java.base/sun.nio.ch.NioSocketImpl.read(NioSocketImpl.java:355) ~[na:na]
	at java.base/sun.nio.ch.NioSocketImpl$1.read(NioSocketImpl.java:808) ~[na:na]
	at java.base/java.net.Socket$SocketInputStream.read(Socket.java:966) ~[na:na]
	at java.base/sun.security.ssl.SSLSocketInputRecord.read(SSLSocketInputRecord.java:484) ~[na:na]
	at java.base/sun.security.ssl.SSLSocketInputRecord.readHeader(SSLSocketInputRecord.java:478) ~[na:na]
	at java.base/sun.security.ssl.SSLSocketInputRecord.bytesInCompletePacket(SSLSocketInputRecord.java:70) ~[na:na]
	at java.base/sun.security.ssl.SSLSocketImpl.readApplicationRecord(SSLSocketImpl.java:1461) ~[na:na]
	at java.base/sun.security.ssl.SSLSocketImpl$AppInputStream.read(SSLSocketImpl.java:1065) ~[na:na]
	at com.mongodb.internal.connection.SocketStream.read(SocketStream.java:182) ~[mongodb-driver-core-5.2.1.jar:na]
	at com.mongodb.internal.connection.InternalStreamConnection.receiveResponseBuffers(InternalStreamConnection.java:829) ~[mongodb-driver-core-5.2.1.jar:na]
	... 11 common frames omitted

2026-05-18T20:59:23.883+01:00  INFO 29248 --- [SocialService] [ngodb.net:27017] org.mongodb.driver.cluster               : Monitor thread successfully connected to server with description ServerDescription{address=ac-khxyvkv-shard-00-01.ltylxsp.mongodb.net:27017, type=REPLICA_SET_PRIMARY, cryptd=false, state=CONNECTED, ok=true, minWireVersion=0, maxWireVersion=25, maxDocumentSize=16777216, logicalSessionTimeoutMinutes=30, roundTripTimeNanos=402569500, minRoundTripTimeNanos=0, setName='atlas-6x6yvm-shard-0', canonicalAddress=ac-khxyvkv-shard-00-01.ltylxsp.mongodb.net:27017, hosts=[ac-khxyvkv-shard-00-00.ltylxsp.mongodb.net:27017, ac-khxyvkv-shard-00-01.ltylxsp.mongodb.net:27017, ac-khxyvkv-shard-00-02.ltylxsp.mongodb.net:27017], passives=[], arbiters=[], primary='ac-khxyvkv-shard-00-01.ltylxsp.mongodb.net:27017', tagSet=TagSet{[Tag{name='availabilityZone', value='euw3-az2'}, Tag{name='cacheState', value='READY'}, Tag{name='diskState', value='READY'}, Tag{name='nodeType', value='ELECTABLE'}, Tag{name='provider', value='AWS'}, Tag{name='region', value='EU_WEST_3'}, Tag{name='workloadType', value='OPERATIONAL'}]}, electionId=7fffffff0000000000000069, setVersion=36, topologyVersion=TopologyVersion{processId=69fe370e7afba3a6519b2508, counter=6}, lastWriteDate=Mon May 18 20:59:22 WAT 2026, lastUpdateTimeNanos=212081411727500}
2026-05-18T20:59:23.997+01:00  INFO 29248 --- [SocialService] [ngodb.net:27017] org.mongodb.driver.cluster               : Discovered replica set primary ac-khxyvkv-shard-00-01.ltylxsp.mongodb.net:27017 with max election id 7fffffff0000000000000069 and max set version 36
2026-05-18T20:59:25.051+01:00  INFO 29248 --- [SocialService] [ngodb.net:27017] org.mongodb.driver.cluster               : Monitor thread successfully connected to server with description ServerDescription{address=ac-khxyvkv-shard-00-00.ltylxsp.mongodb.net:27017, type=REPLICA_SET_SECONDARY, cryptd=false, state=CONNECTED, ok=true, minWireVersion=0, maxWireVersion=25, maxDocumentSize=16777216, logicalSessionTimeoutMinutes=30, roundTripTimeNanos=178717800, minRoundTripTimeNanos=0, setName='atlas-6x6yvm-shard-0', canonicalAddress=ac-khxyvkv-shard-00-00.ltylxsp.mongodb.net:27017, hosts=[ac-khxyvkv-shard-00-00.ltylxsp.mongodb.net:27017, ac-khxyvkv-shard-00-01.ltylxsp.mongodb.net:27017, ac-khxyvkv-shard-00-02.ltylxsp.mongodb.net:27017], passives=[], arbiters=[], primary='ac-khxyvkv-shard-00-01.ltylxsp.mongodb.net:27017', tagSet=TagSet{[Tag{name='availabilityZone', value='euw3-az1'}, Tag{name='cacheState', value='READY'}, Tag{name='diskState', value='READY'}, Tag{name='nodeType', value='ELECTABLE'}, Tag{name='provider', value='AWS'}, Tag{name='region', value='EU_WEST_3'}, Tag{name='workloadType', value='OPERATIONAL'}]}, electionId=null, setVersion=36, topologyVersion=TopologyVersion{processId=69fe3480bce649a00b1f6b90, counter=4}, lastWriteDate=Mon May 18 20:59:23 WAT 2026, lastUpdateTimeNanos=212082705885500}
2026-05-18T20:59:33.013+01:00  INFO 29248 --- [SocialService] [ngodb.net:27017] org.mongodb.driver.cluster               : Exception in monitor thread while connecting to server ac-khxyvkv-shard-00-02.ltylxsp.mongodb.net:27017

com.mongodb.MongoSocketReadTimeoutException: Timeout while receiving message
	at com.mongodb.internal.connection.InternalStreamConnection.createReadTimeoutException(InternalStreamConnection.java:824) ~[mongodb-driver-core-5.2.1.jar:na]
	at com.mongodb.internal.connection.InternalStreamConnection.translateReadException(InternalStreamConnection.java:812) ~[mongodb-driver-core-5.2.1.jar:na]
	at com.mongodb.internal.connection.InternalStreamConnection.receiveResponseBuffers(InternalStreamConnection.java:862) ~[mongodb-driver-core-5.2.1.jar:na]
	at com.mongodb.internal.connection.InternalStreamConnection.receiveCommandMessageResponse(InternalStreamConnection.java:517) ~[mongodb-driver-core-5.2.1.jar:na]
	at com.mongodb.internal.connection.InternalStreamConnection.sendAndReceiveInternal(InternalStreamConnection.java:448) ~[mongodb-driver-core-5.2.1.jar:na]
	at com.mongodb.internal.connection.InternalStreamConnection.lambda$sendAndReceive$0(InternalStreamConnection.java:375) ~[mongodb-driver-core-5.2.1.jar:na]
	at com.mongodb.internal.connection.InternalStreamConnection.sendAndReceive(InternalStreamConnection.java:378) ~[mongodb-driver-core-5.2.1.jar:na]
	at com.mongodb.internal.connection.CommandHelper.sendAndReceive(CommandHelper.java:100) ~[mongodb-driver-core-5.2.1.jar:na]
	at com.mongodb.internal.connection.CommandHelper.executeCommand(CommandHelper.java:49) ~[mongodb-driver-core-5.2.1.jar:na]
	at com.mongodb.internal.connection.InternalStreamConnectionInitializer.initializeConnectionDescription(InternalStreamConnectionInitializer.java:144) ~[mongodb-driver-core-5.2.1.jar:na]
	at com.mongodb.internal.connection.InternalStreamConnectionInitializer.startHandshake(InternalStreamConnectionInitializer.java:79) ~[mongodb-driver-core-5.2.1.jar:na]
	at com.mongodb.internal.connection.InternalStreamConnection.open(InternalStreamConnection.java:235) ~[mongodb-driver-core-5.2.1.jar:na]
	at com.mongodb.internal.connection.DefaultServerMonitor$ServerMonitor.lookupServerDescription(DefaultServerMonitor.java:219) ~[mongodb-driver-core-5.2.1.jar:na]
	at com.mongodb.internal.connection.DefaultServerMonitor$ServerMonitor.run(DefaultServerMonitor.java:176) ~[mongodb-driver-core-5.2.1.jar:na]
Caused by: java.net.SocketTimeoutException: Read timed out
	at java.base/sun.nio.ch.NioSocketImpl.timedRead(NioSocketImpl.java:288) ~[na:na]
	at java.base/sun.nio.ch.NioSocketImpl.implRead(NioSocketImpl.java:314) ~[na:na]
	at java.base/sun.nio.ch.NioSocketImpl.read(NioSocketImpl.java:355) ~[na:na]
	at java.base/sun.nio.ch.NioSocketImpl$1.read(NioSocketImpl.java:808) ~[na:na]
	at java.base/java.net.Socket$SocketInputStream.read(Socket.java:966) ~[na:na]
	at java.base/sun.security.ssl.SSLSocketInputRecord.read(SSLSocketInputRecord.java:484) ~[na:na]
	at java.base/sun.security.ssl.SSLSocketInputRecord.readHeader(SSLSocketInputRecord.java:478) ~[na:na]
	at java.base/sun.security.ssl.SSLSocketInputRecord.bytesInCompletePacket(SSLSocketInputRecord.java:70) ~[na:na]
	at java.base/sun.security.ssl.SSLSocketImpl.readApplicationRecord(SSLSocketImpl.java:1461) ~[na:na]
	at java.base/sun.security.ssl.SSLSocketImpl$AppInputStream.read(SSLSocketImpl.java:1065) ~[na:na]
	at com.mongodb.internal.connection.SocketStream.read(SocketStream.java:182) ~[mongodb-driver-core-5.2.1.jar:na]
	at com.mongodb.internal.connection.InternalStreamConnection.receiveResponseBuffers(InternalStreamConnection.java:829) ~[mongodb-driver-core-5.2.1.jar:na]
	... 11 common frames omitted

2026-05-18T20:59:43.179+01:00  INFO 29248 --- [SocialService] [ngodb.net:27017] org.mongodb.driver.cluster               : Monitor thread successfully connected to server with description ServerDescription{address=ac-khxyvkv-shard-00-02.ltylxsp.mongodb.net:27017, type=REPLICA_SET_SECONDARY, cryptd=false, state=CONNECTED, ok=true, minWireVersion=0, maxWireVersion=25, maxDocumentSize=16777216, logicalSessionTimeoutMinutes=30, roundTripTimeNanos=105123300, minRoundTripTimeNanos=0, setName='atlas-6x6yvm-shard-0', canonicalAddress=ac-khxyvkv-shard-00-02.ltylxsp.mongodb.net:27017, hosts=[ac-khxyvkv-shard-00-00.ltylxsp.mongodb.net:27017, ac-khxyvkv-shard-00-01.ltylxsp.mongodb.net:27017, ac-khxyvkv-shard-00-02.ltylxsp.mongodb.net:27017], passives=[], arbiters=[], primary='ac-khxyvkv-shard-00-01.ltylxsp.mongodb.net:27017', tagSet=TagSet{[Tag{name='availabilityZone', value='euw3-az3'}, Tag{name='cacheState', value='READY'}, Tag{name='diskState', value='READY'}, Tag{name='nodeType', value='ELECTABLE'}, Tag{name='provider', value='AWS'}, Tag{name='region', value='EU_WEST_3'}, Tag{name='workloadType', value='OPERATIONAL'}]}, electionId=null, setVersion=36, topologyVersion=TopologyVersion{processId=69fe3974932517ad87b461cb, counter=3}, lastWriteDate=Mon May 18 20:59:41 WAT 2026, lastUpdateTimeNanos=212100834713600}
2026-05-18T21:01:51.704+01:00  INFO 29248 --- [SocialService] [ngodb.net:27017] org.mongodb.driver.cluster               : Exception in monitor thread while connecting to server ac-khxyvkv-shard-00-00.ltylxsp.mongodb.net:27017

com.mongodb.MongoSocketReadException: Prematurely reached end of stream
	at com.mongodb.internal.connection.SocketStream.read(SocketStream.java:184) ~[mongodb-driver-core-5.2.1.jar:na]
	at com.mongodb.internal.connection.InternalStreamConnection.receiveResponseBuffers(InternalStreamConnection.java:829) ~[mongodb-driver-core-5.2.1.jar:na]
	at com.mongodb.internal.connection.InternalStreamConnection.receiveCommandMessageResponse(InternalStreamConnection.java:517) ~[mongodb-driver-core-5.2.1.jar:na]
	at com.mongodb.internal.connection.InternalStreamConnection.receive(InternalStreamConnection.java:469) ~[mongodb-driver-core-5.2.1.jar:na]
	at com.mongodb.internal.connection.DefaultServerMonitor$ServerMonitor.lookupServerDescription(DefaultServerMonitor.java:249) ~[mongodb-driver-core-5.2.1.jar:na]
	at com.mongodb.internal.connection.DefaultServerMonitor$ServerMonitor.run(DefaultServerMonitor.java:176) ~[mongodb-driver-core-5.2.1.jar:na]

2026-05-18T21:01:54.082+01:00  INFO 29248 --- [SocialService] [ngodb.net:27017] org.mongodb.driver.cluster               : Exception in monitor thread while connecting to server ac-khxyvkv-shard-00-00.ltylxsp.mongodb.net:27017

com.mongodb.MongoSocketOpenException: Exception opening socket
	at com.mongodb.internal.connection.SocketStream.lambda$open$0(SocketStream.java:85) ~[mongodb-driver-core-5.2.1.jar:na]
	at java.base/java.util.Optional.orElseThrow(Optional.java:403) ~[na:na]
	at com.mongodb.internal.connection.SocketStream.open(SocketStream.java:85) ~[mongodb-driver-core-5.2.1.jar:na]
	at com.mongodb.internal.connection.InternalStreamConnection.open(InternalStreamConnection.java:233) ~[mongodb-driver-core-5.2.1.jar:na]
	at com.mongodb.internal.connection.DefaultServerMonitor$ServerMonitor.lookupServerDescription(DefaultServerMonitor.java:219) ~[mongodb-driver-core-5.2.1.jar:na]
	at com.mongodb.internal.connection.DefaultServerMonitor$ServerMonitor.run(DefaultServerMonitor.java:176) ~[mongodb-driver-core-5.2.1.jar:na]
Caused by: java.net.ConnectException: Connection refused: no further information
	at java.base/sun.nio.ch.Net.pollConnect(Native Method) ~[na:na]
	at java.base/sun.nio.ch.Net.pollConnectNow(Net.java:672) ~[na:na]
	at java.base/sun.nio.ch.NioSocketImpl.timedFinishConnect(NioSocketImpl.java:554) ~[na:na]
	at java.base/sun.nio.ch.NioSocketImpl.connect(NioSocketImpl.java:602) ~[na:na]
	at java.base/java.net.SocksSocketImpl.connect(SocksSocketImpl.java:327) ~[na:na]
	at java.base/java.net.Socket.connect(Socket.java:633) ~[na:na]
	at java.base/sun.security.ssl.SSLSocketImpl.connect(SSLSocketImpl.java:304) ~[na:na]
	at com.mongodb.internal.connection.SocketStreamHelper.initialize(SocketStreamHelper.java:76) ~[mongodb-driver-core-5.2.1.jar:na]
	at com.mongodb.internal.connection.SocketStream.initializeSocket(SocketStream.java:104) ~[mongodb-driver-core-5.2.1.jar:na]
	at com.mongodb.internal.connection.SocketStream.open(SocketStream.java:79) ~[mongodb-driver-core-5.2.1.jar:na]
	... 3 common frames omitted

2026-05-18T21:07:36.234+01:00  INFO 29248 --- [SocialService] [ngodb.net:27017] org.mongodb.driver.cluster               : Exception in monitor thread while connecting to server ac-khxyvkv-shard-00-00.ltylxsp.mongodb.net:27017

com.mongodb.MongoSocketWriteException: Exception sending message
	at com.mongodb.internal.connection.InternalStreamConnection.throwTranslatedWriteException(InternalStreamConnection.java:790) ~[mongodb-driver-core-5.2.1.jar:na]
	at com.mongodb.internal.connection.InternalStreamConnection.sendMessage(InternalStreamConnection.java:675) ~[mongodb-driver-core-5.2.1.jar:na]
	at com.mongodb.internal.connection.InternalStreamConnection.trySendMessage(InternalStreamConnection.java:507) ~[mongodb-driver-core-5.2.1.jar:na]
	at com.mongodb.internal.connection.InternalStreamConnection.sendCommandMessage(InternalStreamConnection.java:482) ~[mongodb-driver-core-5.2.1.jar:na]
	at com.mongodb.internal.connection.InternalStreamConnection.sendAndReceiveInternal(InternalStreamConnection.java:440) ~[mongodb-driver-core-5.2.1.jar:na]
	at com.mongodb.internal.connection.InternalStreamConnection.lambda$sendAndReceive$0(InternalStreamConnection.java:375) ~[mongodb-driver-core-5.2.1.jar:na]
	at com.mongodb.internal.connection.InternalStreamConnection.sendAndReceive(InternalStreamConnection.java:378) ~[mongodb-driver-core-5.2.1.jar:na]
	at com.mongodb.internal.connection.CommandHelper.sendAndReceive(CommandHelper.java:100) ~[mongodb-driver-core-5.2.1.jar:na]
	at com.mongodb.internal.connection.CommandHelper.executeCommand(CommandHelper.java:49) ~[mongodb-driver-core-5.2.1.jar:na]
	at com.mongodb.internal.connection.InternalStreamConnectionInitializer.initializeConnectionDescription(InternalStreamConnectionInitializer.java:144) ~[mongodb-driver-core-5.2.1.jar:na]
	at com.mongodb.internal.connection.InternalStreamConnectionInitializer.startHandshake(InternalStreamConnectionInitializer.java:79) ~[mongodb-driver-core-5.2.1.jar:na]
	at com.mongodb.internal.connection.InternalStreamConnection.open(InternalStreamConnection.java:235) ~[mongodb-driver-core-5.2.1.jar:na]
	at com.mongodb.internal.connection.DefaultServerMonitor$ServerMonitor.lookupServerDescription(DefaultServerMonitor.java:219) ~[mongodb-driver-core-5.2.1.jar:na]
	at com.mongodb.internal.connection.DefaultServerMonitor$ServerMonitor.run(DefaultServerMonitor.java:176) ~[mongodb-driver-core-5.2.1.jar:na]
Caused by: java.net.SocketTimeoutException: Read timed out
	at java.base/sun.nio.ch.NioSocketImpl.timedRead(NioSocketImpl.java:288) ~[na:na]
	at java.base/sun.nio.ch.NioSocketImpl.implRead(NioSocketImpl.java:314) ~[na:na]
	at java.base/sun.nio.ch.NioSocketImpl.read(NioSocketImpl.java:355) ~[na:na]
	at java.base/sun.nio.ch.NioSocketImpl$1.read(NioSocketImpl.java:808) ~[na:na]
	at java.base/java.net.Socket$SocketInputStream.read(Socket.java:966) ~[na:na]
	at java.base/sun.security.ssl.SSLSocketInputRecord.read(SSLSocketInputRecord.java:484) ~[na:na]
	at java.base/sun.security.ssl.SSLSocketInputRecord.readHeader(SSLSocketInputRecord.java:478) ~[na:na]
	at java.base/sun.security.ssl.SSLSocketInputRecord.decode(SSLSocketInputRecord.java:160) ~[na:na]
	at java.base/sun.security.ssl.SSLTransport.decode(SSLTransport.java:111) ~[na:na]
	at java.base/sun.security.ssl.SSLSocketImpl.decode(SSLSocketImpl.java:1506) ~[na:na]
	at java.base/sun.security.ssl.SSLSocketImpl.readHandshakeRecord(SSLSocketImpl.java:1421) ~[na:na]
	at java.base/sun.security.ssl.SSLSocketImpl.startHandshake(SSLSocketImpl.java:455) ~[na:na]
	at java.base/sun.security.ssl.SSLSocketImpl.ensureNegotiated(SSLSocketImpl.java:921) ~[na:na]
	at java.base/sun.security.ssl.SSLSocketImpl$AppOutputStream.write(SSLSocketImpl.java:1291) ~[na:na]
	at com.mongodb.internal.connection.SocketStream.write(SocketStream.java:165) ~[mongodb-driver-core-5.2.1.jar:na]
	at com.mongodb.internal.connection.InternalStreamConnection.sendMessage(InternalStreamConnection.java:672) ~[mongodb-driver-core-5.2.1.jar:na]
	... 12 common frames omitted

2026-05-18T21:07:49.572+01:00  INFO 29248 --- [SocialService] [ngodb.net:27017] org.mongodb.driver.cluster               : Monitor thread successfully connected to server with description ServerDescription{address=ac-khxyvkv-shard-00-00.ltylxsp.mongodb.net:27017, type=REPLICA_SET_SECONDARY, cryptd=false, state=CONNECTED, ok=true, minWireVersion=0, maxWireVersion=25, maxDocumentSize=16777216, logicalSessionTimeoutMinutes=30, roundTripTimeNanos=3218586200, minRoundTripTimeNanos=0, setName='atlas-6x6yvm-shard-0', canonicalAddress=ac-khxyvkv-shard-00-00.ltylxsp.mongodb.net:27017, hosts=[ac-khxyvkv-shard-00-00.ltylxsp.mongodb.net:27017, ac-khxyvkv-shard-00-01.ltylxsp.mongodb.net:27017, ac-khxyvkv-shard-00-02.ltylxsp.mongodb.net:27017], passives=[], arbiters=[], primary='ac-khxyvkv-shard-00-01.ltylxsp.mongodb.net:27017', tagSet=TagSet{[Tag{name='availabilityZone', value='euw3-az1'}, Tag{name='cacheState', value='READY'}, Tag{name='diskState', value='READY'}, Tag{name='nodeType', value='ELECTABLE'}, Tag{name='provider', value='AWS'}, Tag{name='region', value='EU_WEST_3'}, Tag{name='workloadType', value='OPERATIONAL'}]}, electionId=null, setVersion=36, topologyVersion=TopologyVersion{processId=6a0b71594350e6bbf1a71fd2, counter=3}, lastWriteDate=Mon May 18 21:07:48 WAT 2026, lastUpdateTimeNanos=212587216768000}
2026-05-18T21:10:17.566+01:00  INFO 29248 --- [SocialService] [ngodb.net:27017] org.mongodb.driver.cluster               : Exception in monitor thread while connecting to server ac-khxyvkv-shard-00-02.ltylxsp.mongodb.net:27017

com.mongodb.MongoNodeIsRecoveringException: Command failed with error 91 (ShutdownInProgress): 'The server is in quiesce mode and will shut down' on server ac-khxyvkv-shard-00-02.ltylxsp.mongodb.net:27017. The full response is {"topologyVersion": {"processId": {"$oid": "69fe3974932517ad87b461cb"}, "counter": 4}, "ok": 0.0, "errmsg": "The server is in quiesce mode and will shut down", "code": 91, "codeName": "ShutdownInProgress", "remainingQuiesceTimeMillis": 14998, "$clusterTime": {"clusterTime": {"$timestamp": {"t": 1779135015, "i": 1}}, "signature": {"hash": {"$binary": {"base64": "HsslZnI/BQI/JhZsV2q9eJJM6KQ=", "subType": "00"}}, "keyId": 7581590937936068671}}, "operationTime": {"$timestamp": {"t": 1779135015, "i": 1}}}
	at com.mongodb.internal.connection.ProtocolHelper.createSpecialException(ProtocolHelper.java:264) ~[mongodb-driver-core-5.2.1.jar:na]
	at com.mongodb.internal.connection.ProtocolHelper.getCommandFailureException(ProtocolHelper.java:206) ~[mongodb-driver-core-5.2.1.jar:na]
	at com.mongodb.internal.connection.InternalStreamConnection.receiveCommandMessageResponse(InternalStreamConnection.java:520) ~[mongodb-driver-core-5.2.1.jar:na]
	at com.mongodb.internal.connection.InternalStreamConnection.receive(InternalStreamConnection.java:469) ~[mongodb-driver-core-5.2.1.jar:na]
	at com.mongodb.internal.connection.DefaultServerMonitor$ServerMonitor.lookupServerDescription(DefaultServerMonitor.java:249) ~[mongodb-driver-core-5.2.1.jar:na]
	at com.mongodb.internal.connection.DefaultServerMonitor$ServerMonitor.run(DefaultServerMonitor.java:176) ~[mongodb-driver-core-5.2.1.jar:na]

2026-05-18T21:10:41.888+01:00  INFO 29248 --- [SocialService] [ngodb.net:27017] org.mongodb.driver.cluster               : Exception in monitor thread while connecting to server ac-khxyvkv-shard-00-02.ltylxsp.mongodb.net:27017

com.mongodb.MongoSocketReadTimeoutException: Timeout while receiving message
	at com.mongodb.internal.connection.InternalStreamConnection.createReadTimeoutException(InternalStreamConnection.java:824) ~[mongodb-driver-core-5.2.1.jar:na]
	at com.mongodb.internal.connection.InternalStreamConnection.translateReadException(InternalStreamConnection.java:812) ~[mongodb-driver-core-5.2.1.jar:na]
	at com.mongodb.internal.connection.InternalStreamConnection.receiveResponseBuffers(InternalStreamConnection.java:862) ~[mongodb-driver-core-5.2.1.jar:na]
	at com.mongodb.internal.connection.InternalStreamConnection.receiveCommandMessageResponse(InternalStreamConnection.java:517) ~[mongodb-driver-core-5.2.1.jar:na]
	at com.mongodb.internal.connection.InternalStreamConnection.sendAndReceiveInternal(InternalStreamConnection.java:448) ~[mongodb-driver-core-5.2.1.jar:na]
	at com.mongodb.internal.connection.InternalStreamConnection.lambda$sendAndReceive$0(InternalStreamConnection.java:375) ~[mongodb-driver-core-5.2.1.jar:na]
	at com.mongodb.internal.connection.InternalStreamConnection.sendAndReceive(InternalStreamConnection.java:378) ~[mongodb-driver-core-5.2.1.jar:na]
	at com.mongodb.internal.connection.CommandHelper.sendAndReceive(CommandHelper.java:100) ~[mongodb-driver-core-5.2.1.jar:na]
	at com.mongodb.internal.connection.CommandHelper.executeCommand(CommandHelper.java:49) ~[mongodb-driver-core-5.2.1.jar:na]
	at com.mongodb.internal.connection.InternalStreamConnectionInitializer.initializeConnectionDescription(InternalStreamConnectionInitializer.java:144) ~[mongodb-driver-core-5.2.1.jar:na]
	at com.mongodb.internal.connection.InternalStreamConnectionInitializer.startHandshake(InternalStreamConnectionInitializer.java:79) ~[mongodb-driver-core-5.2.1.jar:na]
	at com.mongodb.internal.connection.InternalStreamConnection.open(InternalStreamConnection.java:235) ~[mongodb-driver-core-5.2.1.jar:na]
	at com.mongodb.internal.connection.DefaultServerMonitor$ServerMonitor.lookupServerDescription(DefaultServerMonitor.java:219) ~[mongodb-driver-core-5.2.1.jar:na]
	at com.mongodb.internal.connection.DefaultServerMonitor$ServerMonitor.run(DefaultServerMonitor.java:176) ~[mongodb-driver-core-5.2.1.jar:na]
Caused by: java.net.SocketTimeoutException: Read timed out
	at java.base/sun.nio.ch.NioSocketImpl.timedRead(NioSocketImpl.java:288) ~[na:na]
	at java.base/sun.nio.ch.NioSocketImpl.implRead(NioSocketImpl.java:314) ~[na:na]
	at java.base/sun.nio.ch.NioSocketImpl.read(NioSocketImpl.java:355) ~[na:na]
	at java.base/sun.nio.ch.NioSocketImpl$1.read(NioSocketImpl.java:808) ~[na:na]
	at java.base/java.net.Socket$SocketInputStream.read(Socket.java:966) ~[na:na]
	at java.base/sun.security.ssl.SSLSocketInputRecord.read(SSLSocketInputRecord.java:484) ~[na:na]
	at java.base/sun.security.ssl.SSLSocketInputRecord.readHeader(SSLSocketInputRecord.java:478) ~[na:na]
	at java.base/sun.security.ssl.SSLSocketInputRecord.bytesInCompletePacket(SSLSocketInputRecord.java:70) ~[na:na]
	at java.base/sun.security.ssl.SSLSocketImpl.readApplicationRecord(SSLSocketImpl.java:1461) ~[na:na]
	at java.base/sun.security.ssl.SSLSocketImpl$AppInputStream.read(SSLSocketImpl.java:1065) ~[na:na]
	at com.mongodb.internal.connection.SocketStream.read(SocketStream.java:182) ~[mongodb-driver-core-5.2.1.jar:na]
	at com.mongodb.internal.connection.InternalStreamConnection.receiveResponseBuffers(InternalStreamConnection.java:829) ~[mongodb-driver-core-5.2.1.jar:na]
	... 11 common frames omitted

2026-05-18T21:10:54.155+01:00  INFO 29248 --- [SocialService] [ngodb.net:27017] org.mongodb.driver.cluster               : Exception in monitor thread while connecting to server ac-khxyvkv-shard-00-02.ltylxsp.mongodb.net:27017

com.mongodb.MongoSocketOpenException: Exception opening socket
	at com.mongodb.internal.connection.SocketStream.lambda$open$0(SocketStream.java:85) ~[mongodb-driver-core-5.2.1.jar:na]
	at java.base/java.util.Optional.orElseThrow(Optional.java:403) ~[na:na]
	at com.mongodb.internal.connection.SocketStream.open(SocketStream.java:85) ~[mongodb-driver-core-5.2.1.jar:na]
	at com.mongodb.internal.connection.InternalStreamConnection.open(InternalStreamConnection.java:233) ~[mongodb-driver-core-5.2.1.jar:na]
	at com.mongodb.internal.connection.DefaultServerMonitor$ServerMonitor.lookupServerDescription(DefaultServerMonitor.java:219) ~[mongodb-driver-core-5.2.1.jar:na]
	at com.mongodb.internal.connection.DefaultServerMonitor$ServerMonitor.run(DefaultServerMonitor.java:176) ~[mongodb-driver-core-5.2.1.jar:na]
Caused by: java.net.ConnectException: Connection refused: no further information
	at java.base/sun.nio.ch.Net.pollConnect(Native Method) ~[na:na]
	at java.base/sun.nio.ch.Net.pollConnectNow(Net.java:672) ~[na:na]
	at java.base/sun.nio.ch.NioSocketImpl.timedFinishConnect(NioSocketImpl.java:554) ~[na:na]
	at java.base/sun.nio.ch.NioSocketImpl.connect(NioSocketImpl.java:602) ~[na:na]
	at java.base/java.net.SocksSocketImpl.connect(SocksSocketImpl.java:327) ~[na:na]
	at java.base/java.net.Socket.connect(Socket.java:633) ~[na:na]
	at java.base/sun.security.ssl.SSLSocketImpl.connect(SSLSocketImpl.java:304) ~[na:na]
	at com.mongodb.internal.connection.SocketStreamHelper.initialize(SocketStreamHelper.java:76) ~[mongodb-driver-core-5.2.1.jar:na]
	at com.mongodb.internal.connection.SocketStream.initializeSocket(SocketStream.java:104) ~[mongodb-driver-core-5.2.1.jar:na]
	at com.mongodb.internal.connection.SocketStream.open(SocketStream.java:79) ~[mongodb-driver-core-5.2.1.jar:na]
	... 3 common frames omitted

2026-05-18T21:12:12.243+01:00  INFO 29248 --- [SocialService] [MessageBroker-1] o.s.w.s.c.WebSocketMessageBrokerStats    : WebSocketSession[0 current WS(0)-HttpStream(0)-HttpPoll(0), 0 total, 0 closed abnormally (0 connect failure, 0 send limit, 0 transport error)], stompSubProtocol[processed CONNECT(0)-CONNECTED(0)-DISCONNECT(0)], stompBrokerRelay[null], inboundChannel[pool size = 0, active threads = 0, queued tasks = 0, completed tasks = 0], outboundChannel[pool size = 0, active threads = 0, queued tasks = 0, completed tasks = 0], sockJsScheduler[pool size = 8, active threads = 1, queued tasks = 0, completed tasks = 19]
2026-05-18T21:17:14.212+01:00  INFO 29248 --- [SocialService] [ngodb.net:27017] org.mongodb.driver.cluster               : Monitor thread successfully connected to server with description ServerDescription{address=ac-khxyvkv-shard-00-02.ltylxsp.mongodb.net:27017, type=REPLICA_SET_SECONDARY, cryptd=false, state=CONNECTED, ok=true, minWireVersion=0, maxWireVersion=25, maxDocumentSize=16777216, logicalSessionTimeoutMinutes=30, roundTripTimeNanos=14258983400, minRoundTripTimeNanos=0, setName='atlas-6x6yvm-shard-0', canonicalAddress=ac-khxyvkv-shard-00-02.ltylxsp.mongodb.net:27017, hosts=[ac-khxyvkv-shard-00-00.ltylxsp.mongodb.net:27017, ac-khxyvkv-shard-00-01.ltylxsp.mongodb.net:27017, ac-khxyvkv-shard-00-02.ltylxsp.mongodb.net:27017], passives=[], arbiters=[], primary='ac-khxyvkv-shard-00-01.ltylxsp.mongodb.net:27017', tagSet=TagSet{[Tag{name='availabilityZone', value='euw3-az3'}, Tag{name='cacheState', value='READY'}, Tag{name='diskState', value='READY'}, Tag{name='nodeType', value='ELECTABLE'}, Tag{name='provider', value='AWS'}, Tag{name='region', value='EU_WEST_3'}, Tag{name='workloadType', value='OPERATIONAL'}]}, electionId=null, setVersion=36, topologyVersion=TopologyVersion{processId=6a0b739aa9fe492cf1ce6df6, counter=3}, lastWriteDate=Mon May 18 21:17:12 WAT 2026, lastUpdateTimeNanos=213151849256300}
2026-05-18T21:20:50.393+01:00  INFO 29248 --- [SocialService] [ngodb.net:27017] org.mongodb.driver.cluster               : Monitor thread successfully connected to server with description ServerDescription{address=ac-khxyvkv-shard-00-01.ltylxsp.mongodb.net:27017, type=REPLICA_SET_OTHER, cryptd=false, state=CONNECTED, ok=true, minWireVersion=0, maxWireVersion=25, maxDocumentSize=16777216, logicalSessionTimeoutMinutes=30, roundTripTimeNanos=54793403, minRoundTripTimeNanos=39282800, setName='atlas-6x6yvm-shard-0', canonicalAddress=ac-khxyvkv-shard-00-01.ltylxsp.mongodb.net:27017, hosts=[ac-khxyvkv-shard-00-00.ltylxsp.mongodb.net:27017, ac-khxyvkv-shard-00-01.ltylxsp.mongodb.net:27017, ac-khxyvkv-shard-00-02.ltylxsp.mongodb.net:27017], passives=[], arbiters=[], primary='ac-khxyvkv-shard-00-01.ltylxsp.mongodb.net:27017', tagSet=TagSet{[Tag{name='availabilityZone', value='euw3-az2'}, Tag{name='cacheState', value='READY'}, Tag{name='diskState', value='READY'}, Tag{name='nodeType', value='ELECTABLE'}, Tag{name='provider', value='AWS'}, Tag{name='region', value='EU_WEST_3'}, Tag{name='workloadType', value='OPERATIONAL'}]}, electionId=7fffffff0000000000000069, setVersion=36, topologyVersion=TopologyVersion{processId=69fe370e7afba3a6519b2508, counter=7}, lastWriteDate=Mon May 18 21:20:48 WAT 2026, lastUpdateTimeNanos=213368031471800}
2026-05-18T21:20:50.424+01:00  INFO 29248 --- [SocialService] [ngodb.net:27017] org.mongodb.driver.cluster               : Monitor thread successfully connected to server with description ServerDescription{address=ac-khxyvkv-shard-00-02.ltylxsp.mongodb.net:27017, type=REPLICA_SET_SECONDARY, cryptd=false, state=CONNECTED, ok=true, minWireVersion=0, maxWireVersion=25, maxDocumentSize=16777216, logicalSessionTimeoutMinutes=30, roundTripTimeNanos=259355141, minRoundTripTimeNanos=38128300, setName='atlas-6x6yvm-shard-0', canonicalAddress=ac-khxyvkv-shard-00-02.ltylxsp.mongodb.net:27017, hosts=[ac-khxyvkv-shard-00-00.ltylxsp.mongodb.net:27017, ac-khxyvkv-shard-00-01.ltylxsp.mongodb.net:27017, ac-khxyvkv-shard-00-02.ltylxsp.mongodb.net:27017], passives=[], arbiters=[], primary='ac-khxyvkv-shard-00-02.ltylxsp.mongodb.net:27017', tagSet=TagSet{[Tag{name='availabilityZone', value='euw3-az3'}, Tag{name='cacheState', value='READY'}, Tag{name='diskState', value='READY'}, Tag{name='nodeType', value='ELECTABLE'}, Tag{name='provider', value='AWS'}, Tag{name='region', value='EU_WEST_3'}, Tag{name='workloadType', value='OPERATIONAL'}]}, electionId=7fffffff000000000000006a, setVersion=36, topologyVersion=TopologyVersion{processId=6a0b739aa9fe492cf1ce6df6, counter=4}, lastWriteDate=Mon May 18 21:20:48 WAT 2026, lastUpdateTimeNanos=213368079758000}
2026-05-18T21:20:50.439+01:00  INFO 29248 --- [SocialService] [ngodb.net:27017] org.mongodb.driver.cluster               : Monitor thread successfully connected to server with description ServerDescription{address=ac-khxyvkv-shard-00-01.ltylxsp.mongodb.net:27017, type=REPLICA_SET_SECONDARY, cryptd=false, state=CONNECTED, ok=true, minWireVersion=0, maxWireVersion=25, maxDocumentSize=16777216, logicalSessionTimeoutMinutes=30, roundTripTimeNanos=54793403, minRoundTripTimeNanos=39282800, setName='atlas-6x6yvm-shard-0', canonicalAddress=ac-khxyvkv-shard-00-01.ltylxsp.mongodb.net:27017, hosts=[ac-khxyvkv-shard-00-00.ltylxsp.mongodb.net:27017, ac-khxyvkv-shard-00-01.ltylxsp.mongodb.net:27017, ac-khxyvkv-shard-00-02.ltylxsp.mongodb.net:27017], passives=[], arbiters=[], primary='null', tagSet=TagSet{[Tag{name='availabilityZone', value='euw3-az2'}, Tag{name='cacheState', value='READY'}, Tag{name='diskState', value='READY'}, Tag{name='nodeType', value='ELECTABLE'}, Tag{name='provider', value='AWS'}, Tag{name='region', value='EU_WEST_3'}, Tag{name='workloadType', value='OPERATIONAL'}]}, electionId=null, setVersion=36, topologyVersion=TopologyVersion{processId=69fe370e7afba3a6519b2508, counter=8}, lastWriteDate=Mon May 18 21:20:48 WAT 2026, lastUpdateTimeNanos=213368095115200}
2026-05-18T21:20:50.613+01:00  INFO 29248 --- [SocialService] [ngodb.net:27017] org.mongodb.driver.cluster               : Monitor thread successfully connected to server with description ServerDescription{address=ac-khxyvkv-shard-00-02.ltylxsp.mongodb.net:27017, type=REPLICA_SET_PRIMARY, cryptd=false, state=CONNECTED, ok=true, minWireVersion=0, maxWireVersion=25, maxDocumentSize=16777216, logicalSessionTimeoutMinutes=30, roundTripTimeNanos=259355141, minRoundTripTimeNanos=38128300, setName='atlas-6x6yvm-shard-0', canonicalAddress=ac-khxyvkv-shard-00-02.ltylxsp.mongodb.net:27017, hosts=[ac-khxyvkv-shard-00-00.ltylxsp.mongodb.net:27017, ac-khxyvkv-shard-00-01.ltylxsp.mongodb.net:27017, ac-khxyvkv-shard-00-02.ltylxsp.mongodb.net:27017], passives=[], arbiters=[], primary='ac-khxyvkv-shard-00-02.ltylxsp.mongodb.net:27017', tagSet=TagSet{[Tag{name='availabilityZone', value='euw3-az3'}, Tag{name='cacheState', value='READY'}, Tag{name='diskState', value='READY'}, Tag{name='nodeType', value='ELECTABLE'}, Tag{name='provider', value='AWS'}, Tag{name='region', value='EU_WEST_3'}, Tag{name='workloadType', value='OPERATIONAL'}]}, electionId=7fffffff000000000000006a, setVersion=36, topologyVersion=TopologyVersion{processId=6a0b739aa9fe492cf1ce6df6, counter=6}, lastWriteDate=Mon May 18 21:20:49 WAT 2026, lastUpdateTimeNanos=213368268027600}
2026-05-18T21:20:50.619+01:00  INFO 29248 --- [SocialService] [ngodb.net:27017] org.mongodb.driver.cluster               : Discovered replica set primary ac-khxyvkv-shard-00-02.ltylxsp.mongodb.net:27017 with max election id 7fffffff000000000000006a and max set version 36
2026-05-18T21:20:50.623+01:00  INFO 29248 --- [SocialService] [ngodb.net:27017] org.mongodb.driver.cluster               : Monitor thread successfully connected to server with description ServerDescription{address=ac-khxyvkv-shard-00-00.ltylxsp.mongodb.net:27017, type=REPLICA_SET_SECONDARY, cryptd=false, state=CONNECTED, ok=true, minWireVersion=0, maxWireVersion=25, maxDocumentSize=16777216, logicalSessionTimeoutMinutes=30, roundTripTimeNanos=45307449, minRoundTripTimeNanos=37328100, setName='atlas-6x6yvm-shard-0', canonicalAddress=ac-khxyvkv-shard-00-00.ltylxsp.mongodb.net:27017, hosts=[ac-khxyvkv-shard-00-00.ltylxsp.mongodb.net:27017, ac-khxyvkv-shard-00-01.ltylxsp.mongodb.net:27017, ac-khxyvkv-shard-00-02.ltylxsp.mongodb.net:27017], passives=[], arbiters=[], primary='null', tagSet=TagSet{[Tag{name='availabilityZone', value='euw3-az1'}, Tag{name='cacheState', value='READY'}, Tag{name='diskState', value='READY'}, Tag{name='nodeType', value='ELECTABLE'}, Tag{name='provider', value='AWS'}, Tag{name='region', value='EU_WEST_3'}, Tag{name='workloadType', value='OPERATIONAL'}]}, electionId=null, setVersion=36, topologyVersion=TopologyVersion{processId=6a0b71594350e6bbf1a71fd2, counter=4}, lastWriteDate=Mon May 18 21:20:48 WAT 2026, lastUpdateTimeNanos=213368277581700}
2026-05-18T21:20:51.191+01:00  INFO 29248 --- [SocialService] [ngodb.net:27017] org.mongodb.driver.cluster               : Exception in monitor thread while connecting to server ac-khxyvkv-shard-00-01.ltylxsp.mongodb.net:27017

com.mongodb.MongoNodeIsRecoveringException: Command failed with error 91 (ShutdownInProgress): 'The server is in quiesce mode and will shut down' on server ac-khxyvkv-shard-00-01.ltylxsp.mongodb.net:27017. The full response is {"topologyVersion": {"processId": {"$oid": "69fe370e7afba3a6519b2508"}, "counter": 10}, "ok": 0.0, "errmsg": "The server is in quiesce mode and will shut down", "code": 91, "codeName": "ShutdownInProgress", "remainingQuiesceTimeMillis": 14998, "$clusterTime": {"clusterTime": {"$timestamp": {"t": 1779135649, "i": 2}}, "signature": {"hash": {"$binary": {"base64": "cl5vsc3h0wjqArn7aoJ2Wi/d/zI=", "subType": "00"}}, "keyId": 7581590937936068671}}, "operationTime": {"$timestamp": {"t": 1779135649, "i": 2}}}
	at com.mongodb.internal.connection.ProtocolHelper.createSpecialException(ProtocolHelper.java:264) ~[mongodb-driver-core-5.2.1.jar:na]
	at com.mongodb.internal.connection.ProtocolHelper.getCommandFailureException(ProtocolHelper.java:206) ~[mongodb-driver-core-5.2.1.jar:na]
	at com.mongodb.internal.connection.InternalStreamConnection.receiveCommandMessageResponse(InternalStreamConnection.java:520) ~[mongodb-driver-core-5.2.1.jar:na]
	at com.mongodb.internal.connection.InternalStreamConnection.receive(InternalStreamConnection.java:469) ~[mongodb-driver-core-5.2.1.jar:na]
	at com.mongodb.internal.connection.DefaultServerMonitor$ServerMonitor.lookupServerDescription(DefaultServerMonitor.java:249) ~[mongodb-driver-core-5.2.1.jar:na]
	at com.mongodb.internal.connection.DefaultServerMonitor$ServerMonitor.run(DefaultServerMonitor.java:176) ~[mongodb-driver-core-5.2.1.jar:na]

2026-05-18T21:21:00.600+01:00  INFO 29248 --- [SocialService] [ngodb.net:27017] org.mongodb.driver.cluster               : Monitor thread successfully connected to server with description ServerDescription{address=ac-khxyvkv-shard-00-00.ltylxsp.mongodb.net:27017, type=REPLICA_SET_SECONDARY, cryptd=false, state=CONNECTED, ok=true, minWireVersion=0, maxWireVersion=25, maxDocumentSize=16777216, logicalSessionTimeoutMinutes=30, roundTripTimeNanos=43792359, minRoundTripTimeNanos=37328100, setName='atlas-6x6yvm-shard-0', canonicalAddress=ac-khxyvkv-shard-00-00.ltylxsp.mongodb.net:27017, hosts=[ac-khxyvkv-shard-00-00.ltylxsp.mongodb.net:27017, ac-khxyvkv-shard-00-01.ltylxsp.mongodb.net:27017, ac-khxyvkv-shard-00-02.ltylxsp.mongodb.net:27017], passives=[], arbiters=[], primary='ac-khxyvkv-shard-00-02.ltylxsp.mongodb.net:27017', tagSet=TagSet{[Tag{name='availabilityZone', value='euw3-az1'}, Tag{name='cacheState', value='READY'}, Tag{name='diskState', value='READY'}, Tag{name='nodeType', value='ELECTABLE'}, Tag{name='provider', value='AWS'}, Tag{name='region', value='EU_WEST_3'}, Tag{name='workloadType', value='OPERATIONAL'}]}, electionId=null, setVersion=36, topologyVersion=TopologyVersion{processId=6a0b71594350e6bbf1a71fd2, counter=4}, lastWriteDate=Mon May 18 21:20:59 WAT 2026, lastUpdateTimeNanos=213378256170200}
2026-05-18T21:21:10.811+01:00  INFO 29248 --- [SocialService] [ngodb.net:27017] org.mongodb.driver.cluster               : Exception in monitor thread while connecting to server ac-khxyvkv-shard-00-01.ltylxsp.mongodb.net:27017

com.mongodb.MongoSocketReadException: Prematurely reached end of stream
	at com.mongodb.internal.connection.SocketStream.read(SocketStream.java:184) ~[mongodb-driver-core-5.2.1.jar:na]
	at com.mongodb.internal.connection.InternalStreamConnection.receiveResponseBuffers(InternalStreamConnection.java:829) ~[mongodb-driver-core-5.2.1.jar:na]
	at com.mongodb.internal.connection.InternalStreamConnection.receiveCommandMessageResponse(InternalStreamConnection.java:517) ~[mongodb-driver-core-5.2.1.jar:na]
	at com.mongodb.internal.connection.InternalStreamConnection.sendAndReceiveInternal(InternalStreamConnection.java:448) ~[mongodb-driver-core-5.2.1.jar:na]
	at com.mongodb.internal.connection.InternalStreamConnection.lambda$sendAndReceive$0(InternalStreamConnection.java:375) ~[mongodb-driver-core-5.2.1.jar:na]
	at com.mongodb.internal.connection.InternalStreamConnection.sendAndReceive(InternalStreamConnection.java:378) ~[mongodb-driver-core-5.2.1.jar:na]
	at com.mongodb.internal.connection.CommandHelper.sendAndReceive(CommandHelper.java:100) ~[mongodb-driver-core-5.2.1.jar:na]
	at com.mongodb.internal.connection.CommandHelper.executeCommand(CommandHelper.java:49) ~[mongodb-driver-core-5.2.1.jar:na]
	at com.mongodb.internal.connection.InternalStreamConnectionInitializer.initializeConnectionDescription(InternalStreamConnectionInitializer.java:144) ~[mongodb-driver-core-5.2.1.jar:na]
	at com.mongodb.internal.connection.InternalStreamConnectionInitializer.startHandshake(InternalStreamConnectionInitializer.java:79) ~[mongodb-driver-core-5.2.1.jar:na]
	at com.mongodb.internal.connection.InternalStreamConnection.open(InternalStreamConnection.java:235) ~[mongodb-driver-core-5.2.1.jar:na]
	at com.mongodb.internal.connection.DefaultServerMonitor$ServerMonitor.lookupServerDescription(DefaultServerMonitor.java:219) ~[mongodb-driver-core-5.2.1.jar:na]
	at com.mongodb.internal.connection.DefaultServerMonitor$ServerMonitor.run(DefaultServerMonitor.java:176) ~[mongodb-driver-core-5.2.1.jar:na]

2026-05-18T21:21:23.078+01:00  INFO 29248 --- [SocialService] [ngodb.net:27017] org.mongodb.driver.cluster               : Exception in monitor thread while connecting to server ac-khxyvkv-shard-00-01.ltylxsp.mongodb.net:27017

com.mongodb.MongoSocketOpenException: Exception opening socket
	at com.mongodb.internal.connection.SocketStream.lambda$open$0(SocketStream.java:85) ~[mongodb-driver-core-5.2.1.jar:na]
	at java.base/java.util.Optional.orElseThrow(Optional.java:403) ~[na:na]
	at com.mongodb.internal.connection.SocketStream.open(SocketStream.java:85) ~[mongodb-driver-core-5.2.1.jar:na]
	at com.mongodb.internal.connection.InternalStreamConnection.open(InternalStreamConnection.java:233) ~[mongodb-driver-core-5.2.1.jar:na]
	at com.mongodb.internal.connection.DefaultServerMonitor$ServerMonitor.lookupServerDescription(DefaultServerMonitor.java:219) ~[mongodb-driver-core-5.2.1.jar:na]
	at com.mongodb.internal.connection.DefaultServerMonitor$ServerMonitor.run(DefaultServerMonitor.java:176) ~[mongodb-driver-core-5.2.1.jar:na]
Caused by: java.net.ConnectException: Connection refused: no further information
	at java.base/sun.nio.ch.Net.pollConnect(Native Method) ~[na:na]
	at java.base/sun.nio.ch.Net.pollConnectNow(Net.java:672) ~[na:na]
	at java.base/sun.nio.ch.NioSocketImpl.timedFinishConnect(NioSocketImpl.java:554) ~[na:na]
	at java.base/sun.nio.ch.NioSocketImpl.connect(NioSocketImpl.java:602) ~[na:na]
	at java.base/java.net.SocksSocketImpl.connect(SocksSocketImpl.java:327) ~[na:na]
	at java.base/java.net.Socket.connect(Socket.java:633) ~[na:na]
	at java.base/sun.security.ssl.SSLSocketImpl.connect(SSLSocketImpl.java:304) ~[na:na]
	at com.mongodb.internal.connection.SocketStreamHelper.initialize(SocketStreamHelper.java:76) ~[mongodb-driver-core-5.2.1.jar:na]
	at com.mongodb.internal.connection.SocketStream.initializeSocket(SocketStream.java:104) ~[mongodb-driver-core-5.2.1.jar:na]
	at com.mongodb.internal.connection.SocketStream.open(SocketStream.java:79) ~[mongodb-driver-core-5.2.1.jar:na]
	... 3 common frames omitted

2026-05-18T21:27:34.498+01:00  INFO 29248 --- [SocialService] [ngodb.net:27017] org.mongodb.driver.cluster               : Monitor thread successfully connected to server with description ServerDescription{address=ac-khxyvkv-shard-00-01.ltylxsp.mongodb.net:27017, type=REPLICA_SET_SECONDARY, cryptd=false, state=CONNECTED, ok=true, minWireVersion=0, maxWireVersion=25, maxDocumentSize=16777216, logicalSessionTimeoutMinutes=30, roundTripTimeNanos=15454731000, minRoundTripTimeNanos=0, setName='atlas-6x6yvm-shard-0', canonicalAddress=ac-khxyvkv-shard-00-01.ltylxsp.mongodb.net:27017, hosts=[ac-khxyvkv-shard-00-00.ltylxsp.mongodb.net:27017, ac-khxyvkv-shard-00-01.ltylxsp.mongodb.net:27017, ac-khxyvkv-shard-00-02.ltylxsp.mongodb.net:27017], passives=[], arbiters=[], primary='ac-khxyvkv-shard-00-02.ltylxsp.mongodb.net:27017', tagSet=TagSet{[Tag{name='availabilityZone', value='euw3-az2'}, Tag{name='cacheState', value='READY'}, Tag{name='diskState', value='READY'}, Tag{name='nodeType', value='ELECTABLE'}, Tag{name='provider', value='AWS'}, Tag{name='region', value='EU_WEST_3'}, Tag{name='workloadType', value='OPERATIONAL'}]}, electionId=null, setVersion=36, topologyVersion=TopologyVersion{processId=6a0b7610b7f22932df19d864, counter=3}, lastWriteDate=Mon May 18 21:27:33 WAT 2026, lastUpdateTimeNanos=213772145316800}
2026-05-18T21:42:12.366+01:00  INFO 29248 --- [SocialService] [MessageBroker-1] o.s.w.s.c.WebSocketMessageBrokerStats    : WebSocketSession[0 current WS(0)-HttpStream(0)-HttpPoll(0), 0 total, 0 closed abnormally (0 connect failure, 0 send limit, 0 transport error)], stompSubProtocol[processed CONNECT(0)-CONNECTED(0)-DISCONNECT(0)], stompBrokerRelay[null], inboundChannel[pool size = 0, active threads = 0, queued tasks = 0, completed tasks = 0], outboundChannel[pool size = 0, active threads = 0, queued tasks = 0, completed tasks = 0], sockJsScheduler[pool size = 8, active threads = 1, queued tasks = 0, completed tasks = 20]
2026-05-18T22:12:12.478+01:00  INFO 29248 --- [SocialService] [MessageBroker-1] o.s.w.s.c.WebSocketMessageBrokerStats    : WebSocketSession[0 current WS(0)-HttpStream(0)-HttpPoll(0), 0 total, 0 closed abnormally (0 connect failure, 0 send limit, 0 transport error)], stompSubProtocol[processed CONNECT(0)-CONNECTED(0)-DISCONNECT(0)], stompBrokerRelay[null], inboundChannel[pool size = 0, active threads = 0, queued tasks = 0, completed tasks = 0], outboundChannel[pool size = 0, active threads = 0, queued tasks = 0, completed tasks = 0], sockJsScheduler[pool size = 8, active threads = 1, queued tasks = 0, completed tasks = 21]
2026-05-18T22:42:12.521+01:00  INFO 29248 --- [SocialService] [MessageBroker-1] o.s.w.s.c.WebSocketMessageBrokerStats    : WebSocketSession[0 current WS(0)-HttpStream(0)-HttpPoll(0), 0 total, 0 closed abnormally (0 connect failure, 0 send limit, 0 transport error)], stompSubProtocol[processed CONNECT(0)-CONNECTED(0)-DISCONNECT(0)], stompBrokerRelay[null], inboundChannel[pool size = 0, active threads = 0, queued tasks = 0, completed tasks = 0], outboundChannel[pool size = 0, active threads = 0, queued tasks = 0, completed tasks = 0], sockJsScheduler[pool size = 8, active threads = 1, queued tasks = 0, completed tasks = 22]
2026-05-18T22:54:22.286+01:00  INFO 29248 --- [SocialService] [ngodb.net:27017] org.mongodb.driver.cluster               : Exception in monitor thread while connecting to server ac-khxyvkv-shard-00-02.ltylxsp.mongodb.net:27017

com.mongodb.MongoSocketReadException: Exception receiving message
	at com.mongodb.internal.connection.InternalStreamConnection.translateReadException(InternalStreamConnection.java:814) ~[mongodb-driver-core-5.2.1.jar:na]
	at com.mongodb.internal.connection.InternalStreamConnection.receiveResponseBuffers(InternalStreamConnection.java:862) ~[mongodb-driver-core-5.2.1.jar:na]
	at com.mongodb.internal.connection.InternalStreamConnection.receiveCommandMessageResponse(InternalStreamConnection.java:517) ~[mongodb-driver-core-5.2.1.jar:na]
	at com.mongodb.internal.connection.InternalStreamConnection.receive(InternalStreamConnection.java:469) ~[mongodb-driver-core-5.2.1.jar:na]
	at com.mongodb.internal.connection.DefaultServerMonitor$ServerMonitor.lookupServerDescription(DefaultServerMonitor.java:249) ~[mongodb-driver-core-5.2.1.jar:na]
	at com.mongodb.internal.connection.DefaultServerMonitor$ServerMonitor.run(DefaultServerMonitor.java:176) ~[mongodb-driver-core-5.2.1.jar:na]
Caused by: java.net.SocketException: Connection reset
	at java.base/sun.nio.ch.NioSocketImpl.implRead(NioSocketImpl.java:328) ~[na:na]
	at java.base/sun.nio.ch.NioSocketImpl.read(NioSocketImpl.java:355) ~[na:na]
	at java.base/sun.nio.ch.NioSocketImpl$1.read(NioSocketImpl.java:808) ~[na:na]
	at java.base/java.net.Socket$SocketInputStream.read(Socket.java:966) ~[na:na]
	at java.base/sun.security.ssl.SSLSocketInputRecord.read(SSLSocketInputRecord.java:484) ~[na:na]
	at java.base/sun.security.ssl.SSLSocketInputRecord.readHeader(SSLSocketInputRecord.java:478) ~[na:na]
	at java.base/sun.security.ssl.SSLSocketInputRecord.bytesInCompletePacket(SSLSocketInputRecord.java:70) ~[na:na]
	at java.base/sun.security.ssl.SSLSocketImpl.readApplicationRecord(SSLSocketImpl.java:1461) ~[na:na]
	at java.base/sun.security.ssl.SSLSocketImpl$AppInputStream.read(SSLSocketImpl.java:1065) ~[na:na]
	at com.mongodb.internal.connection.SocketStream.read(SocketStream.java:182) ~[mongodb-driver-core-5.2.1.jar:na]
	at com.mongodb.internal.connection.InternalStreamConnection.receiveResponseBuffers(InternalStreamConnection.java:829) ~[mongodb-driver-core-5.2.1.jar:na]
	... 4 common frames omitted

2026-05-18T22:54:22.288+01:00  INFO 29248 --- [SocialService] [ngodb.net:27017] org.mongodb.driver.cluster               : Exception in monitor thread while connecting to server ac-khxyvkv-shard-00-01.ltylxsp.mongodb.net:27017

com.mongodb.MongoSocketReadException: Exception receiving message
	at com.mongodb.internal.connection.InternalStreamConnection.translateReadException(InternalStreamConnection.java:814) ~[mongodb-driver-core-5.2.1.jar:na]
	at com.mongodb.internal.connection.InternalStreamConnection.receiveResponseBuffers(InternalStreamConnection.java:862) ~[mongodb-driver-core-5.2.1.jar:na]
	at com.mongodb.internal.connection.InternalStreamConnection.receiveCommandMessageResponse(InternalStreamConnection.java:517) ~[mongodb-driver-core-5.2.1.jar:na]
	at com.mongodb.internal.connection.InternalStreamConnection.receive(InternalStreamConnection.java:469) ~[mongodb-driver-core-5.2.1.jar:na]
	at com.mongodb.internal.connection.DefaultServerMonitor$ServerMonitor.lookupServerDescription(DefaultServerMonitor.java:249) ~[mongodb-driver-core-5.2.1.jar:na]
	at com.mongodb.internal.connection.DefaultServerMonitor$ServerMonitor.run(DefaultServerMonitor.java:176) ~[mongodb-driver-core-5.2.1.jar:na]
Caused by: java.net.SocketException: Connection reset
	at java.base/sun.nio.ch.NioSocketImpl.implRead(NioSocketImpl.java:328) ~[na:na]
	at java.base/sun.nio.ch.NioSocketImpl.read(NioSocketImpl.java:355) ~[na:na]
	at java.base/sun.nio.ch.NioSocketImpl$1.read(NioSocketImpl.java:808) ~[na:na]
	at java.base/java.net.Socket$SocketInputStream.read(Socket.java:966) ~[na:na]
	at java.base/sun.security.ssl.SSLSocketInputRecord.read(SSLSocketInputRecord.java:484) ~[na:na]
	at java.base/sun.security.ssl.SSLSocketInputRecord.readHeader(SSLSocketInputRecord.java:478) ~[na:na]
	at java.base/sun.security.ssl.SSLSocketInputRecord.bytesInCompletePacket(SSLSocketInputRecord.java:70) ~[na:na]
	at java.base/sun.security.ssl.SSLSocketImpl.readApplicationRecord(SSLSocketImpl.java:1461) ~[na:na]
	at java.base/sun.security.ssl.SSLSocketImpl$AppInputStream.read(SSLSocketImpl.java:1065) ~[na:na]
	at com.mongodb.internal.connection.SocketStream.read(SocketStream.java:182) ~[mongodb-driver-core-5.2.1.jar:na]
	at com.mongodb.internal.connection.InternalStreamConnection.receiveResponseBuffers(InternalStreamConnection.java:829) ~[mongodb-driver-core-5.2.1.jar:na]
	... 4 common frames omitted

2026-05-18T22:54:22.310+01:00  INFO 29248 --- [SocialService] [ngodb.net:27017] org.mongodb.driver.cluster               : Exception in monitor thread while connecting to server ac-khxyvkv-shard-00-00.ltylxsp.mongodb.net:27017

com.mongodb.MongoSocketReadException: Exception receiving message
	at com.mongodb.internal.connection.InternalStreamConnection.translateReadException(InternalStreamConnection.java:814) ~[mongodb-driver-core-5.2.1.jar:na]
	at com.mongodb.internal.connection.InternalStreamConnection.receiveResponseBuffers(InternalStreamConnection.java:862) ~[mongodb-driver-core-5.2.1.jar:na]
	at com.mongodb.internal.connection.InternalStreamConnection.receiveCommandMessageResponse(InternalStreamConnection.java:517) ~[mongodb-driver-core-5.2.1.jar:na]
	at com.mongodb.internal.connection.InternalStreamConnection.receive(InternalStreamConnection.java:469) ~[mongodb-driver-core-5.2.1.jar:na]
	at com.mongodb.internal.connection.DefaultServerMonitor$ServerMonitor.lookupServerDescription(DefaultServerMonitor.java:249) ~[mongodb-driver-core-5.2.1.jar:na]
	at com.mongodb.internal.connection.DefaultServerMonitor$ServerMonitor.run(DefaultServerMonitor.java:176) ~[mongodb-driver-core-5.2.1.jar:na]
Caused by: java.net.SocketException: Connection reset
	at java.base/sun.nio.ch.NioSocketImpl.implRead(NioSocketImpl.java:328) ~[na:na]
	at java.base/sun.nio.ch.NioSocketImpl.read(NioSocketImpl.java:355) ~[na:na]
	at java.base/sun.nio.ch.NioSocketImpl$1.read(NioSocketImpl.java:808) ~[na:na]
	at java.base/java.net.Socket$SocketInputStream.read(Socket.java:966) ~[na:na]
	at java.base/sun.security.ssl.SSLSocketInputRecord.read(SSLSocketInputRecord.java:484) ~[na:na]
	at java.base/sun.security.ssl.SSLSocketInputRecord.readHeader(SSLSocketInputRecord.java:478) ~[na:na]
	at java.base/sun.security.ssl.SSLSocketInputRecord.bytesInCompletePacket(SSLSocketInputRecord.java:70) ~[na:na]
	at java.base/sun.security.ssl.SSLSocketImpl.readApplicationRecord(SSLSocketImpl.java:1461) ~[na:na]
	at java.base/sun.security.ssl.SSLSocketImpl$AppInputStream.read(SSLSocketImpl.java:1065) ~[na:na]
	at com.mongodb.internal.connection.SocketStream.read(SocketStream.java:182) ~[mongodb-driver-core-5.2.1.jar:na]
	at com.mongodb.internal.connection.InternalStreamConnection.receiveResponseBuffers(InternalStreamConnection.java:829) ~[mongodb-driver-core-5.2.1.jar:na]
	... 4 common frames omitted

2026-05-18T22:54:22.758+01:00  INFO 29248 --- [SocialService] [ngodb.net:27017] org.mongodb.driver.cluster               : Exception in monitor thread while connecting to server ac-khxyvkv-shard-00-02.ltylxsp.mongodb.net:27017

com.mongodb.MongoSocketException: Hôte inconnu (ac-khxyvkv-shard-00-02.ltylxsp.mongodb.net)
	at com.mongodb.internal.connection.ServerAddressHelper.getSocketAddresses(ServerAddressHelper.java:75) ~[mongodb-driver-core-5.2.1.jar:na]
	at com.mongodb.internal.connection.SocketStream.initializeSocket(SocketStream.java:100) ~[mongodb-driver-core-5.2.1.jar:na]
	at com.mongodb.internal.connection.SocketStream.open(SocketStream.java:79) ~[mongodb-driver-core-5.2.1.jar:na]
	at com.mongodb.internal.connection.InternalStreamConnection.open(InternalStreamConnection.java:233) ~[mongodb-driver-core-5.2.1.jar:na]
	at com.mongodb.internal.connection.DefaultServerMonitor$ServerMonitor.lookupServerDescription(DefaultServerMonitor.java:219) ~[mongodb-driver-core-5.2.1.jar:na]
	at com.mongodb.internal.connection.DefaultServerMonitor$ServerMonitor.run(DefaultServerMonitor.java:176) ~[mongodb-driver-core-5.2.1.jar:na]
Caused by: java.net.UnknownHostException: Hôte inconnu (ac-khxyvkv-shard-00-02.ltylxsp.mongodb.net)
	at java.base/java.net.Inet6AddressImpl.lookupAllHostAddr(Native Method) ~[na:na]
	at java.base/java.net.InetAddress$PlatformNameService.lookupAllHostAddr(InetAddress.java:933) ~[na:na]
	at java.base/java.net.InetAddress.getAddressesFromNameService(InetAddress.java:1543) ~[na:na]
	at java.base/java.net.InetAddress$NameServiceAddresses.get(InetAddress.java:852) ~[na:na]
	at java.base/java.net.InetAddress.getAllByName0(InetAddress.java:1532) ~[na:na]
	at java.base/java.net.InetAddress.getAllByName(InetAddress.java:1384) ~[na:na]
	at java.base/java.net.InetAddress.getAllByName(InetAddress.java:1305) ~[na:na]
	at com.mongodb.internal.connection.DefaultInetAddressResolver.lookupByName(DefaultInetAddressResolver.java:34) ~[mongodb-driver-core-5.2.1.jar:na]
	at com.mongodb.internal.connection.ServerAddressHelper.getSocketAddresses(ServerAddressHelper.java:71) ~[mongodb-driver-core-5.2.1.jar:na]
	... 5 common frames omitted

2026-05-18T22:54:22.758+01:00  INFO 29248 --- [SocialService] [ngodb.net:27017] org.mongodb.driver.cluster               : Exception in monitor thread while connecting to server ac-khxyvkv-shard-00-00.ltylxsp.mongodb.net:27017

com.mongodb.MongoSocketException: Hôte inconnu (ac-khxyvkv-shard-00-00.ltylxsp.mongodb.net)
	at com.mongodb.internal.connection.ServerAddressHelper.getSocketAddresses(ServerAddressHelper.java:75) ~[mongodb-driver-core-5.2.1.jar:na]
	at com.mongodb.internal.connection.SocketStream.initializeSocket(SocketStream.java:100) ~[mongodb-driver-core-5.2.1.jar:na]
	at com.mongodb.internal.connection.SocketStream.open(SocketStream.java:79) ~[mongodb-driver-core-5.2.1.jar:na]
	at com.mongodb.internal.connection.InternalStreamConnection.open(InternalStreamConnection.java:233) ~[mongodb-driver-core-5.2.1.jar:na]
	at com.mongodb.internal.connection.DefaultServerMonitor$ServerMonitor.lookupServerDescription(DefaultServerMonitor.java:219) ~[mongodb-driver-core-5.2.1.jar:na]
	at com.mongodb.internal.connection.DefaultServerMonitor$ServerMonitor.run(DefaultServerMonitor.java:176) ~[mongodb-driver-core-5.2.1.jar:na]
Caused by: java.net.UnknownHostException: Hôte inconnu (ac-khxyvkv-shard-00-00.ltylxsp.mongodb.net)
	at java.base/java.net.Inet6AddressImpl.lookupAllHostAddr(Native Method) ~[na:na]
	at java.base/java.net.InetAddress$PlatformNameService.lookupAllHostAddr(InetAddress.java:933) ~[na:na]
	at java.base/java.net.InetAddress.getAddressesFromNameService(InetAddress.java:1543) ~[na:na]
	at java.base/java.net.InetAddress$NameServiceAddresses.get(InetAddress.java:852) ~[na:na]
	at java.base/java.net.InetAddress.getAllByName0(InetAddress.java:1532) ~[na:na]
	at java.base/java.net.InetAddress.getAllByName(InetAddress.java:1384) ~[na:na]
	at java.base/java.net.InetAddress.getAllByName(InetAddress.java:1305) ~[na:na]
	at com.mongodb.internal.connection.DefaultInetAddressResolver.lookupByName(DefaultInetAddressResolver.java:34) ~[mongodb-driver-core-5.2.1.jar:na]
	at com.mongodb.internal.connection.ServerAddressHelper.getSocketAddresses(ServerAddressHelper.java:71) ~[mongodb-driver-core-5.2.1.jar:na]
	... 5 common frames omitted

2026-05-18T22:54:22.971+01:00  INFO 29248 --- [SocialService] [ngodb.net:27017] org.mongodb.driver.cluster               : Exception in monitor thread while connecting to server ac-khxyvkv-shard-00-01.ltylxsp.mongodb.net:27017

com.mongodb.MongoSocketOpenException: Exception opening socket
	at com.mongodb.internal.connection.SocketStream.lambda$open$0(SocketStream.java:85) ~[mongodb-driver-core-5.2.1.jar:na]
	at java.base/java.util.Optional.orElseThrow(Optional.java:403) ~[na:na]
	at com.mongodb.internal.connection.SocketStream.open(SocketStream.java:85) ~[mongodb-driver-core-5.2.1.jar:na]
	at com.mongodb.internal.connection.InternalStreamConnection.open(InternalStreamConnection.java:233) ~[mongodb-driver-core-5.2.1.jar:na]
	at com.mongodb.internal.connection.DefaultServerMonitor$ServerMonitor.lookupServerDescription(DefaultServerMonitor.java:219) ~[mongodb-driver-core-5.2.1.jar:na]
	at com.mongodb.internal.connection.DefaultServerMonitor$ServerMonitor.run(DefaultServerMonitor.java:176) ~[mongodb-driver-core-5.2.1.jar:na]
Caused by: java.net.SocketException: Network is unreachable: no further information
	at java.base/sun.nio.ch.Net.pollConnect(Native Method) ~[na:na]
	at java.base/sun.nio.ch.Net.pollConnectNow(Net.java:672) ~[na:na]
	at java.base/sun.nio.ch.NioSocketImpl.timedFinishConnect(NioSocketImpl.java:547) ~[na:na]
	at java.base/sun.nio.ch.NioSocketImpl.connect(NioSocketImpl.java:602) ~[na:na]
	at java.base/java.net.SocksSocketImpl.connect(SocksSocketImpl.java:327) ~[na:na]
	at java.base/java.net.Socket.connect(Socket.java:633) ~[na:na]
	at java.base/sun.security.ssl.SSLSocketImpl.connect(SSLSocketImpl.java:304) ~[na:na]
	at com.mongodb.internal.connection.SocketStreamHelper.initialize(SocketStreamHelper.java:76) ~[mongodb-driver-core-5.2.1.jar:na]
	at com.mongodb.internal.connection.SocketStream.initializeSocket(SocketStream.java:104) ~[mongodb-driver-core-5.2.1.jar:na]
	at com.mongodb.internal.connection.SocketStream.open(SocketStream.java:79) ~[mongodb-driver-core-5.2.1.jar:na]
	... 3 common frames omitted

2026-05-18T23:40:17.468+01:00  INFO 29248 --- [SocialService] [ngodb.net:27017] org.mongodb.driver.cluster               : Monitor thread successfully connected to server with description ServerDescription{address=ac-khxyvkv-shard-00-01.ltylxsp.mongodb.net:27017, type=REPLICA_SET_SECONDARY, cryptd=false, state=CONNECTED, ok=true, minWireVersion=0, maxWireVersion=25, maxDocumentSize=16777216, logicalSessionTimeoutMinutes=30, roundTripTimeNanos=102061800, minRoundTripTimeNanos=0, setName='atlas-6x6yvm-shard-0', canonicalAddress=ac-khxyvkv-shard-00-01.ltylxsp.mongodb.net:27017, hosts=[ac-khxyvkv-shard-00-00.ltylxsp.mongodb.net:27017, ac-khxyvkv-shard-00-01.ltylxsp.mongodb.net:27017, ac-khxyvkv-shard-00-02.ltylxsp.mongodb.net:27017], passives=[], arbiters=[], primary='ac-khxyvkv-shard-00-02.ltylxsp.mongodb.net:27017', tagSet=TagSet{[Tag{name='availabilityZone', value='euw3-az2'}, Tag{name='cacheState', value='READY'}, Tag{name='diskState', value='READY'}, Tag{name='nodeType', value='ELECTABLE'}, Tag{name='provider', value='AWS'}, Tag{name='region', value='EU_WEST_3'}, Tag{name='workloadType', value='OPERATIONAL'}]}, electionId=null, setVersion=36, topologyVersion=TopologyVersion{processId=6a0b7610b7f22932df19d864, counter=3}, lastWriteDate=Mon May 18 23:40:16 WAT 2026, lastUpdateTimeNanos=221735065591300}
2026-05-18T23:40:17.468+01:00  INFO 29248 --- [SocialService] [ngodb.net:27017] org.mongodb.driver.cluster               : Monitor thread successfully connected to server with description ServerDescription{address=ac-khxyvkv-shard-00-02.ltylxsp.mongodb.net:27017, type=REPLICA_SET_PRIMARY, cryptd=false, state=CONNECTED, ok=true, minWireVersion=0, maxWireVersion=25, maxDocumentSize=16777216, logicalSessionTimeoutMinutes=30, roundTripTimeNanos=136343400, minRoundTripTimeNanos=0, setName='atlas-6x6yvm-shard-0', canonicalAddress=ac-khxyvkv-shard-00-02.ltylxsp.mongodb.net:27017, hosts=[ac-khxyvkv-shard-00-00.ltylxsp.mongodb.net:27017, ac-khxyvkv-shard-00-01.ltylxsp.mongodb.net:27017, ac-khxyvkv-shard-00-02.ltylxsp.mongodb.net:27017], passives=[], arbiters=[], primary='ac-khxyvkv-shard-00-02.ltylxsp.mongodb.net:27017', tagSet=TagSet{[Tag{name='availabilityZone', value='euw3-az3'}, Tag{name='cacheState', value='READY'}, Tag{name='diskState', value='READY'}, Tag{name='nodeType', value='ELECTABLE'}, Tag{name='provider', value='AWS'}, Tag{name='region', value='EU_WEST_3'}, Tag{name='workloadType', value='OPERATIONAL'}]}, electionId=7fffffff000000000000006a, setVersion=36, topologyVersion=TopologyVersion{processId=6a0b739aa9fe492cf1ce6df6, counter=6}, lastWriteDate=Mon May 18 23:40:16 WAT 2026, lastUpdateTimeNanos=221735031805200}
2026-05-18T23:40:17.508+01:00  INFO 29248 --- [SocialService] [ngodb.net:27017] org.mongodb.driver.cluster               : Monitor thread successfully connected to server with description ServerDescription{address=ac-khxyvkv-shard-00-00.ltylxsp.mongodb.net:27017, type=REPLICA_SET_SECONDARY, cryptd=false, state=CONNECTED, ok=true, minWireVersion=0, maxWireVersion=25, maxDocumentSize=16777216, logicalSessionTimeoutMinutes=30, roundTripTimeNanos=223792900, minRoundTripTimeNanos=0, setName='atlas-6x6yvm-shard-0', canonicalAddress=ac-khxyvkv-shard-00-00.ltylxsp.mongodb.net:27017, hosts=[ac-khxyvkv-shard-00-00.ltylxsp.mongodb.net:27017, ac-khxyvkv-shard-00-01.ltylxsp.mongodb.net:27017, ac-khxyvkv-shard-00-02.ltylxsp.mongodb.net:27017], passives=[], arbiters=[], primary='ac-khxyvkv-shard-00-02.ltylxsp.mongodb.net:27017', tagSet=TagSet{[Tag{name='availabilityZone', value='euw3-az1'}, Tag{name='cacheState', value='READY'}, Tag{name='diskState', value='READY'}, Tag{name='nodeType', value='ELECTABLE'}, Tag{name='provider', value='AWS'}, Tag{name='region', value='EU_WEST_3'}, Tag{name='workloadType', value='OPERATIONAL'}]}, electionId=null, setVersion=36, topologyVersion=TopologyVersion{processId=6a0b71594350e6bbf1a71fd2, counter=4}, lastWriteDate=Mon May 18 23:40:16 WAT 2026, lastUpdateTimeNanos=221735031794500}
2026-05-18T23:40:17.531+01:00  INFO 29248 --- [SocialService] [ngodb.net:27017] org.mongodb.driver.cluster               : Discovered replica set primary ac-khxyvkv-shard-00-02.ltylxsp.mongodb.net:27017 with max election id 7fffffff000000000000006a and max set version 36
2026-05-19T13:34:45.945+01:00  INFO 29248 --- [SocialService] [ngodb.net:27017] org.mongodb.driver.cluster               : Exception in monitor thread while connecting to server ac-khxyvkv-shard-00-01.ltylxsp.mongodb.net:27017

com.mongodb.MongoSocketReadException: Exception receiving message
	at com.mongodb.internal.connection.InternalStreamConnection.translateReadException(InternalStreamConnection.java:814) ~[mongodb-driver-core-5.2.1.jar:na]
	at com.mongodb.internal.connection.InternalStreamConnection.receiveResponseBuffers(InternalStreamConnection.java:862) ~[mongodb-driver-core-5.2.1.jar:na]
	at com.mongodb.internal.connection.InternalStreamConnection.receiveCommandMessageResponse(InternalStreamConnection.java:517) ~[mongodb-driver-core-5.2.1.jar:na]
	at com.mongodb.internal.connection.InternalStreamConnection.receive(InternalStreamConnection.java:469) ~[mongodb-driver-core-5.2.1.jar:na]
	at com.mongodb.internal.connection.DefaultServerMonitor$ServerMonitor.lookupServerDescription(DefaultServerMonitor.java:249) ~[mongodb-driver-core-5.2.1.jar:na]
	at com.mongodb.internal.connection.DefaultServerMonitor$ServerMonitor.run(DefaultServerMonitor.java:176) ~[mongodb-driver-core-5.2.1.jar:na]
Caused by: java.net.SocketException: Connection reset
	at java.base/sun.nio.ch.NioSocketImpl.implRead(NioSocketImpl.java:328) ~[na:na]
	at java.base/sun.nio.ch.NioSocketImpl.read(NioSocketImpl.java:355) ~[na:na]
	at java.base/sun.nio.ch.NioSocketImpl$1.read(NioSocketImpl.java:808) ~[na:na]
	at java.base/java.net.Socket$SocketInputStream.read(Socket.java:966) ~[na:na]
	at java.base/sun.security.ssl.SSLSocketInputRecord.read(SSLSocketInputRecord.java:484) ~[na:na]
	at java.base/sun.security.ssl.SSLSocketInputRecord.readHeader(SSLSocketInputRecord.java:478) ~[na:na]
	at java.base/sun.security.ssl.SSLSocketInputRecord.bytesInCompletePacket(SSLSocketInputRecord.java:70) ~[na:na]
	at java.base/sun.security.ssl.SSLSocketImpl.readApplicationRecord(SSLSocketImpl.java:1461) ~[na:na]
	at java.base/sun.security.ssl.SSLSocketImpl$AppInputStream.read(SSLSocketImpl.java:1065) ~[na:na]
	at com.mongodb.internal.connection.SocketStream.read(SocketStream.java:182) ~[mongodb-driver-core-5.2.1.jar:na]
	at com.mongodb.internal.connection.InternalStreamConnection.receiveResponseBuffers(InternalStreamConnection.java:829) ~[mongodb-driver-core-5.2.1.jar:na]
	... 4 common frames omitted

2026-05-19T13:34:45.962+01:00  INFO 29248 --- [SocialService] [ngodb.net:27017] org.mongodb.driver.cluster               : Exception in monitor thread while connecting to server ac-khxyvkv-shard-00-02.ltylxsp.mongodb.net:27017

com.mongodb.MongoSocketReadException: Exception receiving message
	at com.mongodb.internal.connection.InternalStreamConnection.translateReadException(InternalStreamConnection.java:814) ~[mongodb-driver-core-5.2.1.jar:na]
	at com.mongodb.internal.connection.InternalStreamConnection.receiveResponseBuffers(InternalStreamConnection.java:862) ~[mongodb-driver-core-5.2.1.jar:na]
	at com.mongodb.internal.connection.InternalStreamConnection.receiveCommandMessageResponse(InternalStreamConnection.java:517) ~[mongodb-driver-core-5.2.1.jar:na]
	at com.mongodb.internal.connection.InternalStreamConnection.receive(InternalStreamConnection.java:469) ~[mongodb-driver-core-5.2.1.jar:na]
	at com.mongodb.internal.connection.DefaultServerMonitor$ServerMonitor.lookupServerDescription(DefaultServerMonitor.java:249) ~[mongodb-driver-core-5.2.1.jar:na]
	at com.mongodb.internal.connection.DefaultServerMonitor$ServerMonitor.run(DefaultServerMonitor.java:176) ~[mongodb-driver-core-5.2.1.jar:na]
Caused by: java.net.SocketException: Connection reset
	at java.base/sun.nio.ch.NioSocketImpl.implRead(NioSocketImpl.java:328) ~[na:na]
	at java.base/sun.nio.ch.NioSocketImpl.read(NioSocketImpl.java:355) ~[na:na]
	at java.base/sun.nio.ch.NioSocketImpl$1.read(NioSocketImpl.java:808) ~[na:na]
	at java.base/java.net.Socket$SocketInputStream.read(Socket.java:966) ~[na:na]
	at java.base/sun.security.ssl.SSLSocketInputRecord.read(SSLSocketInputRecord.java:484) ~[na:na]
	at java.base/sun.security.ssl.SSLSocketInputRecord.readHeader(SSLSocketInputRecord.java:478) ~[na:na]
	at java.base/sun.security.ssl.SSLSocketInputRecord.bytesInCompletePacket(SSLSocketInputRecord.java:70) ~[na:na]
	at java.base/sun.security.ssl.SSLSocketImpl.readApplicationRecord(SSLSocketImpl.java:1461) ~[na:na]
	at java.base/sun.security.ssl.SSLSocketImpl$AppInputStream.read(SSLSocketImpl.java:1065) ~[na:na]
	at com.mongodb.internal.connection.SocketStream.read(SocketStream.java:182) ~[mongodb-driver-core-5.2.1.jar:na]
	at com.mongodb.internal.connection.InternalStreamConnection.receiveResponseBuffers(InternalStreamConnection.java:829) ~[mongodb-driver-core-5.2.1.jar:na]
	... 4 common frames omitted

2026-05-19T13:34:45.965+01:00  INFO 29248 --- [SocialService] [ngodb.net:27017] org.mongodb.driver.cluster               : Exception in monitor thread while connecting to server ac-khxyvkv-shard-00-00.ltylxsp.mongodb.net:27017

com.mongodb.MongoSocketReadException: Exception receiving message
	at com.mongodb.internal.connection.InternalStreamConnection.translateReadException(InternalStreamConnection.java:814) ~[mongodb-driver-core-5.2.1.jar:na]
	at com.mongodb.internal.connection.InternalStreamConnection.receiveResponseBuffers(InternalStreamConnection.java:862) ~[mongodb-driver-core-5.2.1.jar:na]
	at com.mongodb.internal.connection.InternalStreamConnection.receiveCommandMessageResponse(InternalStreamConnection.java:517) ~[mongodb-driver-core-5.2.1.jar:na]
	at com.mongodb.internal.connection.InternalStreamConnection.receive(InternalStreamConnection.java:469) ~[mongodb-driver-core-5.2.1.jar:na]
	at com.mongodb.internal.connection.DefaultServerMonitor$ServerMonitor.lookupServerDescription(DefaultServerMonitor.java:249) ~[mongodb-driver-core-5.2.1.jar:na]
	at com.mongodb.internal.connection.DefaultServerMonitor$ServerMonitor.run(DefaultServerMonitor.java:176) ~[mongodb-driver-core-5.2.1.jar:na]
Caused by: java.net.SocketException: Connection reset
	at java.base/sun.nio.ch.NioSocketImpl.implRead(NioSocketImpl.java:328) ~[na:na]
	at java.base/sun.nio.ch.NioSocketImpl.read(NioSocketImpl.java:355) ~[na:na]
	at java.base/sun.nio.ch.NioSocketImpl$1.read(NioSocketImpl.java:808) ~[na:na]
	at java.base/java.net.Socket$SocketInputStream.read(Socket.java:966) ~[na:na]
	at java.base/sun.security.ssl.SSLSocketInputRecord.read(SSLSocketInputRecord.java:484) ~[na:na]
	at java.base/sun.security.ssl.SSLSocketInputRecord.readHeader(SSLSocketInputRecord.java:478) ~[na:na]
	at java.base/sun.security.ssl.SSLSocketInputRecord.bytesInCompletePacket(SSLSocketInputRecord.java:70) ~[na:na]
	at java.base/sun.security.ssl.SSLSocketImpl.readApplicationRecord(SSLSocketImpl.java:1461) ~[na:na]
	at java.base/sun.security.ssl.SSLSocketImpl$AppInputStream.read(SSLSocketImpl.java:1065) ~[na:na]
	at com.mongodb.internal.connection.SocketStream.read(SocketStream.java:182) ~[mongodb-driver-core-5.2.1.jar:na]
	at com.mongodb.internal.connection.InternalStreamConnection.receiveResponseBuffers(InternalStreamConnection.java:829) ~[mongodb-driver-core-5.2.1.jar:na]
	... 4 common frames omitted

2026-05-19T13:34:46.700+01:00  INFO 29248 --- [SocialService] [ngodb.net:27017] org.mongodb.driver.cluster               : Monitor thread successfully connected to server with description ServerDescription{address=ac-khxyvkv-shard-00-00.ltylxsp.mongodb.net:27017, type=REPLICA_SET_SECONDARY, cryptd=false, state=CONNECTED, ok=true, minWireVersion=0, maxWireVersion=25, maxDocumentSize=16777216, logicalSessionTimeoutMinutes=30, roundTripTimeNanos=467109900, minRoundTripTimeNanos=0, setName='atlas-6x6yvm-shard-0', canonicalAddress=ac-khxyvkv-shard-00-00.ltylxsp.mongodb.net:27017, hosts=[ac-khxyvkv-shard-00-00.ltylxsp.mongodb.net:27017, ac-khxyvkv-shard-00-01.ltylxsp.mongodb.net:27017, ac-khxyvkv-shard-00-02.ltylxsp.mongodb.net:27017], passives=[], arbiters=[], primary='ac-khxyvkv-shard-00-02.ltylxsp.mongodb.net:27017', tagSet=TagSet{[Tag{name='availabilityZone', value='euw3-az1'}, Tag{name='cacheState', value='READY'}, Tag{name='diskState', value='READY'}, Tag{name='nodeType', value='ELECTABLE'}, Tag{name='provider', value='AWS'}, Tag{name='region', value='EU_WEST_3'}, Tag{name='workloadType', value='OPERATIONAL'}]}, electionId=null, setVersion=36, topologyVersion=TopologyVersion{processId=6a0b71594350e6bbf1a71fd2, counter=4}, lastWriteDate=Tue May 19 13:34:45 WAT 2026, lastUpdateTimeNanos=271809844977699}
2026-05-19T13:34:46.703+01:00  INFO 29248 --- [SocialService] [ngodb.net:27017] org.mongodb.driver.cluster               : Monitor thread successfully connected to server with description ServerDescription{address=ac-khxyvkv-shard-00-02.ltylxsp.mongodb.net:27017, type=REPLICA_SET_PRIMARY, cryptd=false, state=CONNECTED, ok=true, minWireVersion=0, maxWireVersion=25, maxDocumentSize=16777216, logicalSessionTimeoutMinutes=30, roundTripTimeNanos=470239500, minRoundTripTimeNanos=0, setName='atlas-6x6yvm-shard-0', canonicalAddress=ac-khxyvkv-shard-00-02.ltylxsp.mongodb.net:27017, hosts=[ac-khxyvkv-shard-00-00.ltylxsp.mongodb.net:27017, ac-khxyvkv-shard-00-01.ltylxsp.mongodb.net:27017, ac-khxyvkv-shard-00-02.ltylxsp.mongodb.net:27017], passives=[], arbiters=[], primary='ac-khxyvkv-shard-00-02.ltylxsp.mongodb.net:27017', tagSet=TagSet{[Tag{name='availabilityZone', value='euw3-az3'}, Tag{name='cacheState', value='READY'}, Tag{name='diskState', value='READY'}, Tag{name='nodeType', value='ELECTABLE'}, Tag{name='provider', value='AWS'}, Tag{name='region', value='EU_WEST_3'}, Tag{name='workloadType', value='OPERATIONAL'}]}, electionId=7fffffff000000000000006a, setVersion=36, topologyVersion=TopologyVersion{processId=6a0b739aa9fe492cf1ce6df6, counter=6}, lastWriteDate=Tue May 19 13:34:45 WAT 2026, lastUpdateTimeNanos=271809848114300}
2026-05-19T13:34:46.703+01:00  INFO 29248 --- [SocialService] [ngodb.net:27017] org.mongodb.driver.cluster               : Discovered replica set primary ac-khxyvkv-shard-00-02.ltylxsp.mongodb.net:27017 with max election id 7fffffff000000000000006a and max set version 36
2026-05-19T13:34:46.706+01:00  INFO 29248 --- [SocialService] [ngodb.net:27017] org.mongodb.driver.cluster               : Monitor thread successfully connected to server with description ServerDescription{address=ac-khxyvkv-shard-00-01.ltylxsp.mongodb.net:27017, type=REPLICA_SET_SECONDARY, cryptd=false, state=CONNECTED, ok=true, minWireVersion=0, maxWireVersion=25, maxDocumentSize=16777216, logicalSessionTimeoutMinutes=30, roundTripTimeNanos=561926900, minRoundTripTimeNanos=0, setName='atlas-6x6yvm-shard-0', canonicalAddress=ac-khxyvkv-shard-00-01.ltylxsp.mongodb.net:27017, hosts=[ac-khxyvkv-shard-00-00.ltylxsp.mongodb.net:27017, ac-khxyvkv-shard-00-01.ltylxsp.mongodb.net:27017, ac-khxyvkv-shard-00-02.ltylxsp.mongodb.net:27017], passives=[], arbiters=[], primary='ac-khxyvkv-shard-00-02.ltylxsp.mongodb.net:27017', tagSet=TagSet{[Tag{name='availabilityZone', value='euw3-az2'}, Tag{name='cacheState', value='READY'}, Tag{name='diskState', value='READY'}, Tag{name='nodeType', value='ELECTABLE'}, Tag{name='provider', value='AWS'}, Tag{name='region', value='EU_WEST_3'}, Tag{name='workloadType', value='OPERATIONAL'}]}, electionId=null, setVersion=36, topologyVersion=TopologyVersion{processId=6a0b7610b7f22932df19d864, counter=3}, lastWriteDate=Tue May 19 13:34:45 WAT 2026, lastUpdateTimeNanos=271809851148900}
2026-05-19T13:56:29.236+01:00  INFO 29248 --- [SocialService] [MessageBroker-1] o.s.w.s.c.WebSocketMessageBrokerStats    : WebSocketSession[0 current WS(0)-HttpStream(0)-HttpPoll(0), 0 total, 0 closed abnormally (0 connect failure, 0 send limit, 0 transport error)], stompSubProtocol[processed CONNECT(0)-CONNECTED(0)-DISCONNECT(0)], stompBrokerRelay[null], inboundChannel[pool size = 0, active threads = 0, queued tasks = 0, completed tasks = 0], outboundChannel[pool size = 0, active threads = 0, queued tasks = 0, completed tasks = 0], sockJsScheduler[pool size = 8, active threads = 1, queued tasks = 0, completed tasks = 23]
2026-05-19T14:26:28.919+01:00  INFO 29248 --- [SocialService] [MessageBroker-1] o.s.w.s.c.WebSocketMessageBrokerStats    : WebSocketSession[0 current WS(0)-HttpStream(0)-HttpPoll(0), 0 total, 0 closed abnormally (0 connect failure, 0 send limit, 0 transport error)], stompSubProtocol[processed CONNECT(0)-CONNECTED(0)-DISCONNECT(0)], stompBrokerRelay[null], inboundChannel[pool size = 0, active threads = 0, queued tasks = 0, completed tasks = 0], outboundChannel[pool size = 0, active threads = 0, queued tasks = 0, completed tasks = 0], sockJsScheduler[pool size = 8, active threads = 1, queued tasks = 0, completed tasks = 24]
2026-05-19T14:35:09.663+01:00  INFO 29248 --- [SocialService] [ngodb.net:27017] org.mongodb.driver.cluster               : Exception in monitor thread while connecting to server ac-khxyvkv-shard-00-01.ltylxsp.mongodb.net:27017

com.mongodb.MongoSocketReadTimeoutException: Timeout while receiving message
	at com.mongodb.internal.connection.InternalStreamConnection.createReadTimeoutException(InternalStreamConnection.java:824) ~[mongodb-driver-core-5.2.1.jar:na]
	at com.mongodb.internal.connection.InternalStreamConnection.translateReadException(InternalStreamConnection.java:812) ~[mongodb-driver-core-5.2.1.jar:na]
	at com.mongodb.internal.connection.InternalStreamConnection.receiveResponseBuffers(InternalStreamConnection.java:862) ~[mongodb-driver-core-5.2.1.jar:na]
	at com.mongodb.internal.connection.InternalStreamConnection.receiveCommandMessageResponse(InternalStreamConnection.java:517) ~[mongodb-driver-core-5.2.1.jar:na]
	at com.mongodb.internal.connection.InternalStreamConnection.receive(InternalStreamConnection.java:469) ~[mongodb-driver-core-5.2.1.jar:na]
	at com.mongodb.internal.connection.DefaultServerMonitor$ServerMonitor.lookupServerDescription(DefaultServerMonitor.java:249) ~[mongodb-driver-core-5.2.1.jar:na]
	at com.mongodb.internal.connection.DefaultServerMonitor$ServerMonitor.run(DefaultServerMonitor.java:176) ~[mongodb-driver-core-5.2.1.jar:na]
Caused by: java.net.SocketTimeoutException: Read timed out
	at java.base/sun.nio.ch.NioSocketImpl.timedRead(NioSocketImpl.java:288) ~[na:na]
	at java.base/sun.nio.ch.NioSocketImpl.implRead(NioSocketImpl.java:314) ~[na:na]
	at java.base/sun.nio.ch.NioSocketImpl.read(NioSocketImpl.java:355) ~[na:na]
	at java.base/sun.nio.ch.NioSocketImpl$1.read(NioSocketImpl.java:808) ~[na:na]
	at java.base/java.net.Socket$SocketInputStream.read(Socket.java:966) ~[na:na]
	at java.base/sun.security.ssl.SSLSocketInputRecord.read(SSLSocketInputRecord.java:484) ~[na:na]
	at java.base/sun.security.ssl.SSLSocketInputRecord.readHeader(SSLSocketInputRecord.java:478) ~[na:na]
	at java.base/sun.security.ssl.SSLSocketInputRecord.bytesInCompletePacket(SSLSocketInputRecord.java:70) ~[na:na]
	at java.base/sun.security.ssl.SSLSocketImpl.readApplicationRecord(SSLSocketImpl.java:1461) ~[na:na]
	at java.base/sun.security.ssl.SSLSocketImpl$AppInputStream.read(SSLSocketImpl.java:1065) ~[na:na]
	at com.mongodb.internal.connection.SocketStream.read(SocketStream.java:182) ~[mongodb-driver-core-5.2.1.jar:na]
	at com.mongodb.internal.connection.InternalStreamConnection.receiveResponseBuffers(InternalStreamConnection.java:829) ~[mongodb-driver-core-5.2.1.jar:na]
	... 4 common frames omitted

2026-05-19T14:35:09.964+01:00  INFO 29248 --- [SocialService] [ngodb.net:27017] org.mongodb.driver.cluster               : Exception in monitor thread while connecting to server ac-khxyvkv-shard-00-00.ltylxsp.mongodb.net:27017

com.mongodb.MongoSocketReadTimeoutException: Timeout while receiving message
	at com.mongodb.internal.connection.InternalStreamConnection.createReadTimeoutException(InternalStreamConnection.java:824) ~[mongodb-driver-core-5.2.1.jar:na]
	at com.mongodb.internal.connection.InternalStreamConnection.translateReadException(InternalStreamConnection.java:812) ~[mongodb-driver-core-5.2.1.jar:na]
	at com.mongodb.internal.connection.InternalStreamConnection.receiveResponseBuffers(InternalStreamConnection.java:862) ~[mongodb-driver-core-5.2.1.jar:na]
	at com.mongodb.internal.connection.InternalStreamConnection.receiveCommandMessageResponse(InternalStreamConnection.java:517) ~[mongodb-driver-core-5.2.1.jar:na]
	at com.mongodb.internal.connection.InternalStreamConnection.receive(InternalStreamConnection.java:469) ~[mongodb-driver-core-5.2.1.jar:na]
	at com.mongodb.internal.connection.DefaultServerMonitor$ServerMonitor.lookupServerDescription(DefaultServerMonitor.java:249) ~[mongodb-driver-core-5.2.1.jar:na]
	at com.mongodb.internal.connection.DefaultServerMonitor$ServerMonitor.run(DefaultServerMonitor.java:176) ~[mongodb-driver-core-5.2.1.jar:na]
Caused by: java.net.SocketTimeoutException: Read timed out
	at java.base/sun.nio.ch.NioSocketImpl.timedRead(NioSocketImpl.java:288) ~[na:na]
	at java.base/sun.nio.ch.NioSocketImpl.implRead(NioSocketImpl.java:314) ~[na:na]
	at java.base/sun.nio.ch.NioSocketImpl.read(NioSocketImpl.java:355) ~[na:na]
	at java.base/sun.nio.ch.NioSocketImpl$1.read(NioSocketImpl.java:808) ~[na:na]
	at java.base/java.net.Socket$SocketInputStream.read(Socket.java:966) ~[na:na]
	at java.base/sun.security.ssl.SSLSocketInputRecord.read(SSLSocketInputRecord.java:484) ~[na:na]
	at java.base/sun.security.ssl.SSLSocketInputRecord.readHeader(SSLSocketInputRecord.java:478) ~[na:na]
	at java.base/sun.security.ssl.SSLSocketInputRecord.bytesInCompletePacket(SSLSocketInputRecord.java:70) ~[na:na]
	at java.base/sun.security.ssl.SSLSocketImpl.readApplicationRecord(SSLSocketImpl.java:1461) ~[na:na]
	at java.base/sun.security.ssl.SSLSocketImpl$AppInputStream.read(SSLSocketImpl.java:1065) ~[na:na]
	at com.mongodb.internal.connection.SocketStream.read(SocketStream.java:182) ~[mongodb-driver-core-5.2.1.jar:na]
	at com.mongodb.internal.connection.InternalStreamConnection.receiveResponseBuffers(InternalStreamConnection.java:829) ~[mongodb-driver-core-5.2.1.jar:na]
	... 4 common frames omitted

2026-05-19T14:35:10.118+01:00  INFO 29248 --- [SocialService] [ngodb.net:27017] org.mongodb.driver.cluster               : Exception in monitor thread while connecting to server ac-khxyvkv-shard-00-02.ltylxsp.mongodb.net:27017

com.mongodb.MongoSocketReadTimeoutException: Timeout while receiving message
	at com.mongodb.internal.connection.InternalStreamConnection.createReadTimeoutException(InternalStreamConnection.java:824) ~[mongodb-driver-core-5.2.1.jar:na]
	at com.mongodb.internal.connection.InternalStreamConnection.translateReadException(InternalStreamConnection.java:812) ~[mongodb-driver-core-5.2.1.jar:na]
	at com.mongodb.internal.connection.InternalStreamConnection.receiveResponseBuffers(InternalStreamConnection.java:862) ~[mongodb-driver-core-5.2.1.jar:na]
	at com.mongodb.internal.connection.InternalStreamConnection.receiveCommandMessageResponse(InternalStreamConnection.java:517) ~[mongodb-driver-core-5.2.1.jar:na]
	at com.mongodb.internal.connection.InternalStreamConnection.receive(InternalStreamConnection.java:469) ~[mongodb-driver-core-5.2.1.jar:na]
	at com.mongodb.internal.connection.DefaultServerMonitor$ServerMonitor.lookupServerDescription(DefaultServerMonitor.java:249) ~[mongodb-driver-core-5.2.1.jar:na]
	at com.mongodb.internal.connection.DefaultServerMonitor$ServerMonitor.run(DefaultServerMonitor.java:176) ~[mongodb-driver-core-5.2.1.jar:na]
Caused by: java.net.SocketTimeoutException: Read timed out
	at java.base/sun.nio.ch.NioSocketImpl.timedRead(NioSocketImpl.java:288) ~[na:na]
	at java.base/sun.nio.ch.NioSocketImpl.implRead(NioSocketImpl.java:314) ~[na:na]
	at java.base/sun.nio.ch.NioSocketImpl.read(NioSocketImpl.java:355) ~[na:na]
	at java.base/sun.nio.ch.NioSocketImpl$1.read(NioSocketImpl.java:808) ~[na:na]
	at java.base/java.net.Socket$SocketInputStream.read(Socket.java:966) ~[na:na]
	at java.base/sun.security.ssl.SSLSocketInputRecord.read(SSLSocketInputRecord.java:484) ~[na:na]
	at java.base/sun.security.ssl.SSLSocketInputRecord.readHeader(SSLSocketInputRecord.java:478) ~[na:na]
	at java.base/sun.security.ssl.SSLSocketInputRecord.bytesInCompletePacket(SSLSocketInputRecord.java:70) ~[na:na]
	at java.base/sun.security.ssl.SSLSocketImpl.readApplicationRecord(SSLSocketImpl.java:1461) ~[na:na]
	at java.base/sun.security.ssl.SSLSocketImpl$AppInputStream.read(SSLSocketImpl.java:1065) ~[na:na]
	at com.mongodb.internal.connection.SocketStream.read(SocketStream.java:182) ~[mongodb-driver-core-5.2.1.jar:na]
	at com.mongodb.internal.connection.InternalStreamConnection.receiveResponseBuffers(InternalStreamConnection.java:829) ~[mongodb-driver-core-5.2.1.jar:na]
	... 4 common frames omitted

2026-05-19T14:35:20.570+01:00  INFO 29248 --- [SocialService] [ngodb.net:27017] org.mongodb.driver.cluster               : Exception in monitor thread while connecting to server ac-khxyvkv-shard-00-01.ltylxsp.mongodb.net:27017

com.mongodb.MongoSocketException: Hôte inconnu (ac-khxyvkv-shard-00-01.ltylxsp.mongodb.net)
	at com.mongodb.internal.connection.ServerAddressHelper.getSocketAddresses(ServerAddressHelper.java:75) ~[mongodb-driver-core-5.2.1.jar:na]
	at com.mongodb.internal.connection.SocketStream.initializeSocket(SocketStream.java:100) ~[mongodb-driver-core-5.2.1.jar:na]
	at com.mongodb.internal.connection.SocketStream.open(SocketStream.java:79) ~[mongodb-driver-core-5.2.1.jar:na]
	at com.mongodb.internal.connection.InternalStreamConnection.open(InternalStreamConnection.java:233) ~[mongodb-driver-core-5.2.1.jar:na]
	at com.mongodb.internal.connection.DefaultServerMonitor$ServerMonitor.lookupServerDescription(DefaultServerMonitor.java:219) ~[mongodb-driver-core-5.2.1.jar:na]
	at com.mongodb.internal.connection.DefaultServerMonitor$ServerMonitor.run(DefaultServerMonitor.java:176) ~[mongodb-driver-core-5.2.1.jar:na]
Caused by: java.net.UnknownHostException: Hôte inconnu (ac-khxyvkv-shard-00-01.ltylxsp.mongodb.net)
	at java.base/java.net.Inet6AddressImpl.lookupAllHostAddr(Native Method) ~[na:na]
	at java.base/java.net.InetAddress$PlatformNameService.lookupAllHostAddr(InetAddress.java:933) ~[na:na]
	at java.base/java.net.InetAddress.getAddressesFromNameService(InetAddress.java:1543) ~[na:na]
	at java.base/java.net.InetAddress$NameServiceAddresses.get(InetAddress.java:852) ~[na:na]
	at java.base/java.net.InetAddress.getAllByName0(InetAddress.java:1532) ~[na:na]
	at java.base/java.net.InetAddress.getAllByName(InetAddress.java:1384) ~[na:na]
	at java.base/java.net.InetAddress.getAllByName(InetAddress.java:1305) ~[na:na]
	at com.mongodb.internal.connection.DefaultInetAddressResolver.lookupByName(DefaultInetAddressResolver.java:34) ~[mongodb-driver-core-5.2.1.jar:na]
	at com.mongodb.internal.connection.ServerAddressHelper.getSocketAddresses(ServerAddressHelper.java:71) ~[mongodb-driver-core-5.2.1.jar:na]
	... 5 common frames omitted

2026-05-19T14:35:20.604+01:00  INFO 29248 --- [SocialService] [ngodb.net:27017] org.mongodb.driver.cluster               : Exception in monitor thread while connecting to server ac-khxyvkv-shard-00-00.ltylxsp.mongodb.net:27017

com.mongodb.MongoSocketException: Hôte inconnu (ac-khxyvkv-shard-00-00.ltylxsp.mongodb.net)
	at com.mongodb.internal.connection.ServerAddressHelper.getSocketAddresses(ServerAddressHelper.java:75) ~[mongodb-driver-core-5.2.1.jar:na]
	at com.mongodb.internal.connection.SocketStream.initializeSocket(SocketStream.java:100) ~[mongodb-driver-core-5.2.1.jar:na]
	at com.mongodb.internal.connection.SocketStream.open(SocketStream.java:79) ~[mongodb-driver-core-5.2.1.jar:na]
	at com.mongodb.internal.connection.InternalStreamConnection.open(InternalStreamConnection.java:233) ~[mongodb-driver-core-5.2.1.jar:na]
	at com.mongodb.internal.connection.DefaultServerMonitor$ServerMonitor.lookupServerDescription(DefaultServerMonitor.java:219) ~[mongodb-driver-core-5.2.1.jar:na]
	at com.mongodb.internal.connection.DefaultServerMonitor$ServerMonitor.run(DefaultServerMonitor.java:176) ~[mongodb-driver-core-5.2.1.jar:na]
Caused by: java.net.UnknownHostException: Hôte inconnu (ac-khxyvkv-shard-00-00.ltylxsp.mongodb.net)
	at java.base/java.net.Inet6AddressImpl.lookupAllHostAddr(Native Method) ~[na:na]
	at java.base/java.net.InetAddress$PlatformNameService.lookupAllHostAddr(InetAddress.java:933) ~[na:na]
	at java.base/java.net.InetAddress.getAddressesFromNameService(InetAddress.java:1543) ~[na:na]
	at java.base/java.net.InetAddress$NameServiceAddresses.get(InetAddress.java:852) ~[na:na]
	at java.base/java.net.InetAddress.getAllByName0(InetAddress.java:1532) ~[na:na]
	at java.base/java.net.InetAddress.getAllByName(InetAddress.java:1384) ~[na:na]
	at java.base/java.net.InetAddress.getAllByName(InetAddress.java:1305) ~[na:na]
	at com.mongodb.internal.connection.DefaultInetAddressResolver.lookupByName(DefaultInetAddressResolver.java:34) ~[mongodb-driver-core-5.2.1.jar:na]
	at com.mongodb.internal.connection.ServerAddressHelper.getSocketAddresses(ServerAddressHelper.java:71) ~[mongodb-driver-core-5.2.1.jar:na]
	... 5 common frames omitted

2026-05-19T14:35:20.793+01:00  INFO 29248 --- [SocialService] [ngodb.net:27017] org.mongodb.driver.cluster               : Exception in monitor thread while connecting to server ac-khxyvkv-shard-00-02.ltylxsp.mongodb.net:27017

com.mongodb.MongoSocketException: Hôte inconnu (ac-khxyvkv-shard-00-02.ltylxsp.mongodb.net)
	at com.mongodb.internal.connection.ServerAddressHelper.getSocketAddresses(ServerAddressHelper.java:75) ~[mongodb-driver-core-5.2.1.jar:na]
	at com.mongodb.internal.connection.SocketStream.initializeSocket(SocketStream.java:100) ~[mongodb-driver-core-5.2.1.jar:na]
	at com.mongodb.internal.connection.SocketStream.open(SocketStream.java:79) ~[mongodb-driver-core-5.2.1.jar:na]
	at com.mongodb.internal.connection.InternalStreamConnection.open(InternalStreamConnection.java:233) ~[mongodb-driver-core-5.2.1.jar:na]
	at com.mongodb.internal.connection.DefaultServerMonitor$ServerMonitor.lookupServerDescription(DefaultServerMonitor.java:219) ~[mongodb-driver-core-5.2.1.jar:na]
	at com.mongodb.internal.connection.DefaultServerMonitor$ServerMonitor.run(DefaultServerMonitor.java:176) ~[mongodb-driver-core-5.2.1.jar:na]
Caused by: java.net.UnknownHostException: Hôte inconnu (ac-khxyvkv-shard-00-02.ltylxsp.mongodb.net)
	at java.base/java.net.Inet6AddressImpl.lookupAllHostAddr(Native Method) ~[na:na]
	at java.base/java.net.InetAddress$PlatformNameService.lookupAllHostAddr(InetAddress.java:933) ~[na:na]
	at java.base/java.net.InetAddress.getAddressesFromNameService(InetAddress.java:1543) ~[na:na]
	at java.base/java.net.InetAddress$NameServiceAddresses.get(InetAddress.java:852) ~[na:na]
	at java.base/java.net.InetAddress.getAllByName0(InetAddress.java:1532) ~[na:na]
	at java.base/java.net.InetAddress.getAllByName(InetAddress.java:1384) ~[na:na]
	at java.base/java.net.InetAddress.getAllByName(InetAddress.java:1305) ~[na:na]
	at com.mongodb.internal.connection.DefaultInetAddressResolver.lookupByName(DefaultInetAddressResolver.java:34) ~[mongodb-driver-core-5.2.1.jar:na]
	at com.mongodb.internal.connection.ServerAddressHelper.getSocketAddresses(ServerAddressHelper.java:71) ~[mongodb-driver-core-5.2.1.jar:na]
	... 5 common frames omitted

2026-05-19T14:35:30.593+01:00  INFO 29248 --- [SocialService] [ngodb.net:27017] org.mongodb.driver.cluster               : Exception in monitor thread while connecting to server ac-khxyvkv-shard-00-01.ltylxsp.mongodb.net:27017

com.mongodb.MongoSocketException: ac-khxyvkv-shard-00-01.ltylxsp.mongodb.net
	at com.mongodb.internal.connection.ServerAddressHelper.getSocketAddresses(ServerAddressHelper.java:75) ~[mongodb-driver-core-5.2.1.jar:na]
	at com.mongodb.internal.connection.SocketStream.initializeSocket(SocketStream.java:100) ~[mongodb-driver-core-5.2.1.jar:na]
	at com.mongodb.internal.connection.SocketStream.open(SocketStream.java:79) ~[mongodb-driver-core-5.2.1.jar:na]
	at com.mongodb.internal.connection.InternalStreamConnection.open(InternalStreamConnection.java:233) ~[mongodb-driver-core-5.2.1.jar:na]
	at com.mongodb.internal.connection.DefaultServerMonitor$ServerMonitor.lookupServerDescription(DefaultServerMonitor.java:219) ~[mongodb-driver-core-5.2.1.jar:na]
	at com.mongodb.internal.connection.DefaultServerMonitor$ServerMonitor.run(DefaultServerMonitor.java:176) ~[mongodb-driver-core-5.2.1.jar:na]
Caused by: java.net.UnknownHostException: ac-khxyvkv-shard-00-01.ltylxsp.mongodb.net
	at java.base/java.net.InetAddress$CachedAddresses.get(InetAddress.java:801) ~[na:na]
	at java.base/java.net.InetAddress.getAllByName0(InetAddress.java:1532) ~[na:na]
	at java.base/java.net.InetAddress.getAllByName(InetAddress.java:1384) ~[na:na]
	at java.base/java.net.InetAddress.getAllByName(InetAddress.java:1305) ~[na:na]
	at com.mongodb.internal.connection.DefaultInetAddressResolver.lookupByName(DefaultInetAddressResolver.java:34) ~[mongodb-driver-core-5.2.1.jar:na]
	at com.mongodb.internal.connection.ServerAddressHelper.getSocketAddresses(ServerAddressHelper.java:71) ~[mongodb-driver-core-5.2.1.jar:na]
	... 5 common frames omitted

2026-05-19T14:35:30.797+01:00  INFO 29248 --- [SocialService] [ngodb.net:27017] org.mongodb.driver.cluster               : Exception in monitor thread while connecting to server ac-khxyvkv-shard-00-02.ltylxsp.mongodb.net:27017

com.mongodb.MongoSocketException: ac-khxyvkv-shard-00-02.ltylxsp.mongodb.net
	at com.mongodb.internal.connection.ServerAddressHelper.getSocketAddresses(ServerAddressHelper.java:75) ~[mongodb-driver-core-5.2.1.jar:na]
	at com.mongodb.internal.connection.SocketStream.initializeSocket(SocketStream.java:100) ~[mongodb-driver-core-5.2.1.jar:na]
	at com.mongodb.internal.connection.SocketStream.open(SocketStream.java:79) ~[mongodb-driver-core-5.2.1.jar:na]
	at com.mongodb.internal.connection.InternalStreamConnection.open(InternalStreamConnection.java:233) ~[mongodb-driver-core-5.2.1.jar:na]
	at com.mongodb.internal.connection.DefaultServerMonitor$ServerMonitor.lookupServerDescription(DefaultServerMonitor.java:219) ~[mongodb-driver-core-5.2.1.jar:na]
	at com.mongodb.internal.connection.DefaultServerMonitor$ServerMonitor.run(DefaultServerMonitor.java:176) ~[mongodb-driver-core-5.2.1.jar:na]
Caused by: java.net.UnknownHostException: ac-khxyvkv-shard-00-02.ltylxsp.mongodb.net
	at java.base/java.net.InetAddress$CachedAddresses.get(InetAddress.java:801) ~[na:na]
	at java.base/java.net.InetAddress.getAllByName0(InetAddress.java:1532) ~[na:na]
	at java.base/java.net.InetAddress.getAllByName(InetAddress.java:1384) ~[na:na]
	at java.base/java.net.InetAddress.getAllByName(InetAddress.java:1305) ~[na:na]
	at com.mongodb.internal.connection.DefaultInetAddressResolver.lookupByName(DefaultInetAddressResolver.java:34) ~[mongodb-driver-core-5.2.1.jar:na]
	at com.mongodb.internal.connection.ServerAddressHelper.getSocketAddresses(ServerAddressHelper.java:71) ~[mongodb-driver-core-5.2.1.jar:na]
	... 5 common frames omitted

2026-05-19T14:36:01.700+01:00  INFO 29248 --- [SocialService] [ngodb.net:27017] org.mongodb.driver.cluster               : Exception in monitor thread while connecting to server ac-khxyvkv-shard-00-00.ltylxsp.mongodb.net:27017

com.mongodb.MongoSocketException: ac-khxyvkv-shard-00-00.ltylxsp.mongodb.net
	at com.mongodb.internal.connection.ServerAddressHelper.getSocketAddresses(ServerAddressHelper.java:75) ~[mongodb-driver-core-5.2.1.jar:na]
	at com.mongodb.internal.connection.SocketStream.initializeSocket(SocketStream.java:100) ~[mongodb-driver-core-5.2.1.jar:na]
	at com.mongodb.internal.connection.SocketStream.open(SocketStream.java:79) ~[mongodb-driver-core-5.2.1.jar:na]
	at com.mongodb.internal.connection.InternalStreamConnection.open(InternalStreamConnection.java:233) ~[mongodb-driver-core-5.2.1.jar:na]
	at com.mongodb.internal.connection.DefaultServerMonitor$ServerMonitor.lookupServerDescription(DefaultServerMonitor.java:219) ~[mongodb-driver-core-5.2.1.jar:na]
	at com.mongodb.internal.connection.DefaultServerMonitor$ServerMonitor.run(DefaultServerMonitor.java:176) ~[mongodb-driver-core-5.2.1.jar:na]
Caused by: java.net.UnknownHostException: ac-khxyvkv-shard-00-00.ltylxsp.mongodb.net
	at java.base/java.net.InetAddress$CachedAddresses.get(InetAddress.java:801) ~[na:na]
	at java.base/java.net.InetAddress.getAllByName0(InetAddress.java:1532) ~[na:na]
	at java.base/java.net.InetAddress.getAllByName(InetAddress.java:1384) ~[na:na]
	at java.base/java.net.InetAddress.getAllByName(InetAddress.java:1305) ~[na:na]
	at com.mongodb.internal.connection.DefaultInetAddressResolver.lookupByName(DefaultInetAddressResolver.java:34) ~[mongodb-driver-core-5.2.1.jar:na]
	at com.mongodb.internal.connection.ServerAddressHelper.getSocketAddresses(ServerAddressHelper.java:71) ~[mongodb-driver-core-5.2.1.jar:na]
	... 5 common frames omitted

2026-05-19T14:36:37.773+01:00  INFO 29248 --- [SocialService] [ngodb.net:27017] org.mongodb.driver.cluster               : Exception in monitor thread while connecting to server ac-khxyvkv-shard-00-00.ltylxsp.mongodb.net:27017

com.mongodb.MongoSocketException: Hôte inconnu (ac-khxyvkv-shard-00-00.ltylxsp.mongodb.net)
	at com.mongodb.internal.connection.ServerAddressHelper.getSocketAddresses(ServerAddressHelper.java:75) ~[mongodb-driver-core-5.2.1.jar:na]
	at com.mongodb.internal.connection.SocketStream.initializeSocket(SocketStream.java:100) ~[mongodb-driver-core-5.2.1.jar:na]
	at com.mongodb.internal.connection.SocketStream.open(SocketStream.java:79) ~[mongodb-driver-core-5.2.1.jar:na]
	at com.mongodb.internal.connection.InternalStreamConnection.open(InternalStreamConnection.java:233) ~[mongodb-driver-core-5.2.1.jar:na]
	at com.mongodb.internal.connection.DefaultServerMonitor$ServerMonitor.lookupServerDescription(DefaultServerMonitor.java:219) ~[mongodb-driver-core-5.2.1.jar:na]
	at com.mongodb.internal.connection.DefaultServerMonitor$ServerMonitor.run(DefaultServerMonitor.java:176) ~[mongodb-driver-core-5.2.1.jar:na]
Caused by: java.net.UnknownHostException: Hôte inconnu (ac-khxyvkv-shard-00-00.ltylxsp.mongodb.net)
	at java.base/java.net.Inet6AddressImpl.lookupAllHostAddr(Native Method) ~[na:na]
	at java.base/java.net.InetAddress$PlatformNameService.lookupAllHostAddr(InetAddress.java:933) ~[na:na]
	at java.base/java.net.InetAddress.getAddressesFromNameService(InetAddress.java:1543) ~[na:na]
	at java.base/java.net.InetAddress$NameServiceAddresses.get(InetAddress.java:852) ~[na:na]
	at java.base/java.net.InetAddress.getAllByName0(InetAddress.java:1532) ~[na:na]
	at java.base/java.net.InetAddress.getAllByName(InetAddress.java:1384) ~[na:na]
	at java.base/java.net.InetAddress.getAllByName(InetAddress.java:1305) ~[na:na]
	at com.mongodb.internal.connection.DefaultInetAddressResolver.lookupByName(DefaultInetAddressResolver.java:34) ~[mongodb-driver-core-5.2.1.jar:na]
	at com.mongodb.internal.connection.ServerAddressHelper.getSocketAddresses(ServerAddressHelper.java:71) ~[mongodb-driver-core-5.2.1.jar:na]
	... 5 common frames omitted

2026-05-19T14:36:37.973+01:00  INFO 29248 --- [SocialService] [ngodb.net:27017] org.mongodb.driver.cluster               : Exception in monitor thread while connecting to server ac-khxyvkv-shard-00-02.ltylxsp.mongodb.net:27017

com.mongodb.MongoSocketException: Hôte inconnu (ac-khxyvkv-shard-00-02.ltylxsp.mongodb.net)
	at com.mongodb.internal.connection.ServerAddressHelper.getSocketAddresses(ServerAddressHelper.java:75) ~[mongodb-driver-core-5.2.1.jar:na]
	at com.mongodb.internal.connection.SocketStream.initializeSocket(SocketStream.java:100) ~[mongodb-driver-core-5.2.1.jar:na]
	at com.mongodb.internal.connection.SocketStream.open(SocketStream.java:79) ~[mongodb-driver-core-5.2.1.jar:na]
	at com.mongodb.internal.connection.InternalStreamConnection.open(InternalStreamConnection.java:233) ~[mongodb-driver-core-5.2.1.jar:na]
	at com.mongodb.internal.connection.DefaultServerMonitor$ServerMonitor.lookupServerDescription(DefaultServerMonitor.java:219) ~[mongodb-driver-core-5.2.1.jar:na]
	at com.mongodb.internal.connection.DefaultServerMonitor$ServerMonitor.run(DefaultServerMonitor.java:176) ~[mongodb-driver-core-5.2.1.jar:na]
Caused by: java.net.UnknownHostException: Hôte inconnu (ac-khxyvkv-shard-00-02.ltylxsp.mongodb.net)
	at java.base/java.net.Inet6AddressImpl.lookupAllHostAddr(Native Method) ~[na:na]
	at java.base/java.net.InetAddress$PlatformNameService.lookupAllHostAddr(InetAddress.java:933) ~[na:na]
	at java.base/java.net.InetAddress.getAddressesFromNameService(InetAddress.java:1543) ~[na:na]
	at java.base/java.net.InetAddress$NameServiceAddresses.get(InetAddress.java:852) ~[na:na]
	at java.base/java.net.InetAddress.getAllByName0(InetAddress.java:1532) ~[na:na]
	at java.base/java.net.InetAddress.getAllByName(InetAddress.java:1384) ~[na:na]
	at java.base/java.net.InetAddress.getAllByName(InetAddress.java:1305) ~[na:na]
	at com.mongodb.internal.connection.DefaultInetAddressResolver.lookupByName(DefaultInetAddressResolver.java:34) ~[mongodb-driver-core-5.2.1.jar:na]
	at com.mongodb.internal.connection.ServerAddressHelper.getSocketAddresses(ServerAddressHelper.java:71) ~[mongodb-driver-core-5.2.1.jar:na]
	... 5 common frames omitted

2026-05-19T14:36:47.786+01:00  INFO 29248 --- [SocialService] [ngodb.net:27017] org.mongodb.driver.cluster               : Exception in monitor thread while connecting to server ac-khxyvkv-shard-00-00.ltylxsp.mongodb.net:27017

com.mongodb.MongoSocketException: ac-khxyvkv-shard-00-00.ltylxsp.mongodb.net
	at com.mongodb.internal.connection.ServerAddressHelper.getSocketAddresses(ServerAddressHelper.java:75) ~[mongodb-driver-core-5.2.1.jar:na]
	at com.mongodb.internal.connection.SocketStream.initializeSocket(SocketStream.java:100) ~[mongodb-driver-core-5.2.1.jar:na]
	at com.mongodb.internal.connection.SocketStream.open(SocketStream.java:79) ~[mongodb-driver-core-5.2.1.jar:na]
	at com.mongodb.internal.connection.InternalStreamConnection.open(InternalStreamConnection.java:233) ~[mongodb-driver-core-5.2.1.jar:na]
	at com.mongodb.internal.connection.DefaultServerMonitor$ServerMonitor.lookupServerDescription(DefaultServerMonitor.java:219) ~[mongodb-driver-core-5.2.1.jar:na]
	at com.mongodb.internal.connection.DefaultServerMonitor$ServerMonitor.run(DefaultServerMonitor.java:176) ~[mongodb-driver-core-5.2.1.jar:na]
Caused by: java.net.UnknownHostException: ac-khxyvkv-shard-00-00.ltylxsp.mongodb.net
	at java.base/java.net.InetAddress$CachedAddresses.get(InetAddress.java:801) ~[na:na]
	at java.base/java.net.InetAddress.getAllByName0(InetAddress.java:1532) ~[na:na]
	at java.base/java.net.InetAddress.getAllByName(InetAddress.java:1384) ~[na:na]
	at java.base/java.net.InetAddress.getAllByName(InetAddress.java:1305) ~[na:na]
	at com.mongodb.internal.connection.DefaultInetAddressResolver.lookupByName(DefaultInetAddressResolver.java:34) ~[mongodb-driver-core-5.2.1.jar:na]
	at com.mongodb.internal.connection.ServerAddressHelper.getSocketAddresses(ServerAddressHelper.java:71) ~[mongodb-driver-core-5.2.1.jar:na]
	... 5 common frames omitted

2026-05-19T14:36:47.789+01:00  INFO 29248 --- [SocialService] [ngodb.net:27017] org.mongodb.driver.cluster               : Exception in monitor thread while connecting to server ac-khxyvkv-shard-00-01.ltylxsp.mongodb.net:27017

com.mongodb.MongoSocketException: Hôte inconnu (ac-khxyvkv-shard-00-01.ltylxsp.mongodb.net)
	at com.mongodb.internal.connection.ServerAddressHelper.getSocketAddresses(ServerAddressHelper.java:75) ~[mongodb-driver-core-5.2.1.jar:na]
	at com.mongodb.internal.connection.SocketStream.initializeSocket(SocketStream.java:100) ~[mongodb-driver-core-5.2.1.jar:na]
	at com.mongodb.internal.connection.SocketStream.open(SocketStream.java:79) ~[mongodb-driver-core-5.2.1.jar:na]
	at com.mongodb.internal.connection.InternalStreamConnection.open(InternalStreamConnection.java:233) ~[mongodb-driver-core-5.2.1.jar:na]
	at com.mongodb.internal.connection.DefaultServerMonitor$ServerMonitor.lookupServerDescription(DefaultServerMonitor.java:219) ~[mongodb-driver-core-5.2.1.jar:na]
	at com.mongodb.internal.connection.DefaultServerMonitor$ServerMonitor.run(DefaultServerMonitor.java:176) ~[mongodb-driver-core-5.2.1.jar:na]
Caused by: java.net.UnknownHostException: Hôte inconnu (ac-khxyvkv-shard-00-01.ltylxsp.mongodb.net)
	at java.base/java.net.Inet6AddressImpl.lookupAllHostAddr(Native Method) ~[na:na]
	at java.base/java.net.InetAddress$PlatformNameService.lookupAllHostAddr(InetAddress.java:933) ~[na:na]
	at java.base/java.net.InetAddress.getAddressesFromNameService(InetAddress.java:1543) ~[na:na]
	at java.base/java.net.InetAddress$NameServiceAddresses.get(InetAddress.java:852) ~[na:na]
	at java.base/java.net.InetAddress.getAllByName0(InetAddress.java:1532) ~[na:na]
	at java.base/java.net.InetAddress.getAllByName(InetAddress.java:1384) ~[na:na]
	at java.base/java.net.InetAddress.getAllByName(InetAddress.java:1305) ~[na:na]
	at com.mongodb.internal.connection.DefaultInetAddressResolver.lookupByName(DefaultInetAddressResolver.java:34) ~[mongodb-driver-core-5.2.1.jar:na]
	at com.mongodb.internal.connection.ServerAddressHelper.getSocketAddresses(ServerAddressHelper.java:71) ~[mongodb-driver-core-5.2.1.jar:na]
	... 5 common frames omitted

2026-05-19T14:36:47.989+01:00  INFO 29248 --- [SocialService] [ngodb.net:27017] org.mongodb.driver.cluster               : Exception in monitor thread while connecting to server ac-khxyvkv-shard-00-02.ltylxsp.mongodb.net:27017

com.mongodb.MongoSocketException: ac-khxyvkv-shard-00-02.ltylxsp.mongodb.net
	at com.mongodb.internal.connection.ServerAddressHelper.getSocketAddresses(ServerAddressHelper.java:75) ~[mongodb-driver-core-5.2.1.jar:na]
	at com.mongodb.internal.connection.SocketStream.initializeSocket(SocketStream.java:100) ~[mongodb-driver-core-5.2.1.jar:na]
	at com.mongodb.internal.connection.SocketStream.open(SocketStream.java:79) ~[mongodb-driver-core-5.2.1.jar:na]
	at com.mongodb.internal.connection.InternalStreamConnection.open(InternalStreamConnection.java:233) ~[mongodb-driver-core-5.2.1.jar:na]
	at com.mongodb.internal.connection.DefaultServerMonitor$ServerMonitor.lookupServerDescription(DefaultServerMonitor.java:219) ~[mongodb-driver-core-5.2.1.jar:na]
	at com.mongodb.internal.connection.DefaultServerMonitor$ServerMonitor.run(DefaultServerMonitor.java:176) ~[mongodb-driver-core-5.2.1.jar:na]
Caused by: java.net.UnknownHostException: ac-khxyvkv-shard-00-02.ltylxsp.mongodb.net
	at java.base/java.net.InetAddress$CachedAddresses.get(InetAddress.java:801) ~[na:na]
	at java.base/java.net.InetAddress.getAllByName0(InetAddress.java:1532) ~[na:na]
	at java.base/java.net.InetAddress.getAllByName(InetAddress.java:1384) ~[na:na]
	at java.base/java.net.InetAddress.getAllByName(InetAddress.java:1305) ~[na:na]
	at com.mongodb.internal.connection.DefaultInetAddressResolver.lookupByName(DefaultInetAddressResolver.java:34) ~[mongodb-driver-core-5.2.1.jar:na]
	at com.mongodb.internal.connection.ServerAddressHelper.getSocketAddresses(ServerAddressHelper.java:71) ~[mongodb-driver-core-5.2.1.jar:na]
	... 5 common frames omitted

2026-05-19T14:36:57.795+01:00  INFO 29248 --- [SocialService] [ngodb.net:27017] org.mongodb.driver.cluster               : Exception in monitor thread while connecting to server ac-khxyvkv-shard-00-01.ltylxsp.mongodb.net:27017

com.mongodb.MongoSocketException: ac-khxyvkv-shard-00-01.ltylxsp.mongodb.net
	at com.mongodb.internal.connection.ServerAddressHelper.getSocketAddresses(ServerAddressHelper.java:75) ~[mongodb-driver-core-5.2.1.jar:na]
	at com.mongodb.internal.connection.SocketStream.initializeSocket(SocketStream.java:100) ~[mongodb-driver-core-5.2.1.jar:na]
	at com.mongodb.internal.connection.SocketStream.open(SocketStream.java:79) ~[mongodb-driver-core-5.2.1.jar:na]
	at com.mongodb.internal.connection.InternalStreamConnection.open(InternalStreamConnection.java:233) ~[mongodb-driver-core-5.2.1.jar:na]
	at com.mongodb.internal.connection.DefaultServerMonitor$ServerMonitor.lookupServerDescription(DefaultServerMonitor.java:219) ~[mongodb-driver-core-5.2.1.jar:na]
	at com.mongodb.internal.connection.DefaultServerMonitor$ServerMonitor.run(DefaultServerMonitor.java:176) ~[mongodb-driver-core-5.2.1.jar:na]
Caused by: java.net.UnknownHostException: ac-khxyvkv-shard-00-01.ltylxsp.mongodb.net
	at java.base/java.net.InetAddress$CachedAddresses.get(InetAddress.java:801) ~[na:na]
	at java.base/java.net.InetAddress.getAllByName0(InetAddress.java:1532) ~[na:na]
	at java.base/java.net.InetAddress.getAllByName(InetAddress.java:1384) ~[na:na]
	at java.base/java.net.InetAddress.getAllByName(InetAddress.java:1305) ~[na:na]
	at com.mongodb.internal.connection.DefaultInetAddressResolver.lookupByName(DefaultInetAddressResolver.java:34) ~[mongodb-driver-core-5.2.1.jar:na]
	at com.mongodb.internal.connection.ServerAddressHelper.getSocketAddresses(ServerAddressHelper.java:71) ~[mongodb-driver-core-5.2.1.jar:na]
	... 5 common frames omitted

2026-05-19T14:36:58.839+01:00  INFO 29248 --- [SocialService] [ngodb.net:27017] org.mongodb.driver.cluster               : Monitor thread successfully connected to server with description ServerDescription{address=ac-khxyvkv-shard-00-02.ltylxsp.mongodb.net:27017, type=REPLICA_SET_PRIMARY, cryptd=false, state=CONNECTED, ok=true, minWireVersion=0, maxWireVersion=25, maxDocumentSize=16777216, logicalSessionTimeoutMinutes=30, roundTripTimeNanos=680072501, minRoundTripTimeNanos=0, setName='atlas-6x6yvm-shard-0', canonicalAddress=ac-khxyvkv-shard-00-02.ltylxsp.mongodb.net:27017, hosts=[ac-khxyvkv-shard-00-00.ltylxsp.mongodb.net:27017, ac-khxyvkv-shard-00-01.ltylxsp.mongodb.net:27017, ac-khxyvkv-shard-00-02.ltylxsp.mongodb.net:27017], passives=[], arbiters=[], primary='ac-khxyvkv-shard-00-02.ltylxsp.mongodb.net:27017', tagSet=TagSet{[Tag{name='availabilityZone', value='euw3-az3'}, Tag{name='cacheState', value='READY'}, Tag{name='diskState', value='READY'}, Tag{name='nodeType', value='ELECTABLE'}, Tag{name='provider', value='AWS'}, Tag{name='region', value='EU_WEST_3'}, Tag{name='workloadType', value='OPERATIONAL'}]}, electionId=7fffffff000000000000006a, setVersion=36, topologyVersion=TopologyVersion{processId=6a0b739aa9fe492cf1ce6df6, counter=6}, lastWriteDate=Tue May 19 14:36:58 WAT 2026, lastUpdateTimeNanos=275542469187300}
2026-05-19T14:36:58.868+01:00  INFO 29248 --- [SocialService] [ngodb.net:27017] org.mongodb.driver.cluster               : Monitor thread successfully connected to server with description ServerDescription{address=ac-khxyvkv-shard-00-00.ltylxsp.mongodb.net:27017, type=REPLICA_SET_SECONDARY, cryptd=false, state=CONNECTED, ok=true, minWireVersion=0, maxWireVersion=25, maxDocumentSize=16777216, logicalSessionTimeoutMinutes=30, roundTripTimeNanos=767541200, minRoundTripTimeNanos=0, setName='atlas-6x6yvm-shard-0', canonicalAddress=ac-khxyvkv-shard-00-00.ltylxsp.mongodb.net:27017, hosts=[ac-khxyvkv-shard-00-00.ltylxsp.mongodb.net:27017, ac-khxyvkv-shard-00-01.ltylxsp.mongodb.net:27017, ac-khxyvkv-shard-00-02.ltylxsp.mongodb.net:27017], passives=[], arbiters=[], primary='ac-khxyvkv-shard-00-02.ltylxsp.mongodb.net:27017', tagSet=TagSet{[Tag{name='availabilityZone', value='euw3-az1'}, Tag{name='cacheState', value='READY'}, Tag{name='diskState', value='READY'}, Tag{name='nodeType', value='ELECTABLE'}, Tag{name='provider', value='AWS'}, Tag{name='region', value='EU_WEST_3'}, Tag{name='workloadType', value='OPERATIONAL'}]}, electionId=null, setVersion=36, topologyVersion=TopologyVersion{processId=6a0b71594350e6bbf1a71fd2, counter=4}, lastWriteDate=Tue May 19 14:36:58 WAT 2026, lastUpdateTimeNanos=275542552846500}
2026-05-19T14:36:58.879+01:00  INFO 29248 --- [SocialService] [ngodb.net:27017] org.mongodb.driver.cluster               : Discovered replica set primary ac-khxyvkv-shard-00-02.ltylxsp.mongodb.net:27017 with max election id 7fffffff000000000000006a and max set version 36
2026-05-19T14:37:07.964+01:00  INFO 29248 --- [SocialService] [ngodb.net:27017] org.mongodb.driver.cluster               : Monitor thread successfully connected to server with description ServerDescription{address=ac-khxyvkv-shard-00-01.ltylxsp.mongodb.net:27017, type=REPLICA_SET_SECONDARY, cryptd=false, state=CONNECTED, ok=true, minWireVersion=0, maxWireVersion=25, maxDocumentSize=16777216, logicalSessionTimeoutMinutes=30, roundTripTimeNanos=115320300, minRoundTripTimeNanos=0, setName='atlas-6x6yvm-shard-0', canonicalAddress=ac-khxyvkv-shard-00-01.ltylxsp.mongodb.net:27017, hosts=[ac-khxyvkv-shard-00-00.ltylxsp.mongodb.net:27017, ac-khxyvkv-shard-00-01.ltylxsp.mongodb.net:27017, ac-khxyvkv-shard-00-02.ltylxsp.mongodb.net:27017], passives=[], arbiters=[], primary='ac-khxyvkv-shard-00-02.ltylxsp.mongodb.net:27017', tagSet=TagSet{[Tag{name='availabilityZone', value='euw3-az2'}, Tag{name='cacheState', value='READY'}, Tag{name='diskState', value='READY'}, Tag{name='nodeType', value='ELECTABLE'}, Tag{name='provider', value='AWS'}, Tag{name='region', value='EU_WEST_3'}, Tag{name='workloadType', value='OPERATIONAL'}]}, electionId=null, setVersion=36, topologyVersion=TopologyVersion{processId=6a0b7610b7f22932df19d864, counter=3}, lastWriteDate=Tue May 19 14:37:07 WAT 2026, lastUpdateTimeNanos=275551649599600}
2026-05-19T14:37:27.963+01:00  INFO 29248 --- [SocialService] [ngodb.net:27017] org.mongodb.driver.cluster               : Exception in monitor thread while connecting to server ac-khxyvkv-shard-00-01.ltylxsp.mongodb.net:27017

com.mongodb.MongoSocketReadTimeoutException: Timeout while receiving message
	at com.mongodb.internal.connection.InternalStreamConnection.createReadTimeoutException(InternalStreamConnection.java:824) ~[mongodb-driver-core-5.2.1.jar:na]
	at com.mongodb.internal.connection.InternalStreamConnection.translateReadException(InternalStreamConnection.java:812) ~[mongodb-driver-core-5.2.1.jar:na]
	at com.mongodb.internal.connection.InternalStreamConnection.receiveResponseBuffers(InternalStreamConnection.java:862) ~[mongodb-driver-core-5.2.1.jar:na]
	at com.mongodb.internal.connection.InternalStreamConnection.receiveCommandMessageResponse(InternalStreamConnection.java:517) ~[mongodb-driver-core-5.2.1.jar:na]
	at com.mongodb.internal.connection.InternalStreamConnection.receive(InternalStreamConnection.java:469) ~[mongodb-driver-core-5.2.1.jar:na]
	at com.mongodb.internal.connection.DefaultServerMonitor$ServerMonitor.lookupServerDescription(DefaultServerMonitor.java:249) ~[mongodb-driver-core-5.2.1.jar:na]
	at com.mongodb.internal.connection.DefaultServerMonitor$ServerMonitor.run(DefaultServerMonitor.java:176) ~[mongodb-driver-core-5.2.1.jar:na]
Caused by: java.net.SocketTimeoutException: Read timed out
	at java.base/sun.nio.ch.NioSocketImpl.timedRead(NioSocketImpl.java:288) ~[na:na]
	at java.base/sun.nio.ch.NioSocketImpl.implRead(NioSocketImpl.java:314) ~[na:na]
	at java.base/sun.nio.ch.NioSocketImpl.read(NioSocketImpl.java:355) ~[na:na]
	at java.base/sun.nio.ch.NioSocketImpl$1.read(NioSocketImpl.java:808) ~[na:na]
	at java.base/java.net.Socket$SocketInputStream.read(Socket.java:966) ~[na:na]
	at java.base/sun.security.ssl.SSLSocketInputRecord.read(SSLSocketInputRecord.java:484) ~[na:na]
	at java.base/sun.security.ssl.SSLSocketInputRecord.readHeader(SSLSocketInputRecord.java:478) ~[na:na]
	at java.base/sun.security.ssl.SSLSocketInputRecord.bytesInCompletePacket(SSLSocketInputRecord.java:70) ~[na:na]
	at java.base/sun.security.ssl.SSLSocketImpl.readApplicationRecord(SSLSocketImpl.java:1461) ~[na:na]
	at java.base/sun.security.ssl.SSLSocketImpl$AppInputStream.read(SSLSocketImpl.java:1065) ~[na:na]
	at com.mongodb.internal.connection.SocketStream.read(SocketStream.java:182) ~[mongodb-driver-core-5.2.1.jar:na]
	at com.mongodb.internal.connection.InternalStreamConnection.receiveResponseBuffers(InternalStreamConnection.java:829) ~[mongodb-driver-core-5.2.1.jar:na]
	... 4 common frames omitted

2026-05-19T14:37:27.994+01:00  INFO 29248 --- [SocialService] [ngodb.net:27017] org.mongodb.driver.cluster               : Exception in monitor thread while connecting to server ac-khxyvkv-shard-00-01.ltylxsp.mongodb.net:27017

com.mongodb.MongoSocketOpenException: Exception opening socket
	at com.mongodb.internal.connection.SocketStream.lambda$open$0(SocketStream.java:85) ~[mongodb-driver-core-5.2.1.jar:na]
	at java.base/java.util.Optional.orElseThrow(Optional.java:403) ~[na:na]
	at com.mongodb.internal.connection.SocketStream.open(SocketStream.java:85) ~[mongodb-driver-core-5.2.1.jar:na]
	at com.mongodb.internal.connection.InternalStreamConnection.open(InternalStreamConnection.java:233) ~[mongodb-driver-core-5.2.1.jar:na]
	at com.mongodb.internal.connection.DefaultServerMonitor$ServerMonitor.lookupServerDescription(DefaultServerMonitor.java:219) ~[mongodb-driver-core-5.2.1.jar:na]
	at com.mongodb.internal.connection.DefaultServerMonitor$ServerMonitor.run(DefaultServerMonitor.java:176) ~[mongodb-driver-core-5.2.1.jar:na]
Caused by: java.net.NoRouteToHostException: No route to host: no further information
	at java.base/sun.nio.ch.Net.pollConnect(Native Method) ~[na:na]
	at java.base/sun.nio.ch.Net.pollConnectNow(Net.java:672) ~[na:na]
	at java.base/sun.nio.ch.NioSocketImpl.timedFinishConnect(NioSocketImpl.java:547) ~[na:na]
	at java.base/sun.nio.ch.NioSocketImpl.connect(NioSocketImpl.java:602) ~[na:na]
	at java.base/java.net.SocksSocketImpl.connect(SocksSocketImpl.java:327) ~[na:na]
	at java.base/java.net.Socket.connect(Socket.java:633) ~[na:na]
	at java.base/sun.security.ssl.SSLSocketImpl.connect(SSLSocketImpl.java:304) ~[na:na]
	at com.mongodb.internal.connection.SocketStreamHelper.initialize(SocketStreamHelper.java:76) ~[mongodb-driver-core-5.2.1.jar:na]
	at com.mongodb.internal.connection.SocketStream.initializeSocket(SocketStream.java:104) ~[mongodb-driver-core-5.2.1.jar:na]
	at com.mongodb.internal.connection.SocketStream.open(SocketStream.java:79) ~[mongodb-driver-core-5.2.1.jar:na]
	... 3 common frames omitted

2026-05-19T14:37:29.037+01:00  INFO 29248 --- [SocialService] [ngodb.net:27017] org.mongodb.driver.cluster               : Exception in monitor thread while connecting to server ac-khxyvkv-shard-00-00.ltylxsp.mongodb.net:27017

com.mongodb.MongoSocketReadTimeoutException: Timeout while receiving message
	at com.mongodb.internal.connection.InternalStreamConnection.createReadTimeoutException(InternalStreamConnection.java:824) ~[mongodb-driver-core-5.2.1.jar:na]
	at com.mongodb.internal.connection.InternalStreamConnection.translateReadException(InternalStreamConnection.java:812) ~[mongodb-driver-core-5.2.1.jar:na]
	at com.mongodb.internal.connection.InternalStreamConnection.receiveResponseBuffers(InternalStreamConnection.java:862) ~[mongodb-driver-core-5.2.1.jar:na]
	at com.mongodb.internal.connection.InternalStreamConnection.receiveCommandMessageResponse(InternalStreamConnection.java:517) ~[mongodb-driver-core-5.2.1.jar:na]
	at com.mongodb.internal.connection.InternalStreamConnection.receive(InternalStreamConnection.java:469) ~[mongodb-driver-core-5.2.1.jar:na]
	at com.mongodb.internal.connection.DefaultServerMonitor$ServerMonitor.lookupServerDescription(DefaultServerMonitor.java:249) ~[mongodb-driver-core-5.2.1.jar:na]
	at com.mongodb.internal.connection.DefaultServerMonitor$ServerMonitor.run(DefaultServerMonitor.java:176) ~[mongodb-driver-core-5.2.1.jar:na]
Caused by: java.net.SocketTimeoutException: Read timed out
	at java.base/sun.nio.ch.NioSocketImpl.timedRead(NioSocketImpl.java:288) ~[na:na]
	at java.base/sun.nio.ch.NioSocketImpl.implRead(NioSocketImpl.java:314) ~[na:na]
	at java.base/sun.nio.ch.NioSocketImpl.read(NioSocketImpl.java:355) ~[na:na]
	at java.base/sun.nio.ch.NioSocketImpl$1.read(NioSocketImpl.java:808) ~[na:na]
	at java.base/java.net.Socket$SocketInputStream.read(Socket.java:966) ~[na:na]
	at java.base/sun.security.ssl.SSLSocketInputRecord.read(SSLSocketInputRecord.java:484) ~[na:na]
	at java.base/sun.security.ssl.SSLSocketInputRecord.readHeader(SSLSocketInputRecord.java:478) ~[na:na]
	at java.base/sun.security.ssl.SSLSocketInputRecord.bytesInCompletePacket(SSLSocketInputRecord.java:70) ~[na:na]
	at java.base/sun.security.ssl.SSLSocketImpl.readApplicationRecord(SSLSocketImpl.java:1461) ~[na:na]
	at java.base/sun.security.ssl.SSLSocketImpl$AppInputStream.read(SSLSocketImpl.java:1065) ~[na:na]
	at com.mongodb.internal.connection.SocketStream.read(SocketStream.java:182) ~[mongodb-driver-core-5.2.1.jar:na]
	at com.mongodb.internal.connection.InternalStreamConnection.receiveResponseBuffers(InternalStreamConnection.java:829) ~[mongodb-driver-core-5.2.1.jar:na]
	... 4 common frames omitted

2026-05-19T14:37:29.037+01:00  INFO 29248 --- [SocialService] [ngodb.net:27017] org.mongodb.driver.cluster               : Exception in monitor thread while connecting to server ac-khxyvkv-shard-00-02.ltylxsp.mongodb.net:27017

com.mongodb.MongoSocketReadTimeoutException: Timeout while receiving message
	at com.mongodb.internal.connection.InternalStreamConnection.createReadTimeoutException(InternalStreamConnection.java:824) ~[mongodb-driver-core-5.2.1.jar:na]
	at com.mongodb.internal.connection.InternalStreamConnection.translateReadException(InternalStreamConnection.java:812) ~[mongodb-driver-core-5.2.1.jar:na]
	at com.mongodb.internal.connection.InternalStreamConnection.receiveResponseBuffers(InternalStreamConnection.java:862) ~[mongodb-driver-core-5.2.1.jar:na]
	at com.mongodb.internal.connection.InternalStreamConnection.receiveCommandMessageResponse(InternalStreamConnection.java:517) ~[mongodb-driver-core-5.2.1.jar:na]
	at com.mongodb.internal.connection.InternalStreamConnection.receive(InternalStreamConnection.java:469) ~[mongodb-driver-core-5.2.1.jar:na]
	at com.mongodb.internal.connection.DefaultServerMonitor$ServerMonitor.lookupServerDescription(DefaultServerMonitor.java:249) ~[mongodb-driver-core-5.2.1.jar:na]
	at com.mongodb.internal.connection.DefaultServerMonitor$ServerMonitor.run(DefaultServerMonitor.java:176) ~[mongodb-driver-core-5.2.1.jar:na]
Caused by: java.net.SocketTimeoutException: Read timed out
	at java.base/sun.nio.ch.NioSocketImpl.timedRead(NioSocketImpl.java:288) ~[na:na]
	at java.base/sun.nio.ch.NioSocketImpl.implRead(NioSocketImpl.java:314) ~[na:na]
	at java.base/sun.nio.ch.NioSocketImpl.read(NioSocketImpl.java:355) ~[na:na]
	at java.base/sun.nio.ch.NioSocketImpl$1.read(NioSocketImpl.java:808) ~[na:na]
	at java.base/java.net.Socket$SocketInputStream.read(Socket.java:966) ~[na:na]
	at java.base/sun.security.ssl.SSLSocketInputRecord.read(SSLSocketInputRecord.java:484) ~[na:na]
	at java.base/sun.security.ssl.SSLSocketInputRecord.readHeader(SSLSocketInputRecord.java:478) ~[na:na]
	at java.base/sun.security.ssl.SSLSocketInputRecord.bytesInCompletePacket(SSLSocketInputRecord.java:70) ~[na:na]
	at java.base/sun.security.ssl.SSLSocketImpl.readApplicationRecord(SSLSocketImpl.java:1461) ~[na:na]
	at java.base/sun.security.ssl.SSLSocketImpl$AppInputStream.read(SSLSocketImpl.java:1065) ~[na:na]
	at com.mongodb.internal.connection.SocketStream.read(SocketStream.java:182) ~[mongodb-driver-core-5.2.1.jar:na]
	at com.mongodb.internal.connection.InternalStreamConnection.receiveResponseBuffers(InternalStreamConnection.java:829) ~[mongodb-driver-core-5.2.1.jar:na]
	... 4 common frames omitted

2026-05-19T14:37:29.040+01:00  INFO 29248 --- [SocialService] [ngodb.net:27017] org.mongodb.driver.cluster               : Exception in monitor thread while connecting to server ac-khxyvkv-shard-00-02.ltylxsp.mongodb.net:27017

com.mongodb.MongoSocketException: Hôte inconnu (ac-khxyvkv-shard-00-02.ltylxsp.mongodb.net)
	at com.mongodb.internal.connection.ServerAddressHelper.getSocketAddresses(ServerAddressHelper.java:75) ~[mongodb-driver-core-5.2.1.jar:na]
	at com.mongodb.internal.connection.SocketStream.initializeSocket(SocketStream.java:100) ~[mongodb-driver-core-5.2.1.jar:na]
	at com.mongodb.internal.connection.SocketStream.open(SocketStream.java:79) ~[mongodb-driver-core-5.2.1.jar:na]
	at com.mongodb.internal.connection.InternalStreamConnection.open(InternalStreamConnection.java:233) ~[mongodb-driver-core-5.2.1.jar:na]
	at com.mongodb.internal.connection.DefaultServerMonitor$ServerMonitor.lookupServerDescription(DefaultServerMonitor.java:219) ~[mongodb-driver-core-5.2.1.jar:na]
	at com.mongodb.internal.connection.DefaultServerMonitor$ServerMonitor.run(DefaultServerMonitor.java:176) ~[mongodb-driver-core-5.2.1.jar:na]
Caused by: java.net.UnknownHostException: Hôte inconnu (ac-khxyvkv-shard-00-02.ltylxsp.mongodb.net)
	at java.base/java.net.Inet6AddressImpl.lookupAllHostAddr(Native Method) ~[na:na]
	at java.base/java.net.InetAddress$PlatformNameService.lookupAllHostAddr(InetAddress.java:933) ~[na:na]
	at java.base/java.net.InetAddress.getAddressesFromNameService(InetAddress.java:1543) ~[na:na]
	at java.base/java.net.InetAddress$NameServiceAddresses.get(InetAddress.java:852) ~[na:na]
	at java.base/java.net.InetAddress.getAllByName0(InetAddress.java:1532) ~[na:na]
	at java.base/java.net.InetAddress.getAllByName(InetAddress.java:1384) ~[na:na]
	at java.base/java.net.InetAddress.getAllByName(InetAddress.java:1305) ~[na:na]
	at com.mongodb.internal.connection.DefaultInetAddressResolver.lookupByName(DefaultInetAddressResolver.java:34) ~[mongodb-driver-core-5.2.1.jar:na]
	at com.mongodb.internal.connection.ServerAddressHelper.getSocketAddresses(ServerAddressHelper.java:71) ~[mongodb-driver-core-5.2.1.jar:na]
	... 5 common frames omitted

2026-05-19T14:37:29.040+01:00  INFO 29248 --- [SocialService] [ngodb.net:27017] org.mongodb.driver.cluster               : Exception in monitor thread while connecting to server ac-khxyvkv-shard-00-00.ltylxsp.mongodb.net:27017

com.mongodb.MongoSocketException: Hôte inconnu (ac-khxyvkv-shard-00-00.ltylxsp.mongodb.net)
	at com.mongodb.internal.connection.ServerAddressHelper.getSocketAddresses(ServerAddressHelper.java:75) ~[mongodb-driver-core-5.2.1.jar:na]
	at com.mongodb.internal.connection.SocketStream.initializeSocket(SocketStream.java:100) ~[mongodb-driver-core-5.2.1.jar:na]
	at com.mongodb.internal.connection.SocketStream.open(SocketStream.java:79) ~[mongodb-driver-core-5.2.1.jar:na]
	at com.mongodb.internal.connection.InternalStreamConnection.open(InternalStreamConnection.java:233) ~[mongodb-driver-core-5.2.1.jar:na]
	at com.mongodb.internal.connection.DefaultServerMonitor$ServerMonitor.lookupServerDescription(DefaultServerMonitor.java:219) ~[mongodb-driver-core-5.2.1.jar:na]
	at com.mongodb.internal.connection.DefaultServerMonitor$ServerMonitor.run(DefaultServerMonitor.java:176) ~[mongodb-driver-core-5.2.1.jar:na]
Caused by: java.net.UnknownHostException: Hôte inconnu (ac-khxyvkv-shard-00-00.ltylxsp.mongodb.net)
	at java.base/java.net.Inet6AddressImpl.lookupAllHostAddr(Native Method) ~[na:na]
	at java.base/java.net.InetAddress$PlatformNameService.lookupAllHostAddr(InetAddress.java:933) ~[na:na]
	at java.base/java.net.InetAddress.getAddressesFromNameService(InetAddress.java:1543) ~[na:na]
	at java.base/java.net.InetAddress$NameServiceAddresses.get(InetAddress.java:852) ~[na:na]
	at java.base/java.net.InetAddress.getAllByName0(InetAddress.java:1532) ~[na:na]
	at java.base/java.net.InetAddress.getAllByName(InetAddress.java:1384) ~[na:na]
	at java.base/java.net.InetAddress.getAllByName(InetAddress.java:1305) ~[na:na]
	at com.mongodb.internal.connection.DefaultInetAddressResolver.lookupByName(DefaultInetAddressResolver.java:34) ~[mongodb-driver-core-5.2.1.jar:na]
	at com.mongodb.internal.connection.ServerAddressHelper.getSocketAddresses(ServerAddressHelper.java:71) ~[mongodb-driver-core-5.2.1.jar:na]
	... 5 common frames omitted

2026-05-19T14:37:38.008+01:00  INFO 29248 --- [SocialService] [ngodb.net:27017] org.mongodb.driver.cluster               : Exception in monitor thread while connecting to server ac-khxyvkv-shard-00-01.ltylxsp.mongodb.net:27017

com.mongodb.MongoSocketException: Hôte inconnu (ac-khxyvkv-shard-00-01.ltylxsp.mongodb.net)
	at com.mongodb.internal.connection.ServerAddressHelper.getSocketAddresses(ServerAddressHelper.java:75) ~[mongodb-driver-core-5.2.1.jar:na]
	at com.mongodb.internal.connection.SocketStream.initializeSocket(SocketStream.java:100) ~[mongodb-driver-core-5.2.1.jar:na]
	at com.mongodb.internal.connection.SocketStream.open(SocketStream.java:79) ~[mongodb-driver-core-5.2.1.jar:na]
	at com.mongodb.internal.connection.InternalStreamConnection.open(InternalStreamConnection.java:233) ~[mongodb-driver-core-5.2.1.jar:na]
	at com.mongodb.internal.connection.DefaultServerMonitor$ServerMonitor.lookupServerDescription(DefaultServerMonitor.java:219) ~[mongodb-driver-core-5.2.1.jar:na]
	at com.mongodb.internal.connection.DefaultServerMonitor$ServerMonitor.run(DefaultServerMonitor.java:176) ~[mongodb-driver-core-5.2.1.jar:na]
Caused by: java.net.UnknownHostException: Hôte inconnu (ac-khxyvkv-shard-00-01.ltylxsp.mongodb.net)
	at java.base/java.net.Inet6AddressImpl.lookupAllHostAddr(Native Method) ~[na:na]
	at java.base/java.net.InetAddress$PlatformNameService.lookupAllHostAddr(InetAddress.java:933) ~[na:na]
	at java.base/java.net.InetAddress.getAddressesFromNameService(InetAddress.java:1543) ~[na:na]
	at java.base/java.net.InetAddress$NameServiceAddresses.get(InetAddress.java:852) ~[na:na]
	at java.base/java.net.InetAddress.getAllByName0(InetAddress.java:1532) ~[na:na]
	at java.base/java.net.InetAddress.getAllByName(InetAddress.java:1384) ~[na:na]
	at java.base/java.net.InetAddress.getAllByName(InetAddress.java:1305) ~[na:na]
	at com.mongodb.internal.connection.DefaultInetAddressResolver.lookupByName(DefaultInetAddressResolver.java:34) ~[mongodb-driver-core-5.2.1.jar:na]
	at com.mongodb.internal.connection.ServerAddressHelper.getSocketAddresses(ServerAddressHelper.java:71) ~[mongodb-driver-core-5.2.1.jar:na]
	... 5 common frames omitted

2026-05-19T14:38:19.340+01:00  INFO 29248 --- [SocialService] [ngodb.net:27017] org.mongodb.driver.cluster               : Monitor thread successfully connected to server with description ServerDescription{address=ac-khxyvkv-shard-00-00.ltylxsp.mongodb.net:27017, type=REPLICA_SET_SECONDARY, cryptd=false, state=CONNECTED, ok=true, minWireVersion=0, maxWireVersion=25, maxDocumentSize=16777216, logicalSessionTimeoutMinutes=30, roundTripTimeNanos=153770999, minRoundTripTimeNanos=0, setName='atlas-6x6yvm-shard-0', canonicalAddress=ac-khxyvkv-shard-00-00.ltylxsp.mongodb.net:27017, hosts=[ac-khxyvkv-shard-00-00.ltylxsp.mongodb.net:27017, ac-khxyvkv-shard-00-01.ltylxsp.mongodb.net:27017, ac-khxyvkv-shard-00-02.ltylxsp.mongodb.net:27017], passives=[], arbiters=[], primary='ac-khxyvkv-shard-00-02.ltylxsp.mongodb.net:27017', tagSet=TagSet{[Tag{name='availabilityZone', value='euw3-az1'}, Tag{name='cacheState', value='READY'}, Tag{name='diskState', value='READY'}, Tag{name='nodeType', value='ELECTABLE'}, Tag{name='provider', value='AWS'}, Tag{name='region', value='EU_WEST_3'}, Tag{name='workloadType', value='OPERATIONAL'}]}, electionId=null, setVersion=36, topologyVersion=TopologyVersion{processId=6a0b71594350e6bbf1a71fd2, counter=4}, lastWriteDate=Tue May 19 14:38:18 WAT 2026, lastUpdateTimeNanos=275623034641499}
2026-05-19T14:38:19.509+01:00  INFO 29248 --- [SocialService] [ngodb.net:27017] org.mongodb.driver.cluster               : Monitor thread successfully connected to server with description ServerDescription{address=ac-khxyvkv-shard-00-02.ltylxsp.mongodb.net:27017, type=REPLICA_SET_PRIMARY, cryptd=false, state=CONNECTED, ok=true, minWireVersion=0, maxWireVersion=25, maxDocumentSize=16777216, logicalSessionTimeoutMinutes=30, roundTripTimeNanos=323692900, minRoundTripTimeNanos=0, setName='atlas-6x6yvm-shard-0', canonicalAddress=ac-khxyvkv-shard-00-02.ltylxsp.mongodb.net:27017, hosts=[ac-khxyvkv-shard-00-00.ltylxsp.mongodb.net:27017, ac-khxyvkv-shard-00-01.ltylxsp.mongodb.net:27017, ac-khxyvkv-shard-00-02.ltylxsp.mongodb.net:27017], passives=[], arbiters=[], primary='ac-khxyvkv-shard-00-02.ltylxsp.mongodb.net:27017', tagSet=TagSet{[Tag{name='availabilityZone', value='euw3-az3'}, Tag{name='cacheState', value='READY'}, Tag{name='diskState', value='READY'}, Tag{name='nodeType', value='ELECTABLE'}, Tag{name='provider', value='AWS'}, Tag{name='region', value='EU_WEST_3'}, Tag{name='workloadType', value='OPERATIONAL'}]}, electionId=7fffffff000000000000006a, setVersion=36, topologyVersion=TopologyVersion{processId=6a0b739aa9fe492cf1ce6df6, counter=6}, lastWriteDate=Tue May 19 14:38:18 WAT 2026, lastUpdateTimeNanos=275623204563800}
2026-05-19T14:38:19.510+01:00  INFO 29248 --- [SocialService] [ngodb.net:27017] org.mongodb.driver.cluster               : Discovered replica set primary ac-khxyvkv-shard-00-02.ltylxsp.mongodb.net:27017 with max election id 7fffffff000000000000006a and max set version 36
2026-05-19T14:38:28.211+01:00  INFO 29248 --- [SocialService] [ngodb.net:27017] org.mongodb.driver.cluster               : Monitor thread successfully connected to server with description ServerDescription{address=ac-khxyvkv-shard-00-01.ltylxsp.mongodb.net:27017, type=REPLICA_SET_SECONDARY, cryptd=false, state=CONNECTED, ok=true, minWireVersion=0, maxWireVersion=25, maxDocumentSize=16777216, logicalSessionTimeoutMinutes=30, roundTripTimeNanos=111770799, minRoundTripTimeNanos=0, setName='atlas-6x6yvm-shard-0', canonicalAddress=ac-khxyvkv-shard-00-01.ltylxsp.mongodb.net:27017, hosts=[ac-khxyvkv-shard-00-00.ltylxsp.mongodb.net:27017, ac-khxyvkv-shard-00-01.ltylxsp.mongodb.net:27017, ac-khxyvkv-shard-00-02.ltylxsp.mongodb.net:27017], passives=[], arbiters=[], primary='ac-khxyvkv-shard-00-02.ltylxsp.mongodb.net:27017', tagSet=TagSet{[Tag{name='availabilityZone', value='euw3-az2'}, Tag{name='cacheState', value='READY'}, Tag{name='diskState', value='READY'}, Tag{name='nodeType', value='ELECTABLE'}, Tag{name='provider', value='AWS'}, Tag{name='region', value='EU_WEST_3'}, Tag{name='workloadType', value='OPERATIONAL'}]}, electionId=null, setVersion=36, topologyVersion=TopologyVersion{processId=6a0b7610b7f22932df19d864, counter=3}, lastWriteDate=Tue May 19 14:38:27 WAT 2026, lastUpdateTimeNanos=275631906898400}
2026-05-19T14:56:28.756+01:00  INFO 29248 --- [SocialService] [MessageBroker-1] o.s.w.s.c.WebSocketMessageBrokerStats    : WebSocketSession[0 current WS(0)-HttpStream(0)-HttpPoll(0), 0 total, 0 closed abnormally (0 connect failure, 0 send limit, 0 transport error)], stompSubProtocol[processed CONNECT(0)-CONNECTED(0)-DISCONNECT(0)], stompBrokerRelay[null], inboundChannel[pool size = 0, active threads = 0, queued tasks = 0, completed tasks = 0], outboundChannel[pool size = 0, active threads = 0, queued tasks = 0, completed tasks = 0], sockJsScheduler[pool size = 8, active threads = 1, queued tasks = 0, completed tasks = 25]
2026-05-19T16:01:52.706+01:00  INFO 29248 --- [SocialService] [ngodb.net:27017] org.mongodb.driver.cluster               : Exception in monitor thread while connecting to server ac-khxyvkv-shard-00-02.ltylxsp.mongodb.net:27017

com.mongodb.MongoSocketReadException: Exception receiving message
	at com.mongodb.internal.connection.InternalStreamConnection.translateReadException(InternalStreamConnection.java:814) ~[mongodb-driver-core-5.2.1.jar:na]
	at com.mongodb.internal.connection.InternalStreamConnection.receiveResponseBuffers(InternalStreamConnection.java:862) ~[mongodb-driver-core-5.2.1.jar:na]
	at com.mongodb.internal.connection.InternalStreamConnection.receiveCommandMessageResponse(InternalStreamConnection.java:517) ~[mongodb-driver-core-5.2.1.jar:na]
	at com.mongodb.internal.connection.InternalStreamConnection.receive(InternalStreamConnection.java:469) ~[mongodb-driver-core-5.2.1.jar:na]
	at com.mongodb.internal.connection.DefaultServerMonitor$ServerMonitor.lookupServerDescription(DefaultServerMonitor.java:249) ~[mongodb-driver-core-5.2.1.jar:na]
	at com.mongodb.internal.connection.DefaultServerMonitor$ServerMonitor.run(DefaultServerMonitor.java:176) ~[mongodb-driver-core-5.2.1.jar:na]
Caused by: java.net.SocketException: Connection reset
	at java.base/sun.nio.ch.NioSocketImpl.implRead(NioSocketImpl.java:328) ~[na:na]
	at java.base/sun.nio.ch.NioSocketImpl.read(NioSocketImpl.java:355) ~[na:na]
	at java.base/sun.nio.ch.NioSocketImpl$1.read(NioSocketImpl.java:808) ~[na:na]
	at java.base/java.net.Socket$SocketInputStream.read(Socket.java:966) ~[na:na]
	at java.base/sun.security.ssl.SSLSocketInputRecord.read(SSLSocketInputRecord.java:484) ~[na:na]
	at java.base/sun.security.ssl.SSLSocketInputRecord.readHeader(SSLSocketInputRecord.java:478) ~[na:na]
	at java.base/sun.security.ssl.SSLSocketInputRecord.bytesInCompletePacket(SSLSocketInputRecord.java:70) ~[na:na]
	at java.base/sun.security.ssl.SSLSocketImpl.readApplicationRecord(SSLSocketImpl.java:1461) ~[na:na]
	at java.base/sun.security.ssl.SSLSocketImpl$AppInputStream.read(SSLSocketImpl.java:1065) ~[na:na]
	at com.mongodb.internal.connection.SocketStream.read(SocketStream.java:182) ~[mongodb-driver-core-5.2.1.jar:na]
	at com.mongodb.internal.connection.InternalStreamConnection.receiveResponseBuffers(InternalStreamConnection.java:829) ~[mongodb-driver-core-5.2.1.jar:na]
	... 4 common frames omitted

2026-05-19T16:01:52.708+01:00  INFO 29248 --- [SocialService] [ngodb.net:27017] org.mongodb.driver.cluster               : Exception in monitor thread while connecting to server ac-khxyvkv-shard-00-00.ltylxsp.mongodb.net:27017

com.mongodb.MongoSocketReadException: Exception receiving message
	at com.mongodb.internal.connection.InternalStreamConnection.translateReadException(InternalStreamConnection.java:814) ~[mongodb-driver-core-5.2.1.jar:na]
	at com.mongodb.internal.connection.InternalStreamConnection.receiveResponseBuffers(InternalStreamConnection.java:862) ~[mongodb-driver-core-5.2.1.jar:na]
	at com.mongodb.internal.connection.InternalStreamConnection.receiveCommandMessageResponse(InternalStreamConnection.java:517) ~[mongodb-driver-core-5.2.1.jar:na]
	at com.mongodb.internal.connection.InternalStreamConnection.receive(InternalStreamConnection.java:469) ~[mongodb-driver-core-5.2.1.jar:na]
	at com.mongodb.internal.connection.DefaultServerMonitor$ServerMonitor.lookupServerDescription(DefaultServerMonitor.java:249) ~[mongodb-driver-core-5.2.1.jar:na]
	at com.mongodb.internal.connection.DefaultServerMonitor$ServerMonitor.run(DefaultServerMonitor.java:176) ~[mongodb-driver-core-5.2.1.jar:na]
Caused by: java.net.SocketException: Connection reset
	at java.base/sun.nio.ch.NioSocketImpl.implRead(NioSocketImpl.java:328) ~[na:na]
	at java.base/sun.nio.ch.NioSocketImpl.read(NioSocketImpl.java:355) ~[na:na]
	at java.base/sun.nio.ch.NioSocketImpl$1.read(NioSocketImpl.java:808) ~[na:na]
	at java.base/java.net.Socket$SocketInputStream.read(Socket.java:966) ~[na:na]
	at java.base/sun.security.ssl.SSLSocketInputRecord.read(SSLSocketInputRecord.java:484) ~[na:na]
	at java.base/sun.security.ssl.SSLSocketInputRecord.readHeader(SSLSocketInputRecord.java:478) ~[na:na]
	at java.base/sun.security.ssl.SSLSocketInputRecord.bytesInCompletePacket(SSLSocketInputRecord.java:70) ~[na:na]
	at java.base/sun.security.ssl.SSLSocketImpl.readApplicationRecord(SSLSocketImpl.java:1461) ~[na:na]
	at java.base/sun.security.ssl.SSLSocketImpl$AppInputStream.read(SSLSocketImpl.java:1065) ~[na:na]
	at com.mongodb.internal.connection.SocketStream.read(SocketStream.java:182) ~[mongodb-driver-core-5.2.1.jar:na]
	at com.mongodb.internal.connection.InternalStreamConnection.receiveResponseBuffers(InternalStreamConnection.java:829) ~[mongodb-driver-core-5.2.1.jar:na]
	... 4 common frames omitted

2026-05-19T16:01:52.730+01:00  INFO 29248 --- [SocialService] [ngodb.net:27017] org.mongodb.driver.cluster               : Exception in monitor thread while connecting to server ac-khxyvkv-shard-00-01.ltylxsp.mongodb.net:27017

com.mongodb.MongoSocketReadException: Exception receiving message
	at com.mongodb.internal.connection.InternalStreamConnection.translateReadException(InternalStreamConnection.java:814) ~[mongodb-driver-core-5.2.1.jar:na]
	at com.mongodb.internal.connection.InternalStreamConnection.receiveResponseBuffers(InternalStreamConnection.java:862) ~[mongodb-driver-core-5.2.1.jar:na]
	at com.mongodb.internal.connection.InternalStreamConnection.receiveCommandMessageResponse(InternalStreamConnection.java:517) ~[mongodb-driver-core-5.2.1.jar:na]
	at com.mongodb.internal.connection.InternalStreamConnection.receive(InternalStreamConnection.java:469) ~[mongodb-driver-core-5.2.1.jar:na]
	at com.mongodb.internal.connection.DefaultServerMonitor$ServerMonitor.lookupServerDescription(DefaultServerMonitor.java:249) ~[mongodb-driver-core-5.2.1.jar:na]
	at com.mongodb.internal.connection.DefaultServerMonitor$ServerMonitor.run(DefaultServerMonitor.java:176) ~[mongodb-driver-core-5.2.1.jar:na]
Caused by: java.net.SocketException: Connection reset
	at java.base/sun.nio.ch.NioSocketImpl.implRead(NioSocketImpl.java:328) ~[na:na]
	at java.base/sun.nio.ch.NioSocketImpl.read(NioSocketImpl.java:355) ~[na:na]
	at java.base/sun.nio.ch.NioSocketImpl$1.read(NioSocketImpl.java:808) ~[na:na]
	at java.base/java.net.Socket$SocketInputStream.read(Socket.java:966) ~[na:na]
	at java.base/sun.security.ssl.SSLSocketInputRecord.read(SSLSocketInputRecord.java:484) ~[na:na]
	at java.base/sun.security.ssl.SSLSocketInputRecord.readHeader(SSLSocketInputRecord.java:478) ~[na:na]
	at java.base/sun.security.ssl.SSLSocketInputRecord.bytesInCompletePacket(SSLSocketInputRecord.java:70) ~[na:na]
	at java.base/sun.security.ssl.SSLSocketImpl.readApplicationRecord(SSLSocketImpl.java:1461) ~[na:na]
	at java.base/sun.security.ssl.SSLSocketImpl$AppInputStream.read(SSLSocketImpl.java:1065) ~[na:na]
	at com.mongodb.internal.connection.SocketStream.read(SocketStream.java:182) ~[mongodb-driver-core-5.2.1.jar:na]
	at com.mongodb.internal.connection.InternalStreamConnection.receiveResponseBuffers(InternalStreamConnection.java:829) ~[mongodb-driver-core-5.2.1.jar:na]
	... 4 common frames omitted

2026-05-19T16:01:53.180+01:00  INFO 29248 --- [SocialService] [ngodb.net:27017] org.mongodb.driver.cluster               : Exception in monitor thread while connecting to server ac-khxyvkv-shard-00-01.ltylxsp.mongodb.net:27017

com.mongodb.MongoSocketException: Hôte inconnu (ac-khxyvkv-shard-00-01.ltylxsp.mongodb.net)
	at com.mongodb.internal.connection.ServerAddressHelper.getSocketAddresses(ServerAddressHelper.java:75) ~[mongodb-driver-core-5.2.1.jar:na]
	at com.mongodb.internal.connection.SocketStream.initializeSocket(SocketStream.java:100) ~[mongodb-driver-core-5.2.1.jar:na]
	at com.mongodb.internal.connection.SocketStream.open(SocketStream.java:79) ~[mongodb-driver-core-5.2.1.jar:na]
	at com.mongodb.internal.connection.InternalStreamConnection.open(InternalStreamConnection.java:233) ~[mongodb-driver-core-5.2.1.jar:na]
	at com.mongodb.internal.connection.DefaultServerMonitor$ServerMonitor.lookupServerDescription(DefaultServerMonitor.java:219) ~[mongodb-driver-core-5.2.1.jar:na]
	at com.mongodb.internal.connection.DefaultServerMonitor$ServerMonitor.run(DefaultServerMonitor.java:176) ~[mongodb-driver-core-5.2.1.jar:na]
Caused by: java.net.UnknownHostException: Hôte inconnu (ac-khxyvkv-shard-00-01.ltylxsp.mongodb.net)
	at java.base/java.net.Inet6AddressImpl.lookupAllHostAddr(Native Method) ~[na:na]
	at java.base/java.net.InetAddress$PlatformNameService.lookupAllHostAddr(InetAddress.java:933) ~[na:na]
	at java.base/java.net.InetAddress.getAddressesFromNameService(InetAddress.java:1543) ~[na:na]
	at java.base/java.net.InetAddress$NameServiceAddresses.get(InetAddress.java:852) ~[na:na]
	at java.base/java.net.InetAddress.getAllByName0(InetAddress.java:1532) ~[na:na]
	at java.base/java.net.InetAddress.getAllByName(InetAddress.java:1384) ~[na:na]
	at java.base/java.net.InetAddress.getAllByName(InetAddress.java:1305) ~[na:na]
	at com.mongodb.internal.connection.DefaultInetAddressResolver.lookupByName(DefaultInetAddressResolver.java:34) ~[mongodb-driver-core-5.2.1.jar:na]
	at com.mongodb.internal.connection.ServerAddressHelper.getSocketAddresses(ServerAddressHelper.java:71) ~[mongodb-driver-core-5.2.1.jar:na]
	... 5 common frames omitted

2026-05-19T16:01:53.178+01:00  INFO 29248 --- [SocialService] [ngodb.net:27017] org.mongodb.driver.cluster               : Exception in monitor thread while connecting to server ac-khxyvkv-shard-00-02.ltylxsp.mongodb.net:27017

com.mongodb.MongoSocketException: Hôte inconnu (ac-khxyvkv-shard-00-02.ltylxsp.mongodb.net)
	at com.mongodb.internal.connection.ServerAddressHelper.getSocketAddresses(ServerAddressHelper.java:75) ~[mongodb-driver-core-5.2.1.jar:na]
	at com.mongodb.internal.connection.SocketStream.initializeSocket(SocketStream.java:100) ~[mongodb-driver-core-5.2.1.jar:na]
	at com.mongodb.internal.connection.SocketStream.open(SocketStream.java:79) ~[mongodb-driver-core-5.2.1.jar:na]
	at com.mongodb.internal.connection.InternalStreamConnection.open(InternalStreamConnection.java:233) ~[mongodb-driver-core-5.2.1.jar:na]
	at com.mongodb.internal.connection.DefaultServerMonitor$ServerMonitor.lookupServerDescription(DefaultServerMonitor.java:219) ~[mongodb-driver-core-5.2.1.jar:na]
	at com.mongodb.internal.connection.DefaultServerMonitor$ServerMonitor.run(DefaultServerMonitor.java:176) ~[mongodb-driver-core-5.2.1.jar:na]
Caused by: java.net.UnknownHostException: Hôte inconnu (ac-khxyvkv-shard-00-02.ltylxsp.mongodb.net)
	at java.base/java.net.Inet6AddressImpl.lookupAllHostAddr(Native Method) ~[na:na]
	at java.base/java.net.InetAddress$PlatformNameService.lookupAllHostAddr(InetAddress.java:933) ~[na:na]
	at java.base/java.net.InetAddress.getAddressesFromNameService(InetAddress.java:1543) ~[na:na]
	at java.base/java.net.InetAddress$NameServiceAddresses.get(InetAddress.java:852) ~[na:na]
	at java.base/java.net.InetAddress.getAllByName0(InetAddress.java:1532) ~[na:na]
	at java.base/java.net.InetAddress.getAllByName(InetAddress.java:1384) ~[na:na]
	at java.base/java.net.InetAddress.getAllByName(InetAddress.java:1305) ~[na:na]
	at com.mongodb.internal.connection.DefaultInetAddressResolver.lookupByName(DefaultInetAddressResolver.java:34) ~[mongodb-driver-core-5.2.1.jar:na]
	at com.mongodb.internal.connection.ServerAddressHelper.getSocketAddresses(ServerAddressHelper.java:71) ~[mongodb-driver-core-5.2.1.jar:na]
	... 5 common frames omitted

2026-05-19T16:01:53.187+01:00  INFO 29248 --- [SocialService] [ngodb.net:27017] org.mongodb.driver.cluster               : Exception in monitor thread while connecting to server ac-khxyvkv-shard-00-00.ltylxsp.mongodb.net:27017

com.mongodb.MongoSocketException: Hôte inconnu (ac-khxyvkv-shard-00-00.ltylxsp.mongodb.net)
	at com.mongodb.internal.connection.ServerAddressHelper.getSocketAddresses(ServerAddressHelper.java:75) ~[mongodb-driver-core-5.2.1.jar:na]
	at com.mongodb.internal.connection.SocketStream.initializeSocket(SocketStream.java:100) ~[mongodb-driver-core-5.2.1.jar:na]
	at com.mongodb.internal.connection.SocketStream.open(SocketStream.java:79) ~[mongodb-driver-core-5.2.1.jar:na]
	at com.mongodb.internal.connection.InternalStreamConnection.open(InternalStreamConnection.java:233) ~[mongodb-driver-core-5.2.1.jar:na]
	at com.mongodb.internal.connection.DefaultServerMonitor$ServerMonitor.lookupServerDescription(DefaultServerMonitor.java:219) ~[mongodb-driver-core-5.2.1.jar:na]
	at com.mongodb.internal.connection.DefaultServerMonitor$ServerMonitor.run(DefaultServerMonitor.java:176) ~[mongodb-driver-core-5.2.1.jar:na]
Caused by: java.net.UnknownHostException: Hôte inconnu (ac-khxyvkv-shard-00-00.ltylxsp.mongodb.net)
	at java.base/java.net.Inet6AddressImpl.lookupAllHostAddr(Native Method) ~[na:na]
	at java.base/java.net.InetAddress$PlatformNameService.lookupAllHostAddr(InetAddress.java:933) ~[na:na]
	at java.base/java.net.InetAddress.getAddressesFromNameService(InetAddress.java:1543) ~[na:na]
	at java.base/java.net.InetAddress$NameServiceAddresses.get(InetAddress.java:852) ~[na:na]
	at java.base/java.net.InetAddress.getAllByName0(InetAddress.java:1532) ~[na:na]
	at java.base/java.net.InetAddress.getAllByName(InetAddress.java:1384) ~[na:na]
	at java.base/java.net.InetAddress.getAllByName(InetAddress.java:1305) ~[na:na]
	at com.mongodb.internal.connection.DefaultInetAddressResolver.lookupByName(DefaultInetAddressResolver.java:34) ~[mongodb-driver-core-5.2.1.jar:na]
	at com.mongodb.internal.connection.ServerAddressHelper.getSocketAddresses(ServerAddressHelper.java:71) ~[mongodb-driver-core-5.2.1.jar:na]
	... 5 common frames omitted

2026-05-19T16:19:06.818+01:00  INFO 29248 --- [SocialService] [ngodb.net:27017] org.mongodb.driver.cluster               : Monitor thread successfully connected to server with description ServerDescription{address=ac-khxyvkv-shard-00-01.ltylxsp.mongodb.net:27017, type=REPLICA_SET_SECONDARY, cryptd=false, state=CONNECTED, ok=true, minWireVersion=0, maxWireVersion=25, maxDocumentSize=16777216, logicalSessionTimeoutMinutes=30, roundTripTimeNanos=273627200, minRoundTripTimeNanos=0, setName='atlas-6x6yvm-shard-0', canonicalAddress=ac-khxyvkv-shard-00-01.ltylxsp.mongodb.net:27017, hosts=[ac-khxyvkv-shard-00-00.ltylxsp.mongodb.net:27017, ac-khxyvkv-shard-00-01.ltylxsp.mongodb.net:27017, ac-khxyvkv-shard-00-02.ltylxsp.mongodb.net:27017], passives=[], arbiters=[], primary='ac-khxyvkv-shard-00-02.ltylxsp.mongodb.net:27017', tagSet=TagSet{[Tag{name='availabilityZone', value='euw3-az2'}, Tag{name='cacheState', value='READY'}, Tag{name='diskState', value='READY'}, Tag{name='nodeType', value='ELECTABLE'}, Tag{name='provider', value='AWS'}, Tag{name='region', value='EU_WEST_3'}, Tag{name='workloadType', value='OPERATIONAL'}]}, electionId=null, setVersion=36, topologyVersion=TopologyVersion{processId=6a0b7610b7f22932df19d864, counter=3}, lastWriteDate=Tue May 19 16:19:06 WAT 2026, lastUpdateTimeNanos=281670666675700}
2026-05-19T16:19:06.818+01:00  INFO 29248 --- [SocialService] [ngodb.net:27017] org.mongodb.driver.cluster               : Monitor thread successfully connected to server with description ServerDescription{address=ac-khxyvkv-shard-00-00.ltylxsp.mongodb.net:27017, type=REPLICA_SET_SECONDARY, cryptd=false, state=CONNECTED, ok=true, minWireVersion=0, maxWireVersion=25, maxDocumentSize=16777216, logicalSessionTimeoutMinutes=30, roundTripTimeNanos=185960300, minRoundTripTimeNanos=0, setName='atlas-6x6yvm-shard-0', canonicalAddress=ac-khxyvkv-shard-00-00.ltylxsp.mongodb.net:27017, hosts=[ac-khxyvkv-shard-00-00.ltylxsp.mongodb.net:27017, ac-khxyvkv-shard-00-01.ltylxsp.mongodb.net:27017, ac-khxyvkv-shard-00-02.ltylxsp.mongodb.net:27017], passives=[], arbiters=[], primary='ac-khxyvkv-shard-00-02.ltylxsp.mongodb.net:27017', tagSet=TagSet{[Tag{name='availabilityZone', value='euw3-az1'}, Tag{name='cacheState', value='READY'}, Tag{name='diskState', value='READY'}, Tag{name='nodeType', value='ELECTABLE'}, Tag{name='provider', value='AWS'}, Tag{name='region', value='EU_WEST_3'}, Tag{name='workloadType', value='OPERATIONAL'}]}, electionId=null, setVersion=36, topologyVersion=TopologyVersion{processId=6a0b71594350e6bbf1a71fd2, counter=4}, lastWriteDate=Tue May 19 16:19:06 WAT 2026, lastUpdateTimeNanos=281670665400600}
2026-05-19T16:19:06.818+01:00  INFO 29248 --- [SocialService] [ngodb.net:27017] org.mongodb.driver.cluster               : Monitor thread successfully connected to server with description ServerDescription{address=ac-khxyvkv-shard-00-02.ltylxsp.mongodb.net:27017, type=REPLICA_SET_PRIMARY, cryptd=false, state=CONNECTED, ok=true, minWireVersion=0, maxWireVersion=25, maxDocumentSize=16777216, logicalSessionTimeoutMinutes=30, roundTripTimeNanos=274664200, minRoundTripTimeNanos=0, setName='atlas-6x6yvm-shard-0', canonicalAddress=ac-khxyvkv-shard-00-02.ltylxsp.mongodb.net:27017, hosts=[ac-khxyvkv-shard-00-00.ltylxsp.mongodb.net:27017, ac-khxyvkv-shard-00-01.ltylxsp.mongodb.net:27017, ac-khxyvkv-shard-00-02.ltylxsp.mongodb.net:27017], passives=[], arbiters=[], primary='ac-khxyvkv-shard-00-02.ltylxsp.mongodb.net:27017', tagSet=TagSet{[Tag{name='availabilityZone', value='euw3-az3'}, Tag{name='cacheState', value='READY'}, Tag{name='diskState', value='READY'}, Tag{name='nodeType', value='ELECTABLE'}, Tag{name='provider', value='AWS'}, Tag{name='region', value='EU_WEST_3'}, Tag{name='workloadType', value='OPERATIONAL'}]}, electionId=7fffffff000000000000006a, setVersion=36, topologyVersion=TopologyVersion{processId=6a0b739aa9fe492cf1ce6df6, counter=6}, lastWriteDate=Tue May 19 16:19:06 WAT 2026, lastUpdateTimeNanos=281670667709200}
2026-05-19T16:19:06.839+01:00  INFO 29248 --- [SocialService] [ngodb.net:27017] org.mongodb.driver.cluster               : Discovered replica set primary ac-khxyvkv-shard-00-02.ltylxsp.mongodb.net:27017 with max election id 7fffffff000000000000006a and max set version 36
2026-05-23T16:04:32.223+01:00  INFO 29248 --- [SocialService] [ngodb.net:27017] org.mongodb.driver.cluster               : Exception in monitor thread while connecting to server ac-khxyvkv-shard-00-00.ltylxsp.mongodb.net:27017

com.mongodb.MongoSocketReadException: Exception receiving message
	at com.mongodb.internal.connection.InternalStreamConnection.translateReadException(InternalStreamConnection.java:814) ~[mongodb-driver-core-5.2.1.jar:na]
	at com.mongodb.internal.connection.InternalStreamConnection.receiveResponseBuffers(InternalStreamConnection.java:862) ~[mongodb-driver-core-5.2.1.jar:na]
	at com.mongodb.internal.connection.InternalStreamConnection.receiveCommandMessageResponse(InternalStreamConnection.java:517) ~[mongodb-driver-core-5.2.1.jar:na]
	at com.mongodb.internal.connection.InternalStreamConnection.receive(InternalStreamConnection.java:469) ~[mongodb-driver-core-5.2.1.jar:na]
	at com.mongodb.internal.connection.DefaultServerMonitor$ServerMonitor.lookupServerDescription(DefaultServerMonitor.java:249) ~[mongodb-driver-core-5.2.1.jar:na]
	at com.mongodb.internal.connection.DefaultServerMonitor$ServerMonitor.run(DefaultServerMonitor.java:176) ~[mongodb-driver-core-5.2.1.jar:na]
Caused by: java.net.SocketException: Connection reset
	at java.base/sun.nio.ch.NioSocketImpl.implRead(NioSocketImpl.java:328) ~[na:na]
	at java.base/sun.nio.ch.NioSocketImpl.read(NioSocketImpl.java:355) ~[na:na]
	at java.base/sun.nio.ch.NioSocketImpl$1.read(NioSocketImpl.java:808) ~[na:na]
	at java.base/java.net.Socket$SocketInputStream.read(Socket.java:966) ~[na:na]
	at java.base/sun.security.ssl.SSLSocketInputRecord.read(SSLSocketInputRecord.java:484) ~[na:na]
	at java.base/sun.security.ssl.SSLSocketInputRecord.readHeader(SSLSocketInputRecord.java:478) ~[na:na]
	at java.base/sun.security.ssl.SSLSocketInputRecord.bytesInCompletePacket(SSLSocketInputRecord.java:70) ~[na:na]
	at java.base/sun.security.ssl.SSLSocketImpl.readApplicationRecord(SSLSocketImpl.java:1461) ~[na:na]
	at java.base/sun.security.ssl.SSLSocketImpl$AppInputStream.read(SSLSocketImpl.java:1065) ~[na:na]
	at com.mongodb.internal.connection.SocketStream.read(SocketStream.java:182) ~[mongodb-driver-core-5.2.1.jar:na]
	at com.mongodb.internal.connection.InternalStreamConnection.receiveResponseBuffers(InternalStreamConnection.java:829) ~[mongodb-driver-core-5.2.1.jar:na]
	... 4 common frames omitted

2026-05-23T16:04:32.223+01:00  INFO 29248 --- [SocialService] [ngodb.net:27017] org.mongodb.driver.cluster               : Exception in monitor thread while connecting to server ac-khxyvkv-shard-00-02.ltylxsp.mongodb.net:27017

com.mongodb.MongoSocketReadException: Exception receiving message
	at com.mongodb.internal.connection.InternalStreamConnection.translateReadException(InternalStreamConnection.java:814) ~[mongodb-driver-core-5.2.1.jar:na]
	at com.mongodb.internal.connection.InternalStreamConnection.receiveResponseBuffers(InternalStreamConnection.java:862) ~[mongodb-driver-core-5.2.1.jar:na]
	at com.mongodb.internal.connection.InternalStreamConnection.receiveCommandMessageResponse(InternalStreamConnection.java:517) ~[mongodb-driver-core-5.2.1.jar:na]
	at com.mongodb.internal.connection.InternalStreamConnection.receive(InternalStreamConnection.java:469) ~[mongodb-driver-core-5.2.1.jar:na]
	at com.mongodb.internal.connection.DefaultServerMonitor$ServerMonitor.lookupServerDescription(DefaultServerMonitor.java:249) ~[mongodb-driver-core-5.2.1.jar:na]
	at com.mongodb.internal.connection.DefaultServerMonitor$ServerMonitor.run(DefaultServerMonitor.java:176) ~[mongodb-driver-core-5.2.1.jar:na]
Caused by: java.net.SocketException: Connection reset
	at java.base/sun.nio.ch.NioSocketImpl.implRead(NioSocketImpl.java:328) ~[na:na]
	at java.base/sun.nio.ch.NioSocketImpl.read(NioSocketImpl.java:355) ~[na:na]
	at java.base/sun.nio.ch.NioSocketImpl$1.read(NioSocketImpl.java:808) ~[na:na]
	at java.base/java.net.Socket$SocketInputStream.read(Socket.java:966) ~[na:na]
	at java.base/sun.security.ssl.SSLSocketInputRecord.read(SSLSocketInputRecord.java:484) ~[na:na]
	at java.base/sun.security.ssl.SSLSocketInputRecord.readHeader(SSLSocketInputRecord.java:478) ~[na:na]
	at java.base/sun.security.ssl.SSLSocketInputRecord.bytesInCompletePacket(SSLSocketInputRecord.java:70) ~[na:na]
	at java.base/sun.security.ssl.SSLSocketImpl.readApplicationRecord(SSLSocketImpl.java:1461) ~[na:na]
	at java.base/sun.security.ssl.SSLSocketImpl$AppInputStream.read(SSLSocketImpl.java:1065) ~[na:na]
	at com.mongodb.internal.connection.SocketStream.read(SocketStream.java:182) ~[mongodb-driver-core-5.2.1.jar:na]
	at com.mongodb.internal.connection.InternalStreamConnection.receiveResponseBuffers(InternalStreamConnection.java:829) ~[mongodb-driver-core-5.2.1.jar:na]
	... 4 common frames omitted

2026-05-23T16:04:32.223+01:00  INFO 29248 --- [SocialService] [ngodb.net:27017] org.mongodb.driver.cluster               : Exception in monitor thread while connecting to server ac-khxyvkv-shard-00-01.ltylxsp.mongodb.net:27017

com.mongodb.MongoSocketReadException: Exception receiving message
	at com.mongodb.internal.connection.InternalStreamConnection.translateReadException(InternalStreamConnection.java:814) ~[mongodb-driver-core-5.2.1.jar:na]
	at com.mongodb.internal.connection.InternalStreamConnection.receiveResponseBuffers(InternalStreamConnection.java:862) ~[mongodb-driver-core-5.2.1.jar:na]
	at com.mongodb.internal.connection.InternalStreamConnection.receiveCommandMessageResponse(InternalStreamConnection.java:517) ~[mongodb-driver-core-5.2.1.jar:na]
	at com.mongodb.internal.connection.InternalStreamConnection.receive(InternalStreamConnection.java:469) ~[mongodb-driver-core-5.2.1.jar:na]
	at com.mongodb.internal.connection.DefaultServerMonitor$ServerMonitor.lookupServerDescription(DefaultServerMonitor.java:249) ~[mongodb-driver-core-5.2.1.jar:na]
	at com.mongodb.internal.connection.DefaultServerMonitor$ServerMonitor.run(DefaultServerMonitor.java:176) ~[mongodb-driver-core-5.2.1.jar:na]
Caused by: java.net.SocketException: Connection reset
	at java.base/sun.nio.ch.NioSocketImpl.implRead(NioSocketImpl.java:328) ~[na:na]
	at java.base/sun.nio.ch.NioSocketImpl.read(NioSocketImpl.java:355) ~[na:na]
	at java.base/sun.nio.ch.NioSocketImpl$1.read(NioSocketImpl.java:808) ~[na:na]
	at java.base/java.net.Socket$SocketInputStream.read(Socket.java:966) ~[na:na]
	at java.base/sun.security.ssl.SSLSocketInputRecord.read(SSLSocketInputRecord.java:484) ~[na:na]
	at java.base/sun.security.ssl.SSLSocketInputRecord.readHeader(SSLSocketInputRecord.java:478) ~[na:na]
	at java.base/sun.security.ssl.SSLSocketInputRecord.bytesInCompletePacket(SSLSocketInputRecord.java:70) ~[na:na]
	at java.base/sun.security.ssl.SSLSocketImpl.readApplicationRecord(SSLSocketImpl.java:1461) ~[na:na]
	at java.base/sun.security.ssl.SSLSocketImpl$AppInputStream.read(SSLSocketImpl.java:1065) ~[na:na]
	at com.mongodb.internal.connection.SocketStream.read(SocketStream.java:182) ~[mongodb-driver-core-5.2.1.jar:na]
	at com.mongodb.internal.connection.InternalStreamConnection.receiveResponseBuffers(InternalStreamConnection.java:829) ~[mongodb-driver-core-5.2.1.jar:na]
	... 4 common frames omitted

2026-05-23T16:04:33.328+01:00  INFO 29248 --- [SocialService] [ngodb.net:27017] org.mongodb.driver.cluster               : Exception in monitor thread while connecting to server ac-khxyvkv-shard-00-02.ltylxsp.mongodb.net:27017

com.mongodb.MongoSocketException: Hôte inconnu (ac-khxyvkv-shard-00-02.ltylxsp.mongodb.net)
	at com.mongodb.internal.connection.ServerAddressHelper.getSocketAddresses(ServerAddressHelper.java:75) ~[mongodb-driver-core-5.2.1.jar:na]
	at com.mongodb.internal.connection.SocketStream.initializeSocket(SocketStream.java:100) ~[mongodb-driver-core-5.2.1.jar:na]
	at com.mongodb.internal.connection.SocketStream.open(SocketStream.java:79) ~[mongodb-driver-core-5.2.1.jar:na]
	at com.mongodb.internal.connection.InternalStreamConnection.open(InternalStreamConnection.java:233) ~[mongodb-driver-core-5.2.1.jar:na]
	at com.mongodb.internal.connection.DefaultServerMonitor$ServerMonitor.lookupServerDescription(DefaultServerMonitor.java:219) ~[mongodb-driver-core-5.2.1.jar:na]
	at com.mongodb.internal.connection.DefaultServerMonitor$ServerMonitor.run(DefaultServerMonitor.java:176) ~[mongodb-driver-core-5.2.1.jar:na]
Caused by: java.net.UnknownHostException: Hôte inconnu (ac-khxyvkv-shard-00-02.ltylxsp.mongodb.net)
	at java.base/java.net.Inet6AddressImpl.lookupAllHostAddr(Native Method) ~[na:na]
	at java.base/java.net.InetAddress$PlatformNameService.lookupAllHostAddr(InetAddress.java:933) ~[na:na]
	at java.base/java.net.InetAddress.getAddressesFromNameService(InetAddress.java:1543) ~[na:na]
	at java.base/java.net.InetAddress$NameServiceAddresses.get(InetAddress.java:852) ~[na:na]
	at java.base/java.net.InetAddress.getAllByName0(InetAddress.java:1532) ~[na:na]
	at java.base/java.net.InetAddress.getAllByName(InetAddress.java:1384) ~[na:na]
	at java.base/java.net.InetAddress.getAllByName(InetAddress.java:1305) ~[na:na]
	at com.mongodb.internal.connection.DefaultInetAddressResolver.lookupByName(DefaultInetAddressResolver.java:34) ~[mongodb-driver-core-5.2.1.jar:na]
	at com.mongodb.internal.connection.ServerAddressHelper.getSocketAddresses(ServerAddressHelper.java:71) ~[mongodb-driver-core-5.2.1.jar:na]
	... 5 common frames omitted

2026-05-23T16:04:33.328+01:00  INFO 29248 --- [SocialService] [ngodb.net:27017] org.mongodb.driver.cluster               : Exception in monitor thread while connecting to server ac-khxyvkv-shard-00-01.ltylxsp.mongodb.net:27017

com.mongodb.MongoSocketException: Hôte inconnu (ac-khxyvkv-shard-00-01.ltylxsp.mongodb.net)
	at com.mongodb.internal.connection.ServerAddressHelper.getSocketAddresses(ServerAddressHelper.java:75) ~[mongodb-driver-core-5.2.1.jar:na]
	at com.mongodb.internal.connection.SocketStream.initializeSocket(SocketStream.java:100) ~[mongodb-driver-core-5.2.1.jar:na]
	at com.mongodb.internal.connection.SocketStream.open(SocketStream.java:79) ~[mongodb-driver-core-5.2.1.jar:na]
	at com.mongodb.internal.connection.InternalStreamConnection.open(InternalStreamConnection.java:233) ~[mongodb-driver-core-5.2.1.jar:na]
	at com.mongodb.internal.connection.DefaultServerMonitor$ServerMonitor.lookupServerDescription(DefaultServerMonitor.java:219) ~[mongodb-driver-core-5.2.1.jar:na]
	at com.mongodb.internal.connection.DefaultServerMonitor$ServerMonitor.run(DefaultServerMonitor.java:176) ~[mongodb-driver-core-5.2.1.jar:na]
Caused by: java.net.UnknownHostException: Hôte inconnu (ac-khxyvkv-shard-00-01.ltylxsp.mongodb.net)
	at java.base/java.net.Inet6AddressImpl.lookupAllHostAddr(Native Method) ~[na:na]
	at java.base/java.net.InetAddress$PlatformNameService.lookupAllHostAddr(InetAddress.java:933) ~[na:na]
	at java.base/java.net.InetAddress.getAddressesFromNameService(InetAddress.java:1543) ~[na:na]
	at java.base/java.net.InetAddress$NameServiceAddresses.get(InetAddress.java:852) ~[na:na]
	at java.base/java.net.InetAddress.getAllByName0(InetAddress.java:1532) ~[na:na]
	at java.base/java.net.InetAddress.getAllByName(InetAddress.java:1384) ~[na:na]
	at java.base/java.net.InetAddress.getAllByName(InetAddress.java:1305) ~[na:na]
	at com.mongodb.internal.connection.DefaultInetAddressResolver.lookupByName(DefaultInetAddressResolver.java:34) ~[mongodb-driver-core-5.2.1.jar:na]
	at com.mongodb.internal.connection.ServerAddressHelper.getSocketAddresses(ServerAddressHelper.java:71) ~[mongodb-driver-core-5.2.1.jar:na]
	... 5 common frames omitted

2026-05-23T16:04:33.329+01:00  INFO 29248 --- [SocialService] [ngodb.net:27017] org.mongodb.driver.cluster               : Exception in monitor thread while connecting to server ac-khxyvkv-shard-00-00.ltylxsp.mongodb.net:27017

com.mongodb.MongoSocketException: Hôte inconnu (ac-khxyvkv-shard-00-00.ltylxsp.mongodb.net)
	at com.mongodb.internal.connection.ServerAddressHelper.getSocketAddresses(ServerAddressHelper.java:75) ~[mongodb-driver-core-5.2.1.jar:na]
	at com.mongodb.internal.connection.SocketStream.initializeSocket(SocketStream.java:100) ~[mongodb-driver-core-5.2.1.jar:na]
	at com.mongodb.internal.connection.SocketStream.open(SocketStream.java:79) ~[mongodb-driver-core-5.2.1.jar:na]
	at com.mongodb.internal.connection.InternalStreamConnection.open(InternalStreamConnection.java:233) ~[mongodb-driver-core-5.2.1.jar:na]
	at com.mongodb.internal.connection.DefaultServerMonitor$ServerMonitor.lookupServerDescription(DefaultServerMonitor.java:219) ~[mongodb-driver-core-5.2.1.jar:na]
	at com.mongodb.internal.connection.DefaultServerMonitor$ServerMonitor.run(DefaultServerMonitor.java:176) ~[mongodb-driver-core-5.2.1.jar:na]
Caused by: java.net.UnknownHostException: Hôte inconnu (ac-khxyvkv-shard-00-00.ltylxsp.mongodb.net)
	at java.base/java.net.Inet6AddressImpl.lookupAllHostAddr(Native Method) ~[na:na]
	at java.base/java.net.InetAddress$PlatformNameService.lookupAllHostAddr(InetAddress.java:933) ~[na:na]
	at java.base/java.net.InetAddress.getAddressesFromNameService(InetAddress.java:1543) ~[na:na]
	at java.base/java.net.InetAddress$NameServiceAddresses.get(InetAddress.java:852) ~[na:na]
	at java.base/java.net.InetAddress.getAllByName0(InetAddress.java:1532) ~[na:na]
	at java.base/java.net.InetAddress.getAllByName(InetAddress.java:1384) ~[na:na]
	at java.base/java.net.InetAddress.getAllByName(InetAddress.java:1305) ~[na:na]
	at com.mongodb.internal.connection.DefaultInetAddressResolver.lookupByName(DefaultInetAddressResolver.java:34) ~[mongodb-driver-core-5.2.1.jar:na]
	at com.mongodb.internal.connection.ServerAddressHelper.getSocketAddresses(ServerAddressHelper.java:71) ~[mongodb-driver-core-5.2.1.jar:na]
	... 5 common frames omitted

2026-05-23T16:04:43.355+01:00  INFO 29248 --- [SocialService] [ngodb.net:27017] org.mongodb.driver.cluster               : Exception in monitor thread while connecting to server ac-khxyvkv-shard-00-00.ltylxsp.mongodb.net:27017

com.mongodb.MongoSocketException: ac-khxyvkv-shard-00-00.ltylxsp.mongodb.net
	at com.mongodb.internal.connection.ServerAddressHelper.getSocketAddresses(ServerAddressHelper.java:75) ~[mongodb-driver-core-5.2.1.jar:na]
	at com.mongodb.internal.connection.SocketStream.initializeSocket(SocketStream.java:100) ~[mongodb-driver-core-5.2.1.jar:na]
	at com.mongodb.internal.connection.SocketStream.open(SocketStream.java:79) ~[mongodb-driver-core-5.2.1.jar:na]
	at com.mongodb.internal.connection.InternalStreamConnection.open(InternalStreamConnection.java:233) ~[mongodb-driver-core-5.2.1.jar:na]
	at com.mongodb.internal.connection.DefaultServerMonitor$ServerMonitor.lookupServerDescription(DefaultServerMonitor.java:219) ~[mongodb-driver-core-5.2.1.jar:na]
	at com.mongodb.internal.connection.DefaultServerMonitor$ServerMonitor.run(DefaultServerMonitor.java:176) ~[mongodb-driver-core-5.2.1.jar:na]
Caused by: java.net.UnknownHostException: ac-khxyvkv-shard-00-00.ltylxsp.mongodb.net
	at java.base/java.net.InetAddress$CachedAddresses.get(InetAddress.java:801) ~[na:na]
	at java.base/java.net.InetAddress.getAllByName0(InetAddress.java:1532) ~[na:na]
	at java.base/java.net.InetAddress.getAllByName(InetAddress.java:1384) ~[na:na]
	at java.base/java.net.InetAddress.getAllByName(InetAddress.java:1305) ~[na:na]
	at com.mongodb.internal.connection.DefaultInetAddressResolver.lookupByName(DefaultInetAddressResolver.java:34) ~[mongodb-driver-core-5.2.1.jar:na]
	at com.mongodb.internal.connection.ServerAddressHelper.getSocketAddresses(ServerAddressHelper.java:71) ~[mongodb-driver-core-5.2.1.jar:na]
	... 5 common frames omitted

2026-05-23T16:04:46.451+01:00  INFO 29248 --- [SocialService] [ngodb.net:27017] org.mongodb.driver.cluster               : Monitor thread successfully connected to server with description ServerDescription{address=ac-khxyvkv-shard-00-02.ltylxsp.mongodb.net:27017, type=REPLICA_SET_SECONDARY, cryptd=false, state=CONNECTED, ok=true, minWireVersion=0, maxWireVersion=25, maxDocumentSize=16777216, logicalSessionTimeoutMinutes=30, roundTripTimeNanos=1450241800, minRoundTripTimeNanos=0, setName='atlas-6x6yvm-shard-0', canonicalAddress=ac-khxyvkv-shard-00-02.ltylxsp.mongodb.net:27017, hosts=[ac-khxyvkv-shard-00-00.ltylxsp.mongodb.net:27017, ac-khxyvkv-shard-00-01.ltylxsp.mongodb.net:27017, ac-khxyvkv-shard-00-02.ltylxsp.mongodb.net:27017], passives=[], arbiters=[], primary='ac-khxyvkv-shard-00-01.ltylxsp.mongodb.net:27017', tagSet=TagSet{[Tag{name='availabilityZone', value='euw3-az3'}, Tag{name='cacheState', value='READY'}, Tag{name='diskState', value='READY'}, Tag{name='nodeType', value='ELECTABLE'}, Tag{name='provider', value='AWS'}, Tag{name='region', value='EU_WEST_3'}, Tag{name='workloadType', value='OPERATIONAL'}]}, electionId=null, setVersion=36, topologyVersion=TopologyVersion{processId=6a10afacc3c0145a7299563d, counter=3}, lastWriteDate=Sat May 23 16:04:44 WAT 2026, lastUpdateTimeNanos=626415592417300}
2026-05-23T16:04:48.197+01:00  INFO 29248 --- [SocialService] [ngodb.net:27017] org.mongodb.driver.cluster               : Monitor thread successfully connected to server with description ServerDescription{address=ac-khxyvkv-shard-00-01.ltylxsp.mongodb.net:27017, type=REPLICA_SET_PRIMARY, cryptd=false, state=CONNECTED, ok=true, minWireVersion=0, maxWireVersion=25, maxDocumentSize=16777216, logicalSessionTimeoutMinutes=30, roundTripTimeNanos=3234669900, minRoundTripTimeNanos=0, setName='atlas-6x6yvm-shard-0', canonicalAddress=ac-khxyvkv-shard-00-01.ltylxsp.mongodb.net:27017, hosts=[ac-khxyvkv-shard-00-00.ltylxsp.mongodb.net:27017, ac-khxyvkv-shard-00-01.ltylxsp.mongodb.net:27017, ac-khxyvkv-shard-00-02.ltylxsp.mongodb.net:27017], passives=[], arbiters=[], primary='ac-khxyvkv-shard-00-01.ltylxsp.mongodb.net:27017', tagSet=TagSet{[Tag{name='availabilityZone', value='euw3-az2'}, Tag{name='cacheState', value='READY'}, Tag{name='diskState', value='READY'}, Tag{name='nodeType', value='ELECTABLE'}, Tag{name='provider', value='AWS'}, Tag{name='region', value='EU_WEST_3'}, Tag{name='workloadType', value='OPERATIONAL'}]}, electionId=7fffffff000000000000006b, setVersion=36, topologyVersion=TopologyVersion{processId=6a10ad2db025c004c20c2eaf, counter=6}, lastWriteDate=Sat May 23 16:04:46 WAT 2026, lastUpdateTimeNanos=626417345451400}
2026-05-23T16:04:48.206+01:00  INFO 29248 --- [SocialService] [ngodb.net:27017] org.mongodb.driver.cluster               : Discovered replica set primary ac-khxyvkv-shard-00-01.ltylxsp.mongodb.net:27017 with max election id 7fffffff000000000000006b and max set version 36
2026-05-23T16:04:54.204+01:00  INFO 29248 --- [SocialService] [ngodb.net:27017] org.mongodb.driver.cluster               : Monitor thread successfully connected to server with description ServerDescription{address=ac-khxyvkv-shard-00-00.ltylxsp.mongodb.net:27017, type=REPLICA_SET_SECONDARY, cryptd=false, state=CONNECTED, ok=true, minWireVersion=0, maxWireVersion=25, maxDocumentSize=16777216, logicalSessionTimeoutMinutes=30, roundTripTimeNanos=648718800, minRoundTripTimeNanos=0, setName='atlas-6x6yvm-shard-0', canonicalAddress=ac-khxyvkv-shard-00-00.ltylxsp.mongodb.net:27017, hosts=[ac-khxyvkv-shard-00-00.ltylxsp.mongodb.net:27017, ac-khxyvkv-shard-00-01.ltylxsp.mongodb.net:27017, ac-khxyvkv-shard-00-02.ltylxsp.mongodb.net:27017], passives=[], arbiters=[], primary='ac-khxyvkv-shard-00-01.ltylxsp.mongodb.net:27017', tagSet=TagSet{[Tag{name='availabilityZone', value='euw3-az1'}, Tag{name='cacheState', value='READY'}, Tag{name='diskState', value='READY'}, Tag{name='nodeType', value='ELECTABLE'}, Tag{name='provider', value='AWS'}, Tag{name='region', value='EU_WEST_3'}, Tag{name='workloadType', value='OPERATIONAL'}]}, electionId=null, setVersion=36, topologyVersion=TopologyVersion{processId=6a10aaf2adb9cf8404387343, counter=4}, lastWriteDate=Sat May 23 16:04:52 WAT 2026, lastUpdateTimeNanos=626423352075100}
2026-05-23T16:24:03.702+01:00  INFO 29248 --- [SocialService] [MessageBroker-1] o.s.w.s.c.WebSocketMessageBrokerStats    : WebSocketSession[0 current WS(0)-HttpStream(0)-HttpPoll(0), 0 total, 0 closed abnormally (0 connect failure, 0 send limit, 0 transport error)], stompSubProtocol[processed CONNECT(0)-CONNECTED(0)-DISCONNECT(0)], stompBrokerRelay[null], inboundChannel[pool size = 0, active threads = 0, queued tasks = 0, completed tasks = 0], outboundChannel[pool size = 0, active threads = 0, queued tasks = 0, completed tasks = 0], sockJsScheduler[pool size = 8, active threads = 1, queued tasks = 0, completed tasks = 26]
2026-05-23T17:21:44.564+01:00  INFO 29248 --- [SocialService] [ngodb.net:27017] org.mongodb.driver.cluster               : Exception in monitor thread while connecting to server ac-khxyvkv-shard-00-02.ltylxsp.mongodb.net:27017

com.mongodb.MongoSocketReadException: Exception receiving message
	at com.mongodb.internal.connection.InternalStreamConnection.translateReadException(InternalStreamConnection.java:814) ~[mongodb-driver-core-5.2.1.jar:na]
	at com.mongodb.internal.connection.InternalStreamConnection.receiveResponseBuffers(InternalStreamConnection.java:862) ~[mongodb-driver-core-5.2.1.jar:na]
	at com.mongodb.internal.connection.InternalStreamConnection.receiveCommandMessageResponse(InternalStreamConnection.java:517) ~[mongodb-driver-core-5.2.1.jar:na]
	at com.mongodb.internal.connection.InternalStreamConnection.receive(InternalStreamConnection.java:469) ~[mongodb-driver-core-5.2.1.jar:na]
	at com.mongodb.internal.connection.DefaultServerMonitor$ServerMonitor.lookupServerDescription(DefaultServerMonitor.java:249) ~[mongodb-driver-core-5.2.1.jar:na]
	at com.mongodb.internal.connection.DefaultServerMonitor$ServerMonitor.run(DefaultServerMonitor.java:176) ~[mongodb-driver-core-5.2.1.jar:na]
Caused by: java.net.SocketException: Connection reset
	at java.base/sun.nio.ch.NioSocketImpl.implRead(NioSocketImpl.java:328) ~[na:na]
	at java.base/sun.nio.ch.NioSocketImpl.read(NioSocketImpl.java:355) ~[na:na]
	at java.base/sun.nio.ch.NioSocketImpl$1.read(NioSocketImpl.java:808) ~[na:na]
	at java.base/java.net.Socket$SocketInputStream.read(Socket.java:966) ~[na:na]
	at java.base/sun.security.ssl.SSLSocketInputRecord.read(SSLSocketInputRecord.java:484) ~[na:na]
	at java.base/sun.security.ssl.SSLSocketInputRecord.readHeader(SSLSocketInputRecord.java:478) ~[na:na]
	at java.base/sun.security.ssl.SSLSocketInputRecord.bytesInCompletePacket(SSLSocketInputRecord.java:70) ~[na:na]
	at java.base/sun.security.ssl.SSLSocketImpl.readApplicationRecord(SSLSocketImpl.java:1461) ~[na:na]
	at java.base/sun.security.ssl.SSLSocketImpl$AppInputStream.read(SSLSocketImpl.java:1065) ~[na:na]
	at com.mongodb.internal.connection.SocketStream.read(SocketStream.java:182) ~[mongodb-driver-core-5.2.1.jar:na]
	at com.mongodb.internal.connection.InternalStreamConnection.receiveResponseBuffers(InternalStreamConnection.java:829) ~[mongodb-driver-core-5.2.1.jar:na]
	... 4 common frames omitted

2026-05-23T17:21:44.528+01:00  INFO 29248 --- [SocialService] [ngodb.net:27017] org.mongodb.driver.cluster               : Exception in monitor thread while connecting to server ac-khxyvkv-shard-00-00.ltylxsp.mongodb.net:27017

com.mongodb.MongoSocketReadException: Exception receiving message
	at com.mongodb.internal.connection.InternalStreamConnection.translateReadException(InternalStreamConnection.java:814) ~[mongodb-driver-core-5.2.1.jar:na]
	at com.mongodb.internal.connection.InternalStreamConnection.receiveResponseBuffers(InternalStreamConnection.java:862) ~[mongodb-driver-core-5.2.1.jar:na]
	at com.mongodb.internal.connection.InternalStreamConnection.receiveCommandMessageResponse(InternalStreamConnection.java:517) ~[mongodb-driver-core-5.2.1.jar:na]
	at com.mongodb.internal.connection.InternalStreamConnection.receive(InternalStreamConnection.java:469) ~[mongodb-driver-core-5.2.1.jar:na]
	at com.mongodb.internal.connection.DefaultServerMonitor$ServerMonitor.lookupServerDescription(DefaultServerMonitor.java:249) ~[mongodb-driver-core-5.2.1.jar:na]
	at com.mongodb.internal.connection.DefaultServerMonitor$ServerMonitor.run(DefaultServerMonitor.java:176) ~[mongodb-driver-core-5.2.1.jar:na]
Caused by: java.net.SocketException: Connection reset
	at java.base/sun.nio.ch.NioSocketImpl.implRead(NioSocketImpl.java:328) ~[na:na]
	at java.base/sun.nio.ch.NioSocketImpl.read(NioSocketImpl.java:355) ~[na:na]
	at java.base/sun.nio.ch.NioSocketImpl$1.read(NioSocketImpl.java:808) ~[na:na]
	at java.base/java.net.Socket$SocketInputStream.read(Socket.java:966) ~[na:na]
	at java.base/sun.security.ssl.SSLSocketInputRecord.read(SSLSocketInputRecord.java:484) ~[na:na]
	at java.base/sun.security.ssl.SSLSocketInputRecord.readHeader(SSLSocketInputRecord.java:478) ~[na:na]
	at java.base/sun.security.ssl.SSLSocketInputRecord.bytesInCompletePacket(SSLSocketInputRecord.java:70) ~[na:na]
	at java.base/sun.security.ssl.SSLSocketImpl.readApplicationRecord(SSLSocketImpl.java:1461) ~[na:na]
	at java.base/sun.security.ssl.SSLSocketImpl$AppInputStream.read(SSLSocketImpl.java:1065) ~[na:na]
	at com.mongodb.internal.connection.SocketStream.read(SocketStream.java:182) ~[mongodb-driver-core-5.2.1.jar:na]
	at com.mongodb.internal.connection.InternalStreamConnection.receiveResponseBuffers(InternalStreamConnection.java:829) ~[mongodb-driver-core-5.2.1.jar:na]
	... 4 common frames omitted

2026-05-23T17:21:44.528+01:00  INFO 29248 --- [SocialService] [ngodb.net:27017] org.mongodb.driver.cluster               : Exception in monitor thread while connecting to server ac-khxyvkv-shard-00-01.ltylxsp.mongodb.net:27017

com.mongodb.MongoSocketReadException: Exception receiving message
	at com.mongodb.internal.connection.InternalStreamConnection.translateReadException(InternalStreamConnection.java:814) ~[mongodb-driver-core-5.2.1.jar:na]
	at com.mongodb.internal.connection.InternalStreamConnection.receiveResponseBuffers(InternalStreamConnection.java:862) ~[mongodb-driver-core-5.2.1.jar:na]
	at com.mongodb.internal.connection.InternalStreamConnection.receiveCommandMessageResponse(InternalStreamConnection.java:517) ~[mongodb-driver-core-5.2.1.jar:na]
	at com.mongodb.internal.connection.InternalStreamConnection.receive(InternalStreamConnection.java:469) ~[mongodb-driver-core-5.2.1.jar:na]
	at com.mongodb.internal.connection.DefaultServerMonitor$ServerMonitor.lookupServerDescription(DefaultServerMonitor.java:249) ~[mongodb-driver-core-5.2.1.jar:na]
	at com.mongodb.internal.connection.DefaultServerMonitor$ServerMonitor.run(DefaultServerMonitor.java:176) ~[mongodb-driver-core-5.2.1.jar:na]
Caused by: java.net.SocketException: Connection reset
	at java.base/sun.nio.ch.NioSocketImpl.implRead(NioSocketImpl.java:328) ~[na:na]
	at java.base/sun.nio.ch.NioSocketImpl.read(NioSocketImpl.java:355) ~[na:na]
	at java.base/sun.nio.ch.NioSocketImpl$1.read(NioSocketImpl.java:808) ~[na:na]
	at java.base/java.net.Socket$SocketInputStream.read(Socket.java:966) ~[na:na]
	at java.base/sun.security.ssl.SSLSocketInputRecord.read(SSLSocketInputRecord.java:484) ~[na:na]
	at java.base/sun.security.ssl.SSLSocketInputRecord.readHeader(SSLSocketInputRecord.java:478) ~[na:na]
	at java.base/sun.security.ssl.SSLSocketInputRecord.bytesInCompletePacket(SSLSocketInputRecord.java:70) ~[na:na]
	at java.base/sun.security.ssl.SSLSocketImpl.readApplicationRecord(SSLSocketImpl.java:1461) ~[na:na]
	at java.base/sun.security.ssl.SSLSocketImpl$AppInputStream.read(SSLSocketImpl.java:1065) ~[na:na]
	at com.mongodb.internal.connection.SocketStream.read(SocketStream.java:182) ~[mongodb-driver-core-5.2.1.jar:na]
	at com.mongodb.internal.connection.InternalStreamConnection.receiveResponseBuffers(InternalStreamConnection.java:829) ~[mongodb-driver-core-5.2.1.jar:na]
	... 4 common frames omitted

2026-05-23T17:21:44.864+01:00  INFO 29248 --- [SocialService] [ngodb.net:27017] org.mongodb.driver.cluster               : Exception in monitor thread while connecting to server ac-khxyvkv-shard-00-00.ltylxsp.mongodb.net:27017

com.mongodb.MongoSocketException: Hôte inconnu (ac-khxyvkv-shard-00-00.ltylxsp.mongodb.net)
	at com.mongodb.internal.connection.ServerAddressHelper.getSocketAddresses(ServerAddressHelper.java:75) ~[mongodb-driver-core-5.2.1.jar:na]
	at com.mongodb.internal.connection.SocketStream.initializeSocket(SocketStream.java:100) ~[mongodb-driver-core-5.2.1.jar:na]
	at com.mongodb.internal.connection.SocketStream.open(SocketStream.java:79) ~[mongodb-driver-core-5.2.1.jar:na]
	at com.mongodb.internal.connection.InternalStreamConnection.open(InternalStreamConnection.java:233) ~[mongodb-driver-core-5.2.1.jar:na]
	at com.mongodb.internal.connection.DefaultServerMonitor$ServerMonitor.lookupServerDescription(DefaultServerMonitor.java:219) ~[mongodb-driver-core-5.2.1.jar:na]
	at com.mongodb.internal.connection.DefaultServerMonitor$ServerMonitor.run(DefaultServerMonitor.java:176) ~[mongodb-driver-core-5.2.1.jar:na]
Caused by: java.net.UnknownHostException: Hôte inconnu (ac-khxyvkv-shard-00-00.ltylxsp.mongodb.net)
	at java.base/java.net.Inet6AddressImpl.lookupAllHostAddr(Native Method) ~[na:na]
	at java.base/java.net.InetAddress$PlatformNameService.lookupAllHostAddr(InetAddress.java:933) ~[na:na]
	at java.base/java.net.InetAddress.getAddressesFromNameService(InetAddress.java:1543) ~[na:na]
	at java.base/java.net.InetAddress$NameServiceAddresses.get(InetAddress.java:852) ~[na:na]
	at java.base/java.net.InetAddress.getAllByName0(InetAddress.java:1532) ~[na:na]
	at java.base/java.net.InetAddress.getAllByName(InetAddress.java:1384) ~[na:na]
	at java.base/java.net.InetAddress.getAllByName(InetAddress.java:1305) ~[na:na]
	at com.mongodb.internal.connection.DefaultInetAddressResolver.lookupByName(DefaultInetAddressResolver.java:34) ~[mongodb-driver-core-5.2.1.jar:na]
	at com.mongodb.internal.connection.ServerAddressHelper.getSocketAddresses(ServerAddressHelper.java:71) ~[mongodb-driver-core-5.2.1.jar:na]
	... 5 common frames omitted

2026-05-23T17:21:44.864+01:00  INFO 29248 --- [SocialService] [ngodb.net:27017] org.mongodb.driver.cluster               : Exception in monitor thread while connecting to server ac-khxyvkv-shard-00-01.ltylxsp.mongodb.net:27017

com.mongodb.MongoSocketException: Hôte inconnu (ac-khxyvkv-shard-00-01.ltylxsp.mongodb.net)
	at com.mongodb.internal.connection.ServerAddressHelper.getSocketAddresses(ServerAddressHelper.java:75) ~[mongodb-driver-core-5.2.1.jar:na]
	at com.mongodb.internal.connection.SocketStream.initializeSocket(SocketStream.java:100) ~[mongodb-driver-core-5.2.1.jar:na]
	at com.mongodb.internal.connection.SocketStream.open(SocketStream.java:79) ~[mongodb-driver-core-5.2.1.jar:na]
	at com.mongodb.internal.connection.InternalStreamConnection.open(InternalStreamConnection.java:233) ~[mongodb-driver-core-5.2.1.jar:na]
	at com.mongodb.internal.connection.DefaultServerMonitor$ServerMonitor.lookupServerDescription(DefaultServerMonitor.java:219) ~[mongodb-driver-core-5.2.1.jar:na]
	at com.mongodb.internal.connection.DefaultServerMonitor$ServerMonitor.run(DefaultServerMonitor.java:176) ~[mongodb-driver-core-5.2.1.jar:na]
Caused by: java.net.UnknownHostException: Hôte inconnu (ac-khxyvkv-shard-00-01.ltylxsp.mongodb.net)
	at java.base/java.net.Inet6AddressImpl.lookupAllHostAddr(Native Method) ~[na:na]
	at java.base/java.net.InetAddress$PlatformNameService.lookupAllHostAddr(InetAddress.java:933) ~[na:na]
	at java.base/java.net.InetAddress.getAddressesFromNameService(InetAddress.java:1543) ~[na:na]
	at java.base/java.net.InetAddress$NameServiceAddresses.get(InetAddress.java:852) ~[na:na]
	at java.base/java.net.InetAddress.getAllByName0(InetAddress.java:1532) ~[na:na]
	at java.base/java.net.InetAddress.getAllByName(InetAddress.java:1384) ~[na:na]
	at java.base/java.net.InetAddress.getAllByName(InetAddress.java:1305) ~[na:na]
	at com.mongodb.internal.connection.DefaultInetAddressResolver.lookupByName(DefaultInetAddressResolver.java:34) ~[mongodb-driver-core-5.2.1.jar:na]
	at com.mongodb.internal.connection.ServerAddressHelper.getSocketAddresses(ServerAddressHelper.java:71) ~[mongodb-driver-core-5.2.1.jar:na]
	... 5 common frames omitted

2026-05-23T17:21:44.864+01:00  INFO 29248 --- [SocialService] [ngodb.net:27017] org.mongodb.driver.cluster               : Exception in monitor thread while connecting to server ac-khxyvkv-shard-00-02.ltylxsp.mongodb.net:27017

com.mongodb.MongoSocketException: Hôte inconnu (ac-khxyvkv-shard-00-02.ltylxsp.mongodb.net)
	at com.mongodb.internal.connection.ServerAddressHelper.getSocketAddresses(ServerAddressHelper.java:75) ~[mongodb-driver-core-5.2.1.jar:na]
	at com.mongodb.internal.connection.SocketStream.initializeSocket(SocketStream.java:100) ~[mongodb-driver-core-5.2.1.jar:na]
	at com.mongodb.internal.connection.SocketStream.open(SocketStream.java:79) ~[mongodb-driver-core-5.2.1.jar:na]
	at com.mongodb.internal.connection.InternalStreamConnection.open(InternalStreamConnection.java:233) ~[mongodb-driver-core-5.2.1.jar:na]
	at com.mongodb.internal.connection.DefaultServerMonitor$ServerMonitor.lookupServerDescription(DefaultServerMonitor.java:219) ~[mongodb-driver-core-5.2.1.jar:na]
	at com.mongodb.internal.connection.DefaultServerMonitor$ServerMonitor.run(DefaultServerMonitor.java:176) ~[mongodb-driver-core-5.2.1.jar:na]
Caused by: java.net.UnknownHostException: Hôte inconnu (ac-khxyvkv-shard-00-02.ltylxsp.mongodb.net)
	at java.base/java.net.Inet6AddressImpl.lookupAllHostAddr(Native Method) ~[na:na]
	at java.base/java.net.InetAddress$PlatformNameService.lookupAllHostAddr(InetAddress.java:933) ~[na:na]
	at java.base/java.net.InetAddress.getAddressesFromNameService(InetAddress.java:1543) ~[na:na]
	at java.base/java.net.InetAddress$NameServiceAddresses.get(InetAddress.java:852) ~[na:na]
	at java.base/java.net.InetAddress.getAllByName0(InetAddress.java:1532) ~[na:na]
	at java.base/java.net.InetAddress.getAllByName(InetAddress.java:1384) ~[na:na]
	at java.base/java.net.InetAddress.getAllByName(InetAddress.java:1305) ~[na:na]
	at com.mongodb.internal.connection.DefaultInetAddressResolver.lookupByName(DefaultInetAddressResolver.java:34) ~[mongodb-driver-core-5.2.1.jar:na]
	at com.mongodb.internal.connection.ServerAddressHelper.getSocketAddresses(ServerAddressHelper.java:71) ~[mongodb-driver-core-5.2.1.jar:na]
	... 5 common frames omitted

2026-05-23T17:46:30.689+01:00  INFO 29248 --- [SocialService] [ngodb.net:27017] org.mongodb.driver.cluster               : Exception in monitor thread while connecting to server ac-khxyvkv-shard-00-02.ltylxsp.mongodb.net:27017

com.mongodb.MongoSocketException: ac-khxyvkv-shard-00-02.ltylxsp.mongodb.net
	at com.mongodb.internal.connection.ServerAddressHelper.getSocketAddresses(ServerAddressHelper.java:75) ~[mongodb-driver-core-5.2.1.jar:na]
	at com.mongodb.internal.connection.SocketStream.initializeSocket(SocketStream.java:100) ~[mongodb-driver-core-5.2.1.jar:na]
	at com.mongodb.internal.connection.SocketStream.open(SocketStream.java:79) ~[mongodb-driver-core-5.2.1.jar:na]
	at com.mongodb.internal.connection.InternalStreamConnection.open(InternalStreamConnection.java:233) ~[mongodb-driver-core-5.2.1.jar:na]
	at com.mongodb.internal.connection.DefaultServerMonitor$ServerMonitor.lookupServerDescription(DefaultServerMonitor.java:219) ~[mongodb-driver-core-5.2.1.jar:na]
	at com.mongodb.internal.connection.DefaultServerMonitor$ServerMonitor.run(DefaultServerMonitor.java:176) ~[mongodb-driver-core-5.2.1.jar:na]
Caused by: java.net.UnknownHostException: ac-khxyvkv-shard-00-02.ltylxsp.mongodb.net
	at java.base/java.net.InetAddress$CachedAddresses.get(InetAddress.java:801) ~[na:na]
	at java.base/java.net.InetAddress.getAllByName0(InetAddress.java:1532) ~[na:na]
	at java.base/java.net.InetAddress.getAllByName(InetAddress.java:1384) ~[na:na]
	at java.base/java.net.InetAddress.getAllByName(InetAddress.java:1305) ~[na:na]
	at com.mongodb.internal.connection.DefaultInetAddressResolver.lookupByName(DefaultInetAddressResolver.java:34) ~[mongodb-driver-core-5.2.1.jar:na]
	at com.mongodb.internal.connection.ServerAddressHelper.getSocketAddresses(ServerAddressHelper.java:71) ~[mongodb-driver-core-5.2.1.jar:na]
	... 5 common frames omitted

2026-05-23T17:46:31.428+01:00  INFO 29248 --- [SocialService] [ngodb.net:27017] org.mongodb.driver.cluster               : Monitor thread successfully connected to server with description ServerDescription{address=ac-khxyvkv-shard-00-00.ltylxsp.mongodb.net:27017, type=REPLICA_SET_SECONDARY, cryptd=false, state=CONNECTED, ok=true, minWireVersion=0, maxWireVersion=25, maxDocumentSize=16777216, logicalSessionTimeoutMinutes=30, roundTripTimeNanos=505005900, minRoundTripTimeNanos=0, setName='atlas-6x6yvm-shard-0', canonicalAddress=ac-khxyvkv-shard-00-00.ltylxsp.mongodb.net:27017, hosts=[ac-khxyvkv-shard-00-00.ltylxsp.mongodb.net:27017, ac-khxyvkv-shard-00-01.ltylxsp.mongodb.net:27017, ac-khxyvkv-shard-00-02.ltylxsp.mongodb.net:27017], passives=[], arbiters=[], primary='ac-khxyvkv-shard-00-01.ltylxsp.mongodb.net:27017', tagSet=TagSet{[Tag{name='availabilityZone', value='euw3-az1'}, Tag{name='cacheState', value='READY'}, Tag{name='diskState', value='READY'}, Tag{name='nodeType', value='ELECTABLE'}, Tag{name='provider', value='AWS'}, Tag{name='region', value='EU_WEST_3'}, Tag{name='workloadType', value='OPERATIONAL'}]}, electionId=null, setVersion=36, topologyVersion=TopologyVersion{processId=6a10aaf2adb9cf8404387343, counter=4}, lastWriteDate=Sat May 23 17:46:31 WAT 2026, lastUpdateTimeNanos=632521969739200}
2026-05-23T17:46:31.428+01:00  INFO 29248 --- [SocialService] [ngodb.net:27017] org.mongodb.driver.cluster               : Monitor thread successfully connected to server with description ServerDescription{address=ac-khxyvkv-shard-00-01.ltylxsp.mongodb.net:27017, type=REPLICA_SET_PRIMARY, cryptd=false, state=CONNECTED, ok=true, minWireVersion=0, maxWireVersion=25, maxDocumentSize=16777216, logicalSessionTimeoutMinutes=30, roundTripTimeNanos=496929200, minRoundTripTimeNanos=0, setName='atlas-6x6yvm-shard-0', canonicalAddress=ac-khxyvkv-shard-00-01.ltylxsp.mongodb.net:27017, hosts=[ac-khxyvkv-shard-00-00.ltylxsp.mongodb.net:27017, ac-khxyvkv-shard-00-01.ltylxsp.mongodb.net:27017, ac-khxyvkv-shard-00-02.ltylxsp.mongodb.net:27017], passives=[], arbiters=[], primary='ac-khxyvkv-shard-00-01.ltylxsp.mongodb.net:27017', tagSet=TagSet{[Tag{name='availabilityZone', value='euw3-az2'}, Tag{name='cacheState', value='READY'}, Tag{name='diskState', value='READY'}, Tag{name='nodeType', value='ELECTABLE'}, Tag{name='provider', value='AWS'}, Tag{name='region', value='EU_WEST_3'}, Tag{name='workloadType', value='OPERATIONAL'}]}, electionId=7fffffff000000000000006b, setVersion=36, topologyVersion=TopologyVersion{processId=6a10ad2db025c004c20c2eaf, counter=6}, lastWriteDate=Sat May 23 17:46:31 WAT 2026, lastUpdateTimeNanos=632521961664200}
2026-05-23T17:46:31.480+01:00  INFO 29248 --- [SocialService] [ngodb.net:27017] org.mongodb.driver.cluster               : Discovered replica set primary ac-khxyvkv-shard-00-01.ltylxsp.mongodb.net:27017 with max election id 7fffffff000000000000006b and max set version 36
2026-05-23T17:46:40.928+01:00  INFO 29248 --- [SocialService] [ngodb.net:27017] org.mongodb.driver.cluster               : Monitor thread successfully connected to server with description ServerDescription{address=ac-khxyvkv-shard-00-02.ltylxsp.mongodb.net:27017, type=REPLICA_SET_SECONDARY, cryptd=false, state=CONNECTED, ok=true, minWireVersion=0, maxWireVersion=25, maxDocumentSize=16777216, logicalSessionTimeoutMinutes=30, roundTripTimeNanos=142488400, minRoundTripTimeNanos=0, setName='atlas-6x6yvm-shard-0', canonicalAddress=ac-khxyvkv-shard-00-02.ltylxsp.mongodb.net:27017, hosts=[ac-khxyvkv-shard-00-00.ltylxsp.mongodb.net:27017, ac-khxyvkv-shard-00-01.ltylxsp.mongodb.net:27017, ac-khxyvkv-shard-00-02.ltylxsp.mongodb.net:27017], passives=[], arbiters=[], primary='ac-khxyvkv-shard-00-01.ltylxsp.mongodb.net:27017', tagSet=TagSet{[Tag{name='availabilityZone', value='euw3-az3'}, Tag{name='cacheState', value='READY'}, Tag{name='diskState', value='READY'}, Tag{name='nodeType', value='ELECTABLE'}, Tag{name='provider', value='AWS'}, Tag{name='region', value='EU_WEST_3'}, Tag{name='workloadType', value='OPERATIONAL'}]}, electionId=null, setVersion=36, topologyVersion=TopologyVersion{processId=6a10afacc3c0145a7299563d, counter=3}, lastWriteDate=Sat May 23 17:46:40 WAT 2026, lastUpdateTimeNanos=632531523060800}
2026-05-23T17:50:12.621+01:00  INFO 29248 --- [SocialService] [MessageBroker-1] o.s.w.s.c.WebSocketMessageBrokerStats    : WebSocketSession[0 current WS(0)-HttpStream(0)-HttpPoll(0), 0 total, 0 closed abnormally (0 connect failure, 0 send limit, 0 transport error)], stompSubProtocol[processed CONNECT(0)-CONNECTED(0)-DISCONNECT(0)], stompBrokerRelay[null], inboundChannel[pool size = 0, active threads = 0, queued tasks = 0, completed tasks = 0], outboundChannel[pool size = 0, active threads = 0, queued tasks = 0, completed tasks = 0], sockJsScheduler[pool size = 8, active threads = 1, queued tasks = 0, completed tasks = 27]
2026-05-23T18:20:12.639+01:00  INFO 29248 --- [SocialService] [MessageBroker-1] o.s.w.s.c.WebSocketMessageBrokerStats    : WebSocketSession[0 current WS(0)-HttpStream(0)-HttpPoll(0), 0 total, 0 closed abnormally (0 connect failure, 0 send limit, 0 transport error)], stompSubProtocol[processed CONNECT(0)-CONNECTED(0)-DISCONNECT(0)], stompBrokerRelay[null], inboundChannel[pool size = 0, active threads = 0, queued tasks = 0, completed tasks = 0], outboundChannel[pool size = 0, active threads = 0, queued tasks = 0, completed tasks = 0], sockJsScheduler[pool size = 8, active threads = 1, queued tasks = 0, completed tasks = 28]
2026-05-23T18:50:12.746+01:00  INFO 29248 --- [SocialService] [MessageBroker-1] o.s.w.s.c.WebSocketMessageBrokerStats    : WebSocketSession[0 current WS(0)-HttpStream(0)-HttpPoll(0), 0 total, 0 closed abnormally (0 connect failure, 0 send limit, 0 transport error)], stompSubProtocol[processed CONNECT(0)-CONNECTED(0)-DISCONNECT(0)], stompBrokerRelay[null], inboundChannel[pool size = 0, active threads = 0, queued tasks = 0, completed tasks = 0], outboundChannel[pool size = 0, active threads = 0, queued tasks = 0, completed tasks = 0], sockJsScheduler[pool size = 8, active threads = 1, queued tasks = 0, completed tasks = 29]
2026-05-23T19:24:13.866+01:00  INFO 29248 --- [SocialService] [ngodb.net:27017] org.mongodb.driver.cluster               : Exception in monitor thread while connecting to server ac-khxyvkv-shard-00-02.ltylxsp.mongodb.net:27017

com.mongodb.MongoSocketReadTimeoutException: Timeout while receiving message
	at com.mongodb.internal.connection.InternalStreamConnection.createReadTimeoutException(InternalStreamConnection.java:824) ~[mongodb-driver-core-5.2.1.jar:na]
	at com.mongodb.internal.connection.InternalStreamConnection.translateReadException(InternalStreamConnection.java:812) ~[mongodb-driver-core-5.2.1.jar:na]
	at com.mongodb.internal.connection.InternalStreamConnection.receiveResponseBuffers(InternalStreamConnection.java:862) ~[mongodb-driver-core-5.2.1.jar:na]
	at com.mongodb.internal.connection.InternalStreamConnection.receiveCommandMessageResponse(InternalStreamConnection.java:517) ~[mongodb-driver-core-5.2.1.jar:na]
	at com.mongodb.internal.connection.InternalStreamConnection.receive(InternalStreamConnection.java:469) ~[mongodb-driver-core-5.2.1.jar:na]
	at com.mongodb.internal.connection.DefaultServerMonitor$ServerMonitor.lookupServerDescription(DefaultServerMonitor.java:249) ~[mongodb-driver-core-5.2.1.jar:na]
	at com.mongodb.internal.connection.DefaultServerMonitor$ServerMonitor.run(DefaultServerMonitor.java:176) ~[mongodb-driver-core-5.2.1.jar:na]
Caused by: java.net.SocketTimeoutException: Read timed out
	at java.base/sun.nio.ch.NioSocketImpl.timedRead(NioSocketImpl.java:288) ~[na:na]
	at java.base/sun.nio.ch.NioSocketImpl.implRead(NioSocketImpl.java:314) ~[na:na]
	at java.base/sun.nio.ch.NioSocketImpl.read(NioSocketImpl.java:355) ~[na:na]
	at java.base/sun.nio.ch.NioSocketImpl$1.read(NioSocketImpl.java:808) ~[na:na]
	at java.base/java.net.Socket$SocketInputStream.read(Socket.java:966) ~[na:na]
	at java.base/sun.security.ssl.SSLSocketInputRecord.read(SSLSocketInputRecord.java:484) ~[na:na]
	at java.base/sun.security.ssl.SSLSocketInputRecord.readHeader(SSLSocketInputRecord.java:478) ~[na:na]
	at java.base/sun.security.ssl.SSLSocketInputRecord.bytesInCompletePacket(SSLSocketInputRecord.java:70) ~[na:na]
	at java.base/sun.security.ssl.SSLSocketImpl.readApplicationRecord(SSLSocketImpl.java:1461) ~[na:na]
	at java.base/sun.security.ssl.SSLSocketImpl$AppInputStream.read(SSLSocketImpl.java:1065) ~[na:na]
	at com.mongodb.internal.connection.SocketStream.read(SocketStream.java:182) ~[mongodb-driver-core-5.2.1.jar:na]
	at com.mongodb.internal.connection.InternalStreamConnection.receiveResponseBuffers(InternalStreamConnection.java:829) ~[mongodb-driver-core-5.2.1.jar:na]
	... 4 common frames omitted

2026-05-23T19:24:14.072+01:00  INFO 29248 --- [SocialService] [ngodb.net:27017] org.mongodb.driver.cluster               : Monitor thread successfully connected to server with description ServerDescription{address=ac-khxyvkv-shard-00-02.ltylxsp.mongodb.net:27017, type=REPLICA_SET_SECONDARY, cryptd=false, state=CONNECTED, ok=true, minWireVersion=0, maxWireVersion=25, maxDocumentSize=16777216, logicalSessionTimeoutMinutes=30, roundTripTimeNanos=89722000, minRoundTripTimeNanos=0, setName='atlas-6x6yvm-shard-0', canonicalAddress=ac-khxyvkv-shard-00-02.ltylxsp.mongodb.net:27017, hosts=[ac-khxyvkv-shard-00-00.ltylxsp.mongodb.net:27017, ac-khxyvkv-shard-00-01.ltylxsp.mongodb.net:27017, ac-khxyvkv-shard-00-02.ltylxsp.mongodb.net:27017], passives=[], arbiters=[], primary='ac-khxyvkv-shard-00-01.ltylxsp.mongodb.net:27017', tagSet=TagSet{[Tag{name='availabilityZone', value='euw3-az3'}, Tag{name='cacheState', value='READY'}, Tag{name='diskState', value='READY'}, Tag{name='nodeType', value='ELECTABLE'}, Tag{name='provider', value='AWS'}, Tag{name='region', value='EU_WEST_3'}, Tag{name='workloadType', value='OPERATIONAL'}]}, electionId=null, setVersion=36, topologyVersion=TopologyVersion{processId=6a10afacc3c0145a7299563d, counter=3}, lastWriteDate=Sat May 23 19:24:13 WAT 2026, lastUpdateTimeNanos=638389543817100}
2026-05-23T19:24:14.212+01:00  INFO 29248 --- [SocialService] [ngodb.net:27017] org.mongodb.driver.cluster               : Exception in monitor thread while connecting to server ac-khxyvkv-shard-00-00.ltylxsp.mongodb.net:27017

com.mongodb.MongoSocketReadTimeoutException: Timeout while receiving message
	at com.mongodb.internal.connection.InternalStreamConnection.createReadTimeoutException(InternalStreamConnection.java:824) ~[mongodb-driver-core-5.2.1.jar:na]
	at com.mongodb.internal.connection.InternalStreamConnection.translateReadException(InternalStreamConnection.java:812) ~[mongodb-driver-core-5.2.1.jar:na]
	at com.mongodb.internal.connection.InternalStreamConnection.receiveResponseBuffers(InternalStreamConnection.java:862) ~[mongodb-driver-core-5.2.1.jar:na]
	at com.mongodb.internal.connection.InternalStreamConnection.receiveCommandMessageResponse(InternalStreamConnection.java:517) ~[mongodb-driver-core-5.2.1.jar:na]
	at com.mongodb.internal.connection.InternalStreamConnection.receive(InternalStreamConnection.java:469) ~[mongodb-driver-core-5.2.1.jar:na]
	at com.mongodb.internal.connection.DefaultServerMonitor$ServerMonitor.lookupServerDescription(DefaultServerMonitor.java:249) ~[mongodb-driver-core-5.2.1.jar:na]
	at com.mongodb.internal.connection.DefaultServerMonitor$ServerMonitor.run(DefaultServerMonitor.java:176) ~[mongodb-driver-core-5.2.1.jar:na]
Caused by: java.net.SocketTimeoutException: Read timed out
	at java.base/sun.nio.ch.NioSocketImpl.timedRead(NioSocketImpl.java:288) ~[na:na]
	at java.base/sun.nio.ch.NioSocketImpl.implRead(NioSocketImpl.java:314) ~[na:na]
	at java.base/sun.nio.ch.NioSocketImpl.read(NioSocketImpl.java:355) ~[na:na]
	at java.base/sun.nio.ch.NioSocketImpl$1.read(NioSocketImpl.java:808) ~[na:na]
	at java.base/java.net.Socket$SocketInputStream.read(Socket.java:966) ~[na:na]
	at java.base/sun.security.ssl.SSLSocketInputRecord.read(SSLSocketInputRecord.java:484) ~[na:na]
	at java.base/sun.security.ssl.SSLSocketInputRecord.readHeader(SSLSocketInputRecord.java:478) ~[na:na]
	at java.base/sun.security.ssl.SSLSocketInputRecord.bytesInCompletePacket(SSLSocketInputRecord.java:70) ~[na:na]
	at java.base/sun.security.ssl.SSLSocketImpl.readApplicationRecord(SSLSocketImpl.java:1461) ~[na:na]
	at java.base/sun.security.ssl.SSLSocketImpl$AppInputStream.read(SSLSocketImpl.java:1065) ~[na:na]
	at com.mongodb.internal.connection.SocketStream.read(SocketStream.java:182) ~[mongodb-driver-core-5.2.1.jar:na]
	at com.mongodb.internal.connection.InternalStreamConnection.receiveResponseBuffers(InternalStreamConnection.java:829) ~[mongodb-driver-core-5.2.1.jar:na]
	... 4 common frames omitted

2026-05-23T19:24:14.290+01:00  INFO 29248 --- [SocialService] [ngodb.net:27017] org.mongodb.driver.cluster               : Exception in monitor thread while connecting to server ac-khxyvkv-shard-00-01.ltylxsp.mongodb.net:27017

com.mongodb.MongoSocketReadTimeoutException: Timeout while receiving message
	at com.mongodb.internal.connection.InternalStreamConnection.createReadTimeoutException(InternalStreamConnection.java:824) ~[mongodb-driver-core-5.2.1.jar:na]
	at com.mongodb.internal.connection.InternalStreamConnection.translateReadException(InternalStreamConnection.java:812) ~[mongodb-driver-core-5.2.1.jar:na]
	at com.mongodb.internal.connection.InternalStreamConnection.receiveResponseBuffers(InternalStreamConnection.java:862) ~[mongodb-driver-core-5.2.1.jar:na]
	at com.mongodb.internal.connection.InternalStreamConnection.receiveCommandMessageResponse(InternalStreamConnection.java:517) ~[mongodb-driver-core-5.2.1.jar:na]
	at com.mongodb.internal.connection.InternalStreamConnection.receive(InternalStreamConnection.java:469) ~[mongodb-driver-core-5.2.1.jar:na]
	at com.mongodb.internal.connection.DefaultServerMonitor$ServerMonitor.lookupServerDescription(DefaultServerMonitor.java:249) ~[mongodb-driver-core-5.2.1.jar:na]
	at com.mongodb.internal.connection.DefaultServerMonitor$ServerMonitor.run(DefaultServerMonitor.java:176) ~[mongodb-driver-core-5.2.1.jar:na]
Caused by: java.net.SocketTimeoutException: Read timed out
	at java.base/sun.nio.ch.NioSocketImpl.timedRead(NioSocketImpl.java:288) ~[na:na]
	at java.base/sun.nio.ch.NioSocketImpl.implRead(NioSocketImpl.java:314) ~[na:na]
	at java.base/sun.nio.ch.NioSocketImpl.read(NioSocketImpl.java:355) ~[na:na]
	at java.base/sun.nio.ch.NioSocketImpl$1.read(NioSocketImpl.java:808) ~[na:na]
	at java.base/java.net.Socket$SocketInputStream.read(Socket.java:966) ~[na:na]
	at java.base/sun.security.ssl.SSLSocketInputRecord.read(SSLSocketInputRecord.java:484) ~[na:na]
	at java.base/sun.security.ssl.SSLSocketInputRecord.readHeader(SSLSocketInputRecord.java:478) ~[na:na]
	at java.base/sun.security.ssl.SSLSocketInputRecord.bytesInCompletePacket(SSLSocketInputRecord.java:70) ~[na:na]
	at java.base/sun.security.ssl.SSLSocketImpl.readApplicationRecord(SSLSocketImpl.java:1461) ~[na:na]
	at java.base/sun.security.ssl.SSLSocketImpl$AppInputStream.read(SSLSocketImpl.java:1065) ~[na:na]
	at com.mongodb.internal.connection.SocketStream.read(SocketStream.java:182) ~[mongodb-driver-core-5.2.1.jar:na]
	at com.mongodb.internal.connection.InternalStreamConnection.receiveResponseBuffers(InternalStreamConnection.java:829) ~[mongodb-driver-core-5.2.1.jar:na]
	... 4 common frames omitted

2026-05-23T19:24:14.366+01:00  INFO 29248 --- [SocialService] [ngodb.net:27017] org.mongodb.driver.cluster               : Monitor thread successfully connected to server with description ServerDescription{address=ac-khxyvkv-shard-00-00.ltylxsp.mongodb.net:27017, type=REPLICA_SET_SECONDARY, cryptd=false, state=CONNECTED, ok=true, minWireVersion=0, maxWireVersion=25, maxDocumentSize=16777216, logicalSessionTimeoutMinutes=30, roundTripTimeNanos=92060500, minRoundTripTimeNanos=0, setName='atlas-6x6yvm-shard-0', canonicalAddress=ac-khxyvkv-shard-00-00.ltylxsp.mongodb.net:27017, hosts=[ac-khxyvkv-shard-00-00.ltylxsp.mongodb.net:27017, ac-khxyvkv-shard-00-01.ltylxsp.mongodb.net:27017, ac-khxyvkv-shard-00-02.ltylxsp.mongodb.net:27017], passives=[], arbiters=[], primary='ac-khxyvkv-shard-00-01.ltylxsp.mongodb.net:27017', tagSet=TagSet{[Tag{name='availabilityZone', value='euw3-az1'}, Tag{name='cacheState', value='READY'}, Tag{name='diskState', value='READY'}, Tag{name='nodeType', value='ELECTABLE'}, Tag{name='provider', value='AWS'}, Tag{name='region', value='EU_WEST_3'}, Tag{name='workloadType', value='OPERATIONAL'}]}, electionId=null, setVersion=36, topologyVersion=TopologyVersion{processId=6a10aaf2adb9cf8404387343, counter=4}, lastWriteDate=Sat May 23 19:24:13 WAT 2026, lastUpdateTimeNanos=638389860559700}
2026-05-23T19:24:14.423+01:00  INFO 29248 --- [SocialService] [ngodb.net:27017] org.mongodb.driver.cluster               : Monitor thread successfully connected to server with description ServerDescription{address=ac-khxyvkv-shard-00-01.ltylxsp.mongodb.net:27017, type=REPLICA_SET_PRIMARY, cryptd=false, state=CONNECTED, ok=true, minWireVersion=0, maxWireVersion=25, maxDocumentSize=16777216, logicalSessionTimeoutMinutes=30, roundTripTimeNanos=92671100, minRoundTripTimeNanos=0, setName='atlas-6x6yvm-shard-0', canonicalAddress=ac-khxyvkv-shard-00-01.ltylxsp.mongodb.net:27017, hosts=[ac-khxyvkv-shard-00-00.ltylxsp.mongodb.net:27017, ac-khxyvkv-shard-00-01.ltylxsp.mongodb.net:27017, ac-khxyvkv-shard-00-02.ltylxsp.mongodb.net:27017], passives=[], arbiters=[], primary='ac-khxyvkv-shard-00-01.ltylxsp.mongodb.net:27017', tagSet=TagSet{[Tag{name='availabilityZone', value='euw3-az2'}, Tag{name='cacheState', value='READY'}, Tag{name='diskState', value='READY'}, Tag{name='nodeType', value='ELECTABLE'}, Tag{name='provider', value='AWS'}, Tag{name='region', value='EU_WEST_3'}, Tag{name='workloadType', value='OPERATIONAL'}]}, electionId=7fffffff000000000000006b, setVersion=36, topologyVersion=TopologyVersion{processId=6a10ad2db025c004c20c2eaf, counter=6}, lastWriteDate=Sat May 23 19:24:13 WAT 2026, lastUpdateTimeNanos=638389918317700}
2026-05-23T19:24:14.448+01:00  INFO 29248 --- [SocialService] [ngodb.net:27017] org.mongodb.driver.cluster               : Discovered replica set primary ac-khxyvkv-shard-00-01.ltylxsp.mongodb.net:27017 with max election id 7fffffff000000000000006b and max set version 36
2026-05-23T19:28:30.609+01:00  INFO 29248 --- [SocialService] [MessageBroker-1] o.s.w.s.c.WebSocketMessageBrokerStats    : WebSocketSession[0 current WS(0)-HttpStream(0)-HttpPoll(0), 0 total, 0 closed abnormally (0 connect failure, 0 send limit, 0 transport error)], stompSubProtocol[processed CONNECT(0)-CONNECTED(0)-DISCONNECT(0)], stompBrokerRelay[null], inboundChannel[pool size = 0, active threads = 0, queued tasks = 0, completed tasks = 0], outboundChannel[pool size = 0, active threads = 0, queued tasks = 0, completed tasks = 0], sockJsScheduler[pool size = 8, active threads = 1, queued tasks = 0, completed tasks = 30]
2026-05-23T20:43:43.041+01:00  INFO 29248 --- [SocialService] [ngodb.net:27017] org.mongodb.driver.cluster               : Exception in monitor thread while connecting to server ac-khxyvkv-shard-00-00.ltylxsp.mongodb.net:27017

com.mongodb.MongoSocketReadException: Exception receiving message
	at com.mongodb.internal.connection.InternalStreamConnection.translateReadException(InternalStreamConnection.java:814) ~[mongodb-driver-core-5.2.1.jar:na]
	at com.mongodb.internal.connection.InternalStreamConnection.receiveResponseBuffers(InternalStreamConnection.java:862) ~[mongodb-driver-core-5.2.1.jar:na]
	at com.mongodb.internal.connection.InternalStreamConnection.receiveCommandMessageResponse(InternalStreamConnection.java:517) ~[mongodb-driver-core-5.2.1.jar:na]
	at com.mongodb.internal.connection.InternalStreamConnection.receive(InternalStreamConnection.java:469) ~[mongodb-driver-core-5.2.1.jar:na]
	at com.mongodb.internal.connection.DefaultServerMonitor$ServerMonitor.lookupServerDescription(DefaultServerMonitor.java:249) ~[mongodb-driver-core-5.2.1.jar:na]
	at com.mongodb.internal.connection.DefaultServerMonitor$ServerMonitor.run(DefaultServerMonitor.java:176) ~[mongodb-driver-core-5.2.1.jar:na]
Caused by: java.net.SocketException: Connection reset
	at java.base/sun.nio.ch.NioSocketImpl.implRead(NioSocketImpl.java:328) ~[na:na]
	at java.base/sun.nio.ch.NioSocketImpl.read(NioSocketImpl.java:355) ~[na:na]
	at java.base/sun.nio.ch.NioSocketImpl$1.read(NioSocketImpl.java:808) ~[na:na]
	at java.base/java.net.Socket$SocketInputStream.read(Socket.java:966) ~[na:na]
	at java.base/sun.security.ssl.SSLSocketInputRecord.read(SSLSocketInputRecord.java:484) ~[na:na]
	at java.base/sun.security.ssl.SSLSocketInputRecord.readHeader(SSLSocketInputRecord.java:478) ~[na:na]
	at java.base/sun.security.ssl.SSLSocketInputRecord.bytesInCompletePacket(SSLSocketInputRecord.java:70) ~[na:na]
	at java.base/sun.security.ssl.SSLSocketImpl.readApplicationRecord(SSLSocketImpl.java:1461) ~[na:na]
	at java.base/sun.security.ssl.SSLSocketImpl$AppInputStream.read(SSLSocketImpl.java:1065) ~[na:na]
	at com.mongodb.internal.connection.SocketStream.read(SocketStream.java:182) ~[mongodb-driver-core-5.2.1.jar:na]
	at com.mongodb.internal.connection.InternalStreamConnection.receiveResponseBuffers(InternalStreamConnection.java:829) ~[mongodb-driver-core-5.2.1.jar:na]
	... 4 common frames omitted

2026-05-23T20:43:43.041+01:00  INFO 29248 --- [SocialService] [ngodb.net:27017] org.mongodb.driver.cluster               : Exception in monitor thread while connecting to server ac-khxyvkv-shard-00-02.ltylxsp.mongodb.net:27017

com.mongodb.MongoSocketReadException: Exception receiving message
	at com.mongodb.internal.connection.InternalStreamConnection.translateReadException(InternalStreamConnection.java:814) ~[mongodb-driver-core-5.2.1.jar:na]
	at com.mongodb.internal.connection.InternalStreamConnection.receiveResponseBuffers(InternalStreamConnection.java:862) ~[mongodb-driver-core-5.2.1.jar:na]
	at com.mongodb.internal.connection.InternalStreamConnection.receiveCommandMessageResponse(InternalStreamConnection.java:517) ~[mongodb-driver-core-5.2.1.jar:na]
	at com.mongodb.internal.connection.InternalStreamConnection.receive(InternalStreamConnection.java:469) ~[mongodb-driver-core-5.2.1.jar:na]
	at com.mongodb.internal.connection.DefaultServerMonitor$ServerMonitor.lookupServerDescription(DefaultServerMonitor.java:249) ~[mongodb-driver-core-5.2.1.jar:na]
	at com.mongodb.internal.connection.DefaultServerMonitor$ServerMonitor.run(DefaultServerMonitor.java:176) ~[mongodb-driver-core-5.2.1.jar:na]
Caused by: java.net.SocketException: Connection reset
	at java.base/sun.nio.ch.NioSocketImpl.implRead(NioSocketImpl.java:328) ~[na:na]
	at java.base/sun.nio.ch.NioSocketImpl.read(NioSocketImpl.java:355) ~[na:na]
	at java.base/sun.nio.ch.NioSocketImpl$1.read(NioSocketImpl.java:808) ~[na:na]
	at java.base/java.net.Socket$SocketInputStream.read(Socket.java:966) ~[na:na]
	at java.base/sun.security.ssl.SSLSocketInputRecord.read(SSLSocketInputRecord.java:484) ~[na:na]
	at java.base/sun.security.ssl.SSLSocketInputRecord.readHeader(SSLSocketInputRecord.java:478) ~[na:na]
	at java.base/sun.security.ssl.SSLSocketInputRecord.bytesInCompletePacket(SSLSocketInputRecord.java:70) ~[na:na]
	at java.base/sun.security.ssl.SSLSocketImpl.readApplicationRecord(SSLSocketImpl.java:1461) ~[na:na]
	at java.base/sun.security.ssl.SSLSocketImpl$AppInputStream.read(SSLSocketImpl.java:1065) ~[na:na]
	at com.mongodb.internal.connection.SocketStream.read(SocketStream.java:182) ~[mongodb-driver-core-5.2.1.jar:na]
	at com.mongodb.internal.connection.InternalStreamConnection.receiveResponseBuffers(InternalStreamConnection.java:829) ~[mongodb-driver-core-5.2.1.jar:na]
	... 4 common frames omitted

2026-05-23T20:43:43.053+01:00  INFO 29248 --- [SocialService] [ngodb.net:27017] org.mongodb.driver.cluster               : Exception in monitor thread while connecting to server ac-khxyvkv-shard-00-01.ltylxsp.mongodb.net:27017

com.mongodb.MongoSocketReadException: Exception receiving message
	at com.mongodb.internal.connection.InternalStreamConnection.translateReadException(InternalStreamConnection.java:814) ~[mongodb-driver-core-5.2.1.jar:na]
	at com.mongodb.internal.connection.InternalStreamConnection.receiveResponseBuffers(InternalStreamConnection.java:862) ~[mongodb-driver-core-5.2.1.jar:na]
	at com.mongodb.internal.connection.InternalStreamConnection.receiveCommandMessageResponse(InternalStreamConnection.java:517) ~[mongodb-driver-core-5.2.1.jar:na]
	at com.mongodb.internal.connection.InternalStreamConnection.receive(InternalStreamConnection.java:469) ~[mongodb-driver-core-5.2.1.jar:na]
	at com.mongodb.internal.connection.DefaultServerMonitor$ServerMonitor.lookupServerDescription(DefaultServerMonitor.java:249) ~[mongodb-driver-core-5.2.1.jar:na]
	at com.mongodb.internal.connection.DefaultServerMonitor$ServerMonitor.run(DefaultServerMonitor.java:176) ~[mongodb-driver-core-5.2.1.jar:na]
Caused by: java.net.SocketException: Connection reset
	at java.base/sun.nio.ch.NioSocketImpl.implRead(NioSocketImpl.java:328) ~[na:na]
	at java.base/sun.nio.ch.NioSocketImpl.read(NioSocketImpl.java:355) ~[na:na]
	at java.base/sun.nio.ch.NioSocketImpl$1.read(NioSocketImpl.java:808) ~[na:na]
	at java.base/java.net.Socket$SocketInputStream.read(Socket.java:966) ~[na:na]
	at java.base/sun.security.ssl.SSLSocketInputRecord.read(SSLSocketInputRecord.java:484) ~[na:na]
	at java.base/sun.security.ssl.SSLSocketInputRecord.readHeader(SSLSocketInputRecord.java:478) ~[na:na]
	at java.base/sun.security.ssl.SSLSocketInputRecord.bytesInCompletePacket(SSLSocketInputRecord.java:70) ~[na:na]
	at java.base/sun.security.ssl.SSLSocketImpl.readApplicationRecord(SSLSocketImpl.java:1461) ~[na:na]
	at java.base/sun.security.ssl.SSLSocketImpl$AppInputStream.read(SSLSocketImpl.java:1065) ~[na:na]
	at com.mongodb.internal.connection.SocketStream.read(SocketStream.java:182) ~[mongodb-driver-core-5.2.1.jar:na]
	at com.mongodb.internal.connection.InternalStreamConnection.receiveResponseBuffers(InternalStreamConnection.java:829) ~[mongodb-driver-core-5.2.1.jar:na]
	... 4 common frames omitted

2026-05-23T20:43:43.572+01:00  INFO 29248 --- [SocialService] [ngodb.net:27017] org.mongodb.driver.cluster               : Exception in monitor thread while connecting to server ac-khxyvkv-shard-00-02.ltylxsp.mongodb.net:27017

com.mongodb.MongoSocketException: Hôte inconnu (ac-khxyvkv-shard-00-02.ltylxsp.mongodb.net)
	at com.mongodb.internal.connection.ServerAddressHelper.getSocketAddresses(ServerAddressHelper.java:75) ~[mongodb-driver-core-5.2.1.jar:na]
	at com.mongodb.internal.connection.SocketStream.initializeSocket(SocketStream.java:100) ~[mongodb-driver-core-5.2.1.jar:na]
	at com.mongodb.internal.connection.SocketStream.open(SocketStream.java:79) ~[mongodb-driver-core-5.2.1.jar:na]
	at com.mongodb.internal.connection.InternalStreamConnection.open(InternalStreamConnection.java:233) ~[mongodb-driver-core-5.2.1.jar:na]
	at com.mongodb.internal.connection.DefaultServerMonitor$ServerMonitor.lookupServerDescription(DefaultServerMonitor.java:219) ~[mongodb-driver-core-5.2.1.jar:na]
	at com.mongodb.internal.connection.DefaultServerMonitor$ServerMonitor.run(DefaultServerMonitor.java:176) ~[mongodb-driver-core-5.2.1.jar:na]
Caused by: java.net.UnknownHostException: Hôte inconnu (ac-khxyvkv-shard-00-02.ltylxsp.mongodb.net)
	at java.base/java.net.Inet6AddressImpl.lookupAllHostAddr(Native Method) ~[na:na]
	at java.base/java.net.InetAddress$PlatformNameService.lookupAllHostAddr(InetAddress.java:933) ~[na:na]
	at java.base/java.net.InetAddress.getAddressesFromNameService(InetAddress.java:1543) ~[na:na]
	at java.base/java.net.InetAddress$NameServiceAddresses.get(InetAddress.java:852) ~[na:na]
	at java.base/java.net.InetAddress.getAllByName0(InetAddress.java:1532) ~[na:na]
	at java.base/java.net.InetAddress.getAllByName(InetAddress.java:1384) ~[na:na]
	at java.base/java.net.InetAddress.getAllByName(InetAddress.java:1305) ~[na:na]
	at com.mongodb.internal.connection.DefaultInetAddressResolver.lookupByName(DefaultInetAddressResolver.java:34) ~[mongodb-driver-core-5.2.1.jar:na]
	at com.mongodb.internal.connection.ServerAddressHelper.getSocketAddresses(ServerAddressHelper.java:71) ~[mongodb-driver-core-5.2.1.jar:na]
	... 5 common frames omitted

2026-05-23T20:43:43.579+01:00  INFO 29248 --- [SocialService] [ngodb.net:27017] org.mongodb.driver.cluster               : Exception in monitor thread while connecting to server ac-khxyvkv-shard-00-01.ltylxsp.mongodb.net:27017

com.mongodb.MongoSocketException: Hôte inconnu (ac-khxyvkv-shard-00-01.ltylxsp.mongodb.net)
	at com.mongodb.internal.connection.ServerAddressHelper.getSocketAddresses(ServerAddressHelper.java:75) ~[mongodb-driver-core-5.2.1.jar:na]
	at com.mongodb.internal.connection.SocketStream.initializeSocket(SocketStream.java:100) ~[mongodb-driver-core-5.2.1.jar:na]
	at com.mongodb.internal.connection.SocketStream.open(SocketStream.java:79) ~[mongodb-driver-core-5.2.1.jar:na]
	at com.mongodb.internal.connection.InternalStreamConnection.open(InternalStreamConnection.java:233) ~[mongodb-driver-core-5.2.1.jar:na]
	at com.mongodb.internal.connection.DefaultServerMonitor$ServerMonitor.lookupServerDescription(DefaultServerMonitor.java:219) ~[mongodb-driver-core-5.2.1.jar:na]
	at com.mongodb.internal.connection.DefaultServerMonitor$ServerMonitor.run(DefaultServerMonitor.java:176) ~[mongodb-driver-core-5.2.1.jar:na]
Caused by: java.net.UnknownHostException: Hôte inconnu (ac-khxyvkv-shard-00-01.ltylxsp.mongodb.net)
	at java.base/java.net.Inet6AddressImpl.lookupAllHostAddr(Native Method) ~[na:na]
	at java.base/java.net.InetAddress$PlatformNameService.lookupAllHostAddr(InetAddress.java:933) ~[na:na]
	at java.base/java.net.InetAddress.getAddressesFromNameService(InetAddress.java:1543) ~[na:na]
	at java.base/java.net.InetAddress$NameServiceAddresses.get(InetAddress.java:852) ~[na:na]
	at java.base/java.net.InetAddress.getAllByName0(InetAddress.java:1532) ~[na:na]
	at java.base/java.net.InetAddress.getAllByName(InetAddress.java:1384) ~[na:na]
	at java.base/java.net.InetAddress.getAllByName(InetAddress.java:1305) ~[na:na]
	at com.mongodb.internal.connection.DefaultInetAddressResolver.lookupByName(DefaultInetAddressResolver.java:34) ~[mongodb-driver-core-5.2.1.jar:na]
	at com.mongodb.internal.connection.ServerAddressHelper.getSocketAddresses(ServerAddressHelper.java:71) ~[mongodb-driver-core-5.2.1.jar:na]
	... 5 common frames omitted

2026-05-23T20:43:43.574+01:00  INFO 29248 --- [SocialService] [ngodb.net:27017] org.mongodb.driver.cluster               : Exception in monitor thread while connecting to server ac-khxyvkv-shard-00-00.ltylxsp.mongodb.net:27017

com.mongodb.MongoSocketException: Hôte inconnu (ac-khxyvkv-shard-00-00.ltylxsp.mongodb.net)
	at com.mongodb.internal.connection.ServerAddressHelper.getSocketAddresses(ServerAddressHelper.java:75) ~[mongodb-driver-core-5.2.1.jar:na]
	at com.mongodb.internal.connection.SocketStream.initializeSocket(SocketStream.java:100) ~[mongodb-driver-core-5.2.1.jar:na]
	at com.mongodb.internal.connection.SocketStream.open(SocketStream.java:79) ~[mongodb-driver-core-5.2.1.jar:na]
	at com.mongodb.internal.connection.InternalStreamConnection.open(InternalStreamConnection.java:233) ~[mongodb-driver-core-5.2.1.jar:na]
	at com.mongodb.internal.connection.DefaultServerMonitor$ServerMonitor.lookupServerDescription(DefaultServerMonitor.java:219) ~[mongodb-driver-core-5.2.1.jar:na]
	at com.mongodb.internal.connection.DefaultServerMonitor$ServerMonitor.run(DefaultServerMonitor.java:176) ~[mongodb-driver-core-5.2.1.jar:na]
Caused by: java.net.UnknownHostException: Hôte inconnu (ac-khxyvkv-shard-00-00.ltylxsp.mongodb.net)
	at java.base/java.net.Inet6AddressImpl.lookupAllHostAddr(Native Method) ~[na:na]
	at java.base/java.net.InetAddress$PlatformNameService.lookupAllHostAddr(InetAddress.java:933) ~[na:na]
	at java.base/java.net.InetAddress.getAddressesFromNameService(InetAddress.java:1543) ~[na:na]
	at java.base/java.net.InetAddress$NameServiceAddresses.get(InetAddress.java:852) ~[na:na]
	at java.base/java.net.InetAddress.getAllByName0(InetAddress.java:1532) ~[na:na]
	at java.base/java.net.InetAddress.getAllByName(InetAddress.java:1384) ~[na:na]
	at java.base/java.net.InetAddress.getAllByName(InetAddress.java:1305) ~[na:na]
	at com.mongodb.internal.connection.DefaultInetAddressResolver.lookupByName(DefaultInetAddressResolver.java:34) ~[mongodb-driver-core-5.2.1.jar:na]
	at com.mongodb.internal.connection.ServerAddressHelper.getSocketAddresses(ServerAddressHelper.java:71) ~[mongodb-driver-core-5.2.1.jar:na]
	... 5 common frames omitted

2026-05-23T20:43:54.364+01:00  INFO 29248 --- [SocialService] [ngodb.net:27017] org.mongodb.driver.cluster               : Monitor thread successfully connected to server with description ServerDescription{address=ac-khxyvkv-shard-00-02.ltylxsp.mongodb.net:27017, type=REPLICA_SET_SECONDARY, cryptd=false, state=CONNECTED, ok=true, minWireVersion=0, maxWireVersion=25, maxDocumentSize=16777216, logicalSessionTimeoutMinutes=30, roundTripTimeNanos=556813700, minRoundTripTimeNanos=0, setName='atlas-6x6yvm-shard-0', canonicalAddress=ac-khxyvkv-shard-00-02.ltylxsp.mongodb.net:27017, hosts=[ac-khxyvkv-shard-00-00.ltylxsp.mongodb.net:27017, ac-khxyvkv-shard-00-01.ltylxsp.mongodb.net:27017, ac-khxyvkv-shard-00-02.ltylxsp.mongodb.net:27017], passives=[], arbiters=[], primary='ac-khxyvkv-shard-00-01.ltylxsp.mongodb.net:27017', tagSet=TagSet{[Tag{name='availabilityZone', value='euw3-az3'}, Tag{name='cacheState', value='READY'}, Tag{name='diskState', value='READY'}, Tag{name='nodeType', value='ELECTABLE'}, Tag{name='provider', value='AWS'}, Tag{name='region', value='EU_WEST_3'}, Tag{name='workloadType', value='OPERATIONAL'}]}, electionId=null, setVersion=36, topologyVersion=TopologyVersion{processId=6a10afacc3c0145a7299563d, counter=3}, lastWriteDate=Sat May 23 20:43:53 WAT 2026, lastUpdateTimeNanos=643169858729700}
2026-05-23T20:43:54.363+01:00  INFO 29248 --- [SocialService] [ngodb.net:27017] org.mongodb.driver.cluster               : Monitor thread successfully connected to server with description ServerDescription{address=ac-khxyvkv-shard-00-00.ltylxsp.mongodb.net:27017, type=REPLICA_SET_SECONDARY, cryptd=false, state=CONNECTED, ok=true, minWireVersion=0, maxWireVersion=25, maxDocumentSize=16777216, logicalSessionTimeoutMinutes=30, roundTripTimeNanos=555692300, minRoundTripTimeNanos=0, setName='atlas-6x6yvm-shard-0', canonicalAddress=ac-khxyvkv-shard-00-00.ltylxsp.mongodb.net:27017, hosts=[ac-khxyvkv-shard-00-00.ltylxsp.mongodb.net:27017, ac-khxyvkv-shard-00-01.ltylxsp.mongodb.net:27017, ac-khxyvkv-shard-00-02.ltylxsp.mongodb.net:27017], passives=[], arbiters=[], primary='ac-khxyvkv-shard-00-01.ltylxsp.mongodb.net:27017', tagSet=TagSet{[Tag{name='availabilityZone', value='euw3-az1'}, Tag{name='cacheState', value='READY'}, Tag{name='diskState', value='READY'}, Tag{name='nodeType', value='ELECTABLE'}, Tag{name='provider', value='AWS'}, Tag{name='region', value='EU_WEST_3'}, Tag{name='workloadType', value='OPERATIONAL'}]}, electionId=null, setVersion=36, topologyVersion=TopologyVersion{processId=6a10aaf2adb9cf8404387343, counter=4}, lastWriteDate=Sat May 23 20:43:53 WAT 2026, lastUpdateTimeNanos=643169857601100}
2026-05-23T20:43:54.324+01:00  INFO 29248 --- [SocialService] [ngodb.net:27017] org.mongodb.driver.cluster               : Monitor thread successfully connected to server with description ServerDescription{address=ac-khxyvkv-shard-00-01.ltylxsp.mongodb.net:27017, type=REPLICA_SET_PRIMARY, cryptd=false, state=CONNECTED, ok=true, minWireVersion=0, maxWireVersion=25, maxDocumentSize=16777216, logicalSessionTimeoutMinutes=30, roundTripTimeNanos=496146000, minRoundTripTimeNanos=0, setName='atlas-6x6yvm-shard-0', canonicalAddress=ac-khxyvkv-shard-00-01.ltylxsp.mongodb.net:27017, hosts=[ac-khxyvkv-shard-00-00.ltylxsp.mongodb.net:27017, ac-khxyvkv-shard-00-01.ltylxsp.mongodb.net:27017, ac-khxyvkv-shard-00-02.ltylxsp.mongodb.net:27017], passives=[], arbiters=[], primary='ac-khxyvkv-shard-00-01.ltylxsp.mongodb.net:27017', tagSet=TagSet{[Tag{name='availabilityZone', value='euw3-az2'}, Tag{name='cacheState', value='READY'}, Tag{name='diskState', value='READY'}, Tag{name='nodeType', value='ELECTABLE'}, Tag{name='provider', value='AWS'}, Tag{name='region', value='EU_WEST_3'}, Tag{name='workloadType', value='OPERATIONAL'}]}, electionId=7fffffff000000000000006b, setVersion=36, topologyVersion=TopologyVersion{processId=6a10ad2db025c004c20c2eaf, counter=6}, lastWriteDate=Sat May 23 20:43:53 WAT 2026, lastUpdateTimeNanos=643169798069600}
2026-05-23T20:43:54.391+01:00  INFO 29248 --- [SocialService] [ngodb.net:27017] org.mongodb.driver.cluster               : Discovered replica set primary ac-khxyvkv-shard-00-01.ltylxsp.mongodb.net:27017 with max election id 7fffffff000000000000006b and max set version 36
2026-05-25T02:02:14.592+01:00  INFO 29248 --- [SocialService] [ngodb.net:27017] org.mongodb.driver.cluster               : Exception in monitor thread while connecting to server ac-khxyvkv-shard-00-01.ltylxsp.mongodb.net:27017

com.mongodb.MongoSocketReadException: Exception receiving message
	at com.mongodb.internal.connection.InternalStreamConnection.translateReadException(InternalStreamConnection.java:814) ~[mongodb-driver-core-5.2.1.jar:na]
	at com.mongodb.internal.connection.InternalStreamConnection.receiveResponseBuffers(InternalStreamConnection.java:862) ~[mongodb-driver-core-5.2.1.jar:na]
	at com.mongodb.internal.connection.InternalStreamConnection.receiveCommandMessageResponse(InternalStreamConnection.java:517) ~[mongodb-driver-core-5.2.1.jar:na]
	at com.mongodb.internal.connection.InternalStreamConnection.receive(InternalStreamConnection.java:469) ~[mongodb-driver-core-5.2.1.jar:na]
	at com.mongodb.internal.connection.DefaultServerMonitor$ServerMonitor.lookupServerDescription(DefaultServerMonitor.java:249) ~[mongodb-driver-core-5.2.1.jar:na]
	at com.mongodb.internal.connection.DefaultServerMonitor$ServerMonitor.run(DefaultServerMonitor.java:176) ~[mongodb-driver-core-5.2.1.jar:na]
Caused by: java.net.SocketException: Connection reset
	at java.base/sun.nio.ch.NioSocketImpl.implRead(NioSocketImpl.java:328) ~[na:na]
	at java.base/sun.nio.ch.NioSocketImpl.read(NioSocketImpl.java:355) ~[na:na]
	at java.base/sun.nio.ch.NioSocketImpl$1.read(NioSocketImpl.java:808) ~[na:na]
	at java.base/java.net.Socket$SocketInputStream.read(Socket.java:966) ~[na:na]
	at java.base/sun.security.ssl.SSLSocketInputRecord.read(SSLSocketInputRecord.java:484) ~[na:na]
	at java.base/sun.security.ssl.SSLSocketInputRecord.readHeader(SSLSocketInputRecord.java:478) ~[na:na]
	at java.base/sun.security.ssl.SSLSocketInputRecord.bytesInCompletePacket(SSLSocketInputRecord.java:70) ~[na:na]
	at java.base/sun.security.ssl.SSLSocketImpl.readApplicationRecord(SSLSocketImpl.java:1461) ~[na:na]
	at java.base/sun.security.ssl.SSLSocketImpl$AppInputStream.read(SSLSocketImpl.java:1065) ~[na:na]
	at com.mongodb.internal.connection.SocketStream.read(SocketStream.java:182) ~[mongodb-driver-core-5.2.1.jar:na]
	at com.mongodb.internal.connection.InternalStreamConnection.receiveResponseBuffers(InternalStreamConnection.java:829) ~[mongodb-driver-core-5.2.1.jar:na]
	... 4 common frames omitted

2026-05-25T02:02:14.590+01:00  INFO 29248 --- [SocialService] [ngodb.net:27017] org.mongodb.driver.cluster               : Exception in monitor thread while connecting to server ac-khxyvkv-shard-00-02.ltylxsp.mongodb.net:27017

com.mongodb.MongoSocketReadException: Exception receiving message
	at com.mongodb.internal.connection.InternalStreamConnection.translateReadException(InternalStreamConnection.java:814) ~[mongodb-driver-core-5.2.1.jar:na]
	at com.mongodb.internal.connection.InternalStreamConnection.receiveResponseBuffers(InternalStreamConnection.java:862) ~[mongodb-driver-core-5.2.1.jar:na]
	at com.mongodb.internal.connection.InternalStreamConnection.receiveCommandMessageResponse(InternalStreamConnection.java:517) ~[mongodb-driver-core-5.2.1.jar:na]
	at com.mongodb.internal.connection.InternalStreamConnection.receive(InternalStreamConnection.java:469) ~[mongodb-driver-core-5.2.1.jar:na]
	at com.mongodb.internal.connection.DefaultServerMonitor$ServerMonitor.lookupServerDescription(DefaultServerMonitor.java:249) ~[mongodb-driver-core-5.2.1.jar:na]
	at com.mongodb.internal.connection.DefaultServerMonitor$ServerMonitor.run(DefaultServerMonitor.java:176) ~[mongodb-driver-core-5.2.1.jar:na]
Caused by: java.net.SocketException: Connection reset
	at java.base/sun.nio.ch.NioSocketImpl.implRead(NioSocketImpl.java:328) ~[na:na]
	at java.base/sun.nio.ch.NioSocketImpl.read(NioSocketImpl.java:355) ~[na:na]
	at java.base/sun.nio.ch.NioSocketImpl$1.read(NioSocketImpl.java:808) ~[na:na]
	at java.base/java.net.Socket$SocketInputStream.read(Socket.java:966) ~[na:na]
	at java.base/sun.security.ssl.SSLSocketInputRecord.read(SSLSocketInputRecord.java:484) ~[na:na]
	at java.base/sun.security.ssl.SSLSocketInputRecord.readHeader(SSLSocketInputRecord.java:478) ~[na:na]
	at java.base/sun.security.ssl.SSLSocketInputRecord.bytesInCompletePacket(SSLSocketInputRecord.java:70) ~[na:na]
	at java.base/sun.security.ssl.SSLSocketImpl.readApplicationRecord(SSLSocketImpl.java:1461) ~[na:na]
	at java.base/sun.security.ssl.SSLSocketImpl$AppInputStream.read(SSLSocketImpl.java:1065) ~[na:na]
	at com.mongodb.internal.connection.SocketStream.read(SocketStream.java:182) ~[mongodb-driver-core-5.2.1.jar:na]
	at com.mongodb.internal.connection.InternalStreamConnection.receiveResponseBuffers(InternalStreamConnection.java:829) ~[mongodb-driver-core-5.2.1.jar:na]
	... 4 common frames omitted

2026-05-25T02:02:14.590+01:00  INFO 29248 --- [SocialService] [ngodb.net:27017] org.mongodb.driver.cluster               : Exception in monitor thread while connecting to server ac-khxyvkv-shard-00-00.ltylxsp.mongodb.net:27017

com.mongodb.MongoSocketReadException: Exception receiving message
	at com.mongodb.internal.connection.InternalStreamConnection.translateReadException(InternalStreamConnection.java:814) ~[mongodb-driver-core-5.2.1.jar:na]
	at com.mongodb.internal.connection.InternalStreamConnection.receiveResponseBuffers(InternalStreamConnection.java:862) ~[mongodb-driver-core-5.2.1.jar:na]
	at com.mongodb.internal.connection.InternalStreamConnection.receiveCommandMessageResponse(InternalStreamConnection.java:517) ~[mongodb-driver-core-5.2.1.jar:na]
	at com.mongodb.internal.connection.InternalStreamConnection.receive(InternalStreamConnection.java:469) ~[mongodb-driver-core-5.2.1.jar:na]
	at com.mongodb.internal.connection.DefaultServerMonitor$ServerMonitor.lookupServerDescription(DefaultServerMonitor.java:249) ~[mongodb-driver-core-5.2.1.jar:na]
	at com.mongodb.internal.connection.DefaultServerMonitor$ServerMonitor.run(DefaultServerMonitor.java:176) ~[mongodb-driver-core-5.2.1.jar:na]
Caused by: java.net.SocketException: Connection reset
	at java.base/sun.nio.ch.NioSocketImpl.implRead(NioSocketImpl.java:328) ~[na:na]
	at java.base/sun.nio.ch.NioSocketImpl.read(NioSocketImpl.java:355) ~[na:na]
	at java.base/sun.nio.ch.NioSocketImpl$1.read(NioSocketImpl.java:808) ~[na:na]
	at java.base/java.net.Socket$SocketInputStream.read(Socket.java:966) ~[na:na]
	at java.base/sun.security.ssl.SSLSocketInputRecord.read(SSLSocketInputRecord.java:484) ~[na:na]
	at java.base/sun.security.ssl.SSLSocketInputRecord.readHeader(SSLSocketInputRecord.java:478) ~[na:na]
	at java.base/sun.security.ssl.SSLSocketInputRecord.bytesInCompletePacket(SSLSocketInputRecord.java:70) ~[na:na]
	at java.base/sun.security.ssl.SSLSocketImpl.readApplicationRecord(SSLSocketImpl.java:1461) ~[na:na]
	at java.base/sun.security.ssl.SSLSocketImpl$AppInputStream.read(SSLSocketImpl.java:1065) ~[na:na]
	at com.mongodb.internal.connection.SocketStream.read(SocketStream.java:182) ~[mongodb-driver-core-5.2.1.jar:na]
	at com.mongodb.internal.connection.InternalStreamConnection.receiveResponseBuffers(InternalStreamConnection.java:829) ~[mongodb-driver-core-5.2.1.jar:na]
	... 4 common frames omitted

2026-05-25T02:02:23.025+01:00  INFO 29248 --- [SocialService] [ngodb.net:27017] org.mongodb.driver.cluster               : Exception in monitor thread while connecting to server ac-khxyvkv-shard-00-00.ltylxsp.mongodb.net:27017

com.mongodb.MongoSocketException: Hôte inconnu (ac-khxyvkv-shard-00-00.ltylxsp.mongodb.net)
	at com.mongodb.internal.connection.ServerAddressHelper.getSocketAddresses(ServerAddressHelper.java:75) ~[mongodb-driver-core-5.2.1.jar:na]
	at com.mongodb.internal.connection.SocketStream.initializeSocket(SocketStream.java:100) ~[mongodb-driver-core-5.2.1.jar:na]
	at com.mongodb.internal.connection.SocketStream.open(SocketStream.java:79) ~[mongodb-driver-core-5.2.1.jar:na]
	at com.mongodb.internal.connection.InternalStreamConnection.open(InternalStreamConnection.java:233) ~[mongodb-driver-core-5.2.1.jar:na]
	at com.mongodb.internal.connection.DefaultServerMonitor$ServerMonitor.lookupServerDescription(DefaultServerMonitor.java:219) ~[mongodb-driver-core-5.2.1.jar:na]
	at com.mongodb.internal.connection.DefaultServerMonitor$ServerMonitor.run(DefaultServerMonitor.java:176) ~[mongodb-driver-core-5.2.1.jar:na]
Caused by: java.net.UnknownHostException: Hôte inconnu (ac-khxyvkv-shard-00-00.ltylxsp.mongodb.net)
	at java.base/java.net.Inet6AddressImpl.lookupAllHostAddr(Native Method) ~[na:na]
	at java.base/java.net.InetAddress$PlatformNameService.lookupAllHostAddr(InetAddress.java:933) ~[na:na]
	at java.base/java.net.InetAddress.getAddressesFromNameService(InetAddress.java:1543) ~[na:na]
	at java.base/java.net.InetAddress$NameServiceAddresses.get(InetAddress.java:852) ~[na:na]
	at java.base/java.net.InetAddress.getAllByName0(InetAddress.java:1532) ~[na:na]
	at java.base/java.net.InetAddress.getAllByName(InetAddress.java:1384) ~[na:na]
	at java.base/java.net.InetAddress.getAllByName(InetAddress.java:1305) ~[na:na]
	at com.mongodb.internal.connection.DefaultInetAddressResolver.lookupByName(DefaultInetAddressResolver.java:34) ~[mongodb-driver-core-5.2.1.jar:na]
	at com.mongodb.internal.connection.ServerAddressHelper.getSocketAddresses(ServerAddressHelper.java:71) ~[mongodb-driver-core-5.2.1.jar:na]
	... 5 common frames omitted

2026-05-25T02:02:23.025+01:00  INFO 29248 --- [SocialService] [ngodb.net:27017] org.mongodb.driver.cluster               : Exception in monitor thread while connecting to server ac-khxyvkv-shard-00-01.ltylxsp.mongodb.net:27017

com.mongodb.MongoSocketException: Hôte inconnu (ac-khxyvkv-shard-00-01.ltylxsp.mongodb.net)
	at com.mongodb.internal.connection.ServerAddressHelper.getSocketAddresses(ServerAddressHelper.java:75) ~[mongodb-driver-core-5.2.1.jar:na]
	at com.mongodb.internal.connection.SocketStream.initializeSocket(SocketStream.java:100) ~[mongodb-driver-core-5.2.1.jar:na]
	at com.mongodb.internal.connection.SocketStream.open(SocketStream.java:79) ~[mongodb-driver-core-5.2.1.jar:na]
	at com.mongodb.internal.connection.InternalStreamConnection.open(InternalStreamConnection.java:233) ~[mongodb-driver-core-5.2.1.jar:na]
	at com.mongodb.internal.connection.DefaultServerMonitor$ServerMonitor.lookupServerDescription(DefaultServerMonitor.java:219) ~[mongodb-driver-core-5.2.1.jar:na]
	at com.mongodb.internal.connection.DefaultServerMonitor$ServerMonitor.run(DefaultServerMonitor.java:176) ~[mongodb-driver-core-5.2.1.jar:na]
Caused by: java.net.UnknownHostException: Hôte inconnu (ac-khxyvkv-shard-00-01.ltylxsp.mongodb.net)
	at java.base/java.net.Inet6AddressImpl.lookupAllHostAddr(Native Method) ~[na:na]
	at java.base/java.net.InetAddress$PlatformNameService.lookupAllHostAddr(InetAddress.java:933) ~[na:na]
	at java.base/java.net.InetAddress.getAddressesFromNameService(InetAddress.java:1543) ~[na:na]
	at java.base/java.net.InetAddress$NameServiceAddresses.get(InetAddress.java:852) ~[na:na]
	at java.base/java.net.InetAddress.getAllByName0(InetAddress.java:1532) ~[na:na]
	at java.base/java.net.InetAddress.getAllByName(InetAddress.java:1384) ~[na:na]
	at java.base/java.net.InetAddress.getAllByName(InetAddress.java:1305) ~[na:na]
	at com.mongodb.internal.connection.DefaultInetAddressResolver.lookupByName(DefaultInetAddressResolver.java:34) ~[mongodb-driver-core-5.2.1.jar:na]
	at com.mongodb.internal.connection.ServerAddressHelper.getSocketAddresses(ServerAddressHelper.java:71) ~[mongodb-driver-core-5.2.1.jar:na]
	... 5 common frames omitted

2026-05-25T02:02:23.025+01:00  INFO 29248 --- [SocialService] [ngodb.net:27017] org.mongodb.driver.cluster               : Exception in monitor thread while connecting to server ac-khxyvkv-shard-00-02.ltylxsp.mongodb.net:27017

com.mongodb.MongoSocketException: Hôte inconnu (ac-khxyvkv-shard-00-02.ltylxsp.mongodb.net)
	at com.mongodb.internal.connection.ServerAddressHelper.getSocketAddresses(ServerAddressHelper.java:75) ~[mongodb-driver-core-5.2.1.jar:na]
	at com.mongodb.internal.connection.SocketStream.initializeSocket(SocketStream.java:100) ~[mongodb-driver-core-5.2.1.jar:na]
	at com.mongodb.internal.connection.SocketStream.open(SocketStream.java:79) ~[mongodb-driver-core-5.2.1.jar:na]
	at com.mongodb.internal.connection.InternalStreamConnection.open(InternalStreamConnection.java:233) ~[mongodb-driver-core-5.2.1.jar:na]
	at com.mongodb.internal.connection.DefaultServerMonitor$ServerMonitor.lookupServerDescription(DefaultServerMonitor.java:219) ~[mongodb-driver-core-5.2.1.jar:na]
	at com.mongodb.internal.connection.DefaultServerMonitor$ServerMonitor.run(DefaultServerMonitor.java:176) ~[mongodb-driver-core-5.2.1.jar:na]
Caused by: java.net.UnknownHostException: Hôte inconnu (ac-khxyvkv-shard-00-02.ltylxsp.mongodb.net)
	at java.base/java.net.Inet6AddressImpl.lookupAllHostAddr(Native Method) ~[na:na]
	at java.base/java.net.InetAddress$PlatformNameService.lookupAllHostAddr(InetAddress.java:933) ~[na:na]
	at java.base/java.net.InetAddress.getAddressesFromNameService(InetAddress.java:1543) ~[na:na]
	at java.base/java.net.InetAddress$NameServiceAddresses.get(InetAddress.java:852) ~[na:na]
	at java.base/java.net.InetAddress.getAllByName0(InetAddress.java:1532) ~[na:na]
	at java.base/java.net.InetAddress.getAllByName(InetAddress.java:1384) ~[na:na]
	at java.base/java.net.InetAddress.getAllByName(InetAddress.java:1305) ~[na:na]
	at com.mongodb.internal.connection.DefaultInetAddressResolver.lookupByName(DefaultInetAddressResolver.java:34) ~[mongodb-driver-core-5.2.1.jar:na]
	at com.mongodb.internal.connection.ServerAddressHelper.getSocketAddresses(ServerAddressHelper.java:71) ~[mongodb-driver-core-5.2.1.jar:na]
	... 5 common frames omitted

2026-05-25T02:02:33.976+01:00  INFO 29248 --- [SocialService] [ngodb.net:27017] org.mongodb.driver.cluster               : Monitor thread successfully connected to server with description ServerDescription{address=ac-khxyvkv-shard-00-01.ltylxsp.mongodb.net:27017, type=REPLICA_SET_PRIMARY, cryptd=false, state=CONNECTED, ok=true, minWireVersion=0, maxWireVersion=25, maxDocumentSize=16777216, logicalSessionTimeoutMinutes=30, roundTripTimeNanos=673845800, minRoundTripTimeNanos=0, setName='atlas-6x6yvm-shard-0', canonicalAddress=ac-khxyvkv-shard-00-01.ltylxsp.mongodb.net:27017, hosts=[ac-khxyvkv-shard-00-00.ltylxsp.mongodb.net:27017, ac-khxyvkv-shard-00-01.ltylxsp.mongodb.net:27017, ac-khxyvkv-shard-00-02.ltylxsp.mongodb.net:27017], passives=[], arbiters=[], primary='ac-khxyvkv-shard-00-01.ltylxsp.mongodb.net:27017', tagSet=TagSet{[Tag{name='availabilityZone', value='euw3-az2'}, Tag{name='cacheState', value='READY'}, Tag{name='diskState', value='READY'}, Tag{name='nodeType', value='ELECTABLE'}, Tag{name='provider', value='AWS'}, Tag{name='region', value='EU_WEST_3'}, Tag{name='workloadType', value='OPERATIONAL'}]}, electionId=7fffffff000000000000006b, setVersion=36, topologyVersion=TopologyVersion{processId=6a10ad2db025c004c20c2eaf, counter=6}, lastWriteDate=Mon May 25 02:02:33 WAT 2026, lastUpdateTimeNanos=748695718212600}
2026-05-25T02:02:34.006+01:00  INFO 29248 --- [SocialService] [ngodb.net:27017] org.mongodb.driver.cluster               : Discovered replica set primary ac-khxyvkv-shard-00-01.ltylxsp.mongodb.net:27017 with max election id 7fffffff000000000000006b and max set version 36
2026-05-25T02:02:34.446+01:00  INFO 29248 --- [SocialService] [ngodb.net:27017] org.mongodb.driver.cluster               : Monitor thread successfully connected to server with description ServerDescription{address=ac-khxyvkv-shard-00-02.ltylxsp.mongodb.net:27017, type=REPLICA_SET_SECONDARY, cryptd=false, state=CONNECTED, ok=true, minWireVersion=0, maxWireVersion=25, maxDocumentSize=16777216, logicalSessionTimeoutMinutes=30, roundTripTimeNanos=149477400, minRoundTripTimeNanos=0, setName='atlas-6x6yvm-shard-0', canonicalAddress=ac-khxyvkv-shard-00-02.ltylxsp.mongodb.net:27017, hosts=[ac-khxyvkv-shard-00-00.ltylxsp.mongodb.net:27017, ac-khxyvkv-shard-00-01.ltylxsp.mongodb.net:27017, ac-khxyvkv-shard-00-02.ltylxsp.mongodb.net:27017], passives=[], arbiters=[], primary='ac-khxyvkv-shard-00-01.ltylxsp.mongodb.net:27017', tagSet=TagSet{[Tag{name='availabilityZone', value='euw3-az3'}, Tag{name='cacheState', value='READY'}, Tag{name='diskState', value='READY'}, Tag{name='nodeType', value='ELECTABLE'}, Tag{name='provider', value='AWS'}, Tag{name='region', value='EU_WEST_3'}, Tag{name='workloadType', value='OPERATIONAL'}]}, electionId=null, setVersion=36, topologyVersion=TopologyVersion{processId=6a10afacc3c0145a7299563d, counter=3}, lastWriteDate=Mon May 25 02:02:33 WAT 2026, lastUpdateTimeNanos=748696203267500}
2026-05-25T02:02:34.506+01:00  INFO 29248 --- [SocialService] [ngodb.net:27017] org.mongodb.driver.cluster               : Monitor thread successfully connected to server with description ServerDescription{address=ac-khxyvkv-shard-00-00.ltylxsp.mongodb.net:27017, type=REPLICA_SET_SECONDARY, cryptd=false, state=CONNECTED, ok=true, minWireVersion=0, maxWireVersion=25, maxDocumentSize=16777216, logicalSessionTimeoutMinutes=30, roundTripTimeNanos=135804400, minRoundTripTimeNanos=0, setName='atlas-6x6yvm-shard-0', canonicalAddress=ac-khxyvkv-shard-00-00.ltylxsp.mongodb.net:27017, hosts=[ac-khxyvkv-shard-00-00.ltylxsp.mongodb.net:27017, ac-khxyvkv-shard-00-01.ltylxsp.mongodb.net:27017, ac-khxyvkv-shard-00-02.ltylxsp.mongodb.net:27017], passives=[], arbiters=[], primary='ac-khxyvkv-shard-00-01.ltylxsp.mongodb.net:27017', tagSet=TagSet{[Tag{name='availabilityZone', value='euw3-az1'}, Tag{name='cacheState', value='READY'}, Tag{name='diskState', value='READY'}, Tag{name='nodeType', value='ELECTABLE'}, Tag{name='provider', value='AWS'}, Tag{name='region', value='EU_WEST_3'}, Tag{name='workloadType', value='OPERATIONAL'}]}, electionId=null, setVersion=36, topologyVersion=TopologyVersion{processId=6a10aaf2adb9cf8404387343, counter=4}, lastWriteDate=Mon May 25 02:02:33 WAT 2026, lastUpdateTimeNanos=748696263477300}
2026-05-25T02:07:18.018+01:00  INFO 29248 --- [SocialService] [MessageBroker-1] o.s.w.s.c.WebSocketMessageBrokerStats    : WebSocketSession[0 current WS(0)-HttpStream(0)-HttpPoll(0), 0 total, 0 closed abnormally (0 connect failure, 0 send limit, 0 transport error)], stompSubProtocol[processed CONNECT(0)-CONNECTED(0)-DISCONNECT(0)], stompBrokerRelay[null], inboundChannel[pool size = 0, active threads = 0, queued tasks = 0, completed tasks = 0], outboundChannel[pool size = 0, active threads = 0, queued tasks = 0, completed tasks = 0], sockJsScheduler[pool size = 8, active threads = 1, queued tasks = 0, completed tasks = 31]
2026-05-25T02:37:17.900+01:00  INFO 29248 --- [SocialService] [MessageBroker-1] o.s.w.s.c.WebSocketMessageBrokerStats    : WebSocketSession[0 current WS(0)-HttpStream(0)-HttpPoll(0), 0 total, 0 closed abnormally (0 connect failure, 0 send limit, 0 transport error)], stompSubProtocol[processed CONNECT(0)-CONNECTED(0)-DISCONNECT(0)], stompBrokerRelay[null], inboundChannel[pool size = 0, active threads = 0, queued tasks = 0, completed tasks = 0], outboundChannel[pool size = 0, active threads = 0, queued tasks = 0, completed tasks = 0], sockJsScheduler[pool size = 8, active threads = 1, queued tasks = 0, completed tasks = 32]
2026-05-25T03:37:23.078+01:00  INFO 29248 --- [SocialService] [ngodb.net:27017] org.mongodb.driver.cluster               : Exception in monitor thread while connecting to server ac-khxyvkv-shard-00-00.ltylxsp.mongodb.net:27017

com.mongodb.MongoSocketReadException: Exception receiving message
	at com.mongodb.internal.connection.InternalStreamConnection.translateReadException(InternalStreamConnection.java:814) ~[mongodb-driver-core-5.2.1.jar:na]
	at com.mongodb.internal.connection.InternalStreamConnection.receiveResponseBuffers(InternalStreamConnection.java:862) ~[mongodb-driver-core-5.2.1.jar:na]
	at com.mongodb.internal.connection.InternalStreamConnection.receiveCommandMessageResponse(InternalStreamConnection.java:517) ~[mongodb-driver-core-5.2.1.jar:na]
	at com.mongodb.internal.connection.InternalStreamConnection.receive(InternalStreamConnection.java:469) ~[mongodb-driver-core-5.2.1.jar:na]
	at com.mongodb.internal.connection.DefaultServerMonitor$ServerMonitor.lookupServerDescription(DefaultServerMonitor.java:249) ~[mongodb-driver-core-5.2.1.jar:na]
	at com.mongodb.internal.connection.DefaultServerMonitor$ServerMonitor.run(DefaultServerMonitor.java:176) ~[mongodb-driver-core-5.2.1.jar:na]
Caused by: java.net.SocketException: Connection reset
	at java.base/sun.nio.ch.NioSocketImpl.implRead(NioSocketImpl.java:328) ~[na:na]
	at java.base/sun.nio.ch.NioSocketImpl.read(NioSocketImpl.java:355) ~[na:na]
	at java.base/sun.nio.ch.NioSocketImpl$1.read(NioSocketImpl.java:808) ~[na:na]
	at java.base/java.net.Socket$SocketInputStream.read(Socket.java:966) ~[na:na]
	at java.base/sun.security.ssl.SSLSocketInputRecord.read(SSLSocketInputRecord.java:484) ~[na:na]
	at java.base/sun.security.ssl.SSLSocketInputRecord.readHeader(SSLSocketInputRecord.java:478) ~[na:na]
	at java.base/sun.security.ssl.SSLSocketInputRecord.bytesInCompletePacket(SSLSocketInputRecord.java:70) ~[na:na]
	at java.base/sun.security.ssl.SSLSocketImpl.readApplicationRecord(SSLSocketImpl.java:1461) ~[na:na]
	at java.base/sun.security.ssl.SSLSocketImpl$AppInputStream.read(SSLSocketImpl.java:1065) ~[na:na]
	at com.mongodb.internal.connection.SocketStream.read(SocketStream.java:182) ~[mongodb-driver-core-5.2.1.jar:na]
	at com.mongodb.internal.connection.InternalStreamConnection.receiveResponseBuffers(InternalStreamConnection.java:829) ~[mongodb-driver-core-5.2.1.jar:na]
	... 4 common frames omitted

2026-05-25T03:37:23.081+01:00  INFO 29248 --- [SocialService] [ngodb.net:27017] org.mongodb.driver.cluster               : Exception in monitor thread while connecting to server ac-khxyvkv-shard-00-02.ltylxsp.mongodb.net:27017

com.mongodb.MongoSocketReadException: Exception receiving message
	at com.mongodb.internal.connection.InternalStreamConnection.translateReadException(InternalStreamConnection.java:814) ~[mongodb-driver-core-5.2.1.jar:na]
	at com.mongodb.internal.connection.InternalStreamConnection.receiveResponseBuffers(InternalStreamConnection.java:862) ~[mongodb-driver-core-5.2.1.jar:na]
	at com.mongodb.internal.connection.InternalStreamConnection.receiveCommandMessageResponse(InternalStreamConnection.java:517) ~[mongodb-driver-core-5.2.1.jar:na]
	at com.mongodb.internal.connection.InternalStreamConnection.receive(InternalStreamConnection.java:469) ~[mongodb-driver-core-5.2.1.jar:na]
	at com.mongodb.internal.connection.DefaultServerMonitor$ServerMonitor.lookupServerDescription(DefaultServerMonitor.java:249) ~[mongodb-driver-core-5.2.1.jar:na]
	at com.mongodb.internal.connection.DefaultServerMonitor$ServerMonitor.run(DefaultServerMonitor.java:176) ~[mongodb-driver-core-5.2.1.jar:na]
Caused by: java.net.SocketException: Connection reset
	at java.base/sun.nio.ch.NioSocketImpl.implRead(NioSocketImpl.java:328) ~[na:na]
	at java.base/sun.nio.ch.NioSocketImpl.read(NioSocketImpl.java:355) ~[na:na]
	at java.base/sun.nio.ch.NioSocketImpl$1.read(NioSocketImpl.java:808) ~[na:na]
	at java.base/java.net.Socket$SocketInputStream.read(Socket.java:966) ~[na:na]
	at java.base/sun.security.ssl.SSLSocketInputRecord.read(SSLSocketInputRecord.java:484) ~[na:na]
	at java.base/sun.security.ssl.SSLSocketInputRecord.readHeader(SSLSocketInputRecord.java:478) ~[na:na]
	at java.base/sun.security.ssl.SSLSocketInputRecord.bytesInCompletePacket(SSLSocketInputRecord.java:70) ~[na:na]
	at java.base/sun.security.ssl.SSLSocketImpl.readApplicationRecord(SSLSocketImpl.java:1461) ~[na:na]
	at java.base/sun.security.ssl.SSLSocketImpl$AppInputStream.read(SSLSocketImpl.java:1065) ~[na:na]
	at com.mongodb.internal.connection.SocketStream.read(SocketStream.java:182) ~[mongodb-driver-core-5.2.1.jar:na]
	at com.mongodb.internal.connection.InternalStreamConnection.receiveResponseBuffers(InternalStreamConnection.java:829) ~[mongodb-driver-core-5.2.1.jar:na]
	... 4 common frames omitted

2026-05-25T03:37:23.090+01:00  INFO 29248 --- [SocialService] [ngodb.net:27017] org.mongodb.driver.cluster               : Exception in monitor thread while connecting to server ac-khxyvkv-shard-00-01.ltylxsp.mongodb.net:27017

com.mongodb.MongoSocketReadException: Exception receiving message
	at com.mongodb.internal.connection.InternalStreamConnection.translateReadException(InternalStreamConnection.java:814) ~[mongodb-driver-core-5.2.1.jar:na]
	at com.mongodb.internal.connection.InternalStreamConnection.receiveResponseBuffers(InternalStreamConnection.java:862) ~[mongodb-driver-core-5.2.1.jar:na]
	at com.mongodb.internal.connection.InternalStreamConnection.receiveCommandMessageResponse(InternalStreamConnection.java:517) ~[mongodb-driver-core-5.2.1.jar:na]
	at com.mongodb.internal.connection.InternalStreamConnection.receive(InternalStreamConnection.java:469) ~[mongodb-driver-core-5.2.1.jar:na]
	at com.mongodb.internal.connection.DefaultServerMonitor$ServerMonitor.lookupServerDescription(DefaultServerMonitor.java:249) ~[mongodb-driver-core-5.2.1.jar:na]
	at com.mongodb.internal.connection.DefaultServerMonitor$ServerMonitor.run(DefaultServerMonitor.java:176) ~[mongodb-driver-core-5.2.1.jar:na]
Caused by: java.net.SocketException: Connection reset
	at java.base/sun.nio.ch.NioSocketImpl.implRead(NioSocketImpl.java:328) ~[na:na]
	at java.base/sun.nio.ch.NioSocketImpl.read(NioSocketImpl.java:355) ~[na:na]
	at java.base/sun.nio.ch.NioSocketImpl$1.read(NioSocketImpl.java:808) ~[na:na]
	at java.base/java.net.Socket$SocketInputStream.read(Socket.java:966) ~[na:na]
	at java.base/sun.security.ssl.SSLSocketInputRecord.read(SSLSocketInputRecord.java:484) ~[na:na]
	at java.base/sun.security.ssl.SSLSocketInputRecord.readHeader(SSLSocketInputRecord.java:478) ~[na:na]
	at java.base/sun.security.ssl.SSLSocketInputRecord.bytesInCompletePacket(SSLSocketInputRecord.java:70) ~[na:na]
	at java.base/sun.security.ssl.SSLSocketImpl.readApplicationRecord(SSLSocketImpl.java:1461) ~[na:na]
	at java.base/sun.security.ssl.SSLSocketImpl$AppInputStream.read(SSLSocketImpl.java:1065) ~[na:na]
	at com.mongodb.internal.connection.SocketStream.read(SocketStream.java:182) ~[mongodb-driver-core-5.2.1.jar:na]
	at com.mongodb.internal.connection.InternalStreamConnection.receiveResponseBuffers(InternalStreamConnection.java:829) ~[mongodb-driver-core-5.2.1.jar:na]
	... 4 common frames omitted

2026-05-25T03:37:24.188+01:00  INFO 29248 --- [SocialService] [ngodb.net:27017] org.mongodb.driver.cluster               : Monitor thread successfully connected to server with description ServerDescription{address=ac-khxyvkv-shard-00-00.ltylxsp.mongodb.net:27017, type=REPLICA_SET_SECONDARY, cryptd=false, state=CONNECTED, ok=true, minWireVersion=0, maxWireVersion=25, maxDocumentSize=16777216, logicalSessionTimeoutMinutes=30, roundTripTimeNanos=389670300, minRoundTripTimeNanos=0, setName='atlas-6x6yvm-shard-0', canonicalAddress=ac-khxyvkv-shard-00-00.ltylxsp.mongodb.net:27017, hosts=[ac-khxyvkv-shard-00-00.ltylxsp.mongodb.net:27017, ac-khxyvkv-shard-00-01.ltylxsp.mongodb.net:27017, ac-khxyvkv-shard-00-02.ltylxsp.mongodb.net:27017], passives=[], arbiters=[], primary='ac-khxyvkv-shard-00-01.ltylxsp.mongodb.net:27017', tagSet=TagSet{[Tag{name='availabilityZone', value='euw3-az1'}, Tag{name='cacheState', value='READY'}, Tag{name='diskState', value='READY'}, Tag{name='nodeType', value='ELECTABLE'}, Tag{name='provider', value='AWS'}, Tag{name='region', value='EU_WEST_3'}, Tag{name='workloadType', value='OPERATIONAL'}]}, electionId=null, setVersion=36, topologyVersion=TopologyVersion{processId=6a10aaf2adb9cf8404387343, counter=4}, lastWriteDate=Mon May 25 03:37:23 WAT 2026, lastUpdateTimeNanos=754386263165100}
2026-05-25T03:37:24.188+01:00  INFO 29248 --- [SocialService] [ngodb.net:27017] org.mongodb.driver.cluster               : Monitor thread successfully connected to server with description ServerDescription{address=ac-khxyvkv-shard-00-02.ltylxsp.mongodb.net:27017, type=REPLICA_SET_SECONDARY, cryptd=false, state=CONNECTED, ok=true, minWireVersion=0, maxWireVersion=25, maxDocumentSize=16777216, logicalSessionTimeoutMinutes=30, roundTripTimeNanos=390241100, minRoundTripTimeNanos=0, setName='atlas-6x6yvm-shard-0', canonicalAddress=ac-khxyvkv-shard-00-02.ltylxsp.mongodb.net:27017, hosts=[ac-khxyvkv-shard-00-00.ltylxsp.mongodb.net:27017, ac-khxyvkv-shard-00-01.ltylxsp.mongodb.net:27017, ac-khxyvkv-shard-00-02.ltylxsp.mongodb.net:27017], passives=[], arbiters=[], primary='ac-khxyvkv-shard-00-01.ltylxsp.mongodb.net:27017', tagSet=TagSet{[Tag{name='availabilityZone', value='euw3-az3'}, Tag{name='cacheState', value='READY'}, Tag{name='diskState', value='READY'}, Tag{name='nodeType', value='ELECTABLE'}, Tag{name='provider', value='AWS'}, Tag{name='region', value='EU_WEST_3'}, Tag{name='workloadType', value='OPERATIONAL'}]}, electionId=null, setVersion=36, topologyVersion=TopologyVersion{processId=6a10afacc3c0145a7299563d, counter=3}, lastWriteDate=Mon May 25 03:37:23 WAT 2026, lastUpdateTimeNanos=754386263165100}
2026-05-25T03:37:24.724+01:00  INFO 29248 --- [SocialService] [ngodb.net:27017] org.mongodb.driver.cluster               : Monitor thread successfully connected to server with description ServerDescription{address=ac-khxyvkv-shard-00-01.ltylxsp.mongodb.net:27017, type=REPLICA_SET_PRIMARY, cryptd=false, state=CONNECTED, ok=true, minWireVersion=0, maxWireVersion=25, maxDocumentSize=16777216, logicalSessionTimeoutMinutes=30, roundTripTimeNanos=144528700, minRoundTripTimeNanos=0, setName='atlas-6x6yvm-shard-0', canonicalAddress=ac-khxyvkv-shard-00-01.ltylxsp.mongodb.net:27017, hosts=[ac-khxyvkv-shard-00-00.ltylxsp.mongodb.net:27017, ac-khxyvkv-shard-00-01.ltylxsp.mongodb.net:27017, ac-khxyvkv-shard-00-02.ltylxsp.mongodb.net:27017], passives=[], arbiters=[], primary='ac-khxyvkv-shard-00-01.ltylxsp.mongodb.net:27017', tagSet=TagSet{[Tag{name='availabilityZone', value='euw3-az2'}, Tag{name='cacheState', value='READY'}, Tag{name='diskState', value='READY'}, Tag{name='nodeType', value='ELECTABLE'}, Tag{name='provider', value='AWS'}, Tag{name='region', value='EU_WEST_3'}, Tag{name='workloadType', value='OPERATIONAL'}]}, electionId=7fffffff000000000000006b, setVersion=36, topologyVersion=TopologyVersion{processId=6a10ad2db025c004c20c2eaf, counter=6}, lastWriteDate=Mon May 25 03:37:24 WAT 2026, lastUpdateTimeNanos=754386810467000}
2026-05-25T03:37:24.759+01:00  INFO 29248 --- [SocialService] [ngodb.net:27017] org.mongodb.driver.cluster               : Discovered replica set primary ac-khxyvkv-shard-00-01.ltylxsp.mongodb.net:27017 with max election id 7fffffff000000000000006b and max set version 36
2026-05-27T18:12:39.648+01:00  INFO 29248 --- [SocialService] [ngodb.net:27017] org.mongodb.driver.cluster               : Exception in monitor thread while connecting to server ac-khxyvkv-shard-00-01.ltylxsp.mongodb.net:27017

com.mongodb.MongoSocketReadException: Exception receiving message
	at com.mongodb.internal.connection.InternalStreamConnection.translateReadException(InternalStreamConnection.java:814) ~[mongodb-driver-core-5.2.1.jar:na]
	at com.mongodb.internal.connection.InternalStreamConnection.receiveResponseBuffers(InternalStreamConnection.java:862) ~[mongodb-driver-core-5.2.1.jar:na]
	at com.mongodb.internal.connection.InternalStreamConnection.receiveCommandMessageResponse(InternalStreamConnection.java:517) ~[mongodb-driver-core-5.2.1.jar:na]
	at com.mongodb.internal.connection.InternalStreamConnection.receive(InternalStreamConnection.java:469) ~[mongodb-driver-core-5.2.1.jar:na]
	at com.mongodb.internal.connection.DefaultServerMonitor$ServerMonitor.lookupServerDescription(DefaultServerMonitor.java:249) ~[mongodb-driver-core-5.2.1.jar:na]
	at com.mongodb.internal.connection.DefaultServerMonitor$ServerMonitor.run(DefaultServerMonitor.java:176) ~[mongodb-driver-core-5.2.1.jar:na]
Caused by: java.net.SocketException: Connection reset
	at java.base/sun.nio.ch.NioSocketImpl.implRead(NioSocketImpl.java:328) ~[na:na]
	at java.base/sun.nio.ch.NioSocketImpl.read(NioSocketImpl.java:355) ~[na:na]
	at java.base/sun.nio.ch.NioSocketImpl$1.read(NioSocketImpl.java:808) ~[na:na]
	at java.base/java.net.Socket$SocketInputStream.read(Socket.java:966) ~[na:na]
	at java.base/sun.security.ssl.SSLSocketInputRecord.read(SSLSocketInputRecord.java:484) ~[na:na]
	at java.base/sun.security.ssl.SSLSocketInputRecord.readHeader(SSLSocketInputRecord.java:478) ~[na:na]
	at java.base/sun.security.ssl.SSLSocketInputRecord.bytesInCompletePacket(SSLSocketInputRecord.java:70) ~[na:na]
	at java.base/sun.security.ssl.SSLSocketImpl.readApplicationRecord(SSLSocketImpl.java:1461) ~[na:na]
	at java.base/sun.security.ssl.SSLSocketImpl$AppInputStream.read(SSLSocketImpl.java:1065) ~[na:na]
	at com.mongodb.internal.connection.SocketStream.read(SocketStream.java:182) ~[mongodb-driver-core-5.2.1.jar:na]
	at com.mongodb.internal.connection.InternalStreamConnection.receiveResponseBuffers(InternalStreamConnection.java:829) ~[mongodb-driver-core-5.2.1.jar:na]
	... 4 common frames omitted

2026-05-27T18:12:39.648+01:00  INFO 29248 --- [SocialService] [ngodb.net:27017] org.mongodb.driver.cluster               : Exception in monitor thread while connecting to server ac-khxyvkv-shard-00-00.ltylxsp.mongodb.net:27017

com.mongodb.MongoSocketReadException: Exception receiving message
	at com.mongodb.internal.connection.InternalStreamConnection.translateReadException(InternalStreamConnection.java:814) ~[mongodb-driver-core-5.2.1.jar:na]
	at com.mongodb.internal.connection.InternalStreamConnection.receiveResponseBuffers(InternalStreamConnection.java:862) ~[mongodb-driver-core-5.2.1.jar:na]
	at com.mongodb.internal.connection.InternalStreamConnection.receiveCommandMessageResponse(InternalStreamConnection.java:517) ~[mongodb-driver-core-5.2.1.jar:na]
	at com.mongodb.internal.connection.InternalStreamConnection.receive(InternalStreamConnection.java:469) ~[mongodb-driver-core-5.2.1.jar:na]
	at com.mongodb.internal.connection.DefaultServerMonitor$ServerMonitor.lookupServerDescription(DefaultServerMonitor.java:249) ~[mongodb-driver-core-5.2.1.jar:na]
	at com.mongodb.internal.connection.DefaultServerMonitor$ServerMonitor.run(DefaultServerMonitor.java:176) ~[mongodb-driver-core-5.2.1.jar:na]
Caused by: java.net.SocketException: Connection reset
	at java.base/sun.nio.ch.NioSocketImpl.implRead(NioSocketImpl.java:328) ~[na:na]
	at java.base/sun.nio.ch.NioSocketImpl.read(NioSocketImpl.java:355) ~[na:na]
	at java.base/sun.nio.ch.NioSocketImpl$1.read(NioSocketImpl.java:808) ~[na:na]
	at java.base/java.net.Socket$SocketInputStream.read(Socket.java:966) ~[na:na]
	at java.base/sun.security.ssl.SSLSocketInputRecord.read(SSLSocketInputRecord.java:484) ~[na:na]
	at java.base/sun.security.ssl.SSLSocketInputRecord.readHeader(SSLSocketInputRecord.java:478) ~[na:na]
	at java.base/sun.security.ssl.SSLSocketInputRecord.bytesInCompletePacket(SSLSocketInputRecord.java:70) ~[na:na]
	at java.base/sun.security.ssl.SSLSocketImpl.readApplicationRecord(SSLSocketImpl.java:1461) ~[na:na]
	at java.base/sun.security.ssl.SSLSocketImpl$AppInputStream.read(SSLSocketImpl.java:1065) ~[na:na]
	at com.mongodb.internal.connection.SocketStream.read(SocketStream.java:182) ~[mongodb-driver-core-5.2.1.jar:na]
	at com.mongodb.internal.connection.InternalStreamConnection.receiveResponseBuffers(InternalStreamConnection.java:829) ~[mongodb-driver-core-5.2.1.jar:na]
	... 4 common frames omitted

2026-05-27T18:12:39.648+01:00  INFO 29248 --- [SocialService] [ngodb.net:27017] org.mongodb.driver.cluster               : Exception in monitor thread while connecting to server ac-khxyvkv-shard-00-02.ltylxsp.mongodb.net:27017

com.mongodb.MongoSocketReadException: Exception receiving message
	at com.mongodb.internal.connection.InternalStreamConnection.translateReadException(InternalStreamConnection.java:814) ~[mongodb-driver-core-5.2.1.jar:na]
	at com.mongodb.internal.connection.InternalStreamConnection.receiveResponseBuffers(InternalStreamConnection.java:862) ~[mongodb-driver-core-5.2.1.jar:na]
	at com.mongodb.internal.connection.InternalStreamConnection.receiveCommandMessageResponse(InternalStreamConnection.java:517) ~[mongodb-driver-core-5.2.1.jar:na]
	at com.mongodb.internal.connection.InternalStreamConnection.receive(InternalStreamConnection.java:469) ~[mongodb-driver-core-5.2.1.jar:na]
	at com.mongodb.internal.connection.DefaultServerMonitor$ServerMonitor.lookupServerDescription(DefaultServerMonitor.java:249) ~[mongodb-driver-core-5.2.1.jar:na]
	at com.mongodb.internal.connection.DefaultServerMonitor$ServerMonitor.run(DefaultServerMonitor.java:176) ~[mongodb-driver-core-5.2.1.jar:na]
Caused by: java.net.SocketException: Connection reset
	at java.base/sun.nio.ch.NioSocketImpl.implRead(NioSocketImpl.java:328) ~[na:na]
	at java.base/sun.nio.ch.NioSocketImpl.read(NioSocketImpl.java:355) ~[na:na]
	at java.base/sun.nio.ch.NioSocketImpl$1.read(NioSocketImpl.java:808) ~[na:na]
	at java.base/java.net.Socket$SocketInputStream.read(Socket.java:966) ~[na:na]
	at java.base/sun.security.ssl.SSLSocketInputRecord.read(SSLSocketInputRecord.java:484) ~[na:na]
	at java.base/sun.security.ssl.SSLSocketInputRecord.readHeader(SSLSocketInputRecord.java:478) ~[na:na]
	at java.base/sun.security.ssl.SSLSocketInputRecord.bytesInCompletePacket(SSLSocketInputRecord.java:70) ~[na:na]
	at java.base/sun.security.ssl.SSLSocketImpl.readApplicationRecord(SSLSocketImpl.java:1461) ~[na:na]
	at java.base/sun.security.ssl.SSLSocketImpl$AppInputStream.read(SSLSocketImpl.java:1065) ~[na:na]
	at com.mongodb.internal.connection.SocketStream.read(SocketStream.java:182) ~[mongodb-driver-core-5.2.1.jar:na]
	at com.mongodb.internal.connection.InternalStreamConnection.receiveResponseBuffers(InternalStreamConnection.java:829) ~[mongodb-driver-core-5.2.1.jar:na]
	... 4 common frames omitted

2026-05-27T18:12:40.044+01:00  INFO 29248 --- [SocialService] [ngodb.net:27017] org.mongodb.driver.cluster               : Exception in monitor thread while connecting to server ac-khxyvkv-shard-00-01.ltylxsp.mongodb.net:27017

com.mongodb.MongoSocketException: Hôte inconnu (ac-khxyvkv-shard-00-01.ltylxsp.mongodb.net)
	at com.mongodb.internal.connection.ServerAddressHelper.getSocketAddresses(ServerAddressHelper.java:75) ~[mongodb-driver-core-5.2.1.jar:na]
	at com.mongodb.internal.connection.SocketStream.initializeSocket(SocketStream.java:100) ~[mongodb-driver-core-5.2.1.jar:na]
	at com.mongodb.internal.connection.SocketStream.open(SocketStream.java:79) ~[mongodb-driver-core-5.2.1.jar:na]
	at com.mongodb.internal.connection.InternalStreamConnection.open(InternalStreamConnection.java:233) ~[mongodb-driver-core-5.2.1.jar:na]
	at com.mongodb.internal.connection.DefaultServerMonitor$ServerMonitor.lookupServerDescription(DefaultServerMonitor.java:219) ~[mongodb-driver-core-5.2.1.jar:na]
	at com.mongodb.internal.connection.DefaultServerMonitor$ServerMonitor.run(DefaultServerMonitor.java:176) ~[mongodb-driver-core-5.2.1.jar:na]
Caused by: java.net.UnknownHostException: Hôte inconnu (ac-khxyvkv-shard-00-01.ltylxsp.mongodb.net)
	at java.base/java.net.Inet6AddressImpl.lookupAllHostAddr(Native Method) ~[na:na]
	at java.base/java.net.InetAddress$PlatformNameService.lookupAllHostAddr(InetAddress.java:933) ~[na:na]
	at java.base/java.net.InetAddress.getAddressesFromNameService(InetAddress.java:1543) ~[na:na]
	at java.base/java.net.InetAddress$NameServiceAddresses.get(InetAddress.java:852) ~[na:na]
	at java.base/java.net.InetAddress.getAllByName0(InetAddress.java:1532) ~[na:na]
	at java.base/java.net.InetAddress.getAllByName(InetAddress.java:1384) ~[na:na]
	at java.base/java.net.InetAddress.getAllByName(InetAddress.java:1305) ~[na:na]
	at com.mongodb.internal.connection.DefaultInetAddressResolver.lookupByName(DefaultInetAddressResolver.java:34) ~[mongodb-driver-core-5.2.1.jar:na]
	at com.mongodb.internal.connection.ServerAddressHelper.getSocketAddresses(ServerAddressHelper.java:71) ~[mongodb-driver-core-5.2.1.jar:na]
	... 5 common frames omitted

2026-05-27T18:12:40.000+01:00  INFO 29248 --- [SocialService] [ngodb.net:27017] org.mongodb.driver.cluster               : Exception in monitor thread while connecting to server ac-khxyvkv-shard-00-00.ltylxsp.mongodb.net:27017

com.mongodb.MongoSocketException: Hôte inconnu (ac-khxyvkv-shard-00-00.ltylxsp.mongodb.net)
	at com.mongodb.internal.connection.ServerAddressHelper.getSocketAddresses(ServerAddressHelper.java:75) ~[mongodb-driver-core-5.2.1.jar:na]
	at com.mongodb.internal.connection.SocketStream.initializeSocket(SocketStream.java:100) ~[mongodb-driver-core-5.2.1.jar:na]
	at com.mongodb.internal.connection.SocketStream.open(SocketStream.java:79) ~[mongodb-driver-core-5.2.1.jar:na]
	at com.mongodb.internal.connection.InternalStreamConnection.open(InternalStreamConnection.java:233) ~[mongodb-driver-core-5.2.1.jar:na]
	at com.mongodb.internal.connection.DefaultServerMonitor$ServerMonitor.lookupServerDescription(DefaultServerMonitor.java:219) ~[mongodb-driver-core-5.2.1.jar:na]
	at com.mongodb.internal.connection.DefaultServerMonitor$ServerMonitor.run(DefaultServerMonitor.java:176) ~[mongodb-driver-core-5.2.1.jar:na]
Caused by: java.net.UnknownHostException: Hôte inconnu (ac-khxyvkv-shard-00-00.ltylxsp.mongodb.net)
	at java.base/java.net.Inet6AddressImpl.lookupAllHostAddr(Native Method) ~[na:na]
	at java.base/java.net.InetAddress$PlatformNameService.lookupAllHostAddr(InetAddress.java:933) ~[na:na]
	at java.base/java.net.InetAddress.getAddressesFromNameService(InetAddress.java:1543) ~[na:na]
	at java.base/java.net.InetAddress$NameServiceAddresses.get(InetAddress.java:852) ~[na:na]
	at java.base/java.net.InetAddress.getAllByName0(InetAddress.java:1532) ~[na:na]
	at java.base/java.net.InetAddress.getAllByName(InetAddress.java:1384) ~[na:na]
	at java.base/java.net.InetAddress.getAllByName(InetAddress.java:1305) ~[na:na]
	at com.mongodb.internal.connection.DefaultInetAddressResolver.lookupByName(DefaultInetAddressResolver.java:34) ~[mongodb-driver-core-5.2.1.jar:na]
	at com.mongodb.internal.connection.ServerAddressHelper.getSocketAddresses(ServerAddressHelper.java:71) ~[mongodb-driver-core-5.2.1.jar:na]
	... 5 common frames omitted

2026-05-27T18:12:40.173+01:00  INFO 29248 --- [SocialService] [ngodb.net:27017] org.mongodb.driver.cluster               : Exception in monitor thread while connecting to server ac-khxyvkv-shard-00-02.ltylxsp.mongodb.net:27017

com.mongodb.MongoSocketException: ac-khxyvkv-shard-00-02.ltylxsp.mongodb.net
	at com.mongodb.internal.connection.ServerAddressHelper.getSocketAddresses(ServerAddressHelper.java:75) ~[mongodb-driver-core-5.2.1.jar:na]
	at com.mongodb.internal.connection.SocketStream.initializeSocket(SocketStream.java:100) ~[mongodb-driver-core-5.2.1.jar:na]
	at com.mongodb.internal.connection.SocketStream.open(SocketStream.java:79) ~[mongodb-driver-core-5.2.1.jar:na]
	at com.mongodb.internal.connection.InternalStreamConnection.open(InternalStreamConnection.java:233) ~[mongodb-driver-core-5.2.1.jar:na]
	at com.mongodb.internal.connection.DefaultServerMonitor$ServerMonitor.lookupServerDescription(DefaultServerMonitor.java:219) ~[mongodb-driver-core-5.2.1.jar:na]
	at com.mongodb.internal.connection.DefaultServerMonitor$ServerMonitor.run(DefaultServerMonitor.java:176) ~[mongodb-driver-core-5.2.1.jar:na]
Caused by: java.net.UnknownHostException: ac-khxyvkv-shard-00-02.ltylxsp.mongodb.net
	at java.base/java.net.InetAddress$CachedAddresses.get(InetAddress.java:801) ~[na:na]
	at java.base/java.net.InetAddress$NameServiceAddresses.get(InetAddress.java:887) ~[na:na]
	at java.base/java.net.InetAddress.getAllByName0(InetAddress.java:1532) ~[na:na]
	at java.base/java.net.InetAddress.getAllByName(InetAddress.java:1384) ~[na:na]
	at java.base/java.net.InetAddress.getAllByName(InetAddress.java:1305) ~[na:na]
	at com.mongodb.internal.connection.DefaultInetAddressResolver.lookupByName(DefaultInetAddressResolver.java:34) ~[mongodb-driver-core-5.2.1.jar:na]
	at com.mongodb.internal.connection.ServerAddressHelper.getSocketAddresses(ServerAddressHelper.java:71) ~[mongodb-driver-core-5.2.1.jar:na]
	... 5 common frames omitted

2026-05-27T18:12:54.603+01:00  INFO 29248 --- [SocialService] [ngodb.net:27017] org.mongodb.driver.cluster               : Monitor thread successfully connected to server with description ServerDescription{address=ac-khxyvkv-shard-00-01.ltylxsp.mongodb.net:27017, type=REPLICA_SET_PRIMARY, cryptd=false, state=CONNECTED, ok=true, minWireVersion=0, maxWireVersion=25, maxDocumentSize=16777216, logicalSessionTimeoutMinutes=30, roundTripTimeNanos=529126900, minRoundTripTimeNanos=0, setName='atlas-6x6yvm-shard-0', canonicalAddress=ac-khxyvkv-shard-00-01.ltylxsp.mongodb.net:27017, hosts=[ac-khxyvkv-shard-00-00.ltylxsp.mongodb.net:27017, ac-khxyvkv-shard-00-01.ltylxsp.mongodb.net:27017, ac-khxyvkv-shard-00-02.ltylxsp.mongodb.net:27017], passives=[], arbiters=[], primary='ac-khxyvkv-shard-00-01.ltylxsp.mongodb.net:27017', tagSet=TagSet{[Tag{name='availabilityZone', value='euw3-az2'}, Tag{name='cacheState', value='READY'}, Tag{name='diskState', value='READY'}, Tag{name='nodeType', value='ELECTABLE'}, Tag{name='provider', value='AWS'}, Tag{name='region', value='EU_WEST_3'}, Tag{name='workloadType', value='OPERATIONAL'}]}, electionId=7fffffff000000000000006b, setVersion=36, topologyVersion=TopologyVersion{processId=6a10ad2db025c004c20c2eaf, counter=6}, lastWriteDate=Wed May 27 18:12:52 WAT 2026, lastUpdateTimeNanos=979722996345100}
2026-05-27T18:12:54.654+01:00  INFO 29248 --- [SocialService] [ngodb.net:27017] org.mongodb.driver.cluster               : Discovered replica set primary ac-khxyvkv-shard-00-01.ltylxsp.mongodb.net:27017 with max election id 7fffffff000000000000006b and max set version 36
2026-05-27T18:12:54.910+01:00  INFO 29248 --- [SocialService] [ngodb.net:27017] org.mongodb.driver.cluster               : Monitor thread successfully connected to server with description ServerDescription{address=ac-khxyvkv-shard-00-02.ltylxsp.mongodb.net:27017, type=REPLICA_SET_SECONDARY, cryptd=false, state=CONNECTED, ok=true, minWireVersion=0, maxWireVersion=25, maxDocumentSize=16777216, logicalSessionTimeoutMinutes=30, roundTripTimeNanos=510214300, minRoundTripTimeNanos=0, setName='atlas-6x6yvm-shard-0', canonicalAddress=ac-khxyvkv-shard-00-02.ltylxsp.mongodb.net:27017, hosts=[ac-khxyvkv-shard-00-00.ltylxsp.mongodb.net:27017, ac-khxyvkv-shard-00-01.ltylxsp.mongodb.net:27017, ac-khxyvkv-shard-00-02.ltylxsp.mongodb.net:27017], passives=[], arbiters=[], primary='ac-khxyvkv-shard-00-01.ltylxsp.mongodb.net:27017', tagSet=TagSet{[Tag{name='availabilityZone', value='euw3-az3'}, Tag{name='cacheState', value='READY'}, Tag{name='diskState', value='READY'}, Tag{name='nodeType', value='ELECTABLE'}, Tag{name='provider', value='AWS'}, Tag{name='region', value='EU_WEST_3'}, Tag{name='workloadType', value='OPERATIONAL'}]}, electionId=null, setVersion=36, topologyVersion=TopologyVersion{processId=6a10afacc3c0145a7299563d, counter=3}, lastWriteDate=Wed May 27 18:12:53 WAT 2026, lastUpdateTimeNanos=979723321898700}
2026-05-27T18:12:55.298+01:00  INFO 29248 --- [SocialService] [ngodb.net:27017] org.mongodb.driver.cluster               : Monitor thread successfully connected to server with description ServerDescription{address=ac-khxyvkv-shard-00-00.ltylxsp.mongodb.net:27017, type=REPLICA_SET_SECONDARY, cryptd=false, state=CONNECTED, ok=true, minWireVersion=0, maxWireVersion=25, maxDocumentSize=16777216, logicalSessionTimeoutMinutes=30, roundTripTimeNanos=1405288600, minRoundTripTimeNanos=0, setName='atlas-6x6yvm-shard-0', canonicalAddress=ac-khxyvkv-shard-00-00.ltylxsp.mongodb.net:27017, hosts=[ac-khxyvkv-shard-00-00.ltylxsp.mongodb.net:27017, ac-khxyvkv-shard-00-01.ltylxsp.mongodb.net:27017, ac-khxyvkv-shard-00-02.ltylxsp.mongodb.net:27017], passives=[], arbiters=[], primary='ac-khxyvkv-shard-00-01.ltylxsp.mongodb.net:27017', tagSet=TagSet{[Tag{name='availabilityZone', value='euw3-az1'}, Tag{name='cacheState', value='READY'}, Tag{name='diskState', value='READY'}, Tag{name='nodeType', value='ELECTABLE'}, Tag{name='provider', value='AWS'}, Tag{name='region', value='EU_WEST_3'}, Tag{name='workloadType', value='OPERATIONAL'}]}, electionId=null, setVersion=36, topologyVersion=TopologyVersion{processId=6a10aaf2adb9cf8404387343, counter=4}, lastWriteDate=Wed May 27 18:12:53 WAT 2026, lastUpdateTimeNanos=979723709209600}
2026-05-27T18:39:50.241+01:00  INFO 29248 --- [SocialService] [ngodb.net:27017] org.mongodb.driver.cluster               : Exception in monitor thread while connecting to server ac-khxyvkv-shard-00-02.ltylxsp.mongodb.net:27017

com.mongodb.MongoSocketReadException: Exception receiving message
	at com.mongodb.internal.connection.InternalStreamConnection.translateReadException(InternalStreamConnection.java:814) ~[mongodb-driver-core-5.2.1.jar:na]
	at com.mongodb.internal.connection.InternalStreamConnection.receiveResponseBuffers(InternalStreamConnection.java:862) ~[mongodb-driver-core-5.2.1.jar:na]
	at com.mongodb.internal.connection.InternalStreamConnection.receiveCommandMessageResponse(InternalStreamConnection.java:517) ~[mongodb-driver-core-5.2.1.jar:na]
	at com.mongodb.internal.connection.InternalStreamConnection.receive(InternalStreamConnection.java:469) ~[mongodb-driver-core-5.2.1.jar:na]
	at com.mongodb.internal.connection.DefaultServerMonitor$ServerMonitor.lookupServerDescription(DefaultServerMonitor.java:249) ~[mongodb-driver-core-5.2.1.jar:na]
	at com.mongodb.internal.connection.DefaultServerMonitor$ServerMonitor.run(DefaultServerMonitor.java:176) ~[mongodb-driver-core-5.2.1.jar:na]
Caused by: java.net.SocketException: Connection reset
	at java.base/sun.nio.ch.NioSocketImpl.implRead(NioSocketImpl.java:328) ~[na:na]
	at java.base/sun.nio.ch.NioSocketImpl.read(NioSocketImpl.java:355) ~[na:na]
	at java.base/sun.nio.ch.NioSocketImpl$1.read(NioSocketImpl.java:808) ~[na:na]
	at java.base/java.net.Socket$SocketInputStream.read(Socket.java:966) ~[na:na]
	at java.base/sun.security.ssl.SSLSocketInputRecord.read(SSLSocketInputRecord.java:484) ~[na:na]
	at java.base/sun.security.ssl.SSLSocketInputRecord.readHeader(SSLSocketInputRecord.java:478) ~[na:na]
	at java.base/sun.security.ssl.SSLSocketInputRecord.bytesInCompletePacket(SSLSocketInputRecord.java:70) ~[na:na]
	at java.base/sun.security.ssl.SSLSocketImpl.readApplicationRecord(SSLSocketImpl.java:1461) ~[na:na]
	at java.base/sun.security.ssl.SSLSocketImpl$AppInputStream.read(SSLSocketImpl.java:1065) ~[na:na]
	at com.mongodb.internal.connection.SocketStream.read(SocketStream.java:182) ~[mongodb-driver-core-5.2.1.jar:na]
	at com.mongodb.internal.connection.InternalStreamConnection.receiveResponseBuffers(InternalStreamConnection.java:829) ~[mongodb-driver-core-5.2.1.jar:na]
	... 4 common frames omitted

2026-05-27T18:39:50.216+01:00  INFO 29248 --- [SocialService] [ngodb.net:27017] org.mongodb.driver.cluster               : Exception in monitor thread while connecting to server ac-khxyvkv-shard-00-00.ltylxsp.mongodb.net:27017

com.mongodb.MongoSocketReadException: Exception receiving message
	at com.mongodb.internal.connection.InternalStreamConnection.translateReadException(InternalStreamConnection.java:814) ~[mongodb-driver-core-5.2.1.jar:na]
	at com.mongodb.internal.connection.InternalStreamConnection.receiveResponseBuffers(InternalStreamConnection.java:862) ~[mongodb-driver-core-5.2.1.jar:na]
	at com.mongodb.internal.connection.InternalStreamConnection.receiveCommandMessageResponse(InternalStreamConnection.java:517) ~[mongodb-driver-core-5.2.1.jar:na]
	at com.mongodb.internal.connection.InternalStreamConnection.receive(InternalStreamConnection.java:469) ~[mongodb-driver-core-5.2.1.jar:na]
	at com.mongodb.internal.connection.DefaultServerMonitor$ServerMonitor.lookupServerDescription(DefaultServerMonitor.java:249) ~[mongodb-driver-core-5.2.1.jar:na]
	at com.mongodb.internal.connection.DefaultServerMonitor$ServerMonitor.run(DefaultServerMonitor.java:176) ~[mongodb-driver-core-5.2.1.jar:na]
Caused by: java.net.SocketException: Connection reset
	at java.base/sun.nio.ch.NioSocketImpl.implRead(NioSocketImpl.java:328) ~[na:na]
	at java.base/sun.nio.ch.NioSocketImpl.read(NioSocketImpl.java:355) ~[na:na]
	at java.base/sun.nio.ch.NioSocketImpl$1.read(NioSocketImpl.java:808) ~[na:na]
	at java.base/java.net.Socket$SocketInputStream.read(Socket.java:966) ~[na:na]
	at java.base/sun.security.ssl.SSLSocketInputRecord.read(SSLSocketInputRecord.java:484) ~[na:na]
	at java.base/sun.security.ssl.SSLSocketInputRecord.readHeader(SSLSocketInputRecord.java:478) ~[na:na]
	at java.base/sun.security.ssl.SSLSocketInputRecord.bytesInCompletePacket(SSLSocketInputRecord.java:70) ~[na:na]
	at java.base/sun.security.ssl.SSLSocketImpl.readApplicationRecord(SSLSocketImpl.java:1461) ~[na:na]
	at java.base/sun.security.ssl.SSLSocketImpl$AppInputStream.read(SSLSocketImpl.java:1065) ~[na:na]
	at com.mongodb.internal.connection.SocketStream.read(SocketStream.java:182) ~[mongodb-driver-core-5.2.1.jar:na]
	at com.mongodb.internal.connection.InternalStreamConnection.receiveResponseBuffers(InternalStreamConnection.java:829) ~[mongodb-driver-core-5.2.1.jar:na]
	... 4 common frames omitted

2026-05-27T18:39:50.196+01:00  INFO 29248 --- [SocialService] [ngodb.net:27017] org.mongodb.driver.cluster               : Exception in monitor thread while connecting to server ac-khxyvkv-shard-00-01.ltylxsp.mongodb.net:27017

com.mongodb.MongoSocketReadException: Exception receiving message
	at com.mongodb.internal.connection.InternalStreamConnection.translateReadException(InternalStreamConnection.java:814) ~[mongodb-driver-core-5.2.1.jar:na]
	at com.mongodb.internal.connection.InternalStreamConnection.receiveResponseBuffers(InternalStreamConnection.java:862) ~[mongodb-driver-core-5.2.1.jar:na]
	at com.mongodb.internal.connection.InternalStreamConnection.receiveCommandMessageResponse(InternalStreamConnection.java:517) ~[mongodb-driver-core-5.2.1.jar:na]
	at com.mongodb.internal.connection.InternalStreamConnection.receive(InternalStreamConnection.java:469) ~[mongodb-driver-core-5.2.1.jar:na]
	at com.mongodb.internal.connection.DefaultServerMonitor$ServerMonitor.lookupServerDescription(DefaultServerMonitor.java:249) ~[mongodb-driver-core-5.2.1.jar:na]
	at com.mongodb.internal.connection.DefaultServerMonitor$ServerMonitor.run(DefaultServerMonitor.java:176) ~[mongodb-driver-core-5.2.1.jar:na]
Caused by: java.net.SocketException: Connection reset
	at java.base/sun.nio.ch.NioSocketImpl.implRead(NioSocketImpl.java:328) ~[na:na]
	at java.base/sun.nio.ch.NioSocketImpl.read(NioSocketImpl.java:355) ~[na:na]
	at java.base/sun.nio.ch.NioSocketImpl$1.read(NioSocketImpl.java:808) ~[na:na]
	at java.base/java.net.Socket$SocketInputStream.read(Socket.java:966) ~[na:na]
	at java.base/sun.security.ssl.SSLSocketInputRecord.read(SSLSocketInputRecord.java:484) ~[na:na]
	at java.base/sun.security.ssl.SSLSocketInputRecord.readHeader(SSLSocketInputRecord.java:478) ~[na:na]
	at java.base/sun.security.ssl.SSLSocketInputRecord.bytesInCompletePacket(SSLSocketInputRecord.java:70) ~[na:na]
	at java.base/sun.security.ssl.SSLSocketImpl.readApplicationRecord(SSLSocketImpl.java:1461) ~[na:na]
	at java.base/sun.security.ssl.SSLSocketImpl$AppInputStream.read(SSLSocketImpl.java:1065) ~[na:na]
	at com.mongodb.internal.connection.SocketStream.read(SocketStream.java:182) ~[mongodb-driver-core-5.2.1.jar:na]
	at com.mongodb.internal.connection.InternalStreamConnection.receiveResponseBuffers(InternalStreamConnection.java:829) ~[mongodb-driver-core-5.2.1.jar:na]
	... 4 common frames omitted

2026-05-27T18:39:50.913+01:00  INFO 29248 --- [SocialService] [ngodb.net:27017] org.mongodb.driver.cluster               : Exception in monitor thread while connecting to server ac-khxyvkv-shard-00-02.ltylxsp.mongodb.net:27017

com.mongodb.MongoSocketException: Hôte inconnu (ac-khxyvkv-shard-00-02.ltylxsp.mongodb.net)
	at com.mongodb.internal.connection.ServerAddressHelper.getSocketAddresses(ServerAddressHelper.java:75) ~[mongodb-driver-core-5.2.1.jar:na]
	at com.mongodb.internal.connection.SocketStream.initializeSocket(SocketStream.java:100) ~[mongodb-driver-core-5.2.1.jar:na]
	at com.mongodb.internal.connection.SocketStream.open(SocketStream.java:79) ~[mongodb-driver-core-5.2.1.jar:na]
	at com.mongodb.internal.connection.InternalStreamConnection.open(InternalStreamConnection.java:233) ~[mongodb-driver-core-5.2.1.jar:na]
	at com.mongodb.internal.connection.DefaultServerMonitor$ServerMonitor.lookupServerDescription(DefaultServerMonitor.java:219) ~[mongodb-driver-core-5.2.1.jar:na]
	at com.mongodb.internal.connection.DefaultServerMonitor$ServerMonitor.run(DefaultServerMonitor.java:176) ~[mongodb-driver-core-5.2.1.jar:na]
Caused by: java.net.UnknownHostException: Hôte inconnu (ac-khxyvkv-shard-00-02.ltylxsp.mongodb.net)
	at java.base/java.net.Inet6AddressImpl.lookupAllHostAddr(Native Method) ~[na:na]
	at java.base/java.net.InetAddress$PlatformNameService.lookupAllHostAddr(InetAddress.java:933) ~[na:na]
	at java.base/java.net.InetAddress.getAddressesFromNameService(InetAddress.java:1543) ~[na:na]
	at java.base/java.net.InetAddress$NameServiceAddresses.get(InetAddress.java:852) ~[na:na]
	at java.base/java.net.InetAddress.getAllByName0(InetAddress.java:1532) ~[na:na]
	at java.base/java.net.InetAddress.getAllByName(InetAddress.java:1384) ~[na:na]
	at java.base/java.net.InetAddress.getAllByName(InetAddress.java:1305) ~[na:na]
	at com.mongodb.internal.connection.DefaultInetAddressResolver.lookupByName(DefaultInetAddressResolver.java:34) ~[mongodb-driver-core-5.2.1.jar:na]
	at com.mongodb.internal.connection.ServerAddressHelper.getSocketAddresses(ServerAddressHelper.java:71) ~[mongodb-driver-core-5.2.1.jar:na]
	... 5 common frames omitted

2026-05-27T18:39:50.913+01:00  INFO 29248 --- [SocialService] [ngodb.net:27017] org.mongodb.driver.cluster               : Exception in monitor thread while connecting to server ac-khxyvkv-shard-00-00.ltylxsp.mongodb.net:27017

com.mongodb.MongoSocketException: Hôte inconnu (ac-khxyvkv-shard-00-00.ltylxsp.mongodb.net)
	at com.mongodb.internal.connection.ServerAddressHelper.getSocketAddresses(ServerAddressHelper.java:75) ~[mongodb-driver-core-5.2.1.jar:na]
	at com.mongodb.internal.connection.SocketStream.initializeSocket(SocketStream.java:100) ~[mongodb-driver-core-5.2.1.jar:na]
	at com.mongodb.internal.connection.SocketStream.open(SocketStream.java:79) ~[mongodb-driver-core-5.2.1.jar:na]
	at com.mongodb.internal.connection.InternalStreamConnection.open(InternalStreamConnection.java:233) ~[mongodb-driver-core-5.2.1.jar:na]
	at com.mongodb.internal.connection.DefaultServerMonitor$ServerMonitor.lookupServerDescription(DefaultServerMonitor.java:219) ~[mongodb-driver-core-5.2.1.jar:na]
	at com.mongodb.internal.connection.DefaultServerMonitor$ServerMonitor.run(DefaultServerMonitor.java:176) ~[mongodb-driver-core-5.2.1.jar:na]
Caused by: java.net.UnknownHostException: Hôte inconnu (ac-khxyvkv-shard-00-00.ltylxsp.mongodb.net)
	at java.base/java.net.Inet6AddressImpl.lookupAllHostAddr(Native Method) ~[na:na]
	at java.base/java.net.InetAddress$PlatformNameService.lookupAllHostAddr(InetAddress.java:933) ~[na:na]
	at java.base/java.net.InetAddress.getAddressesFromNameService(InetAddress.java:1543) ~[na:na]
	at java.base/java.net.InetAddress$NameServiceAddresses.get(InetAddress.java:852) ~[na:na]
	at java.base/java.net.InetAddress.getAllByName0(InetAddress.java:1532) ~[na:na]
	at java.base/java.net.InetAddress.getAllByName(InetAddress.java:1384) ~[na:na]
	at java.base/java.net.InetAddress.getAllByName(InetAddress.java:1305) ~[na:na]
	at com.mongodb.internal.connection.DefaultInetAddressResolver.lookupByName(DefaultInetAddressResolver.java:34) ~[mongodb-driver-core-5.2.1.jar:na]
	at com.mongodb.internal.connection.ServerAddressHelper.getSocketAddresses(ServerAddressHelper.java:71) ~[mongodb-driver-core-5.2.1.jar:na]
	... 5 common frames omitted

2026-05-27T18:39:50.913+01:00  INFO 29248 --- [SocialService] [ngodb.net:27017] org.mongodb.driver.cluster               : Exception in monitor thread while connecting to server ac-khxyvkv-shard-00-01.ltylxsp.mongodb.net:27017

com.mongodb.MongoSocketException: Hôte inconnu (ac-khxyvkv-shard-00-01.ltylxsp.mongodb.net)
	at com.mongodb.internal.connection.ServerAddressHelper.getSocketAddresses(ServerAddressHelper.java:75) ~[mongodb-driver-core-5.2.1.jar:na]
	at com.mongodb.internal.connection.SocketStream.initializeSocket(SocketStream.java:100) ~[mongodb-driver-core-5.2.1.jar:na]
	at com.mongodb.internal.connection.SocketStream.open(SocketStream.java:79) ~[mongodb-driver-core-5.2.1.jar:na]
	at com.mongodb.internal.connection.InternalStreamConnection.open(InternalStreamConnection.java:233) ~[mongodb-driver-core-5.2.1.jar:na]
	at com.mongodb.internal.connection.DefaultServerMonitor$ServerMonitor.lookupServerDescription(DefaultServerMonitor.java:219) ~[mongodb-driver-core-5.2.1.jar:na]
	at com.mongodb.internal.connection.DefaultServerMonitor$ServerMonitor.run(DefaultServerMonitor.java:176) ~[mongodb-driver-core-5.2.1.jar:na]
Caused by: java.net.UnknownHostException: Hôte inconnu (ac-khxyvkv-shard-00-01.ltylxsp.mongodb.net)
	at java.base/java.net.Inet6AddressImpl.lookupAllHostAddr(Native Method) ~[na:na]
	at java.base/java.net.InetAddress$PlatformNameService.lookupAllHostAddr(InetAddress.java:933) ~[na:na]
	at java.base/java.net.InetAddress.getAddressesFromNameService(InetAddress.java:1543) ~[na:na]
	at java.base/java.net.InetAddress$NameServiceAddresses.get(InetAddress.java:852) ~[na:na]
	at java.base/java.net.InetAddress.getAllByName0(InetAddress.java:1532) ~[na:na]
	at java.base/java.net.InetAddress.getAllByName(InetAddress.java:1384) ~[na:na]
	at java.base/java.net.InetAddress.getAllByName(InetAddress.java:1305) ~[na:na]
	at com.mongodb.internal.connection.DefaultInetAddressResolver.lookupByName(DefaultInetAddressResolver.java:34) ~[mongodb-driver-core-5.2.1.jar:na]
	at com.mongodb.internal.connection.ServerAddressHelper.getSocketAddresses(ServerAddressHelper.java:71) ~[mongodb-driver-core-5.2.1.jar:na]
	... 5 common frames omitted

2026-05-27T19:08:21.647+01:00  INFO 29248 --- [SocialService] [ngodb.net:27017] org.mongodb.driver.cluster               : Monitor thread successfully connected to server with description ServerDescription{address=ac-khxyvkv-shard-00-01.ltylxsp.mongodb.net:27017, type=REPLICA_SET_PRIMARY, cryptd=false, state=CONNECTED, ok=true, minWireVersion=0, maxWireVersion=25, maxDocumentSize=16777216, logicalSessionTimeoutMinutes=30, roundTripTimeNanos=145959000, minRoundTripTimeNanos=0, setName='atlas-6x6yvm-shard-0', canonicalAddress=ac-khxyvkv-shard-00-01.ltylxsp.mongodb.net:27017, hosts=[ac-khxyvkv-shard-00-00.ltylxsp.mongodb.net:27017, ac-khxyvkv-shard-00-01.ltylxsp.mongodb.net:27017, ac-khxyvkv-shard-00-02.ltylxsp.mongodb.net:27017], passives=[], arbiters=[], primary='ac-khxyvkv-shard-00-01.ltylxsp.mongodb.net:27017', tagSet=TagSet{[Tag{name='availabilityZone', value='euw3-az2'}, Tag{name='cacheState', value='READY'}, Tag{name='diskState', value='READY'}, Tag{name='nodeType', value='ELECTABLE'}, Tag{name='provider', value='AWS'}, Tag{name='region', value='EU_WEST_3'}, Tag{name='workloadType', value='OPERATIONAL'}]}, electionId=7fffffff000000000000006b, setVersion=36, topologyVersion=TopologyVersion{processId=6a10ad2db025c004c20c2eaf, counter=6}, lastWriteDate=Wed May 27 19:08:21 WAT 2026, lastUpdateTimeNanos=983051637273300}
2026-05-27T19:08:21.649+01:00  INFO 29248 --- [SocialService] [ngodb.net:27017] org.mongodb.driver.cluster               : Monitor thread successfully connected to server with description ServerDescription{address=ac-khxyvkv-shard-00-00.ltylxsp.mongodb.net:27017, type=REPLICA_SET_SECONDARY, cryptd=false, state=CONNECTED, ok=true, minWireVersion=0, maxWireVersion=25, maxDocumentSize=16777216, logicalSessionTimeoutMinutes=30, roundTripTimeNanos=151228900, minRoundTripTimeNanos=0, setName='atlas-6x6yvm-shard-0', canonicalAddress=ac-khxyvkv-shard-00-00.ltylxsp.mongodb.net:27017, hosts=[ac-khxyvkv-shard-00-00.ltylxsp.mongodb.net:27017, ac-khxyvkv-shard-00-01.ltylxsp.mongodb.net:27017, ac-khxyvkv-shard-00-02.ltylxsp.mongodb.net:27017], passives=[], arbiters=[], primary='ac-khxyvkv-shard-00-01.ltylxsp.mongodb.net:27017', tagSet=TagSet{[Tag{name='availabilityZone', value='euw3-az1'}, Tag{name='cacheState', value='READY'}, Tag{name='diskState', value='READY'}, Tag{name='nodeType', value='ELECTABLE'}, Tag{name='provider', value='AWS'}, Tag{name='region', value='EU_WEST_3'}, Tag{name='workloadType', value='OPERATIONAL'}]}, electionId=null, setVersion=36, topologyVersion=TopologyVersion{processId=6a10aaf2adb9cf8404387343, counter=4}, lastWriteDate=Wed May 27 19:08:21 WAT 2026, lastUpdateTimeNanos=983051647821400}
2026-05-27T19:08:21.656+01:00  INFO 29248 --- [SocialService] [ngodb.net:27017] org.mongodb.driver.cluster               : Monitor thread successfully connected to server with description ServerDescription{address=ac-khxyvkv-shard-00-02.ltylxsp.mongodb.net:27017, type=REPLICA_SET_SECONDARY, cryptd=false, state=CONNECTED, ok=true, minWireVersion=0, maxWireVersion=25, maxDocumentSize=16777216, logicalSessionTimeoutMinutes=30, roundTripTimeNanos=157586800, minRoundTripTimeNanos=0, setName='atlas-6x6yvm-shard-0', canonicalAddress=ac-khxyvkv-shard-00-02.ltylxsp.mongodb.net:27017, hosts=[ac-khxyvkv-shard-00-00.ltylxsp.mongodb.net:27017, ac-khxyvkv-shard-00-01.ltylxsp.mongodb.net:27017, ac-khxyvkv-shard-00-02.ltylxsp.mongodb.net:27017], passives=[], arbiters=[], primary='ac-khxyvkv-shard-00-01.ltylxsp.mongodb.net:27017', tagSet=TagSet{[Tag{name='availabilityZone', value='euw3-az3'}, Tag{name='cacheState', value='READY'}, Tag{name='diskState', value='READY'}, Tag{name='nodeType', value='ELECTABLE'}, Tag{name='provider', value='AWS'}, Tag{name='region', value='EU_WEST_3'}, Tag{name='workloadType', value='OPERATIONAL'}]}, electionId=null, setVersion=36, topologyVersion=TopologyVersion{processId=6a10afacc3c0145a7299563d, counter=3}, lastWriteDate=Wed May 27 19:08:21 WAT 2026, lastUpdateTimeNanos=983051654176400}
2026-05-27T19:08:21.662+01:00  INFO 29248 --- [SocialService] [ngodb.net:27017] org.mongodb.driver.cluster               : Discovered replica set primary ac-khxyvkv-shard-00-01.ltylxsp.mongodb.net:27017 with max election id 7fffffff000000000000006b and max set version 36
2026-05-27T19:08:41.688+01:00  INFO 29248 --- [SocialService] [ngodb.net:27017] org.mongodb.driver.cluster               : Exception in monitor thread while connecting to server ac-khxyvkv-shard-00-02.ltylxsp.mongodb.net:27017

com.mongodb.MongoSocketReadTimeoutException: Timeout while receiving message
	at com.mongodb.internal.connection.InternalStreamConnection.createReadTimeoutException(InternalStreamConnection.java:824) ~[mongodb-driver-core-5.2.1.jar:na]
	at com.mongodb.internal.connection.InternalStreamConnection.translateReadException(InternalStreamConnection.java:812) ~[mongodb-driver-core-5.2.1.jar:na]
	at com.mongodb.internal.connection.InternalStreamConnection.receiveResponseBuffers(InternalStreamConnection.java:862) ~[mongodb-driver-core-5.2.1.jar:na]
	at com.mongodb.internal.connection.InternalStreamConnection.receiveCommandMessageResponse(InternalStreamConnection.java:517) ~[mongodb-driver-core-5.2.1.jar:na]
	at com.mongodb.internal.connection.InternalStreamConnection.receive(InternalStreamConnection.java:469) ~[mongodb-driver-core-5.2.1.jar:na]
	at com.mongodb.internal.connection.DefaultServerMonitor$ServerMonitor.lookupServerDescription(DefaultServerMonitor.java:249) ~[mongodb-driver-core-5.2.1.jar:na]
	at com.mongodb.internal.connection.DefaultServerMonitor$ServerMonitor.run(DefaultServerMonitor.java:176) ~[mongodb-driver-core-5.2.1.jar:na]
Caused by: java.net.SocketTimeoutException: Read timed out
	at java.base/sun.nio.ch.NioSocketImpl.timedRead(NioSocketImpl.java:288) ~[na:na]
	at java.base/sun.nio.ch.NioSocketImpl.implRead(NioSocketImpl.java:314) ~[na:na]
	at java.base/sun.nio.ch.NioSocketImpl.read(NioSocketImpl.java:355) ~[na:na]
	at java.base/sun.nio.ch.NioSocketImpl$1.read(NioSocketImpl.java:808) ~[na:na]
	at java.base/java.net.Socket$SocketInputStream.read(Socket.java:966) ~[na:na]
	at java.base/sun.security.ssl.SSLSocketInputRecord.read(SSLSocketInputRecord.java:484) ~[na:na]
	at java.base/sun.security.ssl.SSLSocketInputRecord.readHeader(SSLSocketInputRecord.java:478) ~[na:na]
	at java.base/sun.security.ssl.SSLSocketInputRecord.bytesInCompletePacket(SSLSocketInputRecord.java:70) ~[na:na]
	at java.base/sun.security.ssl.SSLSocketImpl.readApplicationRecord(SSLSocketImpl.java:1461) ~[na:na]
	at java.base/sun.security.ssl.SSLSocketImpl$AppInputStream.read(SSLSocketImpl.java:1065) ~[na:na]
	at com.mongodb.internal.connection.SocketStream.read(SocketStream.java:182) ~[mongodb-driver-core-5.2.1.jar:na]
	at com.mongodb.internal.connection.InternalStreamConnection.receiveResponseBuffers(InternalStreamConnection.java:829) ~[mongodb-driver-core-5.2.1.jar:na]
	... 4 common frames omitted

2026-05-27T19:08:41.688+01:00  INFO 29248 --- [SocialService] [ngodb.net:27017] org.mongodb.driver.cluster               : Exception in monitor thread while connecting to server ac-khxyvkv-shard-00-01.ltylxsp.mongodb.net:27017

com.mongodb.MongoSocketReadTimeoutException: Timeout while receiving message
	at com.mongodb.internal.connection.InternalStreamConnection.createReadTimeoutException(InternalStreamConnection.java:824) ~[mongodb-driver-core-5.2.1.jar:na]
	at com.mongodb.internal.connection.InternalStreamConnection.translateReadException(InternalStreamConnection.java:812) ~[mongodb-driver-core-5.2.1.jar:na]
	at com.mongodb.internal.connection.InternalStreamConnection.receiveResponseBuffers(InternalStreamConnection.java:862) ~[mongodb-driver-core-5.2.1.jar:na]
	at com.mongodb.internal.connection.InternalStreamConnection.receiveCommandMessageResponse(InternalStreamConnection.java:517) ~[mongodb-driver-core-5.2.1.jar:na]
	at com.mongodb.internal.connection.InternalStreamConnection.receive(InternalStreamConnection.java:469) ~[mongodb-driver-core-5.2.1.jar:na]
	at com.mongodb.internal.connection.DefaultServerMonitor$ServerMonitor.lookupServerDescription(DefaultServerMonitor.java:249) ~[mongodb-driver-core-5.2.1.jar:na]
	at com.mongodb.internal.connection.DefaultServerMonitor$ServerMonitor.run(DefaultServerMonitor.java:176) ~[mongodb-driver-core-5.2.1.jar:na]
Caused by: java.net.SocketTimeoutException: Read timed out
	at java.base/sun.nio.ch.NioSocketImpl.timedRead(NioSocketImpl.java:288) ~[na:na]
	at java.base/sun.nio.ch.NioSocketImpl.implRead(NioSocketImpl.java:314) ~[na:na]
	at java.base/sun.nio.ch.NioSocketImpl.read(NioSocketImpl.java:355) ~[na:na]
	at java.base/sun.nio.ch.NioSocketImpl$1.read(NioSocketImpl.java:808) ~[na:na]
	at java.base/java.net.Socket$SocketInputStream.read(Socket.java:966) ~[na:na]
	at java.base/sun.security.ssl.SSLSocketInputRecord.read(SSLSocketInputRecord.java:484) ~[na:na]
	at java.base/sun.security.ssl.SSLSocketInputRecord.readHeader(SSLSocketInputRecord.java:478) ~[na:na]
	at java.base/sun.security.ssl.SSLSocketInputRecord.bytesInCompletePacket(SSLSocketInputRecord.java:70) ~[na:na]
	at java.base/sun.security.ssl.SSLSocketImpl.readApplicationRecord(SSLSocketImpl.java:1461) ~[na:na]
	at java.base/sun.security.ssl.SSLSocketImpl$AppInputStream.read(SSLSocketImpl.java:1065) ~[na:na]
	at com.mongodb.internal.connection.SocketStream.read(SocketStream.java:182) ~[mongodb-driver-core-5.2.1.jar:na]
	at com.mongodb.internal.connection.InternalStreamConnection.receiveResponseBuffers(InternalStreamConnection.java:829) ~[mongodb-driver-core-5.2.1.jar:na]
	... 4 common frames omitted

2026-05-27T19:08:41.688+01:00  INFO 29248 --- [SocialService] [ngodb.net:27017] org.mongodb.driver.cluster               : Exception in monitor thread while connecting to server ac-khxyvkv-shard-00-00.ltylxsp.mongodb.net:27017

com.mongodb.MongoSocketReadTimeoutException: Timeout while receiving message
	at com.mongodb.internal.connection.InternalStreamConnection.createReadTimeoutException(InternalStreamConnection.java:824) ~[mongodb-driver-core-5.2.1.jar:na]
	at com.mongodb.internal.connection.InternalStreamConnection.translateReadException(InternalStreamConnection.java:812) ~[mongodb-driver-core-5.2.1.jar:na]
	at com.mongodb.internal.connection.InternalStreamConnection.receiveResponseBuffers(InternalStreamConnection.java:862) ~[mongodb-driver-core-5.2.1.jar:na]
	at com.mongodb.internal.connection.InternalStreamConnection.receiveCommandMessageResponse(InternalStreamConnection.java:517) ~[mongodb-driver-core-5.2.1.jar:na]
	at com.mongodb.internal.connection.InternalStreamConnection.receive(InternalStreamConnection.java:469) ~[mongodb-driver-core-5.2.1.jar:na]
	at com.mongodb.internal.connection.DefaultServerMonitor$ServerMonitor.lookupServerDescription(DefaultServerMonitor.java:249) ~[mongodb-driver-core-5.2.1.jar:na]
	at com.mongodb.internal.connection.DefaultServerMonitor$ServerMonitor.run(DefaultServerMonitor.java:176) ~[mongodb-driver-core-5.2.1.jar:na]
Caused by: java.net.SocketTimeoutException: Read timed out
	at java.base/sun.nio.ch.NioSocketImpl.timedRead(NioSocketImpl.java:288) ~[na:na]
	at java.base/sun.nio.ch.NioSocketImpl.implRead(NioSocketImpl.java:314) ~[na:na]
	at java.base/sun.nio.ch.NioSocketImpl.read(NioSocketImpl.java:355) ~[na:na]
	at java.base/sun.nio.ch.NioSocketImpl$1.read(NioSocketImpl.java:808) ~[na:na]
	at java.base/java.net.Socket$SocketInputStream.read(Socket.java:966) ~[na:na]
	at java.base/sun.security.ssl.SSLSocketInputRecord.read(SSLSocketInputRecord.java:484) ~[na:na]
	at java.base/sun.security.ssl.SSLSocketInputRecord.readHeader(SSLSocketInputRecord.java:478) ~[na:na]
	at java.base/sun.security.ssl.SSLSocketInputRecord.bytesInCompletePacket(SSLSocketInputRecord.java:70) ~[na:na]
	at java.base/sun.security.ssl.SSLSocketImpl.readApplicationRecord(SSLSocketImpl.java:1461) ~[na:na]
	at java.base/sun.security.ssl.SSLSocketImpl$AppInputStream.read(SSLSocketImpl.java:1065) ~[na:na]
	at com.mongodb.internal.connection.SocketStream.read(SocketStream.java:182) ~[mongodb-driver-core-5.2.1.jar:na]
	at com.mongodb.internal.connection.InternalStreamConnection.receiveResponseBuffers(InternalStreamConnection.java:829) ~[mongodb-driver-core-5.2.1.jar:na]
	... 4 common frames omitted

2026-05-27T19:08:42.431+01:00  INFO 29248 --- [SocialService] [ngodb.net:27017] org.mongodb.driver.cluster               : Monitor thread successfully connected to server with description ServerDescription{address=ac-khxyvkv-shard-00-02.ltylxsp.mongodb.net:27017, type=REPLICA_SET_SECONDARY, cryptd=false, state=CONNECTED, ok=true, minWireVersion=0, maxWireVersion=25, maxDocumentSize=16777216, logicalSessionTimeoutMinutes=30, roundTripTimeNanos=547703800, minRoundTripTimeNanos=0, setName='atlas-6x6yvm-shard-0', canonicalAddress=ac-khxyvkv-shard-00-02.ltylxsp.mongodb.net:27017, hosts=[ac-khxyvkv-shard-00-00.ltylxsp.mongodb.net:27017, ac-khxyvkv-shard-00-01.ltylxsp.mongodb.net:27017, ac-khxyvkv-shard-00-02.ltylxsp.mongodb.net:27017], passives=[], arbiters=[], primary='ac-khxyvkv-shard-00-01.ltylxsp.mongodb.net:27017', tagSet=TagSet{[Tag{name='availabilityZone', value='euw3-az3'}, Tag{name='cacheState', value='READY'}, Tag{name='diskState', value='READY'}, Tag{name='nodeType', value='ELECTABLE'}, Tag{name='provider', value='AWS'}, Tag{name='region', value='EU_WEST_3'}, Tag{name='workloadType', value='OPERATIONAL'}]}, electionId=null, setVersion=36, topologyVersion=TopologyVersion{processId=6a10afacc3c0145a7299563d, counter=3}, lastWriteDate=Sat May 30 14:10:36 WAT 2026, lastUpdateTimeNanos=983078053194300}
2026-05-27T19:08:42.950+01:00  INFO 29248 --- [SocialService] [ngodb.net:27017] org.mongodb.driver.cluster               : Monitor thread successfully connected to server with description ServerDescription{address=ac-khxyvkv-shard-00-00.ltylxsp.mongodb.net:27017, type=REPLICA_SET_SECONDARY, cryptd=false, state=CONNECTED, ok=true, minWireVersion=0, maxWireVersion=25, maxDocumentSize=16777216, logicalSessionTimeoutMinutes=30, roundTripTimeNanos=1065265600, minRoundTripTimeNanos=0, setName='atlas-6x6yvm-shard-0', canonicalAddress=ac-khxyvkv-shard-00-00.ltylxsp.mongodb.net:27017, hosts=[ac-khxyvkv-shard-00-00.ltylxsp.mongodb.net:27017, ac-khxyvkv-shard-00-01.ltylxsp.mongodb.net:27017, ac-khxyvkv-shard-00-02.ltylxsp.mongodb.net:27017], passives=[], arbiters=[], primary='ac-khxyvkv-shard-00-01.ltylxsp.mongodb.net:27017', tagSet=TagSet{[Tag{name='availabilityZone', value='euw3-az1'}, Tag{name='cacheState', value='READY'}, Tag{name='diskState', value='READY'}, Tag{name='nodeType', value='ELECTABLE'}, Tag{name='provider', value='AWS'}, Tag{name='region', value='EU_WEST_3'}, Tag{name='workloadType', value='OPERATIONAL'}]}, electionId=null, setVersion=36, topologyVersion=TopologyVersion{processId=6a10aaf2adb9cf8404387343, counter=4}, lastWriteDate=Sat May 30 14:10:37 WAT 2026, lastUpdateTimeNanos=983078574487500}
2026-05-27T19:08:43.676+01:00  INFO 29248 --- [SocialService] [ngodb.net:27017] org.mongodb.driver.cluster               : Monitor thread successfully connected to server with description ServerDescription{address=ac-khxyvkv-shard-00-01.ltylxsp.mongodb.net:27017, type=REPLICA_SET_PRIMARY, cryptd=false, state=CONNECTED, ok=true, minWireVersion=0, maxWireVersion=25, maxDocumentSize=16777216, logicalSessionTimeoutMinutes=30, roundTripTimeNanos=774759400, minRoundTripTimeNanos=0, setName='atlas-6x6yvm-shard-0', canonicalAddress=ac-khxyvkv-shard-00-01.ltylxsp.mongodb.net:27017, hosts=[ac-khxyvkv-shard-00-00.ltylxsp.mongodb.net:27017, ac-khxyvkv-shard-00-01.ltylxsp.mongodb.net:27017, ac-khxyvkv-shard-00-02.ltylxsp.mongodb.net:27017], passives=[], arbiters=[], primary='ac-khxyvkv-shard-00-01.ltylxsp.mongodb.net:27017', tagSet=TagSet{[Tag{name='availabilityZone', value='euw3-az2'}, Tag{name='cacheState', value='READY'}, Tag{name='diskState', value='READY'}, Tag{name='nodeType', value='ELECTABLE'}, Tag{name='provider', value='AWS'}, Tag{name='region', value='EU_WEST_3'}, Tag{name='workloadType', value='OPERATIONAL'}]}, electionId=7fffffff000000000000006b, setVersion=36, topologyVersion=TopologyVersion{processId=6a10ad2db025c004c20c2eaf, counter=6}, lastWriteDate=Sat May 30 14:10:37 WAT 2026, lastUpdateTimeNanos=983079281944200}
2026-05-27T19:08:43.712+01:00  INFO 29248 --- [SocialService] [ngodb.net:27017] org.mongodb.driver.cluster               : Discovered replica set primary ac-khxyvkv-shard-00-01.ltylxsp.mongodb.net:27017 with max election id 7fffffff000000000000006b and max set version 36
2026-05-27T19:09:12.649+01:00  INFO 29248 --- [SocialService] [ngodb.net:27017] org.mongodb.driver.cluster               : Exception in monitor thread while connecting to server ac-khxyvkv-shard-00-02.ltylxsp.mongodb.net:27017

com.mongodb.MongoSocketReadTimeoutException: Timeout while receiving message
	at com.mongodb.internal.connection.InternalStreamConnection.createReadTimeoutException(InternalStreamConnection.java:824) ~[mongodb-driver-core-5.2.1.jar:na]
	at com.mongodb.internal.connection.InternalStreamConnection.translateReadException(InternalStreamConnection.java:812) ~[mongodb-driver-core-5.2.1.jar:na]
	at com.mongodb.internal.connection.InternalStreamConnection.receiveResponseBuffers(InternalStreamConnection.java:862) ~[mongodb-driver-core-5.2.1.jar:na]
	at com.mongodb.internal.connection.InternalStreamConnection.receiveCommandMessageResponse(InternalStreamConnection.java:517) ~[mongodb-driver-core-5.2.1.jar:na]
	at com.mongodb.internal.connection.InternalStreamConnection.receive(InternalStreamConnection.java:469) ~[mongodb-driver-core-5.2.1.jar:na]
	at com.mongodb.internal.connection.DefaultServerMonitor$ServerMonitor.lookupServerDescription(DefaultServerMonitor.java:249) ~[mongodb-driver-core-5.2.1.jar:na]
	at com.mongodb.internal.connection.DefaultServerMonitor$ServerMonitor.run(DefaultServerMonitor.java:176) ~[mongodb-driver-core-5.2.1.jar:na]
Caused by: java.net.SocketTimeoutException: Read timed out
	at java.base/sun.nio.ch.NioSocketImpl.timedRead(NioSocketImpl.java:288) ~[na:na]
	at java.base/sun.nio.ch.NioSocketImpl.implRead(NioSocketImpl.java:314) ~[na:na]
	at java.base/sun.nio.ch.NioSocketImpl.read(NioSocketImpl.java:355) ~[na:na]
	at java.base/sun.nio.ch.NioSocketImpl$1.read(NioSocketImpl.java:808) ~[na:na]
	at java.base/java.net.Socket$SocketInputStream.read(Socket.java:966) ~[na:na]
	at java.base/sun.security.ssl.SSLSocketInputRecord.read(SSLSocketInputRecord.java:484) ~[na:na]
	at java.base/sun.security.ssl.SSLSocketInputRecord.readHeader(SSLSocketInputRecord.java:478) ~[na:na]
	at java.base/sun.security.ssl.SSLSocketInputRecord.bytesInCompletePacket(SSLSocketInputRecord.java:70) ~[na:na]
	at java.base/sun.security.ssl.SSLSocketImpl.readApplicationRecord(SSLSocketImpl.java:1461) ~[na:na]
	at java.base/sun.security.ssl.SSLSocketImpl$AppInputStream.read(SSLSocketImpl.java:1065) ~[na:na]
	at com.mongodb.internal.connection.SocketStream.read(SocketStream.java:182) ~[mongodb-driver-core-5.2.1.jar:na]
	at com.mongodb.internal.connection.InternalStreamConnection.receiveResponseBuffers(InternalStreamConnection.java:829) ~[mongodb-driver-core-5.2.1.jar:na]
	... 4 common frames omitted

2026-05-27T19:09:12.975+01:00  INFO 29248 --- [SocialService] [ngodb.net:27017] org.mongodb.driver.cluster               : Monitor thread successfully connected to server with description ServerDescription{address=ac-khxyvkv-shard-00-02.ltylxsp.mongodb.net:27017, type=REPLICA_SET_SECONDARY, cryptd=false, state=CONNECTED, ok=true, minWireVersion=0, maxWireVersion=25, maxDocumentSize=16777216, logicalSessionTimeoutMinutes=30, roundTripTimeNanos=116566100, minRoundTripTimeNanos=0, setName='atlas-6x6yvm-shard-0', canonicalAddress=ac-khxyvkv-shard-00-02.ltylxsp.mongodb.net:27017, hosts=[ac-khxyvkv-shard-00-00.ltylxsp.mongodb.net:27017, ac-khxyvkv-shard-00-01.ltylxsp.mongodb.net:27017, ac-khxyvkv-shard-00-02.ltylxsp.mongodb.net:27017], passives=[], arbiters=[], primary='ac-khxyvkv-shard-00-01.ltylxsp.mongodb.net:27017', tagSet=TagSet{[Tag{name='availabilityZone', value='euw3-az3'}, Tag{name='cacheState', value='READY'}, Tag{name='diskState', value='READY'}, Tag{name='nodeType', value='ELECTABLE'}, Tag{name='provider', value='AWS'}, Tag{name='region', value='EU_WEST_3'}, Tag{name='workloadType', value='OPERATIONAL'}]}, electionId=null, setVersion=36, topologyVersion=TopologyVersion{processId=6a10afacc3c0145a7299563d, counter=3}, lastWriteDate=Sat May 30 14:11:45 WAT 2026, lastUpdateTimeNanos=983115377374000}
2026-05-27T19:09:14.320+01:00  INFO 29248 --- [SocialService] [ngodb.net:27017] org.mongodb.driver.cluster               : Exception in monitor thread while connecting to server ac-khxyvkv-shard-00-01.ltylxsp.mongodb.net:27017

com.mongodb.MongoSocketReadTimeoutException: Timeout while receiving message
	at com.mongodb.internal.connection.InternalStreamConnection.createReadTimeoutException(InternalStreamConnection.java:824) ~[mongodb-driver-core-5.2.1.jar:na]
	at com.mongodb.internal.connection.InternalStreamConnection.translateReadException(InternalStreamConnection.java:812) ~[mongodb-driver-core-5.2.1.jar:na]
	at com.mongodb.internal.connection.InternalStreamConnection.receiveResponseBuffers(InternalStreamConnection.java:862) ~[mongodb-driver-core-5.2.1.jar:na]
	at com.mongodb.internal.connection.InternalStreamConnection.receiveCommandMessageResponse(InternalStreamConnection.java:517) ~[mongodb-driver-core-5.2.1.jar:na]
	at com.mongodb.internal.connection.InternalStreamConnection.receive(InternalStreamConnection.java:469) ~[mongodb-driver-core-5.2.1.jar:na]
	at com.mongodb.internal.connection.DefaultServerMonitor$ServerMonitor.lookupServerDescription(DefaultServerMonitor.java:249) ~[mongodb-driver-core-5.2.1.jar:na]
	at com.mongodb.internal.connection.DefaultServerMonitor$ServerMonitor.run(DefaultServerMonitor.java:176) ~[mongodb-driver-core-5.2.1.jar:na]
Caused by: java.net.SocketTimeoutException: Read timed out
	at java.base/sun.nio.ch.NioSocketImpl.timedRead(NioSocketImpl.java:288) ~[na:na]
	at java.base/sun.nio.ch.NioSocketImpl.implRead(NioSocketImpl.java:314) ~[na:na]
	at java.base/sun.nio.ch.NioSocketImpl.read(NioSocketImpl.java:355) ~[na:na]
	at java.base/sun.nio.ch.NioSocketImpl$1.read(NioSocketImpl.java:808) ~[na:na]
	at java.base/java.net.Socket$SocketInputStream.read(Socket.java:966) ~[na:na]
	at java.base/sun.security.ssl.SSLSocketInputRecord.read(SSLSocketInputRecord.java:484) ~[na:na]
	at java.base/sun.security.ssl.SSLSocketInputRecord.readHeader(SSLSocketInputRecord.java:478) ~[na:na]
	at java.base/sun.security.ssl.SSLSocketInputRecord.bytesInCompletePacket(SSLSocketInputRecord.java:70) ~[na:na]
	at java.base/sun.security.ssl.SSLSocketImpl.readApplicationRecord(SSLSocketImpl.java:1461) ~[na:na]
	at java.base/sun.security.ssl.SSLSocketImpl$AppInputStream.read(SSLSocketImpl.java:1065) ~[na:na]
	at com.mongodb.internal.connection.SocketStream.read(SocketStream.java:182) ~[mongodb-driver-core-5.2.1.jar:na]
	at com.mongodb.internal.connection.InternalStreamConnection.receiveResponseBuffers(InternalStreamConnection.java:829) ~[mongodb-driver-core-5.2.1.jar:na]
	... 4 common frames omitted

2026-05-27T19:09:14.532+01:00  INFO 29248 --- [SocialService] [ngodb.net:27017] org.mongodb.driver.cluster               : Monitor thread successfully connected to server with description ServerDescription{address=ac-khxyvkv-shard-00-01.ltylxsp.mongodb.net:27017, type=REPLICA_SET_PRIMARY, cryptd=false, state=CONNECTED, ok=true, minWireVersion=0, maxWireVersion=25, maxDocumentSize=16777216, logicalSessionTimeoutMinutes=30, roundTripTimeNanos=116976000, minRoundTripTimeNanos=0, setName='atlas-6x6yvm-shard-0', canonicalAddress=ac-khxyvkv-shard-00-01.ltylxsp.mongodb.net:27017, hosts=[ac-khxyvkv-shard-00-00.ltylxsp.mongodb.net:27017, ac-khxyvkv-shard-00-01.ltylxsp.mongodb.net:27017, ac-khxyvkv-shard-00-02.ltylxsp.mongodb.net:27017], passives=[], arbiters=[], primary='ac-khxyvkv-shard-00-01.ltylxsp.mongodb.net:27017', tagSet=TagSet{[Tag{name='availabilityZone', value='euw3-az2'}, Tag{name='cacheState', value='READY'}, Tag{name='diskState', value='READY'}, Tag{name='nodeType', value='ELECTABLE'}, Tag{name='provider', value='AWS'}, Tag{name='region', value='EU_WEST_3'}, Tag{name='workloadType', value='OPERATIONAL'}]}, electionId=7fffffff000000000000006b, setVersion=36, topologyVersion=TopologyVersion{processId=6a10ad2db025c004c20c2eaf, counter=6}, lastWriteDate=Sat May 30 14:11:46 WAT 2026, lastUpdateTimeNanos=983116935006200}
2026-05-27T19:09:14.533+01:00  INFO 29248 --- [SocialService] [ngodb.net:27017] org.mongodb.driver.cluster               : Discovered replica set primary ac-khxyvkv-shard-00-01.ltylxsp.mongodb.net:27017 with max election id 7fffffff000000000000006b and max set version 36
[INFO] ------------------------------------------------------------------------
[INFO] BUILD FAILURE
[INFO] ------------------------------------------------------------------------
[INFO] Total time:  11 d 03:12 h
[INFO] Finished at: 2026-05-27T19:09:26+01:00
[INFO] ------------------------------------------------------------------------
[ERROR] Failed to execute goal org.springframework.boot:spring-boot-maven-plugin:3.4.12:run (default-cli) on project SocialService: Process terminated with exit code: 1073807364 -> [Help 1]
[ERROR] 
[ERROR] To see the full stack trace of the errors, re-run Maven with the -e switch.
[ERROR] Re-run Maven using the -X switch to enable full debug logging.
[ERROR] 
[ERROR] For more information about the errors and possible solutions, please read the following articles:
[ERROR] [Help 1] http://cwiki.apache.org/confluence/display/MAVEN/MojoExecutionException
