[INFO] Scanning for projects...
[INFO] 
[INFO] --------------------< tn.matchmakers:SportService >---------------------
[INFO] Building SportService 0.0.1-SNAPSHOT
[INFO]   from pom.xml
[INFO] --------------------------------[ jar ]---------------------------------
[INFO] 
[INFO] >>> spring-boot:3.4.12:run (default-cli) > test-compile @ SportService >>>
[INFO] 
[INFO] --- resources:3.3.1:resources (default-resources) @ SportService ---
[INFO] Copying 1 resource from src\main\resources to target\classes
[INFO] Copying 0 resource from src\main\resources to target\classes
[INFO] 
[INFO] --- compiler:3.13.0:compile (default-compile) @ SportService ---
[INFO] Nothing to compile - all classes are up to date.
[INFO] 
[INFO] --- resources:3.3.1:testResources (default-testResources) @ SportService ---
[INFO] skip non existing resourceDirectory D:\school\3SDE1\PI3C-SDE2-2526\MatchMakers\Backend\SportService\src\test\resources
[INFO] 
[INFO] --- compiler:3.13.0:testCompile (default-testCompile) @ SportService ---
[INFO] Nothing to compile - all classes are up to date.
[INFO] 
[INFO] <<< spring-boot:3.4.12:run (default-cli) < test-compile @ SportService <<<
[INFO] 
[INFO] 
[INFO] --- spring-boot:3.4.12:run (default-cli) @ SportService ---
[INFO] Attaching agents: []

  .   ____          _            __ _ _
 /\\ / ___'_ __ _ _(_)_ __  __ _ \ \ \ \
( ( )\___ | '_ | '_| | '_ \/ _` | \ \ \ \
 \\/  ___)| |_)| | | | | || (_| |  ) ) ) )
  '  |____| .__|_| |_|_| |_\__, | / / / /
 =========|_|==============|___/=/_/_/_/

 :: Spring Boot ::               (v3.4.12)

2026-05-16T15:57:11.213+01:00  INFO 11752 --- [SportService] [           main] t.m.s.SportServiceApplication            : Starting SportServiceApplication using Java 17.0.12 with PID 11752 (D:\school\3SDE1\PI3C-SDE2-2526\MatchMakers\Backend\SportService\target\classes started by mayre in D:\school\3SDE1\PI3C-SDE2-2526\MatchMakers\Backend\SportService)
2026-05-16T15:57:11.217+01:00  INFO 11752 --- [SportService] [           main] t.m.s.SportServiceApplication            : No active profile set, falling back to 1 default profile: "default"
2026-05-16T15:57:15.678+01:00  INFO 11752 --- [SportService] [           main] .s.d.r.c.RepositoryConfigurationDelegate : Bootstrapping Spring Data MongoDB repositories in DEFAULT mode.
2026-05-16T15:57:15.960+01:00  INFO 11752 --- [SportService] [           main] .s.d.r.c.RepositoryConfigurationDelegate : Finished Spring Data repository scanning in 272 ms. Found 3 MongoDB repository interfaces.
2026-05-16T15:57:17.700+01:00  INFO 11752 --- [SportService] [           main] o.s.b.w.embedded.tomcat.TomcatWebServer  : Tomcat initialized with port 8084 (http)
2026-05-16T15:57:17.747+01:00  INFO 11752 --- [SportService] [           main] o.apache.catalina.core.StandardService   : Starting service [Tomcat]
2026-05-16T15:57:17.748+01:00  INFO 11752 --- [SportService] [           main] o.apache.catalina.core.StandardEngine    : Starting Servlet engine: [Apache Tomcat/10.1.49]
2026-05-16T15:57:17.932+01:00  INFO 11752 --- [SportService] [           main] o.a.c.c.C.[.[localhost].[/sports]        : Initializing Spring embedded WebApplicationContext
2026-05-16T15:57:17.933+01:00  INFO 11752 --- [SportService] [           main] w.s.c.ServletWebServerApplicationContext : Root WebApplicationContext: initialization completed in 6530 ms
2026-05-16T15:57:18.032+01:00 DEBUG 11752 --- [SportService] [           main] o.springframework.web.filter.CorsFilter  : Filter 'corsFilter' configured for use
2026-05-16T15:57:25.346+01:00  INFO 11752 --- [SportService] [           main] org.mongodb.driver.client                : MongoClient with metadata {"driver": {"name": "mongo-java-driver|sync|spring-boot", "version": "5.2.1"}, "os": {"type": "Windows", "name": "Windows 11", "architecture": "amd64", "version": "10.0"}, "platform": "Java/Oracle Corporation/17.0.12+8-LTS-286"} created with settings MongoClientSettings{readPreference=primary, writeConcern=WriteConcern{w=null, wTimeout=null ms, journal=null}, retryWrites=true, retryReads=true, readConcern=ReadConcern{level=null}, credential=MongoCredential{mechanism=null, userName='elghalimeriem14_db_user', source='admin', password=<hidden>, mechanismProperties=<hidden>}, transportSettings=null, commandListeners=[], codecRegistry=ProvidersCodecRegistry{codecProviders=[ValueCodecProvider{}, BsonValueCodecProvider{}, DBRefCodecProvider{}, DBObjectCodecProvider{}, DocumentCodecProvider{}, CollectionCodecProvider{}, IterableCodecProvider{}, MapCodecProvider{}, GeoJsonCodecProvider{}, GridFSFileCodecProvider{}, Jsr310CodecProvider{}, JsonObjectCodecProvider{}, BsonCodecProvider{}, EnumCodecProvider{}, com.mongodb.client.model.mql.ExpressionCodecProvider@2ba42204, com.mongodb.Jep395RecordCodecProvider@285005b8, com.mongodb.KotlinCodecProvider@5b1efaaf]}, loggerSettings=LoggerSettings{maxDocumentLength=1000}, clusterSettings={hosts=[127.0.0.1:27017], srvHost=clustermatchmakers.ltylxsp.mongodb.net, srvServiceName=mongodb, mode=MULTIPLE, requiredClusterType=REPLICA_SET, requiredReplicaSetName='atlas-6x6yvm-shard-0', serverSelector='null', clusterListeners='[]', serverSelectionTimeout='30000 ms', localThreshold='15 ms'}, socketSettings=SocketSettings{connectTimeoutMS=10000, readTimeoutMS=0, receiveBufferSize=0, proxySettings=ProxySettings{host=null, port=null, username=null, password=null}}, heartbeatSocketSettings=SocketSettings{connectTimeoutMS=10000, readTimeoutMS=10000, receiveBufferSize=0, proxySettings=ProxySettings{host=null, port=null, username=null, password=null}}, connectionPoolSettings=ConnectionPoolSettings{maxSize=100, minSize=0, maxWaitTimeMS=120000, maxConnectionLifeTimeMS=0, maxConnectionIdleTimeMS=0, maintenanceInitialDelayMS=0, maintenanceFrequencyMS=60000, connectionPoolListeners=[], maxConnecting=2}, serverSettings=ServerSettings{heartbeatFrequencyMS=10000, minHeartbeatFrequencyMS=500, serverMonitoringMode=AUTO, serverListeners='[]', serverMonitorListeners='[]'}, sslSettings=SslSettings{enabled=true, invalidHostNameAllowed=false, context=null}, applicationName='null', compressorList=[], uuidRepresentation=JAVA_LEGACY, serverApi=null, autoEncryptionSettings=null, dnsClient=null, inetAddressResolver=null, contextProvider=null, timeoutMS=null}
2026-05-16T15:57:25.368+01:00  INFO 11752 --- [SportService] [xsp.mongodb.net] org.mongodb.driver.cluster               : Adding discovered server ac-khxyvkv-shard-00-02.ltylxsp.mongodb.net:27017 to client view of cluster
2026-05-16T15:57:25.401+01:00  INFO 11752 --- [SportService] [xsp.mongodb.net] org.mongodb.driver.cluster               : Adding discovered server ac-khxyvkv-shard-00-00.ltylxsp.mongodb.net:27017 to client view of cluster
2026-05-16T15:57:25.408+01:00  INFO 11752 --- [SportService] [xsp.mongodb.net] org.mongodb.driver.cluster               : Adding discovered server ac-khxyvkv-shard-00-01.ltylxsp.mongodb.net:27017 to client view of cluster
2026-05-16T15:57:26.055+01:00  INFO 11752 --- [SportService] [           main] org.mongodb.driver.cluster               : Waiting for server to become available for operation with ID 5. Remaining time: 29989 ms. Selector: WritableServerSelector, topology description: {type=REPLICA_SET, servers=[{address=ac-khxyvkv-shard-00-00.ltylxsp.mongodb.net:27017, type=UNKNOWN, state=CONNECTING}, {address=ac-khxyvkv-shard-00-01.ltylxsp.mongodb.net:27017, type=UNKNOWN, state=CONNECTING}, {address=ac-khxyvkv-shard-00-02.ltylxsp.mongodb.net:27017, type=UNKNOWN, state=CONNECTING}].
2026-05-16T15:57:26.199+01:00  INFO 11752 --- [SportService] [ngodb.net:27017] org.mongodb.driver.cluster               : Monitor thread successfully connected to server with description ServerDescription{address=ac-khxyvkv-shard-00-01.ltylxsp.mongodb.net:27017, type=REPLICA_SET_PRIMARY, cryptd=false, state=CONNECTED, ok=true, minWireVersion=0, maxWireVersion=25, maxDocumentSize=16777216, logicalSessionTimeoutMinutes=30, roundTripTimeNanos=262872800, minRoundTripTimeNanos=0, setName='atlas-6x6yvm-shard-0', canonicalAddress=ac-khxyvkv-shard-00-01.ltylxsp.mongodb.net:27017, hosts=[ac-khxyvkv-shard-00-00.ltylxsp.mongodb.net:27017, ac-khxyvkv-shard-00-01.ltylxsp.mongodb.net:27017, ac-khxyvkv-shard-00-02.ltylxsp.mongodb.net:27017], passives=[], arbiters=[], primary='ac-khxyvkv-shard-00-01.ltylxsp.mongodb.net:27017', tagSet=TagSet{[Tag{name='availabilityZone', value='euw3-az2'}, Tag{name='cacheState', value='READY'}, Tag{name='diskState', value='READY'}, Tag{name='nodeType', value='ELECTABLE'}, Tag{name='provider', value='AWS'}, Tag{name='region', value='EU_WEST_3'}, Tag{name='workloadType', value='OPERATIONAL'}]}, electionId=7fffffff0000000000000069, setVersion=36, topologyVersion=TopologyVersion{processId=69fe370e7afba3a6519b2508, counter=6}, lastWriteDate=Sat May 16 15:57:25 WAT 2026, lastUpdateTimeNanos=21143158283700}
2026-05-16T15:57:26.200+01:00  INFO 11752 --- [SportService] [ngodb.net:27017] org.mongodb.driver.cluster               : Monitor thread successfully connected to server with description ServerDescription{address=ac-khxyvkv-shard-00-02.ltylxsp.mongodb.net:27017, type=REPLICA_SET_SECONDARY, cryptd=false, state=CONNECTED, ok=true, minWireVersion=0, maxWireVersion=25, maxDocumentSize=16777216, logicalSessionTimeoutMinutes=30, roundTripTimeNanos=262725000, minRoundTripTimeNanos=0, setName='atlas-6x6yvm-shard-0', canonicalAddress=ac-khxyvkv-shard-00-02.ltylxsp.mongodb.net:27017, hosts=[ac-khxyvkv-shard-00-00.ltylxsp.mongodb.net:27017, ac-khxyvkv-shard-00-01.ltylxsp.mongodb.net:27017, ac-khxyvkv-shard-00-02.ltylxsp.mongodb.net:27017], passives=[], arbiters=[], primary='ac-khxyvkv-shard-00-01.ltylxsp.mongodb.net:27017', tagSet=TagSet{[Tag{name='availabilityZone', value='euw3-az3'}, Tag{name='cacheState', value='READY'}, Tag{name='diskState', value='READY'}, Tag{name='nodeType', value='ELECTABLE'}, Tag{name='provider', value='AWS'}, Tag{name='region', value='EU_WEST_3'}, Tag{name='workloadType', value='OPERATIONAL'}]}, electionId=null, setVersion=36, topologyVersion=TopologyVersion{processId=69fe3974932517ad87b461cb, counter=3}, lastWriteDate=Sat May 16 15:57:25 WAT 2026, lastUpdateTimeNanos=21143158140000}
2026-05-16T15:57:26.200+01:00  INFO 11752 --- [SportService] [ngodb.net:27017] org.mongodb.driver.cluster               : Monitor thread successfully connected to server with description ServerDescription{address=ac-khxyvkv-shard-00-00.ltylxsp.mongodb.net:27017, type=REPLICA_SET_SECONDARY, cryptd=false, state=CONNECTED, ok=true, minWireVersion=0, maxWireVersion=25, maxDocumentSize=16777216, logicalSessionTimeoutMinutes=30, roundTripTimeNanos=260414700, minRoundTripTimeNanos=0, setName='atlas-6x6yvm-shard-0', canonicalAddress=ac-khxyvkv-shard-00-00.ltylxsp.mongodb.net:27017, hosts=[ac-khxyvkv-shard-00-00.ltylxsp.mongodb.net:27017, ac-khxyvkv-shard-00-01.ltylxsp.mongodb.net:27017, ac-khxyvkv-shard-00-02.ltylxsp.mongodb.net:27017], passives=[], arbiters=[], primary='ac-khxyvkv-shard-00-01.ltylxsp.mongodb.net:27017', tagSet=TagSet{[Tag{name='availabilityZone', value='euw3-az1'}, Tag{name='cacheState', value='READY'}, Tag{name='diskState', value='READY'}, Tag{name='nodeType', value='ELECTABLE'}, Tag{name='provider', value='AWS'}, Tag{name='region', value='EU_WEST_3'}, Tag{name='workloadType', value='OPERATIONAL'}]}, electionId=null, setVersion=36, topologyVersion=TopologyVersion{processId=69fe3480bce649a00b1f6b90, counter=4}, lastWriteDate=Sat May 16 15:57:25 WAT 2026, lastUpdateTimeNanos=21143158578500}
2026-05-16T15:57:26.206+01:00  INFO 11752 --- [SportService] [ngodb.net:27017] org.mongodb.driver.cluster               : Discovered replica set primary ac-khxyvkv-shard-00-01.ltylxsp.mongodb.net:27017 with max election id 7fffffff0000000000000069 and max set version 36
2026-05-16T15:57:27.803+01:00  INFO 11752 --- [SportService] [           main] o.s.v.b.OptionalValidatorFactoryBean     : Failed to set up a Bean Validation provider: jakarta.validation.NoProviderFoundException: Unable to create a Configuration, because no Jakarta Bean Validation provider could be found. Add a provider like Hibernate Validator (RI) to your classpath.
2026-05-16T15:57:27.983+01:00 DEBUG 11752 --- [SportService] [           main] s.w.s.m.m.a.RequestMappingHandlerMapping : 33 mappings in 'requestMappingHandlerMapping'
2026-05-16T15:57:28.056+01:00 DEBUG 11752 --- [SportService] [           main] o.s.w.s.handler.SimpleUrlHandlerMapping  : Patterns [/webjars/**, /**, /swagger-ui*/*swagger-initializer.js, /swagger-ui*/**] in 'resourceHandlerMapping'
2026-05-16T15:57:28.101+01:00 DEBUG 11752 --- [SportService] [           main] s.w.s.m.m.a.RequestMappingHandlerAdapter : ControllerAdvice beans: 0 @ModelAttribute, 0 @InitBinder, 1 RequestBodyAdvice, 1 ResponseBodyAdvice
2026-05-16T15:57:28.216+01:00 DEBUG 11752 --- [SportService] [           main] .m.m.a.ExceptionHandlerExceptionResolver : ControllerAdvice beans: 1 @ExceptionHandler, 1 ResponseBodyAdvice
2026-05-16T15:57:28.457+01:00  INFO 11752 --- [SportService] [           main] o.s.b.w.embedded.tomcat.TomcatWebServer  : Tomcat started on port 8084 (http) with context path '/sports'
2026-05-16T15:57:28.491+01:00  INFO 11752 --- [SportService] [           main] t.m.s.SportServiceApplication            : Started SportServiceApplication in 20.258 seconds (process running for 27.34)
2026-05-16T16:02:37.196+01:00  INFO 11752 --- [SportService] [ngodb.net:27017] org.mongodb.driver.cluster               : Exception in monitor thread while connecting to server ac-khxyvkv-shard-00-02.ltylxsp.mongodb.net:27017

com.mongodb.MongoSocketReadException: Exception receiving message
	at com.mongodb.internal.connection.InternalStreamConnection.translateReadException(InternalStreamConnection.java:814) ~[mongodb-driver-core-5.2.1.jar:na]
	at com.mongodb.internal.connection.InternalStreamConnection.receiveResponseBuffers(InternalStreamConnection.java:862) ~[mongodb-driver-core-5.2.1.jar:na]
	at com.mongodb.internal.connection.InternalStreamConnection.receiveCommandMessageResponse(InternalStreamConnection.java:517) ~[mongodb-driver-core-5.2.1.jar:na]
	at com.mongodb.internal.connection.InternalStreamConnection.receive(InternalStreamConnection.java:469) ~[mongodb-driver-core-5.2.1.jar:na]
	at com.mongodb.internal.connection.DefaultServerMonitor$ServerMonitor.lookupServerDescription(DefaultServerMonitor.java:249) ~[mongodb-driver-core-5.2.1.jar:na]
	at com.mongodb.internal.connection.DefaultServerMonitor$ServerMonitor.run(DefaultServerMonitor.java:176) ~[mongodb-driver-core-5.2.1.jar:na]
Caused by: java.net.SocketException: Connection reset
	at java.base/sun.nio.ch.NioSocketImpl.implRead(NioSocketImpl.java:328) ~[na:na]
	at java.base/sun.nio.ch.NioSocketImpl.read(NioSocketImpl.java:355) ~[na:na]
	at java.base/sun.nio.ch.NioSocketImpl$1.read(NioSocketImpl.java:808) ~[na:na]
	at java.base/java.net.Socket$SocketInputStream.read(Socket.java:966) ~[na:na]
	at java.base/sun.security.ssl.SSLSocketInputRecord.read(SSLSocketInputRecord.java:484) ~[na:na]
	at java.base/sun.security.ssl.SSLSocketInputRecord.readHeader(SSLSocketInputRecord.java:478) ~[na:na]
	at java.base/sun.security.ssl.SSLSocketInputRecord.bytesInCompletePacket(SSLSocketInputRecord.java:70) ~[na:na]
	at java.base/sun.security.ssl.SSLSocketImpl.readApplicationRecord(SSLSocketImpl.java:1461) ~[na:na]
	at java.base/sun.security.ssl.SSLSocketImpl$AppInputStream.read(SSLSocketImpl.java:1065) ~[na:na]
	at com.mongodb.internal.connection.SocketStream.read(SocketStream.java:182) ~[mongodb-driver-core-5.2.1.jar:na]
	at com.mongodb.internal.connection.InternalStreamConnection.receiveResponseBuffers(InternalStreamConnection.java:829) ~[mongodb-driver-core-5.2.1.jar:na]
	... 4 common frames omitted

2026-05-16T16:02:37.095+01:00  INFO 11752 --- [SportService] [ngodb.net:27017] org.mongodb.driver.cluster               : Exception in monitor thread while connecting to server ac-khxyvkv-shard-00-01.ltylxsp.mongodb.net:27017

com.mongodb.MongoSocketReadException: Exception receiving message
	at com.mongodb.internal.connection.InternalStreamConnection.translateReadException(InternalStreamConnection.java:814) ~[mongodb-driver-core-5.2.1.jar:na]
	at com.mongodb.internal.connection.InternalStreamConnection.receiveResponseBuffers(InternalStreamConnection.java:862) ~[mongodb-driver-core-5.2.1.jar:na]
	at com.mongodb.internal.connection.InternalStreamConnection.receiveCommandMessageResponse(InternalStreamConnection.java:517) ~[mongodb-driver-core-5.2.1.jar:na]
	at com.mongodb.internal.connection.InternalStreamConnection.receive(InternalStreamConnection.java:469) ~[mongodb-driver-core-5.2.1.jar:na]
	at com.mongodb.internal.connection.DefaultServerMonitor$ServerMonitor.lookupServerDescription(DefaultServerMonitor.java:249) ~[mongodb-driver-core-5.2.1.jar:na]
	at com.mongodb.internal.connection.DefaultServerMonitor$ServerMonitor.run(DefaultServerMonitor.java:176) ~[mongodb-driver-core-5.2.1.jar:na]
Caused by: java.net.SocketException: Connection reset
	at java.base/sun.nio.ch.NioSocketImpl.implRead(NioSocketImpl.java:328) ~[na:na]
	at java.base/sun.nio.ch.NioSocketImpl.read(NioSocketImpl.java:355) ~[na:na]
	at java.base/sun.nio.ch.NioSocketImpl$1.read(NioSocketImpl.java:808) ~[na:na]
	at java.base/java.net.Socket$SocketInputStream.read(Socket.java:966) ~[na:na]
	at java.base/sun.security.ssl.SSLSocketInputRecord.read(SSLSocketInputRecord.java:484) ~[na:na]
	at java.base/sun.security.ssl.SSLSocketInputRecord.readHeader(SSLSocketInputRecord.java:478) ~[na:na]
	at java.base/sun.security.ssl.SSLSocketInputRecord.bytesInCompletePacket(SSLSocketInputRecord.java:70) ~[na:na]
	at java.base/sun.security.ssl.SSLSocketImpl.readApplicationRecord(SSLSocketImpl.java:1461) ~[na:na]
	at java.base/sun.security.ssl.SSLSocketImpl$AppInputStream.read(SSLSocketImpl.java:1065) ~[na:na]
	at com.mongodb.internal.connection.SocketStream.read(SocketStream.java:182) ~[mongodb-driver-core-5.2.1.jar:na]
	at com.mongodb.internal.connection.InternalStreamConnection.receiveResponseBuffers(InternalStreamConnection.java:829) ~[mongodb-driver-core-5.2.1.jar:na]
	... 4 common frames omitted

2026-05-16T16:02:37.103+01:00  INFO 11752 --- [SportService] [ngodb.net:27017] org.mongodb.driver.cluster               : Exception in monitor thread while connecting to server ac-khxyvkv-shard-00-00.ltylxsp.mongodb.net:27017

com.mongodb.MongoSocketReadException: Exception receiving message
	at com.mongodb.internal.connection.InternalStreamConnection.translateReadException(InternalStreamConnection.java:814) ~[mongodb-driver-core-5.2.1.jar:na]
	at com.mongodb.internal.connection.InternalStreamConnection.receiveResponseBuffers(InternalStreamConnection.java:862) ~[mongodb-driver-core-5.2.1.jar:na]
	at com.mongodb.internal.connection.InternalStreamConnection.receiveCommandMessageResponse(InternalStreamConnection.java:517) ~[mongodb-driver-core-5.2.1.jar:na]
	at com.mongodb.internal.connection.InternalStreamConnection.receive(InternalStreamConnection.java:469) ~[mongodb-driver-core-5.2.1.jar:na]
	at com.mongodb.internal.connection.DefaultServerMonitor$ServerMonitor.lookupServerDescription(DefaultServerMonitor.java:249) ~[mongodb-driver-core-5.2.1.jar:na]
	at com.mongodb.internal.connection.DefaultServerMonitor$ServerMonitor.run(DefaultServerMonitor.java:176) ~[mongodb-driver-core-5.2.1.jar:na]
Caused by: java.net.SocketException: Connection reset
	at java.base/sun.nio.ch.NioSocketImpl.implRead(NioSocketImpl.java:328) ~[na:na]
	at java.base/sun.nio.ch.NioSocketImpl.read(NioSocketImpl.java:355) ~[na:na]
	at java.base/sun.nio.ch.NioSocketImpl$1.read(NioSocketImpl.java:808) ~[na:na]
	at java.base/java.net.Socket$SocketInputStream.read(Socket.java:966) ~[na:na]
	at java.base/sun.security.ssl.SSLSocketInputRecord.read(SSLSocketInputRecord.java:484) ~[na:na]
	at java.base/sun.security.ssl.SSLSocketInputRecord.readHeader(SSLSocketInputRecord.java:478) ~[na:na]
	at java.base/sun.security.ssl.SSLSocketInputRecord.bytesInCompletePacket(SSLSocketInputRecord.java:70) ~[na:na]
	at java.base/sun.security.ssl.SSLSocketImpl.readApplicationRecord(SSLSocketImpl.java:1461) ~[na:na]
	at java.base/sun.security.ssl.SSLSocketImpl$AppInputStream.read(SSLSocketImpl.java:1065) ~[na:na]
	at com.mongodb.internal.connection.SocketStream.read(SocketStream.java:182) ~[mongodb-driver-core-5.2.1.jar:na]
	at com.mongodb.internal.connection.InternalStreamConnection.receiveResponseBuffers(InternalStreamConnection.java:829) ~[mongodb-driver-core-5.2.1.jar:na]
	... 4 common frames omitted

2026-05-16T16:02:37.454+01:00  INFO 11752 --- [SportService] [ngodb.net:27017] org.mongodb.driver.cluster               : Exception in monitor thread while connecting to server ac-khxyvkv-shard-00-01.ltylxsp.mongodb.net:27017

com.mongodb.MongoSocketException: Hôte inconnu (ac-khxyvkv-shard-00-01.ltylxsp.mongodb.net)
	at com.mongodb.internal.connection.ServerAddressHelper.getSocketAddresses(ServerAddressHelper.java:75) ~[mongodb-driver-core-5.2.1.jar:na]
	at com.mongodb.internal.connection.SocketStream.initializeSocket(SocketStream.java:100) ~[mongodb-driver-core-5.2.1.jar:na]
	at com.mongodb.internal.connection.SocketStream.open(SocketStream.java:79) ~[mongodb-driver-core-5.2.1.jar:na]
	at com.mongodb.internal.connection.InternalStreamConnection.open(InternalStreamConnection.java:233) ~[mongodb-driver-core-5.2.1.jar:na]
	at com.mongodb.internal.connection.DefaultServerMonitor$ServerMonitor.lookupServerDescription(DefaultServerMonitor.java:219) ~[mongodb-driver-core-5.2.1.jar:na]
	at com.mongodb.internal.connection.DefaultServerMonitor$ServerMonitor.run(DefaultServerMonitor.java:176) ~[mongodb-driver-core-5.2.1.jar:na]
Caused by: java.net.UnknownHostException: Hôte inconnu (ac-khxyvkv-shard-00-01.ltylxsp.mongodb.net)
	at java.base/java.net.Inet6AddressImpl.lookupAllHostAddr(Native Method) ~[na:na]
	at java.base/java.net.InetAddress$PlatformNameService.lookupAllHostAddr(InetAddress.java:933) ~[na:na]
	at java.base/java.net.InetAddress.getAddressesFromNameService(InetAddress.java:1543) ~[na:na]
	at java.base/java.net.InetAddress$NameServiceAddresses.get(InetAddress.java:852) ~[na:na]
	at java.base/java.net.InetAddress.getAllByName0(InetAddress.java:1532) ~[na:na]
	at java.base/java.net.InetAddress.getAllByName(InetAddress.java:1384) ~[na:na]
	at java.base/java.net.InetAddress.getAllByName(InetAddress.java:1305) ~[na:na]
	at com.mongodb.internal.connection.DefaultInetAddressResolver.lookupByName(DefaultInetAddressResolver.java:34) ~[mongodb-driver-core-5.2.1.jar:na]
	at com.mongodb.internal.connection.ServerAddressHelper.getSocketAddresses(ServerAddressHelper.java:71) ~[mongodb-driver-core-5.2.1.jar:na]
	... 5 common frames omitted

2026-05-16T16:02:37.454+01:00  INFO 11752 --- [SportService] [ngodb.net:27017] org.mongodb.driver.cluster               : Exception in monitor thread while connecting to server ac-khxyvkv-shard-00-02.ltylxsp.mongodb.net:27017

com.mongodb.MongoSocketException: Hôte inconnu (ac-khxyvkv-shard-00-02.ltylxsp.mongodb.net)
	at com.mongodb.internal.connection.ServerAddressHelper.getSocketAddresses(ServerAddressHelper.java:75) ~[mongodb-driver-core-5.2.1.jar:na]
	at com.mongodb.internal.connection.SocketStream.initializeSocket(SocketStream.java:100) ~[mongodb-driver-core-5.2.1.jar:na]
	at com.mongodb.internal.connection.SocketStream.open(SocketStream.java:79) ~[mongodb-driver-core-5.2.1.jar:na]
	at com.mongodb.internal.connection.InternalStreamConnection.open(InternalStreamConnection.java:233) ~[mongodb-driver-core-5.2.1.jar:na]
	at com.mongodb.internal.connection.DefaultServerMonitor$ServerMonitor.lookupServerDescription(DefaultServerMonitor.java:219) ~[mongodb-driver-core-5.2.1.jar:na]
	at com.mongodb.internal.connection.DefaultServerMonitor$ServerMonitor.run(DefaultServerMonitor.java:176) ~[mongodb-driver-core-5.2.1.jar:na]
Caused by: java.net.UnknownHostException: Hôte inconnu (ac-khxyvkv-shard-00-02.ltylxsp.mongodb.net)
	at java.base/java.net.Inet6AddressImpl.lookupAllHostAddr(Native Method) ~[na:na]
	at java.base/java.net.InetAddress$PlatformNameService.lookupAllHostAddr(InetAddress.java:933) ~[na:na]
	at java.base/java.net.InetAddress.getAddressesFromNameService(InetAddress.java:1543) ~[na:na]
	at java.base/java.net.InetAddress$NameServiceAddresses.get(InetAddress.java:852) ~[na:na]
	at java.base/java.net.InetAddress.getAllByName0(InetAddress.java:1532) ~[na:na]
	at java.base/java.net.InetAddress.getAllByName(InetAddress.java:1384) ~[na:na]
	at java.base/java.net.InetAddress.getAllByName(InetAddress.java:1305) ~[na:na]
	at com.mongodb.internal.connection.DefaultInetAddressResolver.lookupByName(DefaultInetAddressResolver.java:34) ~[mongodb-driver-core-5.2.1.jar:na]
	at com.mongodb.internal.connection.ServerAddressHelper.getSocketAddresses(ServerAddressHelper.java:71) ~[mongodb-driver-core-5.2.1.jar:na]
	... 5 common frames omitted

2026-05-16T16:02:37.507+01:00  INFO 11752 --- [SportService] [ngodb.net:27017] org.mongodb.driver.cluster               : Exception in monitor thread while connecting to server ac-khxyvkv-shard-00-00.ltylxsp.mongodb.net:27017

com.mongodb.MongoSocketException: Hôte inconnu (ac-khxyvkv-shard-00-00.ltylxsp.mongodb.net)
	at com.mongodb.internal.connection.ServerAddressHelper.getSocketAddresses(ServerAddressHelper.java:75) ~[mongodb-driver-core-5.2.1.jar:na]
	at com.mongodb.internal.connection.SocketStream.initializeSocket(SocketStream.java:100) ~[mongodb-driver-core-5.2.1.jar:na]
	at com.mongodb.internal.connection.SocketStream.open(SocketStream.java:79) ~[mongodb-driver-core-5.2.1.jar:na]
	at com.mongodb.internal.connection.InternalStreamConnection.open(InternalStreamConnection.java:233) ~[mongodb-driver-core-5.2.1.jar:na]
	at com.mongodb.internal.connection.DefaultServerMonitor$ServerMonitor.lookupServerDescription(DefaultServerMonitor.java:219) ~[mongodb-driver-core-5.2.1.jar:na]
	at com.mongodb.internal.connection.DefaultServerMonitor$ServerMonitor.run(DefaultServerMonitor.java:176) ~[mongodb-driver-core-5.2.1.jar:na]
Caused by: java.net.UnknownHostException: Hôte inconnu (ac-khxyvkv-shard-00-00.ltylxsp.mongodb.net)
	at java.base/java.net.Inet6AddressImpl.lookupAllHostAddr(Native Method) ~[na:na]
	at java.base/java.net.InetAddress$PlatformNameService.lookupAllHostAddr(InetAddress.java:933) ~[na:na]
	at java.base/java.net.InetAddress.getAddressesFromNameService(InetAddress.java:1543) ~[na:na]
	at java.base/java.net.InetAddress$NameServiceAddresses.get(InetAddress.java:852) ~[na:na]
	at java.base/java.net.InetAddress.getAllByName0(InetAddress.java:1532) ~[na:na]
	at java.base/java.net.InetAddress.getAllByName(InetAddress.java:1384) ~[na:na]
	at java.base/java.net.InetAddress.getAllByName(InetAddress.java:1305) ~[na:na]
	at com.mongodb.internal.connection.DefaultInetAddressResolver.lookupByName(DefaultInetAddressResolver.java:34) ~[mongodb-driver-core-5.2.1.jar:na]
	at com.mongodb.internal.connection.ServerAddressHelper.getSocketAddresses(ServerAddressHelper.java:71) ~[mongodb-driver-core-5.2.1.jar:na]
	... 5 common frames omitted

2026-05-16T21:35:52.151+01:00  INFO 11752 --- [SportService] [ngodb.net:27017] org.mongodb.driver.cluster               : Monitor thread successfully connected to server with description ServerDescription{address=ac-khxyvkv-shard-00-00.ltylxsp.mongodb.net:27017, type=REPLICA_SET_SECONDARY, cryptd=false, state=CONNECTED, ok=true, minWireVersion=0, maxWireVersion=25, maxDocumentSize=16777216, logicalSessionTimeoutMinutes=30, roundTripTimeNanos=321374200, minRoundTripTimeNanos=0, setName='atlas-6x6yvm-shard-0', canonicalAddress=ac-khxyvkv-shard-00-00.ltylxsp.mongodb.net:27017, hosts=[ac-khxyvkv-shard-00-00.ltylxsp.mongodb.net:27017, ac-khxyvkv-shard-00-01.ltylxsp.mongodb.net:27017, ac-khxyvkv-shard-00-02.ltylxsp.mongodb.net:27017], passives=[], arbiters=[], primary='ac-khxyvkv-shard-00-01.ltylxsp.mongodb.net:27017', tagSet=TagSet{[Tag{name='availabilityZone', value='euw3-az1'}, Tag{name='cacheState', value='READY'}, Tag{name='diskState', value='READY'}, Tag{name='nodeType', value='ELECTABLE'}, Tag{name='provider', value='AWS'}, Tag{name='region', value='EU_WEST_3'}, Tag{name='workloadType', value='OPERATIONAL'}]}, electionId=null, setVersion=36, topologyVersion=TopologyVersion{processId=69fe3480bce649a00b1f6b90, counter=4}, lastWriteDate=Sat May 16 21:35:51 WAT 2026, lastUpdateTimeNanos=41457941765100}
2026-05-16T21:35:52.151+01:00  INFO 11752 --- [SportService] [ngodb.net:27017] org.mongodb.driver.cluster               : Monitor thread successfully connected to server with description ServerDescription{address=ac-khxyvkv-shard-00-01.ltylxsp.mongodb.net:27017, type=REPLICA_SET_PRIMARY, cryptd=false, state=CONNECTED, ok=true, minWireVersion=0, maxWireVersion=25, maxDocumentSize=16777216, logicalSessionTimeoutMinutes=30, roundTripTimeNanos=324328600, minRoundTripTimeNanos=0, setName='atlas-6x6yvm-shard-0', canonicalAddress=ac-khxyvkv-shard-00-01.ltylxsp.mongodb.net:27017, hosts=[ac-khxyvkv-shard-00-00.ltylxsp.mongodb.net:27017, ac-khxyvkv-shard-00-01.ltylxsp.mongodb.net:27017, ac-khxyvkv-shard-00-02.ltylxsp.mongodb.net:27017], passives=[], arbiters=[], primary='ac-khxyvkv-shard-00-01.ltylxsp.mongodb.net:27017', tagSet=TagSet{[Tag{name='availabilityZone', value='euw3-az2'}, Tag{name='cacheState', value='READY'}, Tag{name='diskState', value='READY'}, Tag{name='nodeType', value='ELECTABLE'}, Tag{name='provider', value='AWS'}, Tag{name='region', value='EU_WEST_3'}, Tag{name='workloadType', value='OPERATIONAL'}]}, electionId=7fffffff0000000000000069, setVersion=36, topologyVersion=TopologyVersion{processId=69fe370e7afba3a6519b2508, counter=6}, lastWriteDate=Sat May 16 21:35:51 WAT 2026, lastUpdateTimeNanos=41457941778200}
2026-05-16T21:35:52.151+01:00  INFO 11752 --- [SportService] [ngodb.net:27017] org.mongodb.driver.cluster               : Monitor thread successfully connected to server with description ServerDescription{address=ac-khxyvkv-shard-00-02.ltylxsp.mongodb.net:27017, type=REPLICA_SET_SECONDARY, cryptd=false, state=CONNECTED, ok=true, minWireVersion=0, maxWireVersion=25, maxDocumentSize=16777216, logicalSessionTimeoutMinutes=30, roundTripTimeNanos=327184300, minRoundTripTimeNanos=0, setName='atlas-6x6yvm-shard-0', canonicalAddress=ac-khxyvkv-shard-00-02.ltylxsp.mongodb.net:27017, hosts=[ac-khxyvkv-shard-00-00.ltylxsp.mongodb.net:27017, ac-khxyvkv-shard-00-01.ltylxsp.mongodb.net:27017, ac-khxyvkv-shard-00-02.ltylxsp.mongodb.net:27017], passives=[], arbiters=[], primary='ac-khxyvkv-shard-00-01.ltylxsp.mongodb.net:27017', tagSet=TagSet{[Tag{name='availabilityZone', value='euw3-az3'}, Tag{name='cacheState', value='READY'}, Tag{name='diskState', value='READY'}, Tag{name='nodeType', value='ELECTABLE'}, Tag{name='provider', value='AWS'}, Tag{name='region', value='EU_WEST_3'}, Tag{name='workloadType', value='OPERATIONAL'}]}, electionId=null, setVersion=36, topologyVersion=TopologyVersion{processId=69fe3974932517ad87b461cb, counter=3}, lastWriteDate=Sat May 16 21:35:51 WAT 2026, lastUpdateTimeNanos=41457941767400}
2026-05-16T21:35:52.353+01:00  INFO 11752 --- [SportService] [ngodb.net:27017] org.mongodb.driver.cluster               : Discovered replica set primary ac-khxyvkv-shard-00-01.ltylxsp.mongodb.net:27017 with max election id 7fffffff0000000000000069 and max set version 36
2026-05-16T23:53:40.939+01:00  INFO 11752 --- [SportService] [ngodb.net:27017] org.mongodb.driver.cluster               : Exception in monitor thread while connecting to server ac-khxyvkv-shard-00-01.ltylxsp.mongodb.net:27017

com.mongodb.MongoSocketReadTimeoutException: Timeout while receiving message
	at com.mongodb.internal.connection.InternalStreamConnection.createReadTimeoutException(InternalStreamConnection.java:824) ~[mongodb-driver-core-5.2.1.jar:na]
	at com.mongodb.internal.connection.InternalStreamConnection.translateReadException(InternalStreamConnection.java:812) ~[mongodb-driver-core-5.2.1.jar:na]
	at com.mongodb.internal.connection.InternalStreamConnection.receiveResponseBuffers(InternalStreamConnection.java:862) ~[mongodb-driver-core-5.2.1.jar:na]
	at com.mongodb.internal.connection.InternalStreamConnection.receiveCommandMessageResponse(InternalStreamConnection.java:517) ~[mongodb-driver-core-5.2.1.jar:na]
	at com.mongodb.internal.connection.InternalStreamConnection.receive(InternalStreamConnection.java:469) ~[mongodb-driver-core-5.2.1.jar:na]
	at com.mongodb.internal.connection.DefaultServerMonitor$ServerMonitor.lookupServerDescription(DefaultServerMonitor.java:249) ~[mongodb-driver-core-5.2.1.jar:na]
	at com.mongodb.internal.connection.DefaultServerMonitor$ServerMonitor.run(DefaultServerMonitor.java:176) ~[mongodb-driver-core-5.2.1.jar:na]
Caused by: java.net.SocketTimeoutException: Read timed out
	at java.base/sun.nio.ch.NioSocketImpl.timedRead(NioSocketImpl.java:288) ~[na:na]
	at java.base/sun.nio.ch.NioSocketImpl.implRead(NioSocketImpl.java:314) ~[na:na]
	at java.base/sun.nio.ch.NioSocketImpl.read(NioSocketImpl.java:355) ~[na:na]
	at java.base/sun.nio.ch.NioSocketImpl$1.read(NioSocketImpl.java:808) ~[na:na]
	at java.base/java.net.Socket$SocketInputStream.read(Socket.java:966) ~[na:na]
	at java.base/sun.security.ssl.SSLSocketInputRecord.read(SSLSocketInputRecord.java:484) ~[na:na]
	at java.base/sun.security.ssl.SSLSocketInputRecord.readHeader(SSLSocketInputRecord.java:478) ~[na:na]
	at java.base/sun.security.ssl.SSLSocketInputRecord.bytesInCompletePacket(SSLSocketInputRecord.java:70) ~[na:na]
	at java.base/sun.security.ssl.SSLSocketImpl.readApplicationRecord(SSLSocketImpl.java:1461) ~[na:na]
	at java.base/sun.security.ssl.SSLSocketImpl$AppInputStream.read(SSLSocketImpl.java:1065) ~[na:na]
	at com.mongodb.internal.connection.SocketStream.read(SocketStream.java:182) ~[mongodb-driver-core-5.2.1.jar:na]
	at com.mongodb.internal.connection.InternalStreamConnection.receiveResponseBuffers(InternalStreamConnection.java:829) ~[mongodb-driver-core-5.2.1.jar:na]
	... 4 common frames omitted

2026-05-16T23:53:44.450+01:00  INFO 11752 --- [SportService] [ngodb.net:27017] org.mongodb.driver.cluster               : Monitor thread successfully connected to server with description ServerDescription{address=ac-khxyvkv-shard-00-01.ltylxsp.mongodb.net:27017, type=REPLICA_SET_PRIMARY, cryptd=false, state=CONNECTED, ok=true, minWireVersion=0, maxWireVersion=25, maxDocumentSize=16777216, logicalSessionTimeoutMinutes=30, roundTripTimeNanos=289530400, minRoundTripTimeNanos=0, setName='atlas-6x6yvm-shard-0', canonicalAddress=ac-khxyvkv-shard-00-01.ltylxsp.mongodb.net:27017, hosts=[ac-khxyvkv-shard-00-00.ltylxsp.mongodb.net:27017, ac-khxyvkv-shard-00-01.ltylxsp.mongodb.net:27017, ac-khxyvkv-shard-00-02.ltylxsp.mongodb.net:27017], passives=[], arbiters=[], primary='ac-khxyvkv-shard-00-01.ltylxsp.mongodb.net:27017', tagSet=TagSet{[Tag{name='availabilityZone', value='euw3-az2'}, Tag{name='cacheState', value='READY'}, Tag{name='diskState', value='READY'}, Tag{name='nodeType', value='ELECTABLE'}, Tag{name='provider', value='AWS'}, Tag{name='region', value='EU_WEST_3'}, Tag{name='workloadType', value='OPERATIONAL'}]}, electionId=7fffffff0000000000000069, setVersion=36, topologyVersion=TopologyVersion{processId=69fe370e7afba3a6519b2508, counter=6}, lastWriteDate=Sat May 16 23:53:44 WAT 2026, lastUpdateTimeNanos=49730236738900}
2026-05-16T23:53:44.457+01:00  INFO 11752 --- [SportService] [ngodb.net:27017] org.mongodb.driver.cluster               : Discovered replica set primary ac-khxyvkv-shard-00-01.ltylxsp.mongodb.net:27017 with max election id 7fffffff0000000000000069 and max set version 36
2026-05-17T03:43:45.383+01:00  INFO 11752 --- [SportService] [ngodb.net:27017] org.mongodb.driver.cluster               : Exception in monitor thread while connecting to server ac-khxyvkv-shard-00-02.ltylxsp.mongodb.net:27017

com.mongodb.MongoSocketReadException: Exception receiving message
	at com.mongodb.internal.connection.InternalStreamConnection.translateReadException(InternalStreamConnection.java:814) ~[mongodb-driver-core-5.2.1.jar:na]
	at com.mongodb.internal.connection.InternalStreamConnection.receiveResponseBuffers(InternalStreamConnection.java:862) ~[mongodb-driver-core-5.2.1.jar:na]
	at com.mongodb.internal.connection.InternalStreamConnection.receiveCommandMessageResponse(InternalStreamConnection.java:517) ~[mongodb-driver-core-5.2.1.jar:na]
	at com.mongodb.internal.connection.InternalStreamConnection.receive(InternalStreamConnection.java:469) ~[mongodb-driver-core-5.2.1.jar:na]
	at com.mongodb.internal.connection.DefaultServerMonitor$ServerMonitor.lookupServerDescription(DefaultServerMonitor.java:249) ~[mongodb-driver-core-5.2.1.jar:na]
	at com.mongodb.internal.connection.DefaultServerMonitor$ServerMonitor.run(DefaultServerMonitor.java:176) ~[mongodb-driver-core-5.2.1.jar:na]
Caused by: java.net.SocketException: Connection reset
	at java.base/sun.nio.ch.NioSocketImpl.implRead(NioSocketImpl.java:328) ~[na:na]
	at java.base/sun.nio.ch.NioSocketImpl.read(NioSocketImpl.java:355) ~[na:na]
	at java.base/sun.nio.ch.NioSocketImpl$1.read(NioSocketImpl.java:808) ~[na:na]
	at java.base/java.net.Socket$SocketInputStream.read(Socket.java:966) ~[na:na]
	at java.base/sun.security.ssl.SSLSocketInputRecord.read(SSLSocketInputRecord.java:484) ~[na:na]
	at java.base/sun.security.ssl.SSLSocketInputRecord.readHeader(SSLSocketInputRecord.java:478) ~[na:na]
	at java.base/sun.security.ssl.SSLSocketInputRecord.bytesInCompletePacket(SSLSocketInputRecord.java:70) ~[na:na]
	at java.base/sun.security.ssl.SSLSocketImpl.readApplicationRecord(SSLSocketImpl.java:1461) ~[na:na]
	at java.base/sun.security.ssl.SSLSocketImpl$AppInputStream.read(SSLSocketImpl.java:1065) ~[na:na]
	at com.mongodb.internal.connection.SocketStream.read(SocketStream.java:182) ~[mongodb-driver-core-5.2.1.jar:na]
	at com.mongodb.internal.connection.InternalStreamConnection.receiveResponseBuffers(InternalStreamConnection.java:829) ~[mongodb-driver-core-5.2.1.jar:na]
	... 4 common frames omitted

2026-05-17T03:43:45.424+01:00  INFO 11752 --- [SportService] [ngodb.net:27017] org.mongodb.driver.cluster               : Exception in monitor thread while connecting to server ac-khxyvkv-shard-00-01.ltylxsp.mongodb.net:27017

com.mongodb.MongoSocketReadException: Exception receiving message
	at com.mongodb.internal.connection.InternalStreamConnection.translateReadException(InternalStreamConnection.java:814) ~[mongodb-driver-core-5.2.1.jar:na]
	at com.mongodb.internal.connection.InternalStreamConnection.receiveResponseBuffers(InternalStreamConnection.java:862) ~[mongodb-driver-core-5.2.1.jar:na]
	at com.mongodb.internal.connection.InternalStreamConnection.receiveCommandMessageResponse(InternalStreamConnection.java:517) ~[mongodb-driver-core-5.2.1.jar:na]
	at com.mongodb.internal.connection.InternalStreamConnection.receive(InternalStreamConnection.java:469) ~[mongodb-driver-core-5.2.1.jar:na]
	at com.mongodb.internal.connection.DefaultServerMonitor$ServerMonitor.lookupServerDescription(DefaultServerMonitor.java:249) ~[mongodb-driver-core-5.2.1.jar:na]
	at com.mongodb.internal.connection.DefaultServerMonitor$ServerMonitor.run(DefaultServerMonitor.java:176) ~[mongodb-driver-core-5.2.1.jar:na]
Caused by: java.net.SocketException: Connection reset
	at java.base/sun.nio.ch.NioSocketImpl.implRead(NioSocketImpl.java:328) ~[na:na]
	at java.base/sun.nio.ch.NioSocketImpl.read(NioSocketImpl.java:355) ~[na:na]
	at java.base/sun.nio.ch.NioSocketImpl$1.read(NioSocketImpl.java:808) ~[na:na]
	at java.base/java.net.Socket$SocketInputStream.read(Socket.java:966) ~[na:na]
	at java.base/sun.security.ssl.SSLSocketInputRecord.read(SSLSocketInputRecord.java:484) ~[na:na]
	at java.base/sun.security.ssl.SSLSocketInputRecord.readHeader(SSLSocketInputRecord.java:478) ~[na:na]
	at java.base/sun.security.ssl.SSLSocketInputRecord.bytesInCompletePacket(SSLSocketInputRecord.java:70) ~[na:na]
	at java.base/sun.security.ssl.SSLSocketImpl.readApplicationRecord(SSLSocketImpl.java:1461) ~[na:na]
	at java.base/sun.security.ssl.SSLSocketImpl$AppInputStream.read(SSLSocketImpl.java:1065) ~[na:na]
	at com.mongodb.internal.connection.SocketStream.read(SocketStream.java:182) ~[mongodb-driver-core-5.2.1.jar:na]
	at com.mongodb.internal.connection.InternalStreamConnection.receiveResponseBuffers(InternalStreamConnection.java:829) ~[mongodb-driver-core-5.2.1.jar:na]
	... 4 common frames omitted

2026-05-17T03:43:45.415+01:00  INFO 11752 --- [SportService] [ngodb.net:27017] org.mongodb.driver.cluster               : Exception in monitor thread while connecting to server ac-khxyvkv-shard-00-00.ltylxsp.mongodb.net:27017

com.mongodb.MongoSocketReadException: Exception receiving message
	at com.mongodb.internal.connection.InternalStreamConnection.translateReadException(InternalStreamConnection.java:814) ~[mongodb-driver-core-5.2.1.jar:na]
	at com.mongodb.internal.connection.InternalStreamConnection.receiveResponseBuffers(InternalStreamConnection.java:862) ~[mongodb-driver-core-5.2.1.jar:na]
	at com.mongodb.internal.connection.InternalStreamConnection.receiveCommandMessageResponse(InternalStreamConnection.java:517) ~[mongodb-driver-core-5.2.1.jar:na]
	at com.mongodb.internal.connection.InternalStreamConnection.receive(InternalStreamConnection.java:469) ~[mongodb-driver-core-5.2.1.jar:na]
	at com.mongodb.internal.connection.DefaultServerMonitor$ServerMonitor.lookupServerDescription(DefaultServerMonitor.java:249) ~[mongodb-driver-core-5.2.1.jar:na]
	at com.mongodb.internal.connection.DefaultServerMonitor$ServerMonitor.run(DefaultServerMonitor.java:176) ~[mongodb-driver-core-5.2.1.jar:na]
Caused by: java.net.SocketException: Connection reset
	at java.base/sun.nio.ch.NioSocketImpl.implRead(NioSocketImpl.java:328) ~[na:na]
	at java.base/sun.nio.ch.NioSocketImpl.read(NioSocketImpl.java:355) ~[na:na]
	at java.base/sun.nio.ch.NioSocketImpl$1.read(NioSocketImpl.java:808) ~[na:na]
	at java.base/java.net.Socket$SocketInputStream.read(Socket.java:966) ~[na:na]
	at java.base/sun.security.ssl.SSLSocketInputRecord.read(SSLSocketInputRecord.java:484) ~[na:na]
	at java.base/sun.security.ssl.SSLSocketInputRecord.readHeader(SSLSocketInputRecord.java:478) ~[na:na]
	at java.base/sun.security.ssl.SSLSocketInputRecord.bytesInCompletePacket(SSLSocketInputRecord.java:70) ~[na:na]
	at java.base/sun.security.ssl.SSLSocketImpl.readApplicationRecord(SSLSocketImpl.java:1461) ~[na:na]
	at java.base/sun.security.ssl.SSLSocketImpl$AppInputStream.read(SSLSocketImpl.java:1065) ~[na:na]
	at com.mongodb.internal.connection.SocketStream.read(SocketStream.java:182) ~[mongodb-driver-core-5.2.1.jar:na]
	at com.mongodb.internal.connection.InternalStreamConnection.receiveResponseBuffers(InternalStreamConnection.java:829) ~[mongodb-driver-core-5.2.1.jar:na]
	... 4 common frames omitted

2026-05-17T03:43:47.427+01:00  INFO 11752 --- [SportService] [ngodb.net:27017] org.mongodb.driver.cluster               : Monitor thread successfully connected to server with description ServerDescription{address=ac-khxyvkv-shard-00-02.ltylxsp.mongodb.net:27017, type=REPLICA_SET_SECONDARY, cryptd=false, state=CONNECTED, ok=true, minWireVersion=0, maxWireVersion=25, maxDocumentSize=16777216, logicalSessionTimeoutMinutes=30, roundTripTimeNanos=418744500, minRoundTripTimeNanos=0, setName='atlas-6x6yvm-shard-0', canonicalAddress=ac-khxyvkv-shard-00-02.ltylxsp.mongodb.net:27017, hosts=[ac-khxyvkv-shard-00-00.ltylxsp.mongodb.net:27017, ac-khxyvkv-shard-00-01.ltylxsp.mongodb.net:27017, ac-khxyvkv-shard-00-02.ltylxsp.mongodb.net:27017], passives=[], arbiters=[], primary='ac-khxyvkv-shard-00-01.ltylxsp.mongodb.net:27017', tagSet=TagSet{[Tag{name='availabilityZone', value='euw3-az3'}, Tag{name='cacheState', value='READY'}, Tag{name='diskState', value='READY'}, Tag{name='nodeType', value='ELECTABLE'}, Tag{name='provider', value='AWS'}, Tag{name='region', value='EU_WEST_3'}, Tag{name='workloadType', value='OPERATIONAL'}]}, electionId=null, setVersion=36, topologyVersion=TopologyVersion{processId=69fe3974932517ad87b461cb, counter=3}, lastWriteDate=Sun May 17 03:43:47 WAT 2026, lastUpdateTimeNanos=63533209216200}
2026-05-17T05:24:59.454+01:00  INFO 11752 --- [SportService] [ngodb.net:27017] org.mongodb.driver.cluster               : Exception in monitor thread while connecting to server ac-khxyvkv-shard-00-02.ltylxsp.mongodb.net:27017

com.mongodb.MongoSocketReadException: Exception receiving message
	at com.mongodb.internal.connection.InternalStreamConnection.translateReadException(InternalStreamConnection.java:814) ~[mongodb-driver-core-5.2.1.jar:na]
	at com.mongodb.internal.connection.InternalStreamConnection.receiveResponseBuffers(InternalStreamConnection.java:862) ~[mongodb-driver-core-5.2.1.jar:na]
	at com.mongodb.internal.connection.InternalStreamConnection.receiveCommandMessageResponse(InternalStreamConnection.java:517) ~[mongodb-driver-core-5.2.1.jar:na]
	at com.mongodb.internal.connection.InternalStreamConnection.receive(InternalStreamConnection.java:469) ~[mongodb-driver-core-5.2.1.jar:na]
	at com.mongodb.internal.connection.DefaultServerMonitor$ServerMonitor.lookupServerDescription(DefaultServerMonitor.java:249) ~[mongodb-driver-core-5.2.1.jar:na]
	at com.mongodb.internal.connection.DefaultServerMonitor$ServerMonitor.run(DefaultServerMonitor.java:176) ~[mongodb-driver-core-5.2.1.jar:na]
Caused by: java.net.SocketException: Connection reset
	at java.base/sun.nio.ch.NioSocketImpl.implRead(NioSocketImpl.java:328) ~[na:na]
	at java.base/sun.nio.ch.NioSocketImpl.read(NioSocketImpl.java:355) ~[na:na]
	at java.base/sun.nio.ch.NioSocketImpl$1.read(NioSocketImpl.java:808) ~[na:na]
	at java.base/java.net.Socket$SocketInputStream.read(Socket.java:966) ~[na:na]
	at java.base/sun.security.ssl.SSLSocketInputRecord.read(SSLSocketInputRecord.java:484) ~[na:na]
	at java.base/sun.security.ssl.SSLSocketInputRecord.readHeader(SSLSocketInputRecord.java:478) ~[na:na]
	at java.base/sun.security.ssl.SSLSocketInputRecord.bytesInCompletePacket(SSLSocketInputRecord.java:70) ~[na:na]
	at java.base/sun.security.ssl.SSLSocketImpl.readApplicationRecord(SSLSocketImpl.java:1461) ~[na:na]
	at java.base/sun.security.ssl.SSLSocketImpl$AppInputStream.read(SSLSocketImpl.java:1065) ~[na:na]
	at com.mongodb.internal.connection.SocketStream.read(SocketStream.java:182) ~[mongodb-driver-core-5.2.1.jar:na]
	at com.mongodb.internal.connection.InternalStreamConnection.receiveResponseBuffers(InternalStreamConnection.java:829) ~[mongodb-driver-core-5.2.1.jar:na]
	... 4 common frames omitted

2026-05-17T05:24:59.931+01:00  INFO 11752 --- [SportService] [ngodb.net:27017] org.mongodb.driver.cluster               : Exception in monitor thread while connecting to server ac-khxyvkv-shard-00-00.ltylxsp.mongodb.net:27017

com.mongodb.MongoSocketOpenException: Exception opening socket
	at com.mongodb.internal.connection.SocketStream.lambda$open$0(SocketStream.java:85) ~[mongodb-driver-core-5.2.1.jar:na]
	at java.base/java.util.Optional.orElseThrow(Optional.java:403) ~[na:na]
	at com.mongodb.internal.connection.SocketStream.open(SocketStream.java:85) ~[mongodb-driver-core-5.2.1.jar:na]
	at com.mongodb.internal.connection.InternalStreamConnection.open(InternalStreamConnection.java:233) ~[mongodb-driver-core-5.2.1.jar:na]
	at com.mongodb.internal.connection.DefaultServerMonitor$ServerMonitor.lookupServerDescription(DefaultServerMonitor.java:219) ~[mongodb-driver-core-5.2.1.jar:na]
	at com.mongodb.internal.connection.DefaultServerMonitor$ServerMonitor.run(DefaultServerMonitor.java:176) ~[mongodb-driver-core-5.2.1.jar:na]
Caused by: java.net.SocketException: Software caused connection abort: no further information
	at java.base/sun.nio.ch.Net.pollConnect(Native Method) ~[na:na]
	at java.base/sun.nio.ch.Net.pollConnectNow(Net.java:672) ~[na:na]
	at java.base/sun.nio.ch.NioSocketImpl.timedFinishConnect(NioSocketImpl.java:554) ~[na:na]
	at java.base/sun.nio.ch.NioSocketImpl.connect(NioSocketImpl.java:602) ~[na:na]
	at java.base/java.net.SocksSocketImpl.connect(SocksSocketImpl.java:327) ~[na:na]
	at java.base/java.net.Socket.connect(Socket.java:633) ~[na:na]
	at java.base/sun.security.ssl.SSLSocketImpl.connect(SSLSocketImpl.java:304) ~[na:na]
	at com.mongodb.internal.connection.SocketStreamHelper.initialize(SocketStreamHelper.java:76) ~[mongodb-driver-core-5.2.1.jar:na]
	at com.mongodb.internal.connection.SocketStream.initializeSocket(SocketStream.java:104) ~[mongodb-driver-core-5.2.1.jar:na]
	at com.mongodb.internal.connection.SocketStream.open(SocketStream.java:79) ~[mongodb-driver-core-5.2.1.jar:na]
	... 3 common frames omitted

2026-05-17T05:25:00.032+01:00  INFO 11752 --- [SportService] [ngodb.net:27017] org.mongodb.driver.cluster               : Exception in monitor thread while connecting to server ac-khxyvkv-shard-00-01.ltylxsp.mongodb.net:27017

com.mongodb.MongoSocketOpenException: Exception opening socket
	at com.mongodb.internal.connection.SocketStream.lambda$open$0(SocketStream.java:85) ~[mongodb-driver-core-5.2.1.jar:na]
	at java.base/java.util.Optional.orElseThrow(Optional.java:403) ~[na:na]
	at com.mongodb.internal.connection.SocketStream.open(SocketStream.java:85) ~[mongodb-driver-core-5.2.1.jar:na]
	at com.mongodb.internal.connection.InternalStreamConnection.open(InternalStreamConnection.java:233) ~[mongodb-driver-core-5.2.1.jar:na]
	at com.mongodb.internal.connection.DefaultServerMonitor$ServerMonitor.lookupServerDescription(DefaultServerMonitor.java:219) ~[mongodb-driver-core-5.2.1.jar:na]
	at com.mongodb.internal.connection.DefaultServerMonitor$ServerMonitor.run(DefaultServerMonitor.java:176) ~[mongodb-driver-core-5.2.1.jar:na]
Caused by: java.net.SocketException: Software caused connection abort: no further information
	at java.base/sun.nio.ch.Net.pollConnect(Native Method) ~[na:na]
	at java.base/sun.nio.ch.Net.pollConnectNow(Net.java:672) ~[na:na]
	at java.base/sun.nio.ch.NioSocketImpl.timedFinishConnect(NioSocketImpl.java:554) ~[na:na]
	at java.base/sun.nio.ch.NioSocketImpl.connect(NioSocketImpl.java:602) ~[na:na]
	at java.base/java.net.SocksSocketImpl.connect(SocksSocketImpl.java:327) ~[na:na]
	at java.base/java.net.Socket.connect(Socket.java:633) ~[na:na]
	at java.base/sun.security.ssl.SSLSocketImpl.connect(SSLSocketImpl.java:304) ~[na:na]
	at com.mongodb.internal.connection.SocketStreamHelper.initialize(SocketStreamHelper.java:76) ~[mongodb-driver-core-5.2.1.jar:na]
	at com.mongodb.internal.connection.SocketStream.initializeSocket(SocketStream.java:104) ~[mongodb-driver-core-5.2.1.jar:na]
	at com.mongodb.internal.connection.SocketStream.open(SocketStream.java:79) ~[mongodb-driver-core-5.2.1.jar:na]
	... 3 common frames omitted

2026-05-17T19:27:27.997+01:00  INFO 11752 --- [SportService] [ngodb.net:27017] org.mongodb.driver.cluster               : Monitor thread successfully connected to server with description ServerDescription{address=ac-khxyvkv-shard-00-02.ltylxsp.mongodb.net:27017, type=REPLICA_SET_SECONDARY, cryptd=false, state=CONNECTED, ok=true, minWireVersion=0, maxWireVersion=25, maxDocumentSize=16777216, logicalSessionTimeoutMinutes=30, roundTripTimeNanos=393928800, minRoundTripTimeNanos=0, setName='atlas-6x6yvm-shard-0', canonicalAddress=ac-khxyvkv-shard-00-02.ltylxsp.mongodb.net:27017, hosts=[ac-khxyvkv-shard-00-00.ltylxsp.mongodb.net:27017, ac-khxyvkv-shard-00-01.ltylxsp.mongodb.net:27017, ac-khxyvkv-shard-00-02.ltylxsp.mongodb.net:27017], passives=[], arbiters=[], primary='ac-khxyvkv-shard-00-01.ltylxsp.mongodb.net:27017', tagSet=TagSet{[Tag{name='availabilityZone', value='euw3-az3'}, Tag{name='cacheState', value='READY'}, Tag{name='diskState', value='READY'}, Tag{name='nodeType', value='ELECTABLE'}, Tag{name='provider', value='AWS'}, Tag{name='region', value='EU_WEST_3'}, Tag{name='workloadType', value='OPERATIONAL'}]}, electionId=null, setVersion=36, topologyVersion=TopologyVersion{processId=69fe3974932517ad87b461cb, counter=3}, lastWriteDate=Sun May 17 19:27:27 WAT 2026, lastUpdateTimeNanos=120159896450100}
2026-05-17T19:27:30.942+01:00  INFO 11752 --- [SportService] [ngodb.net:27017] org.mongodb.driver.cluster               : Monitor thread successfully connected to server with description ServerDescription{address=ac-khxyvkv-shard-00-01.ltylxsp.mongodb.net:27017, type=REPLICA_SET_PRIMARY, cryptd=false, state=CONNECTED, ok=true, minWireVersion=0, maxWireVersion=25, maxDocumentSize=16777216, logicalSessionTimeoutMinutes=30, roundTripTimeNanos=168299200, minRoundTripTimeNanos=0, setName='atlas-6x6yvm-shard-0', canonicalAddress=ac-khxyvkv-shard-00-01.ltylxsp.mongodb.net:27017, hosts=[ac-khxyvkv-shard-00-00.ltylxsp.mongodb.net:27017, ac-khxyvkv-shard-00-01.ltylxsp.mongodb.net:27017, ac-khxyvkv-shard-00-02.ltylxsp.mongodb.net:27017], passives=[], arbiters=[], primary='ac-khxyvkv-shard-00-01.ltylxsp.mongodb.net:27017', tagSet=TagSet{[Tag{name='availabilityZone', value='euw3-az2'}, Tag{name='cacheState', value='READY'}, Tag{name='diskState', value='READY'}, Tag{name='nodeType', value='ELECTABLE'}, Tag{name='provider', value='AWS'}, Tag{name='region', value='EU_WEST_3'}, Tag{name='workloadType', value='OPERATIONAL'}]}, electionId=7fffffff0000000000000069, setVersion=36, topologyVersion=TopologyVersion{processId=69fe370e7afba3a6519b2508, counter=6}, lastWriteDate=Sun May 17 19:27:30 WAT 2026, lastUpdateTimeNanos=120162841404200}
2026-05-17T19:27:30.953+01:00  INFO 11752 --- [SportService] [ngodb.net:27017] org.mongodb.driver.cluster               : Monitor thread successfully connected to server with description ServerDescription{address=ac-khxyvkv-shard-00-00.ltylxsp.mongodb.net:27017, type=REPLICA_SET_SECONDARY, cryptd=false, state=CONNECTED, ok=true, minWireVersion=0, maxWireVersion=25, maxDocumentSize=16777216, logicalSessionTimeoutMinutes=30, roundTripTimeNanos=173572000, minRoundTripTimeNanos=0, setName='atlas-6x6yvm-shard-0', canonicalAddress=ac-khxyvkv-shard-00-00.ltylxsp.mongodb.net:27017, hosts=[ac-khxyvkv-shard-00-00.ltylxsp.mongodb.net:27017, ac-khxyvkv-shard-00-01.ltylxsp.mongodb.net:27017, ac-khxyvkv-shard-00-02.ltylxsp.mongodb.net:27017], passives=[], arbiters=[], primary='ac-khxyvkv-shard-00-01.ltylxsp.mongodb.net:27017', tagSet=TagSet{[Tag{name='availabilityZone', value='euw3-az1'}, Tag{name='cacheState', value='READY'}, Tag{name='diskState', value='READY'}, Tag{name='nodeType', value='ELECTABLE'}, Tag{name='provider', value='AWS'}, Tag{name='region', value='EU_WEST_3'}, Tag{name='workloadType', value='OPERATIONAL'}]}, electionId=null, setVersion=36, topologyVersion=TopologyVersion{processId=69fe3480bce649a00b1f6b90, counter=4}, lastWriteDate=Sun May 17 19:27:30 WAT 2026, lastUpdateTimeNanos=120162851716200}
2026-05-17T19:27:30.953+01:00  INFO 11752 --- [SportService] [ngodb.net:27017] org.mongodb.driver.cluster               : Discovered replica set primary ac-khxyvkv-shard-00-01.ltylxsp.mongodb.net:27017 with max election id 7fffffff0000000000000069 and max set version 36
2026-05-17T21:03:16.837+01:00  INFO 11752 --- [SportService] [ngodb.net:27017] org.mongodb.driver.cluster               : Exception in monitor thread while connecting to server ac-khxyvkv-shard-00-02.ltylxsp.mongodb.net:27017

com.mongodb.MongoSocketReadException: Exception receiving message
	at com.mongodb.internal.connection.InternalStreamConnection.translateReadException(InternalStreamConnection.java:814) ~[mongodb-driver-core-5.2.1.jar:na]
	at com.mongodb.internal.connection.InternalStreamConnection.receiveResponseBuffers(InternalStreamConnection.java:862) ~[mongodb-driver-core-5.2.1.jar:na]
	at com.mongodb.internal.connection.InternalStreamConnection.receiveCommandMessageResponse(InternalStreamConnection.java:517) ~[mongodb-driver-core-5.2.1.jar:na]
	at com.mongodb.internal.connection.InternalStreamConnection.receive(InternalStreamConnection.java:469) ~[mongodb-driver-core-5.2.1.jar:na]
	at com.mongodb.internal.connection.DefaultServerMonitor$ServerMonitor.lookupServerDescription(DefaultServerMonitor.java:249) ~[mongodb-driver-core-5.2.1.jar:na]
	at com.mongodb.internal.connection.DefaultServerMonitor$ServerMonitor.run(DefaultServerMonitor.java:176) ~[mongodb-driver-core-5.2.1.jar:na]
Caused by: java.net.SocketException: Connection reset
	at java.base/sun.nio.ch.NioSocketImpl.implRead(NioSocketImpl.java:328) ~[na:na]
	at java.base/sun.nio.ch.NioSocketImpl.read(NioSocketImpl.java:355) ~[na:na]
	at java.base/sun.nio.ch.NioSocketImpl$1.read(NioSocketImpl.java:808) ~[na:na]
	at java.base/java.net.Socket$SocketInputStream.read(Socket.java:966) ~[na:na]
	at java.base/sun.security.ssl.SSLSocketInputRecord.read(SSLSocketInputRecord.java:484) ~[na:na]
	at java.base/sun.security.ssl.SSLSocketInputRecord.readHeader(SSLSocketInputRecord.java:478) ~[na:na]
	at java.base/sun.security.ssl.SSLSocketInputRecord.bytesInCompletePacket(SSLSocketInputRecord.java:70) ~[na:na]
	at java.base/sun.security.ssl.SSLSocketImpl.readApplicationRecord(SSLSocketImpl.java:1461) ~[na:na]
	at java.base/sun.security.ssl.SSLSocketImpl$AppInputStream.read(SSLSocketImpl.java:1065) ~[na:na]
	at com.mongodb.internal.connection.SocketStream.read(SocketStream.java:182) ~[mongodb-driver-core-5.2.1.jar:na]
	at com.mongodb.internal.connection.InternalStreamConnection.receiveResponseBuffers(InternalStreamConnection.java:829) ~[mongodb-driver-core-5.2.1.jar:na]
	... 4 common frames omitted

2026-05-17T21:03:16.840+01:00  INFO 11752 --- [SportService] [ngodb.net:27017] org.mongodb.driver.cluster               : Exception in monitor thread while connecting to server ac-khxyvkv-shard-00-00.ltylxsp.mongodb.net:27017

com.mongodb.MongoSocketReadException: Exception receiving message
	at com.mongodb.internal.connection.InternalStreamConnection.translateReadException(InternalStreamConnection.java:814) ~[mongodb-driver-core-5.2.1.jar:na]
	at com.mongodb.internal.connection.InternalStreamConnection.receiveResponseBuffers(InternalStreamConnection.java:862) ~[mongodb-driver-core-5.2.1.jar:na]
	at com.mongodb.internal.connection.InternalStreamConnection.receiveCommandMessageResponse(InternalStreamConnection.java:517) ~[mongodb-driver-core-5.2.1.jar:na]
	at com.mongodb.internal.connection.InternalStreamConnection.receive(InternalStreamConnection.java:469) ~[mongodb-driver-core-5.2.1.jar:na]
	at com.mongodb.internal.connection.DefaultServerMonitor$ServerMonitor.lookupServerDescription(DefaultServerMonitor.java:249) ~[mongodb-driver-core-5.2.1.jar:na]
	at com.mongodb.internal.connection.DefaultServerMonitor$ServerMonitor.run(DefaultServerMonitor.java:176) ~[mongodb-driver-core-5.2.1.jar:na]
Caused by: java.net.SocketException: Connection reset
	at java.base/sun.nio.ch.NioSocketImpl.implRead(NioSocketImpl.java:328) ~[na:na]
	at java.base/sun.nio.ch.NioSocketImpl.read(NioSocketImpl.java:355) ~[na:na]
	at java.base/sun.nio.ch.NioSocketImpl$1.read(NioSocketImpl.java:808) ~[na:na]
	at java.base/java.net.Socket$SocketInputStream.read(Socket.java:966) ~[na:na]
	at java.base/sun.security.ssl.SSLSocketInputRecord.read(SSLSocketInputRecord.java:484) ~[na:na]
	at java.base/sun.security.ssl.SSLSocketInputRecord.readHeader(SSLSocketInputRecord.java:478) ~[na:na]
	at java.base/sun.security.ssl.SSLSocketInputRecord.bytesInCompletePacket(SSLSocketInputRecord.java:70) ~[na:na]
	at java.base/sun.security.ssl.SSLSocketImpl.readApplicationRecord(SSLSocketImpl.java:1461) ~[na:na]
	at java.base/sun.security.ssl.SSLSocketImpl$AppInputStream.read(SSLSocketImpl.java:1065) ~[na:na]
	at com.mongodb.internal.connection.SocketStream.read(SocketStream.java:182) ~[mongodb-driver-core-5.2.1.jar:na]
	at com.mongodb.internal.connection.InternalStreamConnection.receiveResponseBuffers(InternalStreamConnection.java:829) ~[mongodb-driver-core-5.2.1.jar:na]
	... 4 common frames omitted

2026-05-17T21:03:16.840+01:00  INFO 11752 --- [SportService] [ngodb.net:27017] org.mongodb.driver.cluster               : Exception in monitor thread while connecting to server ac-khxyvkv-shard-00-01.ltylxsp.mongodb.net:27017

com.mongodb.MongoSocketReadException: Exception receiving message
	at com.mongodb.internal.connection.InternalStreamConnection.translateReadException(InternalStreamConnection.java:814) ~[mongodb-driver-core-5.2.1.jar:na]
	at com.mongodb.internal.connection.InternalStreamConnection.receiveResponseBuffers(InternalStreamConnection.java:862) ~[mongodb-driver-core-5.2.1.jar:na]
	at com.mongodb.internal.connection.InternalStreamConnection.receiveCommandMessageResponse(InternalStreamConnection.java:517) ~[mongodb-driver-core-5.2.1.jar:na]
	at com.mongodb.internal.connection.InternalStreamConnection.receive(InternalStreamConnection.java:469) ~[mongodb-driver-core-5.2.1.jar:na]
	at com.mongodb.internal.connection.DefaultServerMonitor$ServerMonitor.lookupServerDescription(DefaultServerMonitor.java:249) ~[mongodb-driver-core-5.2.1.jar:na]
	at com.mongodb.internal.connection.DefaultServerMonitor$ServerMonitor.run(DefaultServerMonitor.java:176) ~[mongodb-driver-core-5.2.1.jar:na]
Caused by: java.net.SocketException: Connection reset
	at java.base/sun.nio.ch.NioSocketImpl.implRead(NioSocketImpl.java:328) ~[na:na]
	at java.base/sun.nio.ch.NioSocketImpl.read(NioSocketImpl.java:355) ~[na:na]
	at java.base/sun.nio.ch.NioSocketImpl$1.read(NioSocketImpl.java:808) ~[na:na]
	at java.base/java.net.Socket$SocketInputStream.read(Socket.java:966) ~[na:na]
	at java.base/sun.security.ssl.SSLSocketInputRecord.read(SSLSocketInputRecord.java:484) ~[na:na]
	at java.base/sun.security.ssl.SSLSocketInputRecord.readHeader(SSLSocketInputRecord.java:478) ~[na:na]
	at java.base/sun.security.ssl.SSLSocketInputRecord.bytesInCompletePacket(SSLSocketInputRecord.java:70) ~[na:na]
	at java.base/sun.security.ssl.SSLSocketImpl.readApplicationRecord(SSLSocketImpl.java:1461) ~[na:na]
	at java.base/sun.security.ssl.SSLSocketImpl$AppInputStream.read(SSLSocketImpl.java:1065) ~[na:na]
	at com.mongodb.internal.connection.SocketStream.read(SocketStream.java:182) ~[mongodb-driver-core-5.2.1.jar:na]
	at com.mongodb.internal.connection.InternalStreamConnection.receiveResponseBuffers(InternalStreamConnection.java:829) ~[mongodb-driver-core-5.2.1.jar:na]
	... 4 common frames omitted

2026-05-17T21:03:17.330+01:00  INFO 11752 --- [SportService] [ngodb.net:27017] org.mongodb.driver.cluster               : Exception in monitor thread while connecting to server ac-khxyvkv-shard-00-00.ltylxsp.mongodb.net:27017

com.mongodb.MongoSocketException: Hôte inconnu (ac-khxyvkv-shard-00-00.ltylxsp.mongodb.net)
	at com.mongodb.internal.connection.ServerAddressHelper.getSocketAddresses(ServerAddressHelper.java:75) ~[mongodb-driver-core-5.2.1.jar:na]
	at com.mongodb.internal.connection.SocketStream.initializeSocket(SocketStream.java:100) ~[mongodb-driver-core-5.2.1.jar:na]
	at com.mongodb.internal.connection.SocketStream.open(SocketStream.java:79) ~[mongodb-driver-core-5.2.1.jar:na]
	at com.mongodb.internal.connection.InternalStreamConnection.open(InternalStreamConnection.java:233) ~[mongodb-driver-core-5.2.1.jar:na]
	at com.mongodb.internal.connection.DefaultServerMonitor$ServerMonitor.lookupServerDescription(DefaultServerMonitor.java:219) ~[mongodb-driver-core-5.2.1.jar:na]
	at com.mongodb.internal.connection.DefaultServerMonitor$ServerMonitor.run(DefaultServerMonitor.java:176) ~[mongodb-driver-core-5.2.1.jar:na]
Caused by: java.net.UnknownHostException: Hôte inconnu (ac-khxyvkv-shard-00-00.ltylxsp.mongodb.net)
	at java.base/java.net.Inet6AddressImpl.lookupAllHostAddr(Native Method) ~[na:na]
	at java.base/java.net.InetAddress$PlatformNameService.lookupAllHostAddr(InetAddress.java:933) ~[na:na]
	at java.base/java.net.InetAddress.getAddressesFromNameService(InetAddress.java:1543) ~[na:na]
	at java.base/java.net.InetAddress$NameServiceAddresses.get(InetAddress.java:852) ~[na:na]
	at java.base/java.net.InetAddress.getAllByName0(InetAddress.java:1532) ~[na:na]
	at java.base/java.net.InetAddress.getAllByName(InetAddress.java:1384) ~[na:na]
	at java.base/java.net.InetAddress.getAllByName(InetAddress.java:1305) ~[na:na]
	at com.mongodb.internal.connection.DefaultInetAddressResolver.lookupByName(DefaultInetAddressResolver.java:34) ~[mongodb-driver-core-5.2.1.jar:na]
	at com.mongodb.internal.connection.ServerAddressHelper.getSocketAddresses(ServerAddressHelper.java:71) ~[mongodb-driver-core-5.2.1.jar:na]
	... 5 common frames omitted

2026-05-17T21:03:17.330+01:00  INFO 11752 --- [SportService] [ngodb.net:27017] org.mongodb.driver.cluster               : Exception in monitor thread while connecting to server ac-khxyvkv-shard-00-01.ltylxsp.mongodb.net:27017

com.mongodb.MongoSocketException: Hôte inconnu (ac-khxyvkv-shard-00-01.ltylxsp.mongodb.net)
	at com.mongodb.internal.connection.ServerAddressHelper.getSocketAddresses(ServerAddressHelper.java:75) ~[mongodb-driver-core-5.2.1.jar:na]
	at com.mongodb.internal.connection.SocketStream.initializeSocket(SocketStream.java:100) ~[mongodb-driver-core-5.2.1.jar:na]
	at com.mongodb.internal.connection.SocketStream.open(SocketStream.java:79) ~[mongodb-driver-core-5.2.1.jar:na]
	at com.mongodb.internal.connection.InternalStreamConnection.open(InternalStreamConnection.java:233) ~[mongodb-driver-core-5.2.1.jar:na]
	at com.mongodb.internal.connection.DefaultServerMonitor$ServerMonitor.lookupServerDescription(DefaultServerMonitor.java:219) ~[mongodb-driver-core-5.2.1.jar:na]
	at com.mongodb.internal.connection.DefaultServerMonitor$ServerMonitor.run(DefaultServerMonitor.java:176) ~[mongodb-driver-core-5.2.1.jar:na]
Caused by: java.net.UnknownHostException: Hôte inconnu (ac-khxyvkv-shard-00-01.ltylxsp.mongodb.net)
	at java.base/java.net.Inet6AddressImpl.lookupAllHostAddr(Native Method) ~[na:na]
	at java.base/java.net.InetAddress$PlatformNameService.lookupAllHostAddr(InetAddress.java:933) ~[na:na]
	at java.base/java.net.InetAddress.getAddressesFromNameService(InetAddress.java:1543) ~[na:na]
	at java.base/java.net.InetAddress$NameServiceAddresses.get(InetAddress.java:852) ~[na:na]
	at java.base/java.net.InetAddress.getAllByName0(InetAddress.java:1532) ~[na:na]
	at java.base/java.net.InetAddress.getAllByName(InetAddress.java:1384) ~[na:na]
	at java.base/java.net.InetAddress.getAllByName(InetAddress.java:1305) ~[na:na]
	at com.mongodb.internal.connection.DefaultInetAddressResolver.lookupByName(DefaultInetAddressResolver.java:34) ~[mongodb-driver-core-5.2.1.jar:na]
	at com.mongodb.internal.connection.ServerAddressHelper.getSocketAddresses(ServerAddressHelper.java:71) ~[mongodb-driver-core-5.2.1.jar:na]
	... 5 common frames omitted

2026-05-17T21:03:17.409+01:00  INFO 11752 --- [SportService] [ngodb.net:27017] org.mongodb.driver.cluster               : Exception in monitor thread while connecting to server ac-khxyvkv-shard-00-02.ltylxsp.mongodb.net:27017

com.mongodb.MongoSocketOpenException: Exception opening socket
	at com.mongodb.internal.connection.SocketStream.lambda$open$0(SocketStream.java:85) ~[mongodb-driver-core-5.2.1.jar:na]
	at java.base/java.util.Optional.orElseThrow(Optional.java:403) ~[na:na]
	at com.mongodb.internal.connection.SocketStream.open(SocketStream.java:85) ~[mongodb-driver-core-5.2.1.jar:na]
	at com.mongodb.internal.connection.InternalStreamConnection.open(InternalStreamConnection.java:233) ~[mongodb-driver-core-5.2.1.jar:na]
	at com.mongodb.internal.connection.DefaultServerMonitor$ServerMonitor.lookupServerDescription(DefaultServerMonitor.java:219) ~[mongodb-driver-core-5.2.1.jar:na]
	at com.mongodb.internal.connection.DefaultServerMonitor$ServerMonitor.run(DefaultServerMonitor.java:176) ~[mongodb-driver-core-5.2.1.jar:na]
Caused by: java.net.SocketException: Network is unreachable: no further information
	at java.base/sun.nio.ch.Net.pollConnect(Native Method) ~[na:na]
	at java.base/sun.nio.ch.Net.pollConnectNow(Net.java:672) ~[na:na]
	at java.base/sun.nio.ch.NioSocketImpl.timedFinishConnect(NioSocketImpl.java:547) ~[na:na]
	at java.base/sun.nio.ch.NioSocketImpl.connect(NioSocketImpl.java:602) ~[na:na]
	at java.base/java.net.SocksSocketImpl.connect(SocksSocketImpl.java:327) ~[na:na]
	at java.base/java.net.Socket.connect(Socket.java:633) ~[na:na]
	at java.base/sun.security.ssl.SSLSocketImpl.connect(SSLSocketImpl.java:304) ~[na:na]
	at com.mongodb.internal.connection.SocketStreamHelper.initialize(SocketStreamHelper.java:76) ~[mongodb-driver-core-5.2.1.jar:na]
	at com.mongodb.internal.connection.SocketStream.initializeSocket(SocketStream.java:104) ~[mongodb-driver-core-5.2.1.jar:na]
	at com.mongodb.internal.connection.SocketStream.open(SocketStream.java:79) ~[mongodb-driver-core-5.2.1.jar:na]
	... 3 common frames omitted

2026-05-17T21:16:51.426+01:00  INFO 11752 --- [SportService] [ngodb.net:27017] org.mongodb.driver.cluster               : Monitor thread successfully connected to server with description ServerDescription{address=ac-khxyvkv-shard-00-02.ltylxsp.mongodb.net:27017, type=REPLICA_SET_SECONDARY, cryptd=false, state=CONNECTED, ok=true, minWireVersion=0, maxWireVersion=25, maxDocumentSize=16777216, logicalSessionTimeoutMinutes=30, roundTripTimeNanos=236946900, minRoundTripTimeNanos=0, setName='atlas-6x6yvm-shard-0', canonicalAddress=ac-khxyvkv-shard-00-02.ltylxsp.mongodb.net:27017, hosts=[ac-khxyvkv-shard-00-00.ltylxsp.mongodb.net:27017, ac-khxyvkv-shard-00-01.ltylxsp.mongodb.net:27017, ac-khxyvkv-shard-00-02.ltylxsp.mongodb.net:27017], passives=[], arbiters=[], primary='ac-khxyvkv-shard-00-01.ltylxsp.mongodb.net:27017', tagSet=TagSet{[Tag{name='availabilityZone', value='euw3-az3'}, Tag{name='cacheState', value='READY'}, Tag{name='diskState', value='READY'}, Tag{name='nodeType', value='ELECTABLE'}, Tag{name='provider', value='AWS'}, Tag{name='region', value='EU_WEST_3'}, Tag{name='workloadType', value='OPERATIONAL'}]}, electionId=null, setVersion=36, topologyVersion=TopologyVersion{processId=69fe3974932517ad87b461cb, counter=3}, lastWriteDate=Sun May 17 21:16:51 WAT 2026, lastUpdateTimeNanos=126723369012900}
2026-05-17T21:16:51.426+01:00  INFO 11752 --- [SportService] [ngodb.net:27017] org.mongodb.driver.cluster               : Monitor thread successfully connected to server with description ServerDescription{address=ac-khxyvkv-shard-00-01.ltylxsp.mongodb.net:27017, type=REPLICA_SET_PRIMARY, cryptd=false, state=CONNECTED, ok=true, minWireVersion=0, maxWireVersion=25, maxDocumentSize=16777216, logicalSessionTimeoutMinutes=30, roundTripTimeNanos=237652800, minRoundTripTimeNanos=0, setName='atlas-6x6yvm-shard-0', canonicalAddress=ac-khxyvkv-shard-00-01.ltylxsp.mongodb.net:27017, hosts=[ac-khxyvkv-shard-00-00.ltylxsp.mongodb.net:27017, ac-khxyvkv-shard-00-01.ltylxsp.mongodb.net:27017, ac-khxyvkv-shard-00-02.ltylxsp.mongodb.net:27017], passives=[], arbiters=[], primary='ac-khxyvkv-shard-00-01.ltylxsp.mongodb.net:27017', tagSet=TagSet{[Tag{name='availabilityZone', value='euw3-az2'}, Tag{name='cacheState', value='READY'}, Tag{name='diskState', value='READY'}, Tag{name='nodeType', value='ELECTABLE'}, Tag{name='provider', value='AWS'}, Tag{name='region', value='EU_WEST_3'}, Tag{name='workloadType', value='OPERATIONAL'}]}, electionId=7fffffff0000000000000069, setVersion=36, topologyVersion=TopologyVersion{processId=69fe370e7afba3a6519b2508, counter=6}, lastWriteDate=Sun May 17 21:16:51 WAT 2026, lastUpdateTimeNanos=126723361913700}
2026-05-17T21:16:51.426+01:00  INFO 11752 --- [SportService] [ngodb.net:27017] org.mongodb.driver.cluster               : Monitor thread successfully connected to server with description ServerDescription{address=ac-khxyvkv-shard-00-00.ltylxsp.mongodb.net:27017, type=REPLICA_SET_SECONDARY, cryptd=false, state=CONNECTED, ok=true, minWireVersion=0, maxWireVersion=25, maxDocumentSize=16777216, logicalSessionTimeoutMinutes=30, roundTripTimeNanos=261820500, minRoundTripTimeNanos=0, setName='atlas-6x6yvm-shard-0', canonicalAddress=ac-khxyvkv-shard-00-00.ltylxsp.mongodb.net:27017, hosts=[ac-khxyvkv-shard-00-00.ltylxsp.mongodb.net:27017, ac-khxyvkv-shard-00-01.ltylxsp.mongodb.net:27017, ac-khxyvkv-shard-00-02.ltylxsp.mongodb.net:27017], passives=[], arbiters=[], primary='ac-khxyvkv-shard-00-01.ltylxsp.mongodb.net:27017', tagSet=TagSet{[Tag{name='availabilityZone', value='euw3-az1'}, Tag{name='cacheState', value='READY'}, Tag{name='diskState', value='READY'}, Tag{name='nodeType', value='ELECTABLE'}, Tag{name='provider', value='AWS'}, Tag{name='region', value='EU_WEST_3'}, Tag{name='workloadType', value='OPERATIONAL'}]}, electionId=null, setVersion=36, topologyVersion=TopologyVersion{processId=69fe3480bce649a00b1f6b90, counter=4}, lastWriteDate=Sun May 17 21:16:51 WAT 2026, lastUpdateTimeNanos=126723386080900}
2026-05-17T21:16:51.457+01:00  INFO 11752 --- [SportService] [ngodb.net:27017] org.mongodb.driver.cluster               : Discovered replica set primary ac-khxyvkv-shard-00-01.ltylxsp.mongodb.net:27017 with max election id 7fffffff0000000000000069 and max set version 36
2026-05-18T18:59:06.582+01:00  INFO 11752 --- [SportService] [ngodb.net:27017] org.mongodb.driver.cluster               : Exception in monitor thread while connecting to server ac-khxyvkv-shard-00-00.ltylxsp.mongodb.net:27017

com.mongodb.MongoSocketReadException: Exception receiving message
	at com.mongodb.internal.connection.InternalStreamConnection.translateReadException(InternalStreamConnection.java:814) ~[mongodb-driver-core-5.2.1.jar:na]
	at com.mongodb.internal.connection.InternalStreamConnection.receiveResponseBuffers(InternalStreamConnection.java:862) ~[mongodb-driver-core-5.2.1.jar:na]
	at com.mongodb.internal.connection.InternalStreamConnection.receiveCommandMessageResponse(InternalStreamConnection.java:517) ~[mongodb-driver-core-5.2.1.jar:na]
	at com.mongodb.internal.connection.InternalStreamConnection.receive(InternalStreamConnection.java:469) ~[mongodb-driver-core-5.2.1.jar:na]
	at com.mongodb.internal.connection.DefaultServerMonitor$ServerMonitor.lookupServerDescription(DefaultServerMonitor.java:249) ~[mongodb-driver-core-5.2.1.jar:na]
	at com.mongodb.internal.connection.DefaultServerMonitor$ServerMonitor.run(DefaultServerMonitor.java:176) ~[mongodb-driver-core-5.2.1.jar:na]
Caused by: java.net.SocketException: Connection reset
	at java.base/sun.nio.ch.NioSocketImpl.implRead(NioSocketImpl.java:328) ~[na:na]
	at java.base/sun.nio.ch.NioSocketImpl.read(NioSocketImpl.java:355) ~[na:na]
	at java.base/sun.nio.ch.NioSocketImpl$1.read(NioSocketImpl.java:808) ~[na:na]
	at java.base/java.net.Socket$SocketInputStream.read(Socket.java:966) ~[na:na]
	at java.base/sun.security.ssl.SSLSocketInputRecord.read(SSLSocketInputRecord.java:484) ~[na:na]
	at java.base/sun.security.ssl.SSLSocketInputRecord.readHeader(SSLSocketInputRecord.java:478) ~[na:na]
	at java.base/sun.security.ssl.SSLSocketInputRecord.bytesInCompletePacket(SSLSocketInputRecord.java:70) ~[na:na]
	at java.base/sun.security.ssl.SSLSocketImpl.readApplicationRecord(SSLSocketImpl.java:1461) ~[na:na]
	at java.base/sun.security.ssl.SSLSocketImpl$AppInputStream.read(SSLSocketImpl.java:1065) ~[na:na]
	at com.mongodb.internal.connection.SocketStream.read(SocketStream.java:182) ~[mongodb-driver-core-5.2.1.jar:na]
	at com.mongodb.internal.connection.InternalStreamConnection.receiveResponseBuffers(InternalStreamConnection.java:829) ~[mongodb-driver-core-5.2.1.jar:na]
	... 4 common frames omitted

2026-05-18T18:59:06.583+01:00  INFO 11752 --- [SportService] [ngodb.net:27017] org.mongodb.driver.cluster               : Exception in monitor thread while connecting to server ac-khxyvkv-shard-00-01.ltylxsp.mongodb.net:27017

com.mongodb.MongoSocketReadException: Exception receiving message
	at com.mongodb.internal.connection.InternalStreamConnection.translateReadException(InternalStreamConnection.java:814) ~[mongodb-driver-core-5.2.1.jar:na]
	at com.mongodb.internal.connection.InternalStreamConnection.receiveResponseBuffers(InternalStreamConnection.java:862) ~[mongodb-driver-core-5.2.1.jar:na]
	at com.mongodb.internal.connection.InternalStreamConnection.receiveCommandMessageResponse(InternalStreamConnection.java:517) ~[mongodb-driver-core-5.2.1.jar:na]
	at com.mongodb.internal.connection.InternalStreamConnection.receive(InternalStreamConnection.java:469) ~[mongodb-driver-core-5.2.1.jar:na]
	at com.mongodb.internal.connection.DefaultServerMonitor$ServerMonitor.lookupServerDescription(DefaultServerMonitor.java:249) ~[mongodb-driver-core-5.2.1.jar:na]
	at com.mongodb.internal.connection.DefaultServerMonitor$ServerMonitor.run(DefaultServerMonitor.java:176) ~[mongodb-driver-core-5.2.1.jar:na]
Caused by: java.net.SocketException: Connection reset
	at java.base/sun.nio.ch.NioSocketImpl.implRead(NioSocketImpl.java:328) ~[na:na]
	at java.base/sun.nio.ch.NioSocketImpl.read(NioSocketImpl.java:355) ~[na:na]
	at java.base/sun.nio.ch.NioSocketImpl$1.read(NioSocketImpl.java:808) ~[na:na]
	at java.base/java.net.Socket$SocketInputStream.read(Socket.java:966) ~[na:na]
	at java.base/sun.security.ssl.SSLSocketInputRecord.read(SSLSocketInputRecord.java:484) ~[na:na]
	at java.base/sun.security.ssl.SSLSocketInputRecord.readHeader(SSLSocketInputRecord.java:478) ~[na:na]
	at java.base/sun.security.ssl.SSLSocketInputRecord.bytesInCompletePacket(SSLSocketInputRecord.java:70) ~[na:na]
	at java.base/sun.security.ssl.SSLSocketImpl.readApplicationRecord(SSLSocketImpl.java:1461) ~[na:na]
	at java.base/sun.security.ssl.SSLSocketImpl$AppInputStream.read(SSLSocketImpl.java:1065) ~[na:na]
	at com.mongodb.internal.connection.SocketStream.read(SocketStream.java:182) ~[mongodb-driver-core-5.2.1.jar:na]
	at com.mongodb.internal.connection.InternalStreamConnection.receiveResponseBuffers(InternalStreamConnection.java:829) ~[mongodb-driver-core-5.2.1.jar:na]
	... 4 common frames omitted

2026-05-18T18:59:06.582+01:00  INFO 11752 --- [SportService] [ngodb.net:27017] org.mongodb.driver.cluster               : Exception in monitor thread while connecting to server ac-khxyvkv-shard-00-02.ltylxsp.mongodb.net:27017

com.mongodb.MongoSocketReadException: Exception receiving message
	at com.mongodb.internal.connection.InternalStreamConnection.translateReadException(InternalStreamConnection.java:814) ~[mongodb-driver-core-5.2.1.jar:na]
	at com.mongodb.internal.connection.InternalStreamConnection.receiveResponseBuffers(InternalStreamConnection.java:862) ~[mongodb-driver-core-5.2.1.jar:na]
	at com.mongodb.internal.connection.InternalStreamConnection.receiveCommandMessageResponse(InternalStreamConnection.java:517) ~[mongodb-driver-core-5.2.1.jar:na]
	at com.mongodb.internal.connection.InternalStreamConnection.receive(InternalStreamConnection.java:469) ~[mongodb-driver-core-5.2.1.jar:na]
	at com.mongodb.internal.connection.DefaultServerMonitor$ServerMonitor.lookupServerDescription(DefaultServerMonitor.java:249) ~[mongodb-driver-core-5.2.1.jar:na]
	at com.mongodb.internal.connection.DefaultServerMonitor$ServerMonitor.run(DefaultServerMonitor.java:176) ~[mongodb-driver-core-5.2.1.jar:na]
Caused by: java.net.SocketException: Connection reset
	at java.base/sun.nio.ch.NioSocketImpl.implRead(NioSocketImpl.java:328) ~[na:na]
	at java.base/sun.nio.ch.NioSocketImpl.read(NioSocketImpl.java:355) ~[na:na]
	at java.base/sun.nio.ch.NioSocketImpl$1.read(NioSocketImpl.java:808) ~[na:na]
	at java.base/java.net.Socket$SocketInputStream.read(Socket.java:966) ~[na:na]
	at java.base/sun.security.ssl.SSLSocketInputRecord.read(SSLSocketInputRecord.java:484) ~[na:na]
	at java.base/sun.security.ssl.SSLSocketInputRecord.readHeader(SSLSocketInputRecord.java:478) ~[na:na]
	at java.base/sun.security.ssl.SSLSocketInputRecord.bytesInCompletePacket(SSLSocketInputRecord.java:70) ~[na:na]
	at java.base/sun.security.ssl.SSLSocketImpl.readApplicationRecord(SSLSocketImpl.java:1461) ~[na:na]
	at java.base/sun.security.ssl.SSLSocketImpl$AppInputStream.read(SSLSocketImpl.java:1065) ~[na:na]
	at com.mongodb.internal.connection.SocketStream.read(SocketStream.java:182) ~[mongodb-driver-core-5.2.1.jar:na]
	at com.mongodb.internal.connection.InternalStreamConnection.receiveResponseBuffers(InternalStreamConnection.java:829) ~[mongodb-driver-core-5.2.1.jar:na]
	... 4 common frames omitted

2026-05-18T18:59:15.252+01:00  INFO 11752 --- [SportService] [ngodb.net:27017] org.mongodb.driver.cluster               : Monitor thread successfully connected to server with description ServerDescription{address=ac-khxyvkv-shard-00-01.ltylxsp.mongodb.net:27017, type=REPLICA_SET_PRIMARY, cryptd=false, state=CONNECTED, ok=true, minWireVersion=0, maxWireVersion=25, maxDocumentSize=16777216, logicalSessionTimeoutMinutes=30, roundTripTimeNanos=7792770100, minRoundTripTimeNanos=0, setName='atlas-6x6yvm-shard-0', canonicalAddress=ac-khxyvkv-shard-00-01.ltylxsp.mongodb.net:27017, hosts=[ac-khxyvkv-shard-00-00.ltylxsp.mongodb.net:27017, ac-khxyvkv-shard-00-01.ltylxsp.mongodb.net:27017, ac-khxyvkv-shard-00-02.ltylxsp.mongodb.net:27017], passives=[], arbiters=[], primary='ac-khxyvkv-shard-00-01.ltylxsp.mongodb.net:27017', tagSet=TagSet{[Tag{name='availabilityZone', value='euw3-az2'}, Tag{name='cacheState', value='READY'}, Tag{name='diskState', value='READY'}, Tag{name='nodeType', value='ELECTABLE'}, Tag{name='provider', value='AWS'}, Tag{name='region', value='EU_WEST_3'}, Tag{name='workloadType', value='OPERATIONAL'}]}, electionId=7fffffff0000000000000069, setVersion=36, topologyVersion=TopologyVersion{processId=69fe370e7afba3a6519b2508, counter=6}, lastWriteDate=Mon May 18 18:59:06 WAT 2026, lastUpdateTimeNanos=204872863090900}
2026-05-18T18:59:15.263+01:00  INFO 11752 --- [SportService] [ngodb.net:27017] org.mongodb.driver.cluster               : Monitor thread successfully connected to server with description ServerDescription{address=ac-khxyvkv-shard-00-02.ltylxsp.mongodb.net:27017, type=REPLICA_SET_SECONDARY, cryptd=false, state=CONNECTED, ok=true, minWireVersion=0, maxWireVersion=25, maxDocumentSize=16777216, logicalSessionTimeoutMinutes=30, roundTripTimeNanos=7795482500, minRoundTripTimeNanos=0, setName='atlas-6x6yvm-shard-0', canonicalAddress=ac-khxyvkv-shard-00-02.ltylxsp.mongodb.net:27017, hosts=[ac-khxyvkv-shard-00-00.ltylxsp.mongodb.net:27017, ac-khxyvkv-shard-00-01.ltylxsp.mongodb.net:27017, ac-khxyvkv-shard-00-02.ltylxsp.mongodb.net:27017], passives=[], arbiters=[], primary='ac-khxyvkv-shard-00-01.ltylxsp.mongodb.net:27017', tagSet=TagSet{[Tag{name='availabilityZone', value='euw3-az3'}, Tag{name='cacheState', value='READY'}, Tag{name='diskState', value='READY'}, Tag{name='nodeType', value='ELECTABLE'}, Tag{name='provider', value='AWS'}, Tag{name='region', value='EU_WEST_3'}, Tag{name='workloadType', value='OPERATIONAL'}]}, electionId=null, setVersion=36, topologyVersion=TopologyVersion{processId=69fe3974932517ad87b461cb, counter=3}, lastWriteDate=Mon May 18 18:59:06 WAT 2026, lastUpdateTimeNanos=204872862918700}
2026-05-18T18:59:15.344+01:00  INFO 11752 --- [SportService] [ngodb.net:27017] org.mongodb.driver.cluster               : Discovered replica set primary ac-khxyvkv-shard-00-01.ltylxsp.mongodb.net:27017 with max election id 7fffffff0000000000000069 and max set version 36
2026-05-18T18:59:18.334+01:00  INFO 11752 --- [SportService] [ngodb.net:27017] org.mongodb.driver.cluster               : Monitor thread successfully connected to server with description ServerDescription{address=ac-khxyvkv-shard-00-00.ltylxsp.mongodb.net:27017, type=REPLICA_SET_SECONDARY, cryptd=false, state=CONNECTED, ok=true, minWireVersion=0, maxWireVersion=25, maxDocumentSize=16777216, logicalSessionTimeoutMinutes=30, roundTripTimeNanos=10790860600, minRoundTripTimeNanos=0, setName='atlas-6x6yvm-shard-0', canonicalAddress=ac-khxyvkv-shard-00-00.ltylxsp.mongodb.net:27017, hosts=[ac-khxyvkv-shard-00-00.ltylxsp.mongodb.net:27017, ac-khxyvkv-shard-00-01.ltylxsp.mongodb.net:27017, ac-khxyvkv-shard-00-02.ltylxsp.mongodb.net:27017], passives=[], arbiters=[], primary='ac-khxyvkv-shard-00-01.ltylxsp.mongodb.net:27017', tagSet=TagSet{[Tag{name='availabilityZone', value='euw3-az1'}, Tag{name='cacheState', value='READY'}, Tag{name='diskState', value='READY'}, Tag{name='nodeType', value='ELECTABLE'}, Tag{name='provider', value='AWS'}, Tag{name='region', value='EU_WEST_3'}, Tag{name='workloadType', value='OPERATIONAL'}]}, electionId=null, setVersion=36, topologyVersion=TopologyVersion{processId=69fe3480bce649a00b1f6b90, counter=4}, lastWriteDate=Mon May 18 18:59:15 WAT 2026, lastUpdateTimeNanos=204875986899100}
2026-05-18T20:43:53.775+01:00  INFO 11752 --- [SportService] [ngodb.net:27017] org.mongodb.driver.cluster               : Exception in monitor thread while connecting to server ac-khxyvkv-shard-00-02.ltylxsp.mongodb.net:27017

com.mongodb.MongoSocketReadException: Exception receiving message
	at com.mongodb.internal.connection.InternalStreamConnection.translateReadException(InternalStreamConnection.java:814) ~[mongodb-driver-core-5.2.1.jar:na]
	at com.mongodb.internal.connection.InternalStreamConnection.receiveResponseBuffers(InternalStreamConnection.java:862) ~[mongodb-driver-core-5.2.1.jar:na]
	at com.mongodb.internal.connection.InternalStreamConnection.receiveCommandMessageResponse(InternalStreamConnection.java:517) ~[mongodb-driver-core-5.2.1.jar:na]
	at com.mongodb.internal.connection.InternalStreamConnection.receive(InternalStreamConnection.java:469) ~[mongodb-driver-core-5.2.1.jar:na]
	at com.mongodb.internal.connection.DefaultServerMonitor$ServerMonitor.lookupServerDescription(DefaultServerMonitor.java:249) ~[mongodb-driver-core-5.2.1.jar:na]
	at com.mongodb.internal.connection.DefaultServerMonitor$ServerMonitor.run(DefaultServerMonitor.java:176) ~[mongodb-driver-core-5.2.1.jar:na]
Caused by: java.net.SocketException: Connection reset
	at java.base/sun.nio.ch.NioSocketImpl.implRead(NioSocketImpl.java:328) ~[na:na]
	at java.base/sun.nio.ch.NioSocketImpl.read(NioSocketImpl.java:355) ~[na:na]
	at java.base/sun.nio.ch.NioSocketImpl$1.read(NioSocketImpl.java:808) ~[na:na]
	at java.base/java.net.Socket$SocketInputStream.read(Socket.java:966) ~[na:na]
	at java.base/sun.security.ssl.SSLSocketInputRecord.read(SSLSocketInputRecord.java:484) ~[na:na]
	at java.base/sun.security.ssl.SSLSocketInputRecord.readHeader(SSLSocketInputRecord.java:478) ~[na:na]
	at java.base/sun.security.ssl.SSLSocketInputRecord.bytesInCompletePacket(SSLSocketInputRecord.java:70) ~[na:na]
	at java.base/sun.security.ssl.SSLSocketImpl.readApplicationRecord(SSLSocketImpl.java:1461) ~[na:na]
	at java.base/sun.security.ssl.SSLSocketImpl$AppInputStream.read(SSLSocketImpl.java:1065) ~[na:na]
	at com.mongodb.internal.connection.SocketStream.read(SocketStream.java:182) ~[mongodb-driver-core-5.2.1.jar:na]
	at com.mongodb.internal.connection.InternalStreamConnection.receiveResponseBuffers(InternalStreamConnection.java:829) ~[mongodb-driver-core-5.2.1.jar:na]
	... 4 common frames omitted

2026-05-18T20:43:53.765+01:00  INFO 11752 --- [SportService] [ngodb.net:27017] org.mongodb.driver.cluster               : Exception in monitor thread while connecting to server ac-khxyvkv-shard-00-00.ltylxsp.mongodb.net:27017

com.mongodb.MongoSocketReadException: Exception receiving message
	at com.mongodb.internal.connection.InternalStreamConnection.translateReadException(InternalStreamConnection.java:814) ~[mongodb-driver-core-5.2.1.jar:na]
	at com.mongodb.internal.connection.InternalStreamConnection.receiveResponseBuffers(InternalStreamConnection.java:862) ~[mongodb-driver-core-5.2.1.jar:na]
	at com.mongodb.internal.connection.InternalStreamConnection.receiveCommandMessageResponse(InternalStreamConnection.java:517) ~[mongodb-driver-core-5.2.1.jar:na]
	at com.mongodb.internal.connection.InternalStreamConnection.receive(InternalStreamConnection.java:469) ~[mongodb-driver-core-5.2.1.jar:na]
	at com.mongodb.internal.connection.DefaultServerMonitor$ServerMonitor.lookupServerDescription(DefaultServerMonitor.java:249) ~[mongodb-driver-core-5.2.1.jar:na]
	at com.mongodb.internal.connection.DefaultServerMonitor$ServerMonitor.run(DefaultServerMonitor.java:176) ~[mongodb-driver-core-5.2.1.jar:na]
Caused by: java.net.SocketException: Connection reset
	at java.base/sun.nio.ch.NioSocketImpl.implRead(NioSocketImpl.java:328) ~[na:na]
	at java.base/sun.nio.ch.NioSocketImpl.read(NioSocketImpl.java:355) ~[na:na]
	at java.base/sun.nio.ch.NioSocketImpl$1.read(NioSocketImpl.java:808) ~[na:na]
	at java.base/java.net.Socket$SocketInputStream.read(Socket.java:966) ~[na:na]
	at java.base/sun.security.ssl.SSLSocketInputRecord.read(SSLSocketInputRecord.java:484) ~[na:na]
	at java.base/sun.security.ssl.SSLSocketInputRecord.readHeader(SSLSocketInputRecord.java:478) ~[na:na]
	at java.base/sun.security.ssl.SSLSocketInputRecord.bytesInCompletePacket(SSLSocketInputRecord.java:70) ~[na:na]
	at java.base/sun.security.ssl.SSLSocketImpl.readApplicationRecord(SSLSocketImpl.java:1461) ~[na:na]
	at java.base/sun.security.ssl.SSLSocketImpl$AppInputStream.read(SSLSocketImpl.java:1065) ~[na:na]
	at com.mongodb.internal.connection.SocketStream.read(SocketStream.java:182) ~[mongodb-driver-core-5.2.1.jar:na]
	at com.mongodb.internal.connection.InternalStreamConnection.receiveResponseBuffers(InternalStreamConnection.java:829) ~[mongodb-driver-core-5.2.1.jar:na]
	... 4 common frames omitted

2026-05-18T20:43:53.794+01:00  INFO 11752 --- [SportService] [ngodb.net:27017] org.mongodb.driver.cluster               : Exception in monitor thread while connecting to server ac-khxyvkv-shard-00-01.ltylxsp.mongodb.net:27017

com.mongodb.MongoSocketReadException: Exception receiving message
	at com.mongodb.internal.connection.InternalStreamConnection.translateReadException(InternalStreamConnection.java:814) ~[mongodb-driver-core-5.2.1.jar:na]
	at com.mongodb.internal.connection.InternalStreamConnection.receiveResponseBuffers(InternalStreamConnection.java:862) ~[mongodb-driver-core-5.2.1.jar:na]
	at com.mongodb.internal.connection.InternalStreamConnection.receiveCommandMessageResponse(InternalStreamConnection.java:517) ~[mongodb-driver-core-5.2.1.jar:na]
	at com.mongodb.internal.connection.InternalStreamConnection.receive(InternalStreamConnection.java:469) ~[mongodb-driver-core-5.2.1.jar:na]
	at com.mongodb.internal.connection.DefaultServerMonitor$ServerMonitor.lookupServerDescription(DefaultServerMonitor.java:249) ~[mongodb-driver-core-5.2.1.jar:na]
	at com.mongodb.internal.connection.DefaultServerMonitor$ServerMonitor.run(DefaultServerMonitor.java:176) ~[mongodb-driver-core-5.2.1.jar:na]
Caused by: java.net.SocketException: Connection reset
	at java.base/sun.nio.ch.NioSocketImpl.implRead(NioSocketImpl.java:328) ~[na:na]
	at java.base/sun.nio.ch.NioSocketImpl.read(NioSocketImpl.java:355) ~[na:na]
	at java.base/sun.nio.ch.NioSocketImpl$1.read(NioSocketImpl.java:808) ~[na:na]
	at java.base/java.net.Socket$SocketInputStream.read(Socket.java:966) ~[na:na]
	at java.base/sun.security.ssl.SSLSocketInputRecord.read(SSLSocketInputRecord.java:484) ~[na:na]
	at java.base/sun.security.ssl.SSLSocketInputRecord.readHeader(SSLSocketInputRecord.java:478) ~[na:na]
	at java.base/sun.security.ssl.SSLSocketInputRecord.bytesInCompletePacket(SSLSocketInputRecord.java:70) ~[na:na]
	at java.base/sun.security.ssl.SSLSocketImpl.readApplicationRecord(SSLSocketImpl.java:1461) ~[na:na]
	at java.base/sun.security.ssl.SSLSocketImpl$AppInputStream.read(SSLSocketImpl.java:1065) ~[na:na]
	at com.mongodb.internal.connection.SocketStream.read(SocketStream.java:182) ~[mongodb-driver-core-5.2.1.jar:na]
	at com.mongodb.internal.connection.InternalStreamConnection.receiveResponseBuffers(InternalStreamConnection.java:829) ~[mongodb-driver-core-5.2.1.jar:na]
	... 4 common frames omitted

2026-05-18T20:43:54.059+01:00  INFO 11752 --- [SportService] [ngodb.net:27017] org.mongodb.driver.cluster               : Exception in monitor thread while connecting to server ac-khxyvkv-shard-00-02.ltylxsp.mongodb.net:27017

com.mongodb.MongoSocketException: Hôte inconnu (ac-khxyvkv-shard-00-02.ltylxsp.mongodb.net)
	at com.mongodb.internal.connection.ServerAddressHelper.getSocketAddresses(ServerAddressHelper.java:75) ~[mongodb-driver-core-5.2.1.jar:na]
	at com.mongodb.internal.connection.SocketStream.initializeSocket(SocketStream.java:100) ~[mongodb-driver-core-5.2.1.jar:na]
	at com.mongodb.internal.connection.SocketStream.open(SocketStream.java:79) ~[mongodb-driver-core-5.2.1.jar:na]
	at com.mongodb.internal.connection.InternalStreamConnection.open(InternalStreamConnection.java:233) ~[mongodb-driver-core-5.2.1.jar:na]
	at com.mongodb.internal.connection.DefaultServerMonitor$ServerMonitor.lookupServerDescription(DefaultServerMonitor.java:219) ~[mongodb-driver-core-5.2.1.jar:na]
	at com.mongodb.internal.connection.DefaultServerMonitor$ServerMonitor.run(DefaultServerMonitor.java:176) ~[mongodb-driver-core-5.2.1.jar:na]
Caused by: java.net.UnknownHostException: Hôte inconnu (ac-khxyvkv-shard-00-02.ltylxsp.mongodb.net)
	at java.base/java.net.Inet6AddressImpl.lookupAllHostAddr(Native Method) ~[na:na]
	at java.base/java.net.InetAddress$PlatformNameService.lookupAllHostAddr(InetAddress.java:933) ~[na:na]
	at java.base/java.net.InetAddress.getAddressesFromNameService(InetAddress.java:1543) ~[na:na]
	at java.base/java.net.InetAddress$NameServiceAddresses.get(InetAddress.java:852) ~[na:na]
	at java.base/java.net.InetAddress.getAllByName0(InetAddress.java:1532) ~[na:na]
	at java.base/java.net.InetAddress.getAllByName(InetAddress.java:1384) ~[na:na]
	at java.base/java.net.InetAddress.getAllByName(InetAddress.java:1305) ~[na:na]
	at com.mongodb.internal.connection.DefaultInetAddressResolver.lookupByName(DefaultInetAddressResolver.java:34) ~[mongodb-driver-core-5.2.1.jar:na]
	at com.mongodb.internal.connection.ServerAddressHelper.getSocketAddresses(ServerAddressHelper.java:71) ~[mongodb-driver-core-5.2.1.jar:na]
	... 5 common frames omitted

2026-05-18T20:43:54.070+01:00  INFO 11752 --- [SportService] [ngodb.net:27017] org.mongodb.driver.cluster               : Exception in monitor thread while connecting to server ac-khxyvkv-shard-00-01.ltylxsp.mongodb.net:27017

com.mongodb.MongoSocketException: Hôte inconnu (ac-khxyvkv-shard-00-01.ltylxsp.mongodb.net)
	at com.mongodb.internal.connection.ServerAddressHelper.getSocketAddresses(ServerAddressHelper.java:75) ~[mongodb-driver-core-5.2.1.jar:na]
	at com.mongodb.internal.connection.SocketStream.initializeSocket(SocketStream.java:100) ~[mongodb-driver-core-5.2.1.jar:na]
	at com.mongodb.internal.connection.SocketStream.open(SocketStream.java:79) ~[mongodb-driver-core-5.2.1.jar:na]
	at com.mongodb.internal.connection.InternalStreamConnection.open(InternalStreamConnection.java:233) ~[mongodb-driver-core-5.2.1.jar:na]
	at com.mongodb.internal.connection.DefaultServerMonitor$ServerMonitor.lookupServerDescription(DefaultServerMonitor.java:219) ~[mongodb-driver-core-5.2.1.jar:na]
	at com.mongodb.internal.connection.DefaultServerMonitor$ServerMonitor.run(DefaultServerMonitor.java:176) ~[mongodb-driver-core-5.2.1.jar:na]
Caused by: java.net.UnknownHostException: Hôte inconnu (ac-khxyvkv-shard-00-01.ltylxsp.mongodb.net)
	at java.base/java.net.Inet6AddressImpl.lookupAllHostAddr(Native Method) ~[na:na]
	at java.base/java.net.InetAddress$PlatformNameService.lookupAllHostAddr(InetAddress.java:933) ~[na:na]
	at java.base/java.net.InetAddress.getAddressesFromNameService(InetAddress.java:1543) ~[na:na]
	at java.base/java.net.InetAddress$NameServiceAddresses.get(InetAddress.java:852) ~[na:na]
	at java.base/java.net.InetAddress.getAllByName0(InetAddress.java:1532) ~[na:na]
	at java.base/java.net.InetAddress.getAllByName(InetAddress.java:1384) ~[na:na]
	at java.base/java.net.InetAddress.getAllByName(InetAddress.java:1305) ~[na:na]
	at com.mongodb.internal.connection.DefaultInetAddressResolver.lookupByName(DefaultInetAddressResolver.java:34) ~[mongodb-driver-core-5.2.1.jar:na]
	at com.mongodb.internal.connection.ServerAddressHelper.getSocketAddresses(ServerAddressHelper.java:71) ~[mongodb-driver-core-5.2.1.jar:na]
	... 5 common frames omitted

2026-05-18T20:43:54.068+01:00  INFO 11752 --- [SportService] [ngodb.net:27017] org.mongodb.driver.cluster               : Exception in monitor thread while connecting to server ac-khxyvkv-shard-00-00.ltylxsp.mongodb.net:27017

com.mongodb.MongoSocketException: Hôte inconnu (ac-khxyvkv-shard-00-00.ltylxsp.mongodb.net)
	at com.mongodb.internal.connection.ServerAddressHelper.getSocketAddresses(ServerAddressHelper.java:75) ~[mongodb-driver-core-5.2.1.jar:na]
	at com.mongodb.internal.connection.SocketStream.initializeSocket(SocketStream.java:100) ~[mongodb-driver-core-5.2.1.jar:na]
	at com.mongodb.internal.connection.SocketStream.open(SocketStream.java:79) ~[mongodb-driver-core-5.2.1.jar:na]
	at com.mongodb.internal.connection.InternalStreamConnection.open(InternalStreamConnection.java:233) ~[mongodb-driver-core-5.2.1.jar:na]
	at com.mongodb.internal.connection.DefaultServerMonitor$ServerMonitor.lookupServerDescription(DefaultServerMonitor.java:219) ~[mongodb-driver-core-5.2.1.jar:na]
	at com.mongodb.internal.connection.DefaultServerMonitor$ServerMonitor.run(DefaultServerMonitor.java:176) ~[mongodb-driver-core-5.2.1.jar:na]
Caused by: java.net.UnknownHostException: Hôte inconnu (ac-khxyvkv-shard-00-00.ltylxsp.mongodb.net)
	at java.base/java.net.Inet6AddressImpl.lookupAllHostAddr(Native Method) ~[na:na]
	at java.base/java.net.InetAddress$PlatformNameService.lookupAllHostAddr(InetAddress.java:933) ~[na:na]
	at java.base/java.net.InetAddress.getAddressesFromNameService(InetAddress.java:1543) ~[na:na]
	at java.base/java.net.InetAddress$NameServiceAddresses.get(InetAddress.java:852) ~[na:na]
	at java.base/java.net.InetAddress.getAllByName0(InetAddress.java:1532) ~[na:na]
	at java.base/java.net.InetAddress.getAllByName(InetAddress.java:1384) ~[na:na]
	at java.base/java.net.InetAddress.getAllByName(InetAddress.java:1305) ~[na:na]
	at com.mongodb.internal.connection.DefaultInetAddressResolver.lookupByName(DefaultInetAddressResolver.java:34) ~[mongodb-driver-core-5.2.1.jar:na]
	at com.mongodb.internal.connection.ServerAddressHelper.getSocketAddresses(ServerAddressHelper.java:71) ~[mongodb-driver-core-5.2.1.jar:na]
	... 5 common frames omitted

2026-05-18T20:59:12.528+01:00  INFO 11752 --- [SportService] [ngodb.net:27017] org.mongodb.driver.cluster               : Exception in monitor thread while connecting to server ac-khxyvkv-shard-00-01.ltylxsp.mongodb.net:27017

com.mongodb.MongoSocketOpenException: Exception opening socket
	at com.mongodb.internal.connection.SocketStream.lambda$open$0(SocketStream.java:85) ~[mongodb-driver-core-5.2.1.jar:na]
	at java.base/java.util.Optional.orElseThrow(Optional.java:403) ~[na:na]
	at com.mongodb.internal.connection.SocketStream.open(SocketStream.java:85) ~[mongodb-driver-core-5.2.1.jar:na]
	at com.mongodb.internal.connection.InternalStreamConnection.open(InternalStreamConnection.java:233) ~[mongodb-driver-core-5.2.1.jar:na]
	at com.mongodb.internal.connection.DefaultServerMonitor$ServerMonitor.lookupServerDescription(DefaultServerMonitor.java:219) ~[mongodb-driver-core-5.2.1.jar:na]
	at com.mongodb.internal.connection.DefaultServerMonitor$ServerMonitor.run(DefaultServerMonitor.java:176) ~[mongodb-driver-core-5.2.1.jar:na]
Caused by: java.net.SocketTimeoutException: Connect timed out
	at java.base/sun.nio.ch.NioSocketImpl.timedFinishConnect(NioSocketImpl.java:551) ~[na:na]
	at java.base/sun.nio.ch.NioSocketImpl.connect(NioSocketImpl.java:602) ~[na:na]
	at java.base/java.net.SocksSocketImpl.connect(SocksSocketImpl.java:327) ~[na:na]
	at java.base/java.net.Socket.connect(Socket.java:633) ~[na:na]
	at java.base/sun.security.ssl.SSLSocketImpl.connect(SSLSocketImpl.java:304) ~[na:na]
	at com.mongodb.internal.connection.SocketStreamHelper.initialize(SocketStreamHelper.java:76) ~[mongodb-driver-core-5.2.1.jar:na]
	at com.mongodb.internal.connection.SocketStream.initializeSocket(SocketStream.java:104) ~[mongodb-driver-core-5.2.1.jar:na]
	at com.mongodb.internal.connection.SocketStream.open(SocketStream.java:79) ~[mongodb-driver-core-5.2.1.jar:na]
	... 3 common frames omitted

2026-05-18T20:59:12.966+01:00  INFO 11752 --- [SportService] [ngodb.net:27017] org.mongodb.driver.cluster               : Exception in monitor thread while connecting to server ac-khxyvkv-shard-00-02.ltylxsp.mongodb.net:27017

com.mongodb.MongoSocketReadTimeoutException: Timeout while receiving message
	at com.mongodb.internal.connection.InternalStreamConnection.createReadTimeoutException(InternalStreamConnection.java:824) ~[mongodb-driver-core-5.2.1.jar:na]
	at com.mongodb.internal.connection.InternalStreamConnection.translateReadException(InternalStreamConnection.java:812) ~[mongodb-driver-core-5.2.1.jar:na]
	at com.mongodb.internal.connection.InternalStreamConnection.receiveResponseBuffers(InternalStreamConnection.java:862) ~[mongodb-driver-core-5.2.1.jar:na]
	at com.mongodb.internal.connection.InternalStreamConnection.receiveCommandMessageResponse(InternalStreamConnection.java:517) ~[mongodb-driver-core-5.2.1.jar:na]
	at com.mongodb.internal.connection.InternalStreamConnection.sendAndReceiveInternal(InternalStreamConnection.java:448) ~[mongodb-driver-core-5.2.1.jar:na]
	at com.mongodb.internal.connection.InternalStreamConnection.lambda$sendAndReceive$0(InternalStreamConnection.java:375) ~[mongodb-driver-core-5.2.1.jar:na]
	at com.mongodb.internal.connection.InternalStreamConnection.sendAndReceive(InternalStreamConnection.java:378) ~[mongodb-driver-core-5.2.1.jar:na]
	at com.mongodb.internal.connection.CommandHelper.sendAndReceive(CommandHelper.java:100) ~[mongodb-driver-core-5.2.1.jar:na]
	at com.mongodb.internal.connection.CommandHelper.executeCommand(CommandHelper.java:49) ~[mongodb-driver-core-5.2.1.jar:na]
	at com.mongodb.internal.connection.InternalStreamConnectionInitializer.initializeConnectionDescription(InternalStreamConnectionInitializer.java:144) ~[mongodb-driver-core-5.2.1.jar:na]
	at com.mongodb.internal.connection.InternalStreamConnectionInitializer.startHandshake(InternalStreamConnectionInitializer.java:79) ~[mongodb-driver-core-5.2.1.jar:na]
	at com.mongodb.internal.connection.InternalStreamConnection.open(InternalStreamConnection.java:235) ~[mongodb-driver-core-5.2.1.jar:na]
	at com.mongodb.internal.connection.DefaultServerMonitor$ServerMonitor.lookupServerDescription(DefaultServerMonitor.java:219) ~[mongodb-driver-core-5.2.1.jar:na]
	at com.mongodb.internal.connection.DefaultServerMonitor$ServerMonitor.run(DefaultServerMonitor.java:176) ~[mongodb-driver-core-5.2.1.jar:na]
Caused by: java.net.SocketTimeoutException: Read timed out
	at java.base/sun.nio.ch.NioSocketImpl.timedRead(NioSocketImpl.java:288) ~[na:na]
	at java.base/sun.nio.ch.NioSocketImpl.implRead(NioSocketImpl.java:314) ~[na:na]
	at java.base/sun.nio.ch.NioSocketImpl.read(NioSocketImpl.java:355) ~[na:na]
	at java.base/sun.nio.ch.NioSocketImpl$1.read(NioSocketImpl.java:808) ~[na:na]
	at java.base/java.net.Socket$SocketInputStream.read(Socket.java:966) ~[na:na]
	at java.base/sun.security.ssl.SSLSocketInputRecord.read(SSLSocketInputRecord.java:484) ~[na:na]
	at java.base/sun.security.ssl.SSLSocketInputRecord.readHeader(SSLSocketInputRecord.java:478) ~[na:na]
	at java.base/sun.security.ssl.SSLSocketInputRecord.bytesInCompletePacket(SSLSocketInputRecord.java:70) ~[na:na]
	at java.base/sun.security.ssl.SSLSocketImpl.readApplicationRecord(SSLSocketImpl.java:1461) ~[na:na]
	at java.base/sun.security.ssl.SSLSocketImpl$AppInputStream.read(SSLSocketImpl.java:1065) ~[na:na]
	at com.mongodb.internal.connection.SocketStream.read(SocketStream.java:182) ~[mongodb-driver-core-5.2.1.jar:na]
	at com.mongodb.internal.connection.InternalStreamConnection.receiveResponseBuffers(InternalStreamConnection.java:829) ~[mongodb-driver-core-5.2.1.jar:na]
	... 11 common frames omitted

2026-05-18T20:59:14.314+01:00  INFO 11752 --- [SportService] [ngodb.net:27017] org.mongodb.driver.cluster               : Exception in monitor thread while connecting to server ac-khxyvkv-shard-00-00.ltylxsp.mongodb.net:27017

com.mongodb.MongoSocketOpenException: Exception opening socket
	at com.mongodb.internal.connection.SocketStream.lambda$open$0(SocketStream.java:85) ~[mongodb-driver-core-5.2.1.jar:na]
	at java.base/java.util.Optional.orElseThrow(Optional.java:403) ~[na:na]
	at com.mongodb.internal.connection.SocketStream.open(SocketStream.java:85) ~[mongodb-driver-core-5.2.1.jar:na]
	at com.mongodb.internal.connection.InternalStreamConnection.open(InternalStreamConnection.java:233) ~[mongodb-driver-core-5.2.1.jar:na]
	at com.mongodb.internal.connection.DefaultServerMonitor$ServerMonitor.lookupServerDescription(DefaultServerMonitor.java:219) ~[mongodb-driver-core-5.2.1.jar:na]
	at com.mongodb.internal.connection.DefaultServerMonitor$ServerMonitor.run(DefaultServerMonitor.java:176) ~[mongodb-driver-core-5.2.1.jar:na]
Caused by: java.net.SocketTimeoutException: Connect timed out
	at java.base/sun.nio.ch.NioSocketImpl.timedFinishConnect(NioSocketImpl.java:551) ~[na:na]
	at java.base/sun.nio.ch.NioSocketImpl.connect(NioSocketImpl.java:602) ~[na:na]
	at java.base/java.net.SocksSocketImpl.connect(SocksSocketImpl.java:327) ~[na:na]
	at java.base/java.net.Socket.connect(Socket.java:633) ~[na:na]
	at java.base/sun.security.ssl.SSLSocketImpl.connect(SSLSocketImpl.java:304) ~[na:na]
	at com.mongodb.internal.connection.SocketStreamHelper.initialize(SocketStreamHelper.java:76) ~[mongodb-driver-core-5.2.1.jar:na]
	at com.mongodb.internal.connection.SocketStream.initializeSocket(SocketStream.java:104) ~[mongodb-driver-core-5.2.1.jar:na]
	at com.mongodb.internal.connection.SocketStream.open(SocketStream.java:79) ~[mongodb-driver-core-5.2.1.jar:na]
	... 3 common frames omitted

2026-05-18T20:59:23.786+01:00  INFO 11752 --- [SportService] [ngodb.net:27017] org.mongodb.driver.cluster               : Monitor thread successfully connected to server with description ServerDescription{address=ac-khxyvkv-shard-00-02.ltylxsp.mongodb.net:27017, type=REPLICA_SET_SECONDARY, cryptd=false, state=CONNECTED, ok=true, minWireVersion=0, maxWireVersion=25, maxDocumentSize=16777216, logicalSessionTimeoutMinutes=30, roundTripTimeNanos=491931700, minRoundTripTimeNanos=0, setName='atlas-6x6yvm-shard-0', canonicalAddress=ac-khxyvkv-shard-00-02.ltylxsp.mongodb.net:27017, hosts=[ac-khxyvkv-shard-00-00.ltylxsp.mongodb.net:27017, ac-khxyvkv-shard-00-01.ltylxsp.mongodb.net:27017, ac-khxyvkv-shard-00-02.ltylxsp.mongodb.net:27017], passives=[], arbiters=[], primary='ac-khxyvkv-shard-00-01.ltylxsp.mongodb.net:27017', tagSet=TagSet{[Tag{name='availabilityZone', value='euw3-az3'}, Tag{name='cacheState', value='READY'}, Tag{name='diskState', value='READY'}, Tag{name='nodeType', value='ELECTABLE'}, Tag{name='provider', value='AWS'}, Tag{name='region', value='EU_WEST_3'}, Tag{name='workloadType', value='OPERATIONAL'}]}, electionId=null, setVersion=36, topologyVersion=TopologyVersion{processId=69fe3974932517ad87b461cb, counter=3}, lastWriteDate=Mon May 18 20:59:22 WAT 2026, lastUpdateTimeNanos=212081385651100}
2026-05-18T20:59:24.518+01:00  INFO 11752 --- [SportService] [ngodb.net:27017] org.mongodb.driver.cluster               : Monitor thread successfully connected to server with description ServerDescription{address=ac-khxyvkv-shard-00-00.ltylxsp.mongodb.net:27017, type=REPLICA_SET_SECONDARY, cryptd=false, state=CONNECTED, ok=true, minWireVersion=0, maxWireVersion=25, maxDocumentSize=16777216, logicalSessionTimeoutMinutes=30, roundTripTimeNanos=149426600, minRoundTripTimeNanos=0, setName='atlas-6x6yvm-shard-0', canonicalAddress=ac-khxyvkv-shard-00-00.ltylxsp.mongodb.net:27017, hosts=[ac-khxyvkv-shard-00-00.ltylxsp.mongodb.net:27017, ac-khxyvkv-shard-00-01.ltylxsp.mongodb.net:27017, ac-khxyvkv-shard-00-02.ltylxsp.mongodb.net:27017], passives=[], arbiters=[], primary='ac-khxyvkv-shard-00-01.ltylxsp.mongodb.net:27017', tagSet=TagSet{[Tag{name='availabilityZone', value='euw3-az1'}, Tag{name='cacheState', value='READY'}, Tag{name='diskState', value='READY'}, Tag{name='nodeType', value='ELECTABLE'}, Tag{name='provider', value='AWS'}, Tag{name='region', value='EU_WEST_3'}, Tag{name='workloadType', value='OPERATIONAL'}]}, electionId=null, setVersion=36, topologyVersion=TopologyVersion{processId=69fe3480bce649a00b1f6b90, counter=4}, lastWriteDate=Mon May 18 20:59:23 WAT 2026, lastUpdateTimeNanos=212082173673100}
2026-05-18T20:59:32.999+01:00  INFO 11752 --- [SportService] [ngodb.net:27017] org.mongodb.driver.cluster               : Exception in monitor thread while connecting to server ac-khxyvkv-shard-00-01.ltylxsp.mongodb.net:27017

com.mongodb.MongoSocketReadTimeoutException: Timeout while receiving message
	at com.mongodb.internal.connection.InternalStreamConnection.createReadTimeoutException(InternalStreamConnection.java:824) ~[mongodb-driver-core-5.2.1.jar:na]
	at com.mongodb.internal.connection.InternalStreamConnection.translateReadException(InternalStreamConnection.java:812) ~[mongodb-driver-core-5.2.1.jar:na]
	at com.mongodb.internal.connection.InternalStreamConnection.receiveResponseBuffers(InternalStreamConnection.java:862) ~[mongodb-driver-core-5.2.1.jar:na]
	at com.mongodb.internal.connection.InternalStreamConnection.receiveCommandMessageResponse(InternalStreamConnection.java:517) ~[mongodb-driver-core-5.2.1.jar:na]
	at com.mongodb.internal.connection.InternalStreamConnection.sendAndReceiveInternal(InternalStreamConnection.java:448) ~[mongodb-driver-core-5.2.1.jar:na]
	at com.mongodb.internal.connection.InternalStreamConnection.lambda$sendAndReceive$0(InternalStreamConnection.java:375) ~[mongodb-driver-core-5.2.1.jar:na]
	at com.mongodb.internal.connection.InternalStreamConnection.sendAndReceive(InternalStreamConnection.java:378) ~[mongodb-driver-core-5.2.1.jar:na]
	at com.mongodb.internal.connection.CommandHelper.sendAndReceive(CommandHelper.java:100) ~[mongodb-driver-core-5.2.1.jar:na]
	at com.mongodb.internal.connection.CommandHelper.executeCommand(CommandHelper.java:49) ~[mongodb-driver-core-5.2.1.jar:na]
	at com.mongodb.internal.connection.InternalStreamConnectionInitializer.initializeConnectionDescription(InternalStreamConnectionInitializer.java:144) ~[mongodb-driver-core-5.2.1.jar:na]
	at com.mongodb.internal.connection.InternalStreamConnectionInitializer.startHandshake(InternalStreamConnectionInitializer.java:79) ~[mongodb-driver-core-5.2.1.jar:na]
	at com.mongodb.internal.connection.InternalStreamConnection.open(InternalStreamConnection.java:235) ~[mongodb-driver-core-5.2.1.jar:na]
	at com.mongodb.internal.connection.DefaultServerMonitor$ServerMonitor.lookupServerDescription(DefaultServerMonitor.java:219) ~[mongodb-driver-core-5.2.1.jar:na]
	at com.mongodb.internal.connection.DefaultServerMonitor$ServerMonitor.run(DefaultServerMonitor.java:176) ~[mongodb-driver-core-5.2.1.jar:na]
Caused by: java.net.SocketTimeoutException: Read timed out
	at java.base/sun.nio.ch.NioSocketImpl.timedRead(NioSocketImpl.java:288) ~[na:na]
	at java.base/sun.nio.ch.NioSocketImpl.implRead(NioSocketImpl.java:314) ~[na:na]
	at java.base/sun.nio.ch.NioSocketImpl.read(NioSocketImpl.java:355) ~[na:na]
	at java.base/sun.nio.ch.NioSocketImpl$1.read(NioSocketImpl.java:808) ~[na:na]
	at java.base/java.net.Socket$SocketInputStream.read(Socket.java:966) ~[na:na]
	at java.base/sun.security.ssl.SSLSocketInputRecord.read(SSLSocketInputRecord.java:484) ~[na:na]
	at java.base/sun.security.ssl.SSLSocketInputRecord.readHeader(SSLSocketInputRecord.java:478) ~[na:na]
	at java.base/sun.security.ssl.SSLSocketInputRecord.bytesInCompletePacket(SSLSocketInputRecord.java:70) ~[na:na]
	at java.base/sun.security.ssl.SSLSocketImpl.readApplicationRecord(SSLSocketImpl.java:1461) ~[na:na]
	at java.base/sun.security.ssl.SSLSocketImpl$AppInputStream.read(SSLSocketImpl.java:1065) ~[na:na]
	at com.mongodb.internal.connection.SocketStream.read(SocketStream.java:182) ~[mongodb-driver-core-5.2.1.jar:na]
	at com.mongodb.internal.connection.InternalStreamConnection.receiveResponseBuffers(InternalStreamConnection.java:829) ~[mongodb-driver-core-5.2.1.jar:na]
	... 11 common frames omitted

2026-05-18T20:59:43.158+01:00  INFO 11752 --- [SportService] [ngodb.net:27017] org.mongodb.driver.cluster               : Monitor thread successfully connected to server with description ServerDescription{address=ac-khxyvkv-shard-00-01.ltylxsp.mongodb.net:27017, type=REPLICA_SET_PRIMARY, cryptd=false, state=CONNECTED, ok=true, minWireVersion=0, maxWireVersion=25, maxDocumentSize=16777216, logicalSessionTimeoutMinutes=30, roundTripTimeNanos=100950900, minRoundTripTimeNanos=0, setName='atlas-6x6yvm-shard-0', canonicalAddress=ac-khxyvkv-shard-00-01.ltylxsp.mongodb.net:27017, hosts=[ac-khxyvkv-shard-00-00.ltylxsp.mongodb.net:27017, ac-khxyvkv-shard-00-01.ltylxsp.mongodb.net:27017, ac-khxyvkv-shard-00-02.ltylxsp.mongodb.net:27017], passives=[], arbiters=[], primary='ac-khxyvkv-shard-00-01.ltylxsp.mongodb.net:27017', tagSet=TagSet{[Tag{name='availabilityZone', value='euw3-az2'}, Tag{name='cacheState', value='READY'}, Tag{name='diskState', value='READY'}, Tag{name='nodeType', value='ELECTABLE'}, Tag{name='provider', value='AWS'}, Tag{name='region', value='EU_WEST_3'}, Tag{name='workloadType', value='OPERATIONAL'}]}, electionId=7fffffff0000000000000069, setVersion=36, topologyVersion=TopologyVersion{processId=69fe370e7afba3a6519b2508, counter=6}, lastWriteDate=Mon May 18 20:59:41 WAT 2026, lastUpdateTimeNanos=212100813193200}
2026-05-18T20:59:43.195+01:00  INFO 11752 --- [SportService] [ngodb.net:27017] org.mongodb.driver.cluster               : Discovered replica set primary ac-khxyvkv-shard-00-01.ltylxsp.mongodb.net:27017 with max election id 7fffffff0000000000000069 and max set version 36
2026-05-18T21:01:51.735+01:00  INFO 11752 --- [SportService] [ngodb.net:27017] org.mongodb.driver.cluster               : Exception in monitor thread while connecting to server ac-khxyvkv-shard-00-00.ltylxsp.mongodb.net:27017

com.mongodb.MongoSocketReadException: Prematurely reached end of stream
	at com.mongodb.internal.connection.SocketStream.read(SocketStream.java:184) ~[mongodb-driver-core-5.2.1.jar:na]
	at com.mongodb.internal.connection.InternalStreamConnection.receiveResponseBuffers(InternalStreamConnection.java:829) ~[mongodb-driver-core-5.2.1.jar:na]
	at com.mongodb.internal.connection.InternalStreamConnection.receiveCommandMessageResponse(InternalStreamConnection.java:517) ~[mongodb-driver-core-5.2.1.jar:na]
	at com.mongodb.internal.connection.InternalStreamConnection.receive(InternalStreamConnection.java:469) ~[mongodb-driver-core-5.2.1.jar:na]
	at com.mongodb.internal.connection.DefaultServerMonitor$ServerMonitor.lookupServerDescription(DefaultServerMonitor.java:249) ~[mongodb-driver-core-5.2.1.jar:na]
	at com.mongodb.internal.connection.DefaultServerMonitor$ServerMonitor.run(DefaultServerMonitor.java:176) ~[mongodb-driver-core-5.2.1.jar:na]

2026-05-18T21:01:54.105+01:00  INFO 11752 --- [SportService] [ngodb.net:27017] org.mongodb.driver.cluster               : Exception in monitor thread while connecting to server ac-khxyvkv-shard-00-00.ltylxsp.mongodb.net:27017

com.mongodb.MongoSocketOpenException: Exception opening socket
	at com.mongodb.internal.connection.SocketStream.lambda$open$0(SocketStream.java:85) ~[mongodb-driver-core-5.2.1.jar:na]
	at java.base/java.util.Optional.orElseThrow(Optional.java:403) ~[na:na]
	at com.mongodb.internal.connection.SocketStream.open(SocketStream.java:85) ~[mongodb-driver-core-5.2.1.jar:na]
	at com.mongodb.internal.connection.InternalStreamConnection.open(InternalStreamConnection.java:233) ~[mongodb-driver-core-5.2.1.jar:na]
	at com.mongodb.internal.connection.DefaultServerMonitor$ServerMonitor.lookupServerDescription(DefaultServerMonitor.java:219) ~[mongodb-driver-core-5.2.1.jar:na]
	at com.mongodb.internal.connection.DefaultServerMonitor$ServerMonitor.run(DefaultServerMonitor.java:176) ~[mongodb-driver-core-5.2.1.jar:na]
Caused by: java.net.ConnectException: Connection refused: no further information
	at java.base/sun.nio.ch.Net.pollConnect(Native Method) ~[na:na]
	at java.base/sun.nio.ch.Net.pollConnectNow(Net.java:672) ~[na:na]
	at java.base/sun.nio.ch.NioSocketImpl.timedFinishConnect(NioSocketImpl.java:554) ~[na:na]
	at java.base/sun.nio.ch.NioSocketImpl.connect(NioSocketImpl.java:602) ~[na:na]
	at java.base/java.net.SocksSocketImpl.connect(SocksSocketImpl.java:327) ~[na:na]
	at java.base/java.net.Socket.connect(Socket.java:633) ~[na:na]
	at java.base/sun.security.ssl.SSLSocketImpl.connect(SSLSocketImpl.java:304) ~[na:na]
	at com.mongodb.internal.connection.SocketStreamHelper.initialize(SocketStreamHelper.java:76) ~[mongodb-driver-core-5.2.1.jar:na]
	at com.mongodb.internal.connection.SocketStream.initializeSocket(SocketStream.java:104) ~[mongodb-driver-core-5.2.1.jar:na]
	at com.mongodb.internal.connection.SocketStream.open(SocketStream.java:79) ~[mongodb-driver-core-5.2.1.jar:na]
	... 3 common frames omitted

2026-05-18T21:07:34.029+01:00  INFO 11752 --- [SportService] [ngodb.net:27017] org.mongodb.driver.cluster               : Monitor thread successfully connected to server with description ServerDescription{address=ac-khxyvkv-shard-00-00.ltylxsp.mongodb.net:27017, type=REPLICA_SET_SECONDARY, cryptd=false, state=CONNECTED, ok=true, minWireVersion=0, maxWireVersion=25, maxDocumentSize=16777216, logicalSessionTimeoutMinutes=30, roundTripTimeNanos=10034212300, minRoundTripTimeNanos=0, setName='atlas-6x6yvm-shard-0', canonicalAddress=ac-khxyvkv-shard-00-00.ltylxsp.mongodb.net:27017, hosts=[ac-khxyvkv-shard-00-00.ltylxsp.mongodb.net:27017, ac-khxyvkv-shard-00-01.ltylxsp.mongodb.net:27017, ac-khxyvkv-shard-00-02.ltylxsp.mongodb.net:27017], passives=[], arbiters=[], primary='ac-khxyvkv-shard-00-01.ltylxsp.mongodb.net:27017', tagSet=TagSet{[Tag{name='availabilityZone', value='euw3-az1'}, Tag{name='cacheState', value='READY'}, Tag{name='diskState', value='READY'}, Tag{name='nodeType', value='ELECTABLE'}, Tag{name='provider', value='AWS'}, Tag{name='region', value='EU_WEST_3'}, Tag{name='workloadType', value='OPERATIONAL'}]}, electionId=null, setVersion=36, topologyVersion=TopologyVersion{processId=6a0b71594350e6bbf1a71fd2, counter=3}, lastWriteDate=Mon May 18 21:07:32 WAT 2026, lastUpdateTimeNanos=212571680186600}
2026-05-18T21:10:17.471+01:00  INFO 11752 --- [SportService] [ngodb.net:27017] org.mongodb.driver.cluster               : Exception in monitor thread while connecting to server ac-khxyvkv-shard-00-02.ltylxsp.mongodb.net:27017

com.mongodb.MongoNodeIsRecoveringException: Command failed with error 91 (ShutdownInProgress): 'The server is in quiesce mode and will shut down' on server ac-khxyvkv-shard-00-02.ltylxsp.mongodb.net:27017. The full response is {"topologyVersion": {"processId": {"$oid": "69fe3974932517ad87b461cb"}, "counter": 4}, "ok": 0.0, "errmsg": "The server is in quiesce mode and will shut down", "code": 91, "codeName": "ShutdownInProgress", "remainingQuiesceTimeMillis": 14998, "$clusterTime": {"clusterTime": {"$timestamp": {"t": 1779135015, "i": 1}}, "signature": {"hash": {"$binary": {"base64": "HsslZnI/BQI/JhZsV2q9eJJM6KQ=", "subType": "00"}}, "keyId": 7581590937936068671}}, "operationTime": {"$timestamp": {"t": 1779135015, "i": 1}}}
	at com.mongodb.internal.connection.ProtocolHelper.createSpecialException(ProtocolHelper.java:264) ~[mongodb-driver-core-5.2.1.jar:na]
	at com.mongodb.internal.connection.ProtocolHelper.getCommandFailureException(ProtocolHelper.java:206) ~[mongodb-driver-core-5.2.1.jar:na]
	at com.mongodb.internal.connection.InternalStreamConnection.receiveCommandMessageResponse(InternalStreamConnection.java:520) ~[mongodb-driver-core-5.2.1.jar:na]
	at com.mongodb.internal.connection.InternalStreamConnection.receive(InternalStreamConnection.java:469) ~[mongodb-driver-core-5.2.1.jar:na]
	at com.mongodb.internal.connection.DefaultServerMonitor$ServerMonitor.lookupServerDescription(DefaultServerMonitor.java:249) ~[mongodb-driver-core-5.2.1.jar:na]
	at com.mongodb.internal.connection.DefaultServerMonitor$ServerMonitor.run(DefaultServerMonitor.java:176) ~[mongodb-driver-core-5.2.1.jar:na]

2026-05-18T21:10:41.874+01:00  INFO 11752 --- [SportService] [ngodb.net:27017] org.mongodb.driver.cluster               : Exception in monitor thread while connecting to server ac-khxyvkv-shard-00-02.ltylxsp.mongodb.net:27017

com.mongodb.MongoSocketReadTimeoutException: Timeout while receiving message
	at com.mongodb.internal.connection.InternalStreamConnection.createReadTimeoutException(InternalStreamConnection.java:824) ~[mongodb-driver-core-5.2.1.jar:na]
	at com.mongodb.internal.connection.InternalStreamConnection.translateReadException(InternalStreamConnection.java:812) ~[mongodb-driver-core-5.2.1.jar:na]
	at com.mongodb.internal.connection.InternalStreamConnection.receiveResponseBuffers(InternalStreamConnection.java:862) ~[mongodb-driver-core-5.2.1.jar:na]
	at com.mongodb.internal.connection.InternalStreamConnection.receiveCommandMessageResponse(InternalStreamConnection.java:517) ~[mongodb-driver-core-5.2.1.jar:na]
	at com.mongodb.internal.connection.InternalStreamConnection.sendAndReceiveInternal(InternalStreamConnection.java:448) ~[mongodb-driver-core-5.2.1.jar:na]
	at com.mongodb.internal.connection.InternalStreamConnection.lambda$sendAndReceive$0(InternalStreamConnection.java:375) ~[mongodb-driver-core-5.2.1.jar:na]
	at com.mongodb.internal.connection.InternalStreamConnection.sendAndReceive(InternalStreamConnection.java:378) ~[mongodb-driver-core-5.2.1.jar:na]
	at com.mongodb.internal.connection.CommandHelper.sendAndReceive(CommandHelper.java:100) ~[mongodb-driver-core-5.2.1.jar:na]
	at com.mongodb.internal.connection.CommandHelper.executeCommand(CommandHelper.java:49) ~[mongodb-driver-core-5.2.1.jar:na]
	at com.mongodb.internal.connection.InternalStreamConnectionInitializer.initializeConnectionDescription(InternalStreamConnectionInitializer.java:144) ~[mongodb-driver-core-5.2.1.jar:na]
	at com.mongodb.internal.connection.InternalStreamConnectionInitializer.startHandshake(InternalStreamConnectionInitializer.java:79) ~[mongodb-driver-core-5.2.1.jar:na]
	at com.mongodb.internal.connection.InternalStreamConnection.open(InternalStreamConnection.java:235) ~[mongodb-driver-core-5.2.1.jar:na]
	at com.mongodb.internal.connection.DefaultServerMonitor$ServerMonitor.lookupServerDescription(DefaultServerMonitor.java:219) ~[mongodb-driver-core-5.2.1.jar:na]
	at com.mongodb.internal.connection.DefaultServerMonitor$ServerMonitor.run(DefaultServerMonitor.java:176) ~[mongodb-driver-core-5.2.1.jar:na]
Caused by: java.net.SocketTimeoutException: Read timed out
	at java.base/sun.nio.ch.NioSocketImpl.timedRead(NioSocketImpl.java:288) ~[na:na]
	at java.base/sun.nio.ch.NioSocketImpl.implRead(NioSocketImpl.java:314) ~[na:na]
	at java.base/sun.nio.ch.NioSocketImpl.read(NioSocketImpl.java:355) ~[na:na]
	at java.base/sun.nio.ch.NioSocketImpl$1.read(NioSocketImpl.java:808) ~[na:na]
	at java.base/java.net.Socket$SocketInputStream.read(Socket.java:966) ~[na:na]
	at java.base/sun.security.ssl.SSLSocketInputRecord.read(SSLSocketInputRecord.java:484) ~[na:na]
	at java.base/sun.security.ssl.SSLSocketInputRecord.readHeader(SSLSocketInputRecord.java:478) ~[na:na]
	at java.base/sun.security.ssl.SSLSocketInputRecord.bytesInCompletePacket(SSLSocketInputRecord.java:70) ~[na:na]
	at java.base/sun.security.ssl.SSLSocketImpl.readApplicationRecord(SSLSocketImpl.java:1461) ~[na:na]
	at java.base/sun.security.ssl.SSLSocketImpl$AppInputStream.read(SSLSocketImpl.java:1065) ~[na:na]
	at com.mongodb.internal.connection.SocketStream.read(SocketStream.java:182) ~[mongodb-driver-core-5.2.1.jar:na]
	at com.mongodb.internal.connection.InternalStreamConnection.receiveResponseBuffers(InternalStreamConnection.java:829) ~[mongodb-driver-core-5.2.1.jar:na]
	... 11 common frames omitted

2026-05-18T21:10:54.154+01:00  INFO 11752 --- [SportService] [ngodb.net:27017] org.mongodb.driver.cluster               : Exception in monitor thread while connecting to server ac-khxyvkv-shard-00-02.ltylxsp.mongodb.net:27017

com.mongodb.MongoSocketOpenException: Exception opening socket
	at com.mongodb.internal.connection.SocketStream.lambda$open$0(SocketStream.java:85) ~[mongodb-driver-core-5.2.1.jar:na]
	at java.base/java.util.Optional.orElseThrow(Optional.java:403) ~[na:na]
	at com.mongodb.internal.connection.SocketStream.open(SocketStream.java:85) ~[mongodb-driver-core-5.2.1.jar:na]
	at com.mongodb.internal.connection.InternalStreamConnection.open(InternalStreamConnection.java:233) ~[mongodb-driver-core-5.2.1.jar:na]
	at com.mongodb.internal.connection.DefaultServerMonitor$ServerMonitor.lookupServerDescription(DefaultServerMonitor.java:219) ~[mongodb-driver-core-5.2.1.jar:na]
	at com.mongodb.internal.connection.DefaultServerMonitor$ServerMonitor.run(DefaultServerMonitor.java:176) ~[mongodb-driver-core-5.2.1.jar:na]
Caused by: java.net.ConnectException: Connection refused: no further information
	at java.base/sun.nio.ch.Net.pollConnect(Native Method) ~[na:na]
	at java.base/sun.nio.ch.Net.pollConnectNow(Net.java:672) ~[na:na]
	at java.base/sun.nio.ch.NioSocketImpl.timedFinishConnect(NioSocketImpl.java:554) ~[na:na]
	at java.base/sun.nio.ch.NioSocketImpl.connect(NioSocketImpl.java:602) ~[na:na]
	at java.base/java.net.SocksSocketImpl.connect(SocksSocketImpl.java:327) ~[na:na]
	at java.base/java.net.Socket.connect(Socket.java:633) ~[na:na]
	at java.base/sun.security.ssl.SSLSocketImpl.connect(SSLSocketImpl.java:304) ~[na:na]
	at com.mongodb.internal.connection.SocketStreamHelper.initialize(SocketStreamHelper.java:76) ~[mongodb-driver-core-5.2.1.jar:na]
	at com.mongodb.internal.connection.SocketStream.initializeSocket(SocketStream.java:104) ~[mongodb-driver-core-5.2.1.jar:na]
	at com.mongodb.internal.connection.SocketStream.open(SocketStream.java:79) ~[mongodb-driver-core-5.2.1.jar:na]
	... 3 common frames omitted

2026-05-18T21:17:19.316+01:00  INFO 11752 --- [SportService] [ngodb.net:27017] org.mongodb.driver.cluster               : Monitor thread successfully connected to server with description ServerDescription{address=ac-khxyvkv-shard-00-02.ltylxsp.mongodb.net:27017, type=REPLICA_SET_SECONDARY, cryptd=false, state=CONNECTED, ok=true, minWireVersion=0, maxWireVersion=25, maxDocumentSize=16777216, logicalSessionTimeoutMinutes=30, roundTripTimeNanos=10375504300, minRoundTripTimeNanos=0, setName='atlas-6x6yvm-shard-0', canonicalAddress=ac-khxyvkv-shard-00-02.ltylxsp.mongodb.net:27017, hosts=[ac-khxyvkv-shard-00-00.ltylxsp.mongodb.net:27017, ac-khxyvkv-shard-00-01.ltylxsp.mongodb.net:27017, ac-khxyvkv-shard-00-02.ltylxsp.mongodb.net:27017], passives=[], arbiters=[], primary='ac-khxyvkv-shard-00-01.ltylxsp.mongodb.net:27017', tagSet=TagSet{[Tag{name='availabilityZone', value='euw3-az3'}, Tag{name='cacheState', value='READY'}, Tag{name='diskState', value='READY'}, Tag{name='nodeType', value='ELECTABLE'}, Tag{name='provider', value='AWS'}, Tag{name='region', value='EU_WEST_3'}, Tag{name='workloadType', value='OPERATIONAL'}]}, electionId=null, setVersion=36, topologyVersion=TopologyVersion{processId=6a0b739aa9fe492cf1ce6df6, counter=3}, lastWriteDate=Mon May 18 21:17:17 WAT 2026, lastUpdateTimeNanos=213156961402600}
2026-05-18T21:20:50.396+01:00  INFO 11752 --- [SportService] [ngodb.net:27017] org.mongodb.driver.cluster               : Monitor thread successfully connected to server with description ServerDescription{address=ac-khxyvkv-shard-00-01.ltylxsp.mongodb.net:27017, type=REPLICA_SET_OTHER, cryptd=false, state=CONNECTED, ok=true, minWireVersion=0, maxWireVersion=25, maxDocumentSize=16777216, logicalSessionTimeoutMinutes=30, roundTripTimeNanos=52658401, minRoundTripTimeNanos=36777300, setName='atlas-6x6yvm-shard-0', canonicalAddress=ac-khxyvkv-shard-00-01.ltylxsp.mongodb.net:27017, hosts=[ac-khxyvkv-shard-00-00.ltylxsp.mongodb.net:27017, ac-khxyvkv-shard-00-01.ltylxsp.mongodb.net:27017, ac-khxyvkv-shard-00-02.ltylxsp.mongodb.net:27017], passives=[], arbiters=[], primary='ac-khxyvkv-shard-00-01.ltylxsp.mongodb.net:27017', tagSet=TagSet{[Tag{name='availabilityZone', value='euw3-az2'}, Tag{name='cacheState', value='READY'}, Tag{name='diskState', value='READY'}, Tag{name='nodeType', value='ELECTABLE'}, Tag{name='provider', value='AWS'}, Tag{name='region', value='EU_WEST_3'}, Tag{name='workloadType', value='OPERATIONAL'}]}, electionId=7fffffff0000000000000069, setVersion=36, topologyVersion=TopologyVersion{processId=69fe370e7afba3a6519b2508, counter=7}, lastWriteDate=Mon May 18 21:20:48 WAT 2026, lastUpdateTimeNanos=213368033001300}
2026-05-18T21:20:50.424+01:00  INFO 11752 --- [SportService] [ngodb.net:27017] org.mongodb.driver.cluster               : Monitor thread successfully connected to server with description ServerDescription{address=ac-khxyvkv-shard-00-02.ltylxsp.mongodb.net:27017, type=REPLICA_SET_SECONDARY, cryptd=false, state=CONNECTED, ok=true, minWireVersion=0, maxWireVersion=25, maxDocumentSize=16777216, logicalSessionTimeoutMinutes=30, roundTripTimeNanos=274362692, minRoundTripTimeNanos=37586300, setName='atlas-6x6yvm-shard-0', canonicalAddress=ac-khxyvkv-shard-00-02.ltylxsp.mongodb.net:27017, hosts=[ac-khxyvkv-shard-00-00.ltylxsp.mongodb.net:27017, ac-khxyvkv-shard-00-01.ltylxsp.mongodb.net:27017, ac-khxyvkv-shard-00-02.ltylxsp.mongodb.net:27017], passives=[], arbiters=[], primary='ac-khxyvkv-shard-00-02.ltylxsp.mongodb.net:27017', tagSet=TagSet{[Tag{name='availabilityZone', value='euw3-az3'}, Tag{name='cacheState', value='READY'}, Tag{name='diskState', value='READY'}, Tag{name='nodeType', value='ELECTABLE'}, Tag{name='provider', value='AWS'}, Tag{name='region', value='EU_WEST_3'}, Tag{name='workloadType', value='OPERATIONAL'}]}, electionId=7fffffff000000000000006a, setVersion=36, topologyVersion=TopologyVersion{processId=6a0b739aa9fe492cf1ce6df6, counter=4}, lastWriteDate=Mon May 18 21:20:48 WAT 2026, lastUpdateTimeNanos=213368078986700}
2026-05-18T21:20:50.444+01:00  INFO 11752 --- [SportService] [ngodb.net:27017] org.mongodb.driver.cluster               : Monitor thread successfully connected to server with description ServerDescription{address=ac-khxyvkv-shard-00-01.ltylxsp.mongodb.net:27017, type=REPLICA_SET_SECONDARY, cryptd=false, state=CONNECTED, ok=true, minWireVersion=0, maxWireVersion=25, maxDocumentSize=16777216, logicalSessionTimeoutMinutes=30, roundTripTimeNanos=52658401, minRoundTripTimeNanos=36777300, setName='atlas-6x6yvm-shard-0', canonicalAddress=ac-khxyvkv-shard-00-01.ltylxsp.mongodb.net:27017, hosts=[ac-khxyvkv-shard-00-00.ltylxsp.mongodb.net:27017, ac-khxyvkv-shard-00-01.ltylxsp.mongodb.net:27017, ac-khxyvkv-shard-00-02.ltylxsp.mongodb.net:27017], passives=[], arbiters=[], primary='null', tagSet=TagSet{[Tag{name='availabilityZone', value='euw3-az2'}, Tag{name='cacheState', value='READY'}, Tag{name='diskState', value='READY'}, Tag{name='nodeType', value='ELECTABLE'}, Tag{name='provider', value='AWS'}, Tag{name='region', value='EU_WEST_3'}, Tag{name='workloadType', value='OPERATIONAL'}]}, electionId=null, setVersion=36, topologyVersion=TopologyVersion{processId=69fe370e7afba3a6519b2508, counter=8}, lastWriteDate=Mon May 18 21:20:48 WAT 2026, lastUpdateTimeNanos=213368099294800}
2026-05-18T21:20:50.621+01:00  INFO 11752 --- [SportService] [ngodb.net:27017] org.mongodb.driver.cluster               : Monitor thread successfully connected to server with description ServerDescription{address=ac-khxyvkv-shard-00-00.ltylxsp.mongodb.net:27017, type=REPLICA_SET_SECONDARY, cryptd=false, state=CONNECTED, ok=true, minWireVersion=0, maxWireVersion=25, maxDocumentSize=16777216, logicalSessionTimeoutMinutes=30, roundTripTimeNanos=57525652, minRoundTripTimeNanos=36940200, setName='atlas-6x6yvm-shard-0', canonicalAddress=ac-khxyvkv-shard-00-00.ltylxsp.mongodb.net:27017, hosts=[ac-khxyvkv-shard-00-00.ltylxsp.mongodb.net:27017, ac-khxyvkv-shard-00-01.ltylxsp.mongodb.net:27017, ac-khxyvkv-shard-00-02.ltylxsp.mongodb.net:27017], passives=[], arbiters=[], primary='null', tagSet=TagSet{[Tag{name='availabilityZone', value='euw3-az1'}, Tag{name='cacheState', value='READY'}, Tag{name='diskState', value='READY'}, Tag{name='nodeType', value='ELECTABLE'}, Tag{name='provider', value='AWS'}, Tag{name='region', value='EU_WEST_3'}, Tag{name='workloadType', value='OPERATIONAL'}]}, electionId=null, setVersion=36, topologyVersion=TopologyVersion{processId=6a0b71594350e6bbf1a71fd2, counter=4}, lastWriteDate=Mon May 18 21:20:48 WAT 2026, lastUpdateTimeNanos=213368276424900}
2026-05-18T21:20:50.628+01:00  INFO 11752 --- [SportService] [ngodb.net:27017] org.mongodb.driver.cluster               : Monitor thread successfully connected to server with description ServerDescription{address=ac-khxyvkv-shard-00-02.ltylxsp.mongodb.net:27017, type=REPLICA_SET_PRIMARY, cryptd=false, state=CONNECTED, ok=true, minWireVersion=0, maxWireVersion=25, maxDocumentSize=16777216, logicalSessionTimeoutMinutes=30, roundTripTimeNanos=274362692, minRoundTripTimeNanos=37586300, setName='atlas-6x6yvm-shard-0', canonicalAddress=ac-khxyvkv-shard-00-02.ltylxsp.mongodb.net:27017, hosts=[ac-khxyvkv-shard-00-00.ltylxsp.mongodb.net:27017, ac-khxyvkv-shard-00-01.ltylxsp.mongodb.net:27017, ac-khxyvkv-shard-00-02.ltylxsp.mongodb.net:27017], passives=[], arbiters=[], primary='ac-khxyvkv-shard-00-02.ltylxsp.mongodb.net:27017', tagSet=TagSet{[Tag{name='availabilityZone', value='euw3-az3'}, Tag{name='cacheState', value='READY'}, Tag{name='diskState', value='READY'}, Tag{name='nodeType', value='ELECTABLE'}, Tag{name='provider', value='AWS'}, Tag{name='region', value='EU_WEST_3'}, Tag{name='workloadType', value='OPERATIONAL'}]}, electionId=7fffffff000000000000006a, setVersion=36, topologyVersion=TopologyVersion{processId=6a0b739aa9fe492cf1ce6df6, counter=6}, lastWriteDate=Mon May 18 21:20:49 WAT 2026, lastUpdateTimeNanos=213368284237500}
2026-05-18T21:20:50.638+01:00  INFO 11752 --- [SportService] [ngodb.net:27017] org.mongodb.driver.cluster               : Discovered replica set primary ac-khxyvkv-shard-00-02.ltylxsp.mongodb.net:27017 with max election id 7fffffff000000000000006a and max set version 36
2026-05-18T21:20:51.173+01:00  INFO 11752 --- [SportService] [ngodb.net:27017] org.mongodb.driver.cluster               : Exception in monitor thread while connecting to server ac-khxyvkv-shard-00-01.ltylxsp.mongodb.net:27017

com.mongodb.MongoNodeIsRecoveringException: Command failed with error 91 (ShutdownInProgress): 'The server is in quiesce mode and will shut down' on server ac-khxyvkv-shard-00-01.ltylxsp.mongodb.net:27017. The full response is {"topologyVersion": {"processId": {"$oid": "69fe370e7afba3a6519b2508"}, "counter": 10}, "ok": 0.0, "errmsg": "The server is in quiesce mode and will shut down", "code": 91, "codeName": "ShutdownInProgress", "remainingQuiesceTimeMillis": 14998, "$clusterTime": {"clusterTime": {"$timestamp": {"t": 1779135649, "i": 2}}, "signature": {"hash": {"$binary": {"base64": "cl5vsc3h0wjqArn7aoJ2Wi/d/zI=", "subType": "00"}}, "keyId": 7581590937936068671}}, "operationTime": {"$timestamp": {"t": 1779135649, "i": 2}}}
	at com.mongodb.internal.connection.ProtocolHelper.createSpecialException(ProtocolHelper.java:264) ~[mongodb-driver-core-5.2.1.jar:na]
	at com.mongodb.internal.connection.ProtocolHelper.getCommandFailureException(ProtocolHelper.java:206) ~[mongodb-driver-core-5.2.1.jar:na]
	at com.mongodb.internal.connection.InternalStreamConnection.receiveCommandMessageResponse(InternalStreamConnection.java:520) ~[mongodb-driver-core-5.2.1.jar:na]
	at com.mongodb.internal.connection.InternalStreamConnection.receive(InternalStreamConnection.java:469) ~[mongodb-driver-core-5.2.1.jar:na]
	at com.mongodb.internal.connection.DefaultServerMonitor$ServerMonitor.lookupServerDescription(DefaultServerMonitor.java:249) ~[mongodb-driver-core-5.2.1.jar:na]
	at com.mongodb.internal.connection.DefaultServerMonitor$ServerMonitor.run(DefaultServerMonitor.java:176) ~[mongodb-driver-core-5.2.1.jar:na]

2026-05-18T21:21:00.601+01:00  INFO 11752 --- [SportService] [ngodb.net:27017] org.mongodb.driver.cluster               : Monitor thread successfully connected to server with description ServerDescription{address=ac-khxyvkv-shard-00-00.ltylxsp.mongodb.net:27017, type=REPLICA_SET_SECONDARY, cryptd=false, state=CONNECTED, ok=true, minWireVersion=0, maxWireVersion=25, maxDocumentSize=16777216, logicalSessionTimeoutMinutes=30, roundTripTimeNanos=64153241, minRoundTripTimeNanos=36940200, setName='atlas-6x6yvm-shard-0', canonicalAddress=ac-khxyvkv-shard-00-00.ltylxsp.mongodb.net:27017, hosts=[ac-khxyvkv-shard-00-00.ltylxsp.mongodb.net:27017, ac-khxyvkv-shard-00-01.ltylxsp.mongodb.net:27017, ac-khxyvkv-shard-00-02.ltylxsp.mongodb.net:27017], passives=[], arbiters=[], primary='ac-khxyvkv-shard-00-02.ltylxsp.mongodb.net:27017', tagSet=TagSet{[Tag{name='availabilityZone', value='euw3-az1'}, Tag{name='cacheState', value='READY'}, Tag{name='diskState', value='READY'}, Tag{name='nodeType', value='ELECTABLE'}, Tag{name='provider', value='AWS'}, Tag{name='region', value='EU_WEST_3'}, Tag{name='workloadType', value='OPERATIONAL'}]}, electionId=null, setVersion=36, topologyVersion=TopologyVersion{processId=6a0b71594350e6bbf1a71fd2, counter=4}, lastWriteDate=Mon May 18 21:20:59 WAT 2026, lastUpdateTimeNanos=213378257047200}
2026-05-18T21:21:10.810+01:00  INFO 11752 --- [SportService] [ngodb.net:27017] org.mongodb.driver.cluster               : Exception in monitor thread while connecting to server ac-khxyvkv-shard-00-01.ltylxsp.mongodb.net:27017

com.mongodb.MongoSocketReadException: Prematurely reached end of stream
	at com.mongodb.internal.connection.SocketStream.read(SocketStream.java:184) ~[mongodb-driver-core-5.2.1.jar:na]
	at com.mongodb.internal.connection.InternalStreamConnection.receiveResponseBuffers(InternalStreamConnection.java:829) ~[mongodb-driver-core-5.2.1.jar:na]
	at com.mongodb.internal.connection.InternalStreamConnection.receiveCommandMessageResponse(InternalStreamConnection.java:517) ~[mongodb-driver-core-5.2.1.jar:na]
	at com.mongodb.internal.connection.InternalStreamConnection.sendAndReceiveInternal(InternalStreamConnection.java:448) ~[mongodb-driver-core-5.2.1.jar:na]
	at com.mongodb.internal.connection.InternalStreamConnection.lambda$sendAndReceive$0(InternalStreamConnection.java:375) ~[mongodb-driver-core-5.2.1.jar:na]
	at com.mongodb.internal.connection.InternalStreamConnection.sendAndReceive(InternalStreamConnection.java:378) ~[mongodb-driver-core-5.2.1.jar:na]
	at com.mongodb.internal.connection.CommandHelper.sendAndReceive(CommandHelper.java:100) ~[mongodb-driver-core-5.2.1.jar:na]
	at com.mongodb.internal.connection.CommandHelper.executeCommand(CommandHelper.java:49) ~[mongodb-driver-core-5.2.1.jar:na]
	at com.mongodb.internal.connection.InternalStreamConnectionInitializer.initializeConnectionDescription(InternalStreamConnectionInitializer.java:144) ~[mongodb-driver-core-5.2.1.jar:na]
	at com.mongodb.internal.connection.InternalStreamConnectionInitializer.startHandshake(InternalStreamConnectionInitializer.java:79) ~[mongodb-driver-core-5.2.1.jar:na]
	at com.mongodb.internal.connection.InternalStreamConnection.open(InternalStreamConnection.java:235) ~[mongodb-driver-core-5.2.1.jar:na]
	at com.mongodb.internal.connection.DefaultServerMonitor$ServerMonitor.lookupServerDescription(DefaultServerMonitor.java:219) ~[mongodb-driver-core-5.2.1.jar:na]
	at com.mongodb.internal.connection.DefaultServerMonitor$ServerMonitor.run(DefaultServerMonitor.java:176) ~[mongodb-driver-core-5.2.1.jar:na]

2026-05-18T21:21:23.109+01:00  INFO 11752 --- [SportService] [ngodb.net:27017] org.mongodb.driver.cluster               : Exception in monitor thread while connecting to server ac-khxyvkv-shard-00-01.ltylxsp.mongodb.net:27017

com.mongodb.MongoSocketOpenException: Exception opening socket
	at com.mongodb.internal.connection.SocketStream.lambda$open$0(SocketStream.java:85) ~[mongodb-driver-core-5.2.1.jar:na]
	at java.base/java.util.Optional.orElseThrow(Optional.java:403) ~[na:na]
	at com.mongodb.internal.connection.SocketStream.open(SocketStream.java:85) ~[mongodb-driver-core-5.2.1.jar:na]
	at com.mongodb.internal.connection.InternalStreamConnection.open(InternalStreamConnection.java:233) ~[mongodb-driver-core-5.2.1.jar:na]
	at com.mongodb.internal.connection.DefaultServerMonitor$ServerMonitor.lookupServerDescription(DefaultServerMonitor.java:219) ~[mongodb-driver-core-5.2.1.jar:na]
	at com.mongodb.internal.connection.DefaultServerMonitor$ServerMonitor.run(DefaultServerMonitor.java:176) ~[mongodb-driver-core-5.2.1.jar:na]
Caused by: java.net.ConnectException: Connection refused: no further information
	at java.base/sun.nio.ch.Net.pollConnect(Native Method) ~[na:na]
	at java.base/sun.nio.ch.Net.pollConnectNow(Net.java:672) ~[na:na]
	at java.base/sun.nio.ch.NioSocketImpl.timedFinishConnect(NioSocketImpl.java:554) ~[na:na]
	at java.base/sun.nio.ch.NioSocketImpl.connect(NioSocketImpl.java:602) ~[na:na]
	at java.base/java.net.SocksSocketImpl.connect(SocksSocketImpl.java:327) ~[na:na]
	at java.base/java.net.Socket.connect(Socket.java:633) ~[na:na]
	at java.base/sun.security.ssl.SSLSocketImpl.connect(SSLSocketImpl.java:304) ~[na:na]
	at com.mongodb.internal.connection.SocketStreamHelper.initialize(SocketStreamHelper.java:76) ~[mongodb-driver-core-5.2.1.jar:na]
	at com.mongodb.internal.connection.SocketStream.initializeSocket(SocketStream.java:104) ~[mongodb-driver-core-5.2.1.jar:na]
	at com.mongodb.internal.connection.SocketStream.open(SocketStream.java:79) ~[mongodb-driver-core-5.2.1.jar:na]
	... 3 common frames omitted

2026-05-18T21:27:34.519+01:00  INFO 11752 --- [SportService] [ngodb.net:27017] org.mongodb.driver.cluster               : Monitor thread successfully connected to server with description ServerDescription{address=ac-khxyvkv-shard-00-01.ltylxsp.mongodb.net:27017, type=REPLICA_SET_SECONDARY, cryptd=false, state=CONNECTED, ok=true, minWireVersion=0, maxWireVersion=25, maxDocumentSize=16777216, logicalSessionTimeoutMinutes=30, roundTripTimeNanos=13915734000, minRoundTripTimeNanos=0, setName='atlas-6x6yvm-shard-0', canonicalAddress=ac-khxyvkv-shard-00-01.ltylxsp.mongodb.net:27017, hosts=[ac-khxyvkv-shard-00-00.ltylxsp.mongodb.net:27017, ac-khxyvkv-shard-00-01.ltylxsp.mongodb.net:27017, ac-khxyvkv-shard-00-02.ltylxsp.mongodb.net:27017], passives=[], arbiters=[], primary='ac-khxyvkv-shard-00-02.ltylxsp.mongodb.net:27017', tagSet=TagSet{[Tag{name='availabilityZone', value='euw3-az2'}, Tag{name='cacheState', value='READY'}, Tag{name='diskState', value='READY'}, Tag{name='nodeType', value='ELECTABLE'}, Tag{name='provider', value='AWS'}, Tag{name='region', value='EU_WEST_3'}, Tag{name='workloadType', value='OPERATIONAL'}]}, electionId=null, setVersion=36, topologyVersion=TopologyVersion{processId=6a0b7610b7f22932df19d864, counter=3}, lastWriteDate=Mon May 18 21:27:33 WAT 2026, lastUpdateTimeNanos=213772166019400}
2026-05-18T22:54:22.451+01:00  INFO 11752 --- [SportService] [ngodb.net:27017] org.mongodb.driver.cluster               : Exception in monitor thread while connecting to server ac-khxyvkv-shard-00-00.ltylxsp.mongodb.net:27017

com.mongodb.MongoSocketReadException: Exception receiving message
	at com.mongodb.internal.connection.InternalStreamConnection.translateReadException(InternalStreamConnection.java:814) ~[mongodb-driver-core-5.2.1.jar:na]
	at com.mongodb.internal.connection.InternalStreamConnection.receiveResponseBuffers(InternalStreamConnection.java:862) ~[mongodb-driver-core-5.2.1.jar:na]
	at com.mongodb.internal.connection.InternalStreamConnection.receiveCommandMessageResponse(InternalStreamConnection.java:517) ~[mongodb-driver-core-5.2.1.jar:na]
	at com.mongodb.internal.connection.InternalStreamConnection.receive(InternalStreamConnection.java:469) ~[mongodb-driver-core-5.2.1.jar:na]
	at com.mongodb.internal.connection.DefaultServerMonitor$ServerMonitor.lookupServerDescription(DefaultServerMonitor.java:249) ~[mongodb-driver-core-5.2.1.jar:na]
	at com.mongodb.internal.connection.DefaultServerMonitor$ServerMonitor.run(DefaultServerMonitor.java:176) ~[mongodb-driver-core-5.2.1.jar:na]
Caused by: java.net.SocketException: Connection reset
	at java.base/sun.nio.ch.NioSocketImpl.implRead(NioSocketImpl.java:328) ~[na:na]
	at java.base/sun.nio.ch.NioSocketImpl.read(NioSocketImpl.java:355) ~[na:na]
	at java.base/sun.nio.ch.NioSocketImpl$1.read(NioSocketImpl.java:808) ~[na:na]
	at java.base/java.net.Socket$SocketInputStream.read(Socket.java:966) ~[na:na]
	at java.base/sun.security.ssl.SSLSocketInputRecord.read(SSLSocketInputRecord.java:484) ~[na:na]
	at java.base/sun.security.ssl.SSLSocketInputRecord.readHeader(SSLSocketInputRecord.java:478) ~[na:na]
	at java.base/sun.security.ssl.SSLSocketInputRecord.bytesInCompletePacket(SSLSocketInputRecord.java:70) ~[na:na]
	at java.base/sun.security.ssl.SSLSocketImpl.readApplicationRecord(SSLSocketImpl.java:1461) ~[na:na]
	at java.base/sun.security.ssl.SSLSocketImpl$AppInputStream.read(SSLSocketImpl.java:1065) ~[na:na]
	at com.mongodb.internal.connection.SocketStream.read(SocketStream.java:182) ~[mongodb-driver-core-5.2.1.jar:na]
	at com.mongodb.internal.connection.InternalStreamConnection.receiveResponseBuffers(InternalStreamConnection.java:829) ~[mongodb-driver-core-5.2.1.jar:na]
	... 4 common frames omitted

2026-05-18T22:54:22.446+01:00  INFO 11752 --- [SportService] [ngodb.net:27017] org.mongodb.driver.cluster               : Exception in monitor thread while connecting to server ac-khxyvkv-shard-00-01.ltylxsp.mongodb.net:27017

com.mongodb.MongoSocketReadException: Exception receiving message
	at com.mongodb.internal.connection.InternalStreamConnection.translateReadException(InternalStreamConnection.java:814) ~[mongodb-driver-core-5.2.1.jar:na]
	at com.mongodb.internal.connection.InternalStreamConnection.receiveResponseBuffers(InternalStreamConnection.java:862) ~[mongodb-driver-core-5.2.1.jar:na]
	at com.mongodb.internal.connection.InternalStreamConnection.receiveCommandMessageResponse(InternalStreamConnection.java:517) ~[mongodb-driver-core-5.2.1.jar:na]
	at com.mongodb.internal.connection.InternalStreamConnection.receive(InternalStreamConnection.java:469) ~[mongodb-driver-core-5.2.1.jar:na]
	at com.mongodb.internal.connection.DefaultServerMonitor$ServerMonitor.lookupServerDescription(DefaultServerMonitor.java:249) ~[mongodb-driver-core-5.2.1.jar:na]
	at com.mongodb.internal.connection.DefaultServerMonitor$ServerMonitor.run(DefaultServerMonitor.java:176) ~[mongodb-driver-core-5.2.1.jar:na]
Caused by: java.net.SocketException: Connection reset
	at java.base/sun.nio.ch.NioSocketImpl.implRead(NioSocketImpl.java:328) ~[na:na]
	at java.base/sun.nio.ch.NioSocketImpl.read(NioSocketImpl.java:355) ~[na:na]
	at java.base/sun.nio.ch.NioSocketImpl$1.read(NioSocketImpl.java:808) ~[na:na]
	at java.base/java.net.Socket$SocketInputStream.read(Socket.java:966) ~[na:na]
	at java.base/sun.security.ssl.SSLSocketInputRecord.read(SSLSocketInputRecord.java:484) ~[na:na]
	at java.base/sun.security.ssl.SSLSocketInputRecord.readHeader(SSLSocketInputRecord.java:478) ~[na:na]
	at java.base/sun.security.ssl.SSLSocketInputRecord.bytesInCompletePacket(SSLSocketInputRecord.java:70) ~[na:na]
	at java.base/sun.security.ssl.SSLSocketImpl.readApplicationRecord(SSLSocketImpl.java:1461) ~[na:na]
	at java.base/sun.security.ssl.SSLSocketImpl$AppInputStream.read(SSLSocketImpl.java:1065) ~[na:na]
	at com.mongodb.internal.connection.SocketStream.read(SocketStream.java:182) ~[mongodb-driver-core-5.2.1.jar:na]
	at com.mongodb.internal.connection.InternalStreamConnection.receiveResponseBuffers(InternalStreamConnection.java:829) ~[mongodb-driver-core-5.2.1.jar:na]
	... 4 common frames omitted

2026-05-18T22:54:22.448+01:00  INFO 11752 --- [SportService] [ngodb.net:27017] org.mongodb.driver.cluster               : Exception in monitor thread while connecting to server ac-khxyvkv-shard-00-02.ltylxsp.mongodb.net:27017

com.mongodb.MongoSocketReadException: Exception receiving message
	at com.mongodb.internal.connection.InternalStreamConnection.translateReadException(InternalStreamConnection.java:814) ~[mongodb-driver-core-5.2.1.jar:na]
	at com.mongodb.internal.connection.InternalStreamConnection.receiveResponseBuffers(InternalStreamConnection.java:862) ~[mongodb-driver-core-5.2.1.jar:na]
	at com.mongodb.internal.connection.InternalStreamConnection.receiveCommandMessageResponse(InternalStreamConnection.java:517) ~[mongodb-driver-core-5.2.1.jar:na]
	at com.mongodb.internal.connection.InternalStreamConnection.receive(InternalStreamConnection.java:469) ~[mongodb-driver-core-5.2.1.jar:na]
	at com.mongodb.internal.connection.DefaultServerMonitor$ServerMonitor.lookupServerDescription(DefaultServerMonitor.java:249) ~[mongodb-driver-core-5.2.1.jar:na]
	at com.mongodb.internal.connection.DefaultServerMonitor$ServerMonitor.run(DefaultServerMonitor.java:176) ~[mongodb-driver-core-5.2.1.jar:na]
Caused by: java.net.SocketException: Connection reset
	at java.base/sun.nio.ch.NioSocketImpl.implRead(NioSocketImpl.java:328) ~[na:na]
	at java.base/sun.nio.ch.NioSocketImpl.read(NioSocketImpl.java:355) ~[na:na]
	at java.base/sun.nio.ch.NioSocketImpl$1.read(NioSocketImpl.java:808) ~[na:na]
	at java.base/java.net.Socket$SocketInputStream.read(Socket.java:966) ~[na:na]
	at java.base/sun.security.ssl.SSLSocketInputRecord.read(SSLSocketInputRecord.java:484) ~[na:na]
	at java.base/sun.security.ssl.SSLSocketInputRecord.readHeader(SSLSocketInputRecord.java:478) ~[na:na]
	at java.base/sun.security.ssl.SSLSocketInputRecord.bytesInCompletePacket(SSLSocketInputRecord.java:70) ~[na:na]
	at java.base/sun.security.ssl.SSLSocketImpl.readApplicationRecord(SSLSocketImpl.java:1461) ~[na:na]
	at java.base/sun.security.ssl.SSLSocketImpl$AppInputStream.read(SSLSocketImpl.java:1065) ~[na:na]
	at com.mongodb.internal.connection.SocketStream.read(SocketStream.java:182) ~[mongodb-driver-core-5.2.1.jar:na]
	at com.mongodb.internal.connection.InternalStreamConnection.receiveResponseBuffers(InternalStreamConnection.java:829) ~[mongodb-driver-core-5.2.1.jar:na]
	... 4 common frames omitted

2026-05-18T22:54:23.082+01:00  INFO 11752 --- [SportService] [ngodb.net:27017] org.mongodb.driver.cluster               : Exception in monitor thread while connecting to server ac-khxyvkv-shard-00-00.ltylxsp.mongodb.net:27017

com.mongodb.MongoSocketException: Hôte inconnu (ac-khxyvkv-shard-00-00.ltylxsp.mongodb.net)
	at com.mongodb.internal.connection.ServerAddressHelper.getSocketAddresses(ServerAddressHelper.java:75) ~[mongodb-driver-core-5.2.1.jar:na]
	at com.mongodb.internal.connection.SocketStream.initializeSocket(SocketStream.java:100) ~[mongodb-driver-core-5.2.1.jar:na]
	at com.mongodb.internal.connection.SocketStream.open(SocketStream.java:79) ~[mongodb-driver-core-5.2.1.jar:na]
	at com.mongodb.internal.connection.InternalStreamConnection.open(InternalStreamConnection.java:233) ~[mongodb-driver-core-5.2.1.jar:na]
	at com.mongodb.internal.connection.DefaultServerMonitor$ServerMonitor.lookupServerDescription(DefaultServerMonitor.java:219) ~[mongodb-driver-core-5.2.1.jar:na]
	at com.mongodb.internal.connection.DefaultServerMonitor$ServerMonitor.run(DefaultServerMonitor.java:176) ~[mongodb-driver-core-5.2.1.jar:na]
Caused by: java.net.UnknownHostException: Hôte inconnu (ac-khxyvkv-shard-00-00.ltylxsp.mongodb.net)
	at java.base/java.net.Inet6AddressImpl.lookupAllHostAddr(Native Method) ~[na:na]
	at java.base/java.net.InetAddress$PlatformNameService.lookupAllHostAddr(InetAddress.java:933) ~[na:na]
	at java.base/java.net.InetAddress.getAddressesFromNameService(InetAddress.java:1543) ~[na:na]
	at java.base/java.net.InetAddress$NameServiceAddresses.get(InetAddress.java:852) ~[na:na]
	at java.base/java.net.InetAddress.getAllByName0(InetAddress.java:1532) ~[na:na]
	at java.base/java.net.InetAddress.getAllByName(InetAddress.java:1384) ~[na:na]
	at java.base/java.net.InetAddress.getAllByName(InetAddress.java:1305) ~[na:na]
	at com.mongodb.internal.connection.DefaultInetAddressResolver.lookupByName(DefaultInetAddressResolver.java:34) ~[mongodb-driver-core-5.2.1.jar:na]
	at com.mongodb.internal.connection.ServerAddressHelper.getSocketAddresses(ServerAddressHelper.java:71) ~[mongodb-driver-core-5.2.1.jar:na]
	... 5 common frames omitted

2026-05-18T22:54:23.082+01:00  INFO 11752 --- [SportService] [ngodb.net:27017] org.mongodb.driver.cluster               : Exception in monitor thread while connecting to server ac-khxyvkv-shard-00-02.ltylxsp.mongodb.net:27017

com.mongodb.MongoSocketException: Hôte inconnu (ac-khxyvkv-shard-00-02.ltylxsp.mongodb.net)
	at com.mongodb.internal.connection.ServerAddressHelper.getSocketAddresses(ServerAddressHelper.java:75) ~[mongodb-driver-core-5.2.1.jar:na]
	at com.mongodb.internal.connection.SocketStream.initializeSocket(SocketStream.java:100) ~[mongodb-driver-core-5.2.1.jar:na]
	at com.mongodb.internal.connection.SocketStream.open(SocketStream.java:79) ~[mongodb-driver-core-5.2.1.jar:na]
	at com.mongodb.internal.connection.InternalStreamConnection.open(InternalStreamConnection.java:233) ~[mongodb-driver-core-5.2.1.jar:na]
	at com.mongodb.internal.connection.DefaultServerMonitor$ServerMonitor.lookupServerDescription(DefaultServerMonitor.java:219) ~[mongodb-driver-core-5.2.1.jar:na]
	at com.mongodb.internal.connection.DefaultServerMonitor$ServerMonitor.run(DefaultServerMonitor.java:176) ~[mongodb-driver-core-5.2.1.jar:na]
Caused by: java.net.UnknownHostException: Hôte inconnu (ac-khxyvkv-shard-00-02.ltylxsp.mongodb.net)
	at java.base/java.net.Inet6AddressImpl.lookupAllHostAddr(Native Method) ~[na:na]
	at java.base/java.net.InetAddress$PlatformNameService.lookupAllHostAddr(InetAddress.java:933) ~[na:na]
	at java.base/java.net.InetAddress.getAddressesFromNameService(InetAddress.java:1543) ~[na:na]
	at java.base/java.net.InetAddress$NameServiceAddresses.get(InetAddress.java:852) ~[na:na]
	at java.base/java.net.InetAddress.getAllByName0(InetAddress.java:1532) ~[na:na]
	at java.base/java.net.InetAddress.getAllByName(InetAddress.java:1384) ~[na:na]
	at java.base/java.net.InetAddress.getAllByName(InetAddress.java:1305) ~[na:na]
	at com.mongodb.internal.connection.DefaultInetAddressResolver.lookupByName(DefaultInetAddressResolver.java:34) ~[mongodb-driver-core-5.2.1.jar:na]
	at com.mongodb.internal.connection.ServerAddressHelper.getSocketAddresses(ServerAddressHelper.java:71) ~[mongodb-driver-core-5.2.1.jar:na]
	... 5 common frames omitted

2026-05-18T22:54:23.148+01:00  INFO 11752 --- [SportService] [ngodb.net:27017] org.mongodb.driver.cluster               : Exception in monitor thread while connecting to server ac-khxyvkv-shard-00-01.ltylxsp.mongodb.net:27017

com.mongodb.MongoSocketOpenException: Exception opening socket
	at com.mongodb.internal.connection.SocketStream.lambda$open$0(SocketStream.java:85) ~[mongodb-driver-core-5.2.1.jar:na]
	at java.base/java.util.Optional.orElseThrow(Optional.java:403) ~[na:na]
	at com.mongodb.internal.connection.SocketStream.open(SocketStream.java:85) ~[mongodb-driver-core-5.2.1.jar:na]
	at com.mongodb.internal.connection.InternalStreamConnection.open(InternalStreamConnection.java:233) ~[mongodb-driver-core-5.2.1.jar:na]
	at com.mongodb.internal.connection.DefaultServerMonitor$ServerMonitor.lookupServerDescription(DefaultServerMonitor.java:219) ~[mongodb-driver-core-5.2.1.jar:na]
	at com.mongodb.internal.connection.DefaultServerMonitor$ServerMonitor.run(DefaultServerMonitor.java:176) ~[mongodb-driver-core-5.2.1.jar:na]
Caused by: java.net.SocketException: Network is unreachable: no further information
	at java.base/sun.nio.ch.Net.pollConnect(Native Method) ~[na:na]
	at java.base/sun.nio.ch.Net.pollConnectNow(Net.java:672) ~[na:na]
	at java.base/sun.nio.ch.NioSocketImpl.timedFinishConnect(NioSocketImpl.java:547) ~[na:na]
	at java.base/sun.nio.ch.NioSocketImpl.connect(NioSocketImpl.java:602) ~[na:na]
	at java.base/java.net.SocksSocketImpl.connect(SocksSocketImpl.java:327) ~[na:na]
	at java.base/java.net.Socket.connect(Socket.java:633) ~[na:na]
	at java.base/sun.security.ssl.SSLSocketImpl.connect(SSLSocketImpl.java:304) ~[na:na]
	at com.mongodb.internal.connection.SocketStreamHelper.initialize(SocketStreamHelper.java:76) ~[mongodb-driver-core-5.2.1.jar:na]
	at com.mongodb.internal.connection.SocketStream.initializeSocket(SocketStream.java:104) ~[mongodb-driver-core-5.2.1.jar:na]
	at com.mongodb.internal.connection.SocketStream.open(SocketStream.java:79) ~[mongodb-driver-core-5.2.1.jar:na]
	... 3 common frames omitted

2026-05-18T23:40:17.822+01:00  INFO 11752 --- [SportService] [ngodb.net:27017] org.mongodb.driver.cluster               : Monitor thread successfully connected to server with description ServerDescription{address=ac-khxyvkv-shard-00-00.ltylxsp.mongodb.net:27017, type=REPLICA_SET_SECONDARY, cryptd=false, state=CONNECTED, ok=true, minWireVersion=0, maxWireVersion=25, maxDocumentSize=16777216, logicalSessionTimeoutMinutes=30, roundTripTimeNanos=349337100, minRoundTripTimeNanos=0, setName='atlas-6x6yvm-shard-0', canonicalAddress=ac-khxyvkv-shard-00-00.ltylxsp.mongodb.net:27017, hosts=[ac-khxyvkv-shard-00-00.ltylxsp.mongodb.net:27017, ac-khxyvkv-shard-00-01.ltylxsp.mongodb.net:27017, ac-khxyvkv-shard-00-02.ltylxsp.mongodb.net:27017], passives=[], arbiters=[], primary='ac-khxyvkv-shard-00-02.ltylxsp.mongodb.net:27017', tagSet=TagSet{[Tag{name='availabilityZone', value='euw3-az1'}, Tag{name='cacheState', value='READY'}, Tag{name='diskState', value='READY'}, Tag{name='nodeType', value='ELECTABLE'}, Tag{name='provider', value='AWS'}, Tag{name='region', value='EU_WEST_3'}, Tag{name='workloadType', value='OPERATIONAL'}]}, electionId=null, setVersion=36, topologyVersion=TopologyVersion{processId=6a0b71594350e6bbf1a71fd2, counter=4}, lastWriteDate=Mon May 18 23:40:16 WAT 2026, lastUpdateTimeNanos=221735401409400}
2026-05-18T23:40:17.822+01:00  INFO 11752 --- [SportService] [ngodb.net:27017] org.mongodb.driver.cluster               : Monitor thread successfully connected to server with description ServerDescription{address=ac-khxyvkv-shard-00-02.ltylxsp.mongodb.net:27017, type=REPLICA_SET_PRIMARY, cryptd=false, state=CONNECTED, ok=true, minWireVersion=0, maxWireVersion=25, maxDocumentSize=16777216, logicalSessionTimeoutMinutes=30, roundTripTimeNanos=354344100, minRoundTripTimeNanos=0, setName='atlas-6x6yvm-shard-0', canonicalAddress=ac-khxyvkv-shard-00-02.ltylxsp.mongodb.net:27017, hosts=[ac-khxyvkv-shard-00-00.ltylxsp.mongodb.net:27017, ac-khxyvkv-shard-00-01.ltylxsp.mongodb.net:27017, ac-khxyvkv-shard-00-02.ltylxsp.mongodb.net:27017], passives=[], arbiters=[], primary='ac-khxyvkv-shard-00-02.ltylxsp.mongodb.net:27017', tagSet=TagSet{[Tag{name='availabilityZone', value='euw3-az3'}, Tag{name='cacheState', value='READY'}, Tag{name='diskState', value='READY'}, Tag{name='nodeType', value='ELECTABLE'}, Tag{name='provider', value='AWS'}, Tag{name='region', value='EU_WEST_3'}, Tag{name='workloadType', value='OPERATIONAL'}]}, electionId=7fffffff000000000000006a, setVersion=36, topologyVersion=TopologyVersion{processId=6a0b739aa9fe492cf1ce6df6, counter=6}, lastWriteDate=Mon May 18 23:40:16 WAT 2026, lastUpdateTimeNanos=221735406413300}
2026-05-18T23:40:17.823+01:00  INFO 11752 --- [SportService] [ngodb.net:27017] org.mongodb.driver.cluster               : Monitor thread successfully connected to server with description ServerDescription{address=ac-khxyvkv-shard-00-01.ltylxsp.mongodb.net:27017, type=REPLICA_SET_SECONDARY, cryptd=false, state=CONNECTED, ok=true, minWireVersion=0, maxWireVersion=25, maxDocumentSize=16777216, logicalSessionTimeoutMinutes=30, roundTripTimeNanos=269445900, minRoundTripTimeNanos=0, setName='atlas-6x6yvm-shard-0', canonicalAddress=ac-khxyvkv-shard-00-01.ltylxsp.mongodb.net:27017, hosts=[ac-khxyvkv-shard-00-00.ltylxsp.mongodb.net:27017, ac-khxyvkv-shard-00-01.ltylxsp.mongodb.net:27017, ac-khxyvkv-shard-00-02.ltylxsp.mongodb.net:27017], passives=[], arbiters=[], primary='ac-khxyvkv-shard-00-02.ltylxsp.mongodb.net:27017', tagSet=TagSet{[Tag{name='availabilityZone', value='euw3-az2'}, Tag{name='cacheState', value='READY'}, Tag{name='diskState', value='READY'}, Tag{name='nodeType', value='ELECTABLE'}, Tag{name='provider', value='AWS'}, Tag{name='region', value='EU_WEST_3'}, Tag{name='workloadType', value='OPERATIONAL'}]}, electionId=null, setVersion=36, topologyVersion=TopologyVersion{processId=6a0b7610b7f22932df19d864, counter=3}, lastWriteDate=Mon May 18 23:40:16 WAT 2026, lastUpdateTimeNanos=221735401409700}
2026-05-18T23:40:17.866+01:00  INFO 11752 --- [SportService] [ngodb.net:27017] org.mongodb.driver.cluster               : Discovered replica set primary ac-khxyvkv-shard-00-02.ltylxsp.mongodb.net:27017 with max election id 7fffffff000000000000006a and max set version 36
2026-05-19T13:34:46.095+01:00  INFO 11752 --- [SportService] [ngodb.net:27017] org.mongodb.driver.cluster               : Exception in monitor thread while connecting to server ac-khxyvkv-shard-00-00.ltylxsp.mongodb.net:27017

com.mongodb.MongoSocketReadException: Exception receiving message
	at com.mongodb.internal.connection.InternalStreamConnection.translateReadException(InternalStreamConnection.java:814) ~[mongodb-driver-core-5.2.1.jar:na]
	at com.mongodb.internal.connection.InternalStreamConnection.receiveResponseBuffers(InternalStreamConnection.java:862) ~[mongodb-driver-core-5.2.1.jar:na]
	at com.mongodb.internal.connection.InternalStreamConnection.receiveCommandMessageResponse(InternalStreamConnection.java:517) ~[mongodb-driver-core-5.2.1.jar:na]
	at com.mongodb.internal.connection.InternalStreamConnection.receive(InternalStreamConnection.java:469) ~[mongodb-driver-core-5.2.1.jar:na]
	at com.mongodb.internal.connection.DefaultServerMonitor$ServerMonitor.lookupServerDescription(DefaultServerMonitor.java:249) ~[mongodb-driver-core-5.2.1.jar:na]
	at com.mongodb.internal.connection.DefaultServerMonitor$ServerMonitor.run(DefaultServerMonitor.java:176) ~[mongodb-driver-core-5.2.1.jar:na]
Caused by: java.net.SocketException: Connection reset
	at java.base/sun.nio.ch.NioSocketImpl.implRead(NioSocketImpl.java:328) ~[na:na]
	at java.base/sun.nio.ch.NioSocketImpl.read(NioSocketImpl.java:355) ~[na:na]
	at java.base/sun.nio.ch.NioSocketImpl$1.read(NioSocketImpl.java:808) ~[na:na]
	at java.base/java.net.Socket$SocketInputStream.read(Socket.java:966) ~[na:na]
	at java.base/sun.security.ssl.SSLSocketInputRecord.read(SSLSocketInputRecord.java:484) ~[na:na]
	at java.base/sun.security.ssl.SSLSocketInputRecord.readHeader(SSLSocketInputRecord.java:478) ~[na:na]
	at java.base/sun.security.ssl.SSLSocketInputRecord.bytesInCompletePacket(SSLSocketInputRecord.java:70) ~[na:na]
	at java.base/sun.security.ssl.SSLSocketImpl.readApplicationRecord(SSLSocketImpl.java:1461) ~[na:na]
	at java.base/sun.security.ssl.SSLSocketImpl$AppInputStream.read(SSLSocketImpl.java:1065) ~[na:na]
	at com.mongodb.internal.connection.SocketStream.read(SocketStream.java:182) ~[mongodb-driver-core-5.2.1.jar:na]
	at com.mongodb.internal.connection.InternalStreamConnection.receiveResponseBuffers(InternalStreamConnection.java:829) ~[mongodb-driver-core-5.2.1.jar:na]
	... 4 common frames omitted

2026-05-19T13:34:46.095+01:00  INFO 11752 --- [SportService] [ngodb.net:27017] org.mongodb.driver.cluster               : Exception in monitor thread while connecting to server ac-khxyvkv-shard-00-02.ltylxsp.mongodb.net:27017

com.mongodb.MongoSocketReadException: Exception receiving message
	at com.mongodb.internal.connection.InternalStreamConnection.translateReadException(InternalStreamConnection.java:814) ~[mongodb-driver-core-5.2.1.jar:na]
	at com.mongodb.internal.connection.InternalStreamConnection.receiveResponseBuffers(InternalStreamConnection.java:862) ~[mongodb-driver-core-5.2.1.jar:na]
	at com.mongodb.internal.connection.InternalStreamConnection.receiveCommandMessageResponse(InternalStreamConnection.java:517) ~[mongodb-driver-core-5.2.1.jar:na]
	at com.mongodb.internal.connection.InternalStreamConnection.receive(InternalStreamConnection.java:469) ~[mongodb-driver-core-5.2.1.jar:na]
	at com.mongodb.internal.connection.DefaultServerMonitor$ServerMonitor.lookupServerDescription(DefaultServerMonitor.java:249) ~[mongodb-driver-core-5.2.1.jar:na]
	at com.mongodb.internal.connection.DefaultServerMonitor$ServerMonitor.run(DefaultServerMonitor.java:176) ~[mongodb-driver-core-5.2.1.jar:na]
Caused by: java.net.SocketException: Connection reset
	at java.base/sun.nio.ch.NioSocketImpl.implRead(NioSocketImpl.java:328) ~[na:na]
	at java.base/sun.nio.ch.NioSocketImpl.read(NioSocketImpl.java:355) ~[na:na]
	at java.base/sun.nio.ch.NioSocketImpl$1.read(NioSocketImpl.java:808) ~[na:na]
	at java.base/java.net.Socket$SocketInputStream.read(Socket.java:966) ~[na:na]
	at java.base/sun.security.ssl.SSLSocketInputRecord.read(SSLSocketInputRecord.java:484) ~[na:na]
	at java.base/sun.security.ssl.SSLSocketInputRecord.readHeader(SSLSocketInputRecord.java:478) ~[na:na]
	at java.base/sun.security.ssl.SSLSocketInputRecord.bytesInCompletePacket(SSLSocketInputRecord.java:70) ~[na:na]
	at java.base/sun.security.ssl.SSLSocketImpl.readApplicationRecord(SSLSocketImpl.java:1461) ~[na:na]
	at java.base/sun.security.ssl.SSLSocketImpl$AppInputStream.read(SSLSocketImpl.java:1065) ~[na:na]
	at com.mongodb.internal.connection.SocketStream.read(SocketStream.java:182) ~[mongodb-driver-core-5.2.1.jar:na]
	at com.mongodb.internal.connection.InternalStreamConnection.receiveResponseBuffers(InternalStreamConnection.java:829) ~[mongodb-driver-core-5.2.1.jar:na]
	... 4 common frames omitted

2026-05-19T13:34:46.096+01:00  INFO 11752 --- [SportService] [ngodb.net:27017] org.mongodb.driver.cluster               : Exception in monitor thread while connecting to server ac-khxyvkv-shard-00-01.ltylxsp.mongodb.net:27017

com.mongodb.MongoSocketReadException: Exception receiving message
	at com.mongodb.internal.connection.InternalStreamConnection.translateReadException(InternalStreamConnection.java:814) ~[mongodb-driver-core-5.2.1.jar:na]
	at com.mongodb.internal.connection.InternalStreamConnection.receiveResponseBuffers(InternalStreamConnection.java:862) ~[mongodb-driver-core-5.2.1.jar:na]
	at com.mongodb.internal.connection.InternalStreamConnection.receiveCommandMessageResponse(InternalStreamConnection.java:517) ~[mongodb-driver-core-5.2.1.jar:na]
	at com.mongodb.internal.connection.InternalStreamConnection.receive(InternalStreamConnection.java:469) ~[mongodb-driver-core-5.2.1.jar:na]
	at com.mongodb.internal.connection.DefaultServerMonitor$ServerMonitor.lookupServerDescription(DefaultServerMonitor.java:249) ~[mongodb-driver-core-5.2.1.jar:na]
	at com.mongodb.internal.connection.DefaultServerMonitor$ServerMonitor.run(DefaultServerMonitor.java:176) ~[mongodb-driver-core-5.2.1.jar:na]
Caused by: java.net.SocketException: Connection reset
	at java.base/sun.nio.ch.NioSocketImpl.implRead(NioSocketImpl.java:328) ~[na:na]
	at java.base/sun.nio.ch.NioSocketImpl.read(NioSocketImpl.java:355) ~[na:na]
	at java.base/sun.nio.ch.NioSocketImpl$1.read(NioSocketImpl.java:808) ~[na:na]
	at java.base/java.net.Socket$SocketInputStream.read(Socket.java:966) ~[na:na]
	at java.base/sun.security.ssl.SSLSocketInputRecord.read(SSLSocketInputRecord.java:484) ~[na:na]
	at java.base/sun.security.ssl.SSLSocketInputRecord.readHeader(SSLSocketInputRecord.java:478) ~[na:na]
	at java.base/sun.security.ssl.SSLSocketInputRecord.bytesInCompletePacket(SSLSocketInputRecord.java:70) ~[na:na]
	at java.base/sun.security.ssl.SSLSocketImpl.readApplicationRecord(SSLSocketImpl.java:1461) ~[na:na]
	at java.base/sun.security.ssl.SSLSocketImpl$AppInputStream.read(SSLSocketImpl.java:1065) ~[na:na]
	at com.mongodb.internal.connection.SocketStream.read(SocketStream.java:182) ~[mongodb-driver-core-5.2.1.jar:na]
	at com.mongodb.internal.connection.InternalStreamConnection.receiveResponseBuffers(InternalStreamConnection.java:829) ~[mongodb-driver-core-5.2.1.jar:na]
	... 4 common frames omitted

2026-05-19T13:34:47.708+01:00  INFO 11752 --- [SportService] [ngodb.net:27017] org.mongodb.driver.cluster               : Monitor thread successfully connected to server with description ServerDescription{address=ac-khxyvkv-shard-00-00.ltylxsp.mongodb.net:27017, type=REPLICA_SET_SECONDARY, cryptd=false, state=CONNECTED, ok=true, minWireVersion=0, maxWireVersion=25, maxDocumentSize=16777216, logicalSessionTimeoutMinutes=30, roundTripTimeNanos=207633600, minRoundTripTimeNanos=0, setName='atlas-6x6yvm-shard-0', canonicalAddress=ac-khxyvkv-shard-00-00.ltylxsp.mongodb.net:27017, hosts=[ac-khxyvkv-shard-00-00.ltylxsp.mongodb.net:27017, ac-khxyvkv-shard-00-01.ltylxsp.mongodb.net:27017, ac-khxyvkv-shard-00-02.ltylxsp.mongodb.net:27017], passives=[], arbiters=[], primary='ac-khxyvkv-shard-00-02.ltylxsp.mongodb.net:27017', tagSet=TagSet{[Tag{name='availabilityZone', value='euw3-az1'}, Tag{name='cacheState', value='READY'}, Tag{name='diskState', value='READY'}, Tag{name='nodeType', value='ELECTABLE'}, Tag{name='provider', value='AWS'}, Tag{name='region', value='EU_WEST_3'}, Tag{name='workloadType', value='OPERATIONAL'}]}, electionId=null, setVersion=36, topologyVersion=TopologyVersion{processId=6a0b71594350e6bbf1a71fd2, counter=4}, lastWriteDate=Tue May 19 13:34:46 WAT 2026, lastUpdateTimeNanos=271810853322300}
2026-05-19T13:34:47.715+01:00  INFO 11752 --- [SportService] [ngodb.net:27017] org.mongodb.driver.cluster               : Monitor thread successfully connected to server with description ServerDescription{address=ac-khxyvkv-shard-00-02.ltylxsp.mongodb.net:27017, type=REPLICA_SET_PRIMARY, cryptd=false, state=CONNECTED, ok=true, minWireVersion=0, maxWireVersion=25, maxDocumentSize=16777216, logicalSessionTimeoutMinutes=30, roundTripTimeNanos=214090499, minRoundTripTimeNanos=0, setName='atlas-6x6yvm-shard-0', canonicalAddress=ac-khxyvkv-shard-00-02.ltylxsp.mongodb.net:27017, hosts=[ac-khxyvkv-shard-00-00.ltylxsp.mongodb.net:27017, ac-khxyvkv-shard-00-01.ltylxsp.mongodb.net:27017, ac-khxyvkv-shard-00-02.ltylxsp.mongodb.net:27017], passives=[], arbiters=[], primary='ac-khxyvkv-shard-00-02.ltylxsp.mongodb.net:27017', tagSet=TagSet{[Tag{name='availabilityZone', value='euw3-az3'}, Tag{name='cacheState', value='READY'}, Tag{name='diskState', value='READY'}, Tag{name='nodeType', value='ELECTABLE'}, Tag{name='provider', value='AWS'}, Tag{name='region', value='EU_WEST_3'}, Tag{name='workloadType', value='OPERATIONAL'}]}, electionId=7fffffff000000000000006a, setVersion=36, topologyVersion=TopologyVersion{processId=6a0b739aa9fe492cf1ce6df6, counter=6}, lastWriteDate=Tue May 19 13:34:46 WAT 2026, lastUpdateTimeNanos=271810859779000}
2026-05-19T13:34:52.377+01:00  INFO 11752 --- [SportService] [ngodb.net:27017] org.mongodb.driver.cluster               : Discovered replica set primary ac-khxyvkv-shard-00-02.ltylxsp.mongodb.net:27017 with max election id 7fffffff000000000000006a and max set version 36
2026-05-19T13:34:52.382+01:00  INFO 11752 --- [SportService] [ngodb.net:27017] org.mongodb.driver.cluster               : Monitor thread successfully connected to server with description ServerDescription{address=ac-khxyvkv-shard-00-01.ltylxsp.mongodb.net:27017, type=REPLICA_SET_SECONDARY, cryptd=false, state=CONNECTED, ok=true, minWireVersion=0, maxWireVersion=25, maxDocumentSize=16777216, logicalSessionTimeoutMinutes=30, roundTripTimeNanos=4850051001, minRoundTripTimeNanos=0, setName='atlas-6x6yvm-shard-0', canonicalAddress=ac-khxyvkv-shard-00-01.ltylxsp.mongodb.net:27017, hosts=[ac-khxyvkv-shard-00-00.ltylxsp.mongodb.net:27017, ac-khxyvkv-shard-00-01.ltylxsp.mongodb.net:27017, ac-khxyvkv-shard-00-02.ltylxsp.mongodb.net:27017], passives=[], arbiters=[], primary='ac-khxyvkv-shard-00-02.ltylxsp.mongodb.net:27017', tagSet=TagSet{[Tag{name='availabilityZone', value='euw3-az2'}, Tag{name='cacheState', value='READY'}, Tag{name='diskState', value='READY'}, Tag{name='nodeType', value='ELECTABLE'}, Tag{name='provider', value='AWS'}, Tag{name='region', value='EU_WEST_3'}, Tag{name='workloadType', value='OPERATIONAL'}]}, electionId=null, setVersion=36, topologyVersion=TopologyVersion{processId=6a0b7610b7f22932df19d864, counter=3}, lastWriteDate=Tue May 19 13:34:46 WAT 2026, lastUpdateTimeNanos=271815527070200}
2026-05-19T14:35:10.555+01:00  INFO 11752 --- [SportService] [ngodb.net:27017] org.mongodb.driver.cluster               : Exception in monitor thread while connecting to server ac-khxyvkv-shard-00-00.ltylxsp.mongodb.net:27017

com.mongodb.MongoSocketReadTimeoutException: Timeout while receiving message
	at com.mongodb.internal.connection.InternalStreamConnection.createReadTimeoutException(InternalStreamConnection.java:824) ~[mongodb-driver-core-5.2.1.jar:na]
	at com.mongodb.internal.connection.InternalStreamConnection.translateReadException(InternalStreamConnection.java:812) ~[mongodb-driver-core-5.2.1.jar:na]
	at com.mongodb.internal.connection.InternalStreamConnection.receiveResponseBuffers(InternalStreamConnection.java:862) ~[mongodb-driver-core-5.2.1.jar:na]
	at com.mongodb.internal.connection.InternalStreamConnection.receiveCommandMessageResponse(InternalStreamConnection.java:517) ~[mongodb-driver-core-5.2.1.jar:na]
	at com.mongodb.internal.connection.InternalStreamConnection.receive(InternalStreamConnection.java:469) ~[mongodb-driver-core-5.2.1.jar:na]
	at com.mongodb.internal.connection.DefaultServerMonitor$ServerMonitor.lookupServerDescription(DefaultServerMonitor.java:249) ~[mongodb-driver-core-5.2.1.jar:na]
	at com.mongodb.internal.connection.DefaultServerMonitor$ServerMonitor.run(DefaultServerMonitor.java:176) ~[mongodb-driver-core-5.2.1.jar:na]
Caused by: java.net.SocketTimeoutException: Read timed out
	at java.base/sun.nio.ch.NioSocketImpl.timedRead(NioSocketImpl.java:288) ~[na:na]
	at java.base/sun.nio.ch.NioSocketImpl.implRead(NioSocketImpl.java:314) ~[na:na]
	at java.base/sun.nio.ch.NioSocketImpl.read(NioSocketImpl.java:355) ~[na:na]
	at java.base/sun.nio.ch.NioSocketImpl$1.read(NioSocketImpl.java:808) ~[na:na]
	at java.base/java.net.Socket$SocketInputStream.read(Socket.java:966) ~[na:na]
	at java.base/sun.security.ssl.SSLSocketInputRecord.read(SSLSocketInputRecord.java:484) ~[na:na]
	at java.base/sun.security.ssl.SSLSocketInputRecord.readHeader(SSLSocketInputRecord.java:478) ~[na:na]
	at java.base/sun.security.ssl.SSLSocketInputRecord.bytesInCompletePacket(SSLSocketInputRecord.java:70) ~[na:na]
	at java.base/sun.security.ssl.SSLSocketImpl.readApplicationRecord(SSLSocketImpl.java:1461) ~[na:na]
	at java.base/sun.security.ssl.SSLSocketImpl$AppInputStream.read(SSLSocketImpl.java:1065) ~[na:na]
	at com.mongodb.internal.connection.SocketStream.read(SocketStream.java:182) ~[mongodb-driver-core-5.2.1.jar:na]
	at com.mongodb.internal.connection.InternalStreamConnection.receiveResponseBuffers(InternalStreamConnection.java:829) ~[mongodb-driver-core-5.2.1.jar:na]
	... 4 common frames omitted

2026-05-19T14:35:15.014+01:00  INFO 11752 --- [SportService] [ngodb.net:27017] org.mongodb.driver.cluster               : Exception in monitor thread while connecting to server ac-khxyvkv-shard-00-01.ltylxsp.mongodb.net:27017

com.mongodb.MongoSocketReadTimeoutException: Timeout while receiving message
	at com.mongodb.internal.connection.InternalStreamConnection.createReadTimeoutException(InternalStreamConnection.java:824) ~[mongodb-driver-core-5.2.1.jar:na]
	at com.mongodb.internal.connection.InternalStreamConnection.translateReadException(InternalStreamConnection.java:812) ~[mongodb-driver-core-5.2.1.jar:na]
	at com.mongodb.internal.connection.InternalStreamConnection.receiveResponseBuffers(InternalStreamConnection.java:862) ~[mongodb-driver-core-5.2.1.jar:na]
	at com.mongodb.internal.connection.InternalStreamConnection.receiveCommandMessageResponse(InternalStreamConnection.java:517) ~[mongodb-driver-core-5.2.1.jar:na]
	at com.mongodb.internal.connection.InternalStreamConnection.receive(InternalStreamConnection.java:469) ~[mongodb-driver-core-5.2.1.jar:na]
	at com.mongodb.internal.connection.DefaultServerMonitor$ServerMonitor.lookupServerDescription(DefaultServerMonitor.java:249) ~[mongodb-driver-core-5.2.1.jar:na]
	at com.mongodb.internal.connection.DefaultServerMonitor$ServerMonitor.run(DefaultServerMonitor.java:176) ~[mongodb-driver-core-5.2.1.jar:na]
Caused by: java.net.SocketTimeoutException: Read timed out
	at java.base/sun.nio.ch.NioSocketImpl.timedRead(NioSocketImpl.java:288) ~[na:na]
	at java.base/sun.nio.ch.NioSocketImpl.implRead(NioSocketImpl.java:314) ~[na:na]
	at java.base/sun.nio.ch.NioSocketImpl.read(NioSocketImpl.java:355) ~[na:na]
	at java.base/sun.nio.ch.NioSocketImpl$1.read(NioSocketImpl.java:808) ~[na:na]
	at java.base/java.net.Socket$SocketInputStream.read(Socket.java:966) ~[na:na]
	at java.base/sun.security.ssl.SSLSocketInputRecord.read(SSLSocketInputRecord.java:484) ~[na:na]
	at java.base/sun.security.ssl.SSLSocketInputRecord.readHeader(SSLSocketInputRecord.java:478) ~[na:na]
	at java.base/sun.security.ssl.SSLSocketInputRecord.bytesInCompletePacket(SSLSocketInputRecord.java:70) ~[na:na]
	at java.base/sun.security.ssl.SSLSocketImpl.readApplicationRecord(SSLSocketImpl.java:1461) ~[na:na]
	at java.base/sun.security.ssl.SSLSocketImpl$AppInputStream.read(SSLSocketImpl.java:1065) ~[na:na]
	at com.mongodb.internal.connection.SocketStream.read(SocketStream.java:182) ~[mongodb-driver-core-5.2.1.jar:na]
	at com.mongodb.internal.connection.InternalStreamConnection.receiveResponseBuffers(InternalStreamConnection.java:829) ~[mongodb-driver-core-5.2.1.jar:na]
	... 4 common frames omitted

2026-05-19T14:35:15.528+01:00  INFO 11752 --- [SportService] [ngodb.net:27017] org.mongodb.driver.cluster               : Exception in monitor thread while connecting to server ac-khxyvkv-shard-00-02.ltylxsp.mongodb.net:27017

com.mongodb.MongoSocketReadTimeoutException: Timeout while receiving message
	at com.mongodb.internal.connection.InternalStreamConnection.createReadTimeoutException(InternalStreamConnection.java:824) ~[mongodb-driver-core-5.2.1.jar:na]
	at com.mongodb.internal.connection.InternalStreamConnection.translateReadException(InternalStreamConnection.java:812) ~[mongodb-driver-core-5.2.1.jar:na]
	at com.mongodb.internal.connection.InternalStreamConnection.receiveResponseBuffers(InternalStreamConnection.java:862) ~[mongodb-driver-core-5.2.1.jar:na]
	at com.mongodb.internal.connection.InternalStreamConnection.receiveCommandMessageResponse(InternalStreamConnection.java:517) ~[mongodb-driver-core-5.2.1.jar:na]
	at com.mongodb.internal.connection.InternalStreamConnection.receive(InternalStreamConnection.java:469) ~[mongodb-driver-core-5.2.1.jar:na]
	at com.mongodb.internal.connection.DefaultServerMonitor$ServerMonitor.lookupServerDescription(DefaultServerMonitor.java:249) ~[mongodb-driver-core-5.2.1.jar:na]
	at com.mongodb.internal.connection.DefaultServerMonitor$ServerMonitor.run(DefaultServerMonitor.java:176) ~[mongodb-driver-core-5.2.1.jar:na]
Caused by: java.net.SocketTimeoutException: Read timed out
	at java.base/sun.nio.ch.NioSocketImpl.timedRead(NioSocketImpl.java:288) ~[na:na]
	at java.base/sun.nio.ch.NioSocketImpl.implRead(NioSocketImpl.java:314) ~[na:na]
	at java.base/sun.nio.ch.NioSocketImpl.read(NioSocketImpl.java:355) ~[na:na]
	at java.base/sun.nio.ch.NioSocketImpl$1.read(NioSocketImpl.java:808) ~[na:na]
	at java.base/java.net.Socket$SocketInputStream.read(Socket.java:966) ~[na:na]
	at java.base/sun.security.ssl.SSLSocketInputRecord.read(SSLSocketInputRecord.java:484) ~[na:na]
	at java.base/sun.security.ssl.SSLSocketInputRecord.readHeader(SSLSocketInputRecord.java:478) ~[na:na]
	at java.base/sun.security.ssl.SSLSocketInputRecord.bytesInCompletePacket(SSLSocketInputRecord.java:70) ~[na:na]
	at java.base/sun.security.ssl.SSLSocketImpl.readApplicationRecord(SSLSocketImpl.java:1461) ~[na:na]
	at java.base/sun.security.ssl.SSLSocketImpl$AppInputStream.read(SSLSocketImpl.java:1065) ~[na:na]
	at com.mongodb.internal.connection.SocketStream.read(SocketStream.java:182) ~[mongodb-driver-core-5.2.1.jar:na]
	at com.mongodb.internal.connection.InternalStreamConnection.receiveResponseBuffers(InternalStreamConnection.java:829) ~[mongodb-driver-core-5.2.1.jar:na]
	... 4 common frames omitted

2026-05-19T14:35:20.567+01:00  INFO 11752 --- [SportService] [ngodb.net:27017] org.mongodb.driver.cluster               : Exception in monitor thread while connecting to server ac-khxyvkv-shard-00-01.ltylxsp.mongodb.net:27017

com.mongodb.MongoSocketException: Hôte inconnu (ac-khxyvkv-shard-00-01.ltylxsp.mongodb.net)
	at com.mongodb.internal.connection.ServerAddressHelper.getSocketAddresses(ServerAddressHelper.java:75) ~[mongodb-driver-core-5.2.1.jar:na]
	at com.mongodb.internal.connection.SocketStream.initializeSocket(SocketStream.java:100) ~[mongodb-driver-core-5.2.1.jar:na]
	at com.mongodb.internal.connection.SocketStream.open(SocketStream.java:79) ~[mongodb-driver-core-5.2.1.jar:na]
	at com.mongodb.internal.connection.InternalStreamConnection.open(InternalStreamConnection.java:233) ~[mongodb-driver-core-5.2.1.jar:na]
	at com.mongodb.internal.connection.DefaultServerMonitor$ServerMonitor.lookupServerDescription(DefaultServerMonitor.java:219) ~[mongodb-driver-core-5.2.1.jar:na]
	at com.mongodb.internal.connection.DefaultServerMonitor$ServerMonitor.run(DefaultServerMonitor.java:176) ~[mongodb-driver-core-5.2.1.jar:na]
Caused by: java.net.UnknownHostException: Hôte inconnu (ac-khxyvkv-shard-00-01.ltylxsp.mongodb.net)
	at java.base/java.net.Inet6AddressImpl.lookupAllHostAddr(Native Method) ~[na:na]
	at java.base/java.net.InetAddress$PlatformNameService.lookupAllHostAddr(InetAddress.java:933) ~[na:na]
	at java.base/java.net.InetAddress.getAddressesFromNameService(InetAddress.java:1543) ~[na:na]
	at java.base/java.net.InetAddress$NameServiceAddresses.get(InetAddress.java:852) ~[na:na]
	at java.base/java.net.InetAddress.getAllByName0(InetAddress.java:1532) ~[na:na]
	at java.base/java.net.InetAddress.getAllByName(InetAddress.java:1384) ~[na:na]
	at java.base/java.net.InetAddress.getAllByName(InetAddress.java:1305) ~[na:na]
	at com.mongodb.internal.connection.DefaultInetAddressResolver.lookupByName(DefaultInetAddressResolver.java:34) ~[mongodb-driver-core-5.2.1.jar:na]
	at com.mongodb.internal.connection.ServerAddressHelper.getSocketAddresses(ServerAddressHelper.java:71) ~[mongodb-driver-core-5.2.1.jar:na]
	... 5 common frames omitted

2026-05-19T14:35:20.605+01:00  INFO 11752 --- [SportService] [ngodb.net:27017] org.mongodb.driver.cluster               : Exception in monitor thread while connecting to server ac-khxyvkv-shard-00-00.ltylxsp.mongodb.net:27017

com.mongodb.MongoSocketException: Hôte inconnu (ac-khxyvkv-shard-00-00.ltylxsp.mongodb.net)
	at com.mongodb.internal.connection.ServerAddressHelper.getSocketAddresses(ServerAddressHelper.java:75) ~[mongodb-driver-core-5.2.1.jar:na]
	at com.mongodb.internal.connection.SocketStream.initializeSocket(SocketStream.java:100) ~[mongodb-driver-core-5.2.1.jar:na]
	at com.mongodb.internal.connection.SocketStream.open(SocketStream.java:79) ~[mongodb-driver-core-5.2.1.jar:na]
	at com.mongodb.internal.connection.InternalStreamConnection.open(InternalStreamConnection.java:233) ~[mongodb-driver-core-5.2.1.jar:na]
	at com.mongodb.internal.connection.DefaultServerMonitor$ServerMonitor.lookupServerDescription(DefaultServerMonitor.java:219) ~[mongodb-driver-core-5.2.1.jar:na]
	at com.mongodb.internal.connection.DefaultServerMonitor$ServerMonitor.run(DefaultServerMonitor.java:176) ~[mongodb-driver-core-5.2.1.jar:na]
Caused by: java.net.UnknownHostException: Hôte inconnu (ac-khxyvkv-shard-00-00.ltylxsp.mongodb.net)
	at java.base/java.net.Inet6AddressImpl.lookupAllHostAddr(Native Method) ~[na:na]
	at java.base/java.net.InetAddress$PlatformNameService.lookupAllHostAddr(InetAddress.java:933) ~[na:na]
	at java.base/java.net.InetAddress.getAddressesFromNameService(InetAddress.java:1543) ~[na:na]
	at java.base/java.net.InetAddress$NameServiceAddresses.get(InetAddress.java:852) ~[na:na]
	at java.base/java.net.InetAddress.getAllByName0(InetAddress.java:1532) ~[na:na]
	at java.base/java.net.InetAddress.getAllByName(InetAddress.java:1384) ~[na:na]
	at java.base/java.net.InetAddress.getAllByName(InetAddress.java:1305) ~[na:na]
	at com.mongodb.internal.connection.DefaultInetAddressResolver.lookupByName(DefaultInetAddressResolver.java:34) ~[mongodb-driver-core-5.2.1.jar:na]
	at com.mongodb.internal.connection.ServerAddressHelper.getSocketAddresses(ServerAddressHelper.java:71) ~[mongodb-driver-core-5.2.1.jar:na]
	... 5 common frames omitted

2026-05-19T14:35:20.794+01:00  INFO 11752 --- [SportService] [ngodb.net:27017] org.mongodb.driver.cluster               : Exception in monitor thread while connecting to server ac-khxyvkv-shard-00-02.ltylxsp.mongodb.net:27017

com.mongodb.MongoSocketException: Hôte inconnu (ac-khxyvkv-shard-00-02.ltylxsp.mongodb.net)
	at com.mongodb.internal.connection.ServerAddressHelper.getSocketAddresses(ServerAddressHelper.java:75) ~[mongodb-driver-core-5.2.1.jar:na]
	at com.mongodb.internal.connection.SocketStream.initializeSocket(SocketStream.java:100) ~[mongodb-driver-core-5.2.1.jar:na]
	at com.mongodb.internal.connection.SocketStream.open(SocketStream.java:79) ~[mongodb-driver-core-5.2.1.jar:na]
	at com.mongodb.internal.connection.InternalStreamConnection.open(InternalStreamConnection.java:233) ~[mongodb-driver-core-5.2.1.jar:na]
	at com.mongodb.internal.connection.DefaultServerMonitor$ServerMonitor.lookupServerDescription(DefaultServerMonitor.java:219) ~[mongodb-driver-core-5.2.1.jar:na]
	at com.mongodb.internal.connection.DefaultServerMonitor$ServerMonitor.run(DefaultServerMonitor.java:176) ~[mongodb-driver-core-5.2.1.jar:na]
Caused by: java.net.UnknownHostException: Hôte inconnu (ac-khxyvkv-shard-00-02.ltylxsp.mongodb.net)
	at java.base/java.net.Inet6AddressImpl.lookupAllHostAddr(Native Method) ~[na:na]
	at java.base/java.net.InetAddress$PlatformNameService.lookupAllHostAddr(InetAddress.java:933) ~[na:na]
	at java.base/java.net.InetAddress.getAddressesFromNameService(InetAddress.java:1543) ~[na:na]
	at java.base/java.net.InetAddress$NameServiceAddresses.get(InetAddress.java:852) ~[na:na]
	at java.base/java.net.InetAddress.getAllByName0(InetAddress.java:1532) ~[na:na]
	at java.base/java.net.InetAddress.getAllByName(InetAddress.java:1384) ~[na:na]
	at java.base/java.net.InetAddress.getAllByName(InetAddress.java:1305) ~[na:na]
	at com.mongodb.internal.connection.DefaultInetAddressResolver.lookupByName(DefaultInetAddressResolver.java:34) ~[mongodb-driver-core-5.2.1.jar:na]
	at com.mongodb.internal.connection.ServerAddressHelper.getSocketAddresses(ServerAddressHelper.java:71) ~[mongodb-driver-core-5.2.1.jar:na]
	... 5 common frames omitted

2026-05-19T14:35:30.593+01:00  INFO 11752 --- [SportService] [ngodb.net:27017] org.mongodb.driver.cluster               : Exception in monitor thread while connecting to server ac-khxyvkv-shard-00-01.ltylxsp.mongodb.net:27017

com.mongodb.MongoSocketException: ac-khxyvkv-shard-00-01.ltylxsp.mongodb.net
	at com.mongodb.internal.connection.ServerAddressHelper.getSocketAddresses(ServerAddressHelper.java:75) ~[mongodb-driver-core-5.2.1.jar:na]
	at com.mongodb.internal.connection.SocketStream.initializeSocket(SocketStream.java:100) ~[mongodb-driver-core-5.2.1.jar:na]
	at com.mongodb.internal.connection.SocketStream.open(SocketStream.java:79) ~[mongodb-driver-core-5.2.1.jar:na]
	at com.mongodb.internal.connection.InternalStreamConnection.open(InternalStreamConnection.java:233) ~[mongodb-driver-core-5.2.1.jar:na]
	at com.mongodb.internal.connection.DefaultServerMonitor$ServerMonitor.lookupServerDescription(DefaultServerMonitor.java:219) ~[mongodb-driver-core-5.2.1.jar:na]
	at com.mongodb.internal.connection.DefaultServerMonitor$ServerMonitor.run(DefaultServerMonitor.java:176) ~[mongodb-driver-core-5.2.1.jar:na]
Caused by: java.net.UnknownHostException: ac-khxyvkv-shard-00-01.ltylxsp.mongodb.net
	at java.base/java.net.InetAddress$CachedAddresses.get(InetAddress.java:801) ~[na:na]
	at java.base/java.net.InetAddress.getAllByName0(InetAddress.java:1532) ~[na:na]
	at java.base/java.net.InetAddress.getAllByName(InetAddress.java:1384) ~[na:na]
	at java.base/java.net.InetAddress.getAllByName(InetAddress.java:1305) ~[na:na]
	at com.mongodb.internal.connection.DefaultInetAddressResolver.lookupByName(DefaultInetAddressResolver.java:34) ~[mongodb-driver-core-5.2.1.jar:na]
	at com.mongodb.internal.connection.ServerAddressHelper.getSocketAddresses(ServerAddressHelper.java:71) ~[mongodb-driver-core-5.2.1.jar:na]
	... 5 common frames omitted

2026-05-19T14:36:05.724+01:00  INFO 11752 --- [SportService] [ngodb.net:27017] org.mongodb.driver.cluster               : Exception in monitor thread while connecting to server ac-khxyvkv-shard-00-00.ltylxsp.mongodb.net:27017

com.mongodb.MongoSocketException: ac-khxyvkv-shard-00-00.ltylxsp.mongodb.net
	at com.mongodb.internal.connection.ServerAddressHelper.getSocketAddresses(ServerAddressHelper.java:75) ~[mongodb-driver-core-5.2.1.jar:na]
	at com.mongodb.internal.connection.SocketStream.initializeSocket(SocketStream.java:100) ~[mongodb-driver-core-5.2.1.jar:na]
	at com.mongodb.internal.connection.SocketStream.open(SocketStream.java:79) ~[mongodb-driver-core-5.2.1.jar:na]
	at com.mongodb.internal.connection.InternalStreamConnection.open(InternalStreamConnection.java:233) ~[mongodb-driver-core-5.2.1.jar:na]
	at com.mongodb.internal.connection.DefaultServerMonitor$ServerMonitor.lookupServerDescription(DefaultServerMonitor.java:219) ~[mongodb-driver-core-5.2.1.jar:na]
	at com.mongodb.internal.connection.DefaultServerMonitor$ServerMonitor.run(DefaultServerMonitor.java:176) ~[mongodb-driver-core-5.2.1.jar:na]
Caused by: java.net.UnknownHostException: ac-khxyvkv-shard-00-00.ltylxsp.mongodb.net
	at java.base/java.net.InetAddress$CachedAddresses.get(InetAddress.java:801) ~[na:na]
	at java.base/java.net.InetAddress$NameServiceAddresses.get(InetAddress.java:887) ~[na:na]
	at java.base/java.net.InetAddress.getAllByName0(InetAddress.java:1532) ~[na:na]
	at java.base/java.net.InetAddress.getAllByName(InetAddress.java:1384) ~[na:na]
	at java.base/java.net.InetAddress.getAllByName(InetAddress.java:1305) ~[na:na]
	at com.mongodb.internal.connection.DefaultInetAddressResolver.lookupByName(DefaultInetAddressResolver.java:34) ~[mongodb-driver-core-5.2.1.jar:na]
	at com.mongodb.internal.connection.ServerAddressHelper.getSocketAddresses(ServerAddressHelper.java:71) ~[mongodb-driver-core-5.2.1.jar:na]
	... 5 common frames omitted

2026-05-19T14:36:27.757+01:00  INFO 11752 --- [SportService] [ngodb.net:27017] org.mongodb.driver.cluster               : Exception in monitor thread while connecting to server ac-khxyvkv-shard-00-00.ltylxsp.mongodb.net:27017

com.mongodb.MongoSocketException: Hôte inconnu (ac-khxyvkv-shard-00-00.ltylxsp.mongodb.net)
	at com.mongodb.internal.connection.ServerAddressHelper.getSocketAddresses(ServerAddressHelper.java:75) ~[mongodb-driver-core-5.2.1.jar:na]
	at com.mongodb.internal.connection.SocketStream.initializeSocket(SocketStream.java:100) ~[mongodb-driver-core-5.2.1.jar:na]
	at com.mongodb.internal.connection.SocketStream.open(SocketStream.java:79) ~[mongodb-driver-core-5.2.1.jar:na]
	at com.mongodb.internal.connection.InternalStreamConnection.open(InternalStreamConnection.java:233) ~[mongodb-driver-core-5.2.1.jar:na]
	at com.mongodb.internal.connection.DefaultServerMonitor$ServerMonitor.lookupServerDescription(DefaultServerMonitor.java:219) ~[mongodb-driver-core-5.2.1.jar:na]
	at com.mongodb.internal.connection.DefaultServerMonitor$ServerMonitor.run(DefaultServerMonitor.java:176) ~[mongodb-driver-core-5.2.1.jar:na]
Caused by: java.net.UnknownHostException: Hôte inconnu (ac-khxyvkv-shard-00-00.ltylxsp.mongodb.net)
	at java.base/java.net.Inet6AddressImpl.lookupAllHostAddr(Native Method) ~[na:na]
	at java.base/java.net.InetAddress$PlatformNameService.lookupAllHostAddr(InetAddress.java:933) ~[na:na]
	at java.base/java.net.InetAddress.getAddressesFromNameService(InetAddress.java:1543) ~[na:na]
	at java.base/java.net.InetAddress$NameServiceAddresses.get(InetAddress.java:852) ~[na:na]
	at java.base/java.net.InetAddress.getAllByName0(InetAddress.java:1532) ~[na:na]
	at java.base/java.net.InetAddress.getAllByName(InetAddress.java:1384) ~[na:na]
	at java.base/java.net.InetAddress.getAllByName(InetAddress.java:1305) ~[na:na]
	at com.mongodb.internal.connection.DefaultInetAddressResolver.lookupByName(DefaultInetAddressResolver.java:34) ~[mongodb-driver-core-5.2.1.jar:na]
	at com.mongodb.internal.connection.ServerAddressHelper.getSocketAddresses(ServerAddressHelper.java:71) ~[mongodb-driver-core-5.2.1.jar:na]
	... 5 common frames omitted

2026-05-19T14:36:27.962+01:00  INFO 11752 --- [SportService] [ngodb.net:27017] org.mongodb.driver.cluster               : Exception in monitor thread while connecting to server ac-khxyvkv-shard-00-02.ltylxsp.mongodb.net:27017

com.mongodb.MongoSocketException: ac-khxyvkv-shard-00-02.ltylxsp.mongodb.net
	at com.mongodb.internal.connection.ServerAddressHelper.getSocketAddresses(ServerAddressHelper.java:75) ~[mongodb-driver-core-5.2.1.jar:na]
	at com.mongodb.internal.connection.SocketStream.initializeSocket(SocketStream.java:100) ~[mongodb-driver-core-5.2.1.jar:na]
	at com.mongodb.internal.connection.SocketStream.open(SocketStream.java:79) ~[mongodb-driver-core-5.2.1.jar:na]
	at com.mongodb.internal.connection.InternalStreamConnection.open(InternalStreamConnection.java:233) ~[mongodb-driver-core-5.2.1.jar:na]
	at com.mongodb.internal.connection.DefaultServerMonitor$ServerMonitor.lookupServerDescription(DefaultServerMonitor.java:219) ~[mongodb-driver-core-5.2.1.jar:na]
	at com.mongodb.internal.connection.DefaultServerMonitor$ServerMonitor.run(DefaultServerMonitor.java:176) ~[mongodb-driver-core-5.2.1.jar:na]
Caused by: java.net.UnknownHostException: ac-khxyvkv-shard-00-02.ltylxsp.mongodb.net
	at java.base/java.net.InetAddress$CachedAddresses.get(InetAddress.java:801) ~[na:na]
	at java.base/java.net.InetAddress$NameServiceAddresses.get(InetAddress.java:887) ~[na:na]
	at java.base/java.net.InetAddress.getAllByName0(InetAddress.java:1532) ~[na:na]
	at java.base/java.net.InetAddress.getAllByName(InetAddress.java:1384) ~[na:na]
	at java.base/java.net.InetAddress.getAllByName(InetAddress.java:1305) ~[na:na]
	at com.mongodb.internal.connection.DefaultInetAddressResolver.lookupByName(DefaultInetAddressResolver.java:34) ~[mongodb-driver-core-5.2.1.jar:na]
	at com.mongodb.internal.connection.ServerAddressHelper.getSocketAddresses(ServerAddressHelper.java:71) ~[mongodb-driver-core-5.2.1.jar:na]
	... 5 common frames omitted

2026-05-19T14:36:47.773+01:00  INFO 11752 --- [SportService] [ngodb.net:27017] org.mongodb.driver.cluster               : Exception in monitor thread while connecting to server ac-khxyvkv-shard-00-01.ltylxsp.mongodb.net:27017

com.mongodb.MongoSocketException: Hôte inconnu (ac-khxyvkv-shard-00-01.ltylxsp.mongodb.net)
	at com.mongodb.internal.connection.ServerAddressHelper.getSocketAddresses(ServerAddressHelper.java:75) ~[mongodb-driver-core-5.2.1.jar:na]
	at com.mongodb.internal.connection.SocketStream.initializeSocket(SocketStream.java:100) ~[mongodb-driver-core-5.2.1.jar:na]
	at com.mongodb.internal.connection.SocketStream.open(SocketStream.java:79) ~[mongodb-driver-core-5.2.1.jar:na]
	at com.mongodb.internal.connection.InternalStreamConnection.open(InternalStreamConnection.java:233) ~[mongodb-driver-core-5.2.1.jar:na]
	at com.mongodb.internal.connection.DefaultServerMonitor$ServerMonitor.lookupServerDescription(DefaultServerMonitor.java:219) ~[mongodb-driver-core-5.2.1.jar:na]
	at com.mongodb.internal.connection.DefaultServerMonitor$ServerMonitor.run(DefaultServerMonitor.java:176) ~[mongodb-driver-core-5.2.1.jar:na]
Caused by: java.net.UnknownHostException: Hôte inconnu (ac-khxyvkv-shard-00-01.ltylxsp.mongodb.net)
	at java.base/java.net.Inet6AddressImpl.lookupAllHostAddr(Native Method) ~[na:na]
	at java.base/java.net.InetAddress$PlatformNameService.lookupAllHostAddr(InetAddress.java:933) ~[na:na]
	at java.base/java.net.InetAddress.getAddressesFromNameService(InetAddress.java:1543) ~[na:na]
	at java.base/java.net.InetAddress$NameServiceAddresses.get(InetAddress.java:852) ~[na:na]
	at java.base/java.net.InetAddress.getAllByName0(InetAddress.java:1532) ~[na:na]
	at java.base/java.net.InetAddress.getAllByName(InetAddress.java:1384) ~[na:na]
	at java.base/java.net.InetAddress.getAllByName(InetAddress.java:1305) ~[na:na]
	at com.mongodb.internal.connection.DefaultInetAddressResolver.lookupByName(DefaultInetAddressResolver.java:34) ~[mongodb-driver-core-5.2.1.jar:na]
	at com.mongodb.internal.connection.ServerAddressHelper.getSocketAddresses(ServerAddressHelper.java:71) ~[mongodb-driver-core-5.2.1.jar:na]
	... 5 common frames omitted

2026-05-19T14:36:57.779+01:00  INFO 11752 --- [SportService] [ngodb.net:27017] org.mongodb.driver.cluster               : Exception in monitor thread while connecting to server ac-khxyvkv-shard-00-01.ltylxsp.mongodb.net:27017

com.mongodb.MongoSocketException: ac-khxyvkv-shard-00-01.ltylxsp.mongodb.net
	at com.mongodb.internal.connection.ServerAddressHelper.getSocketAddresses(ServerAddressHelper.java:75) ~[mongodb-driver-core-5.2.1.jar:na]
	at com.mongodb.internal.connection.SocketStream.initializeSocket(SocketStream.java:100) ~[mongodb-driver-core-5.2.1.jar:na]
	at com.mongodb.internal.connection.SocketStream.open(SocketStream.java:79) ~[mongodb-driver-core-5.2.1.jar:na]
	at com.mongodb.internal.connection.InternalStreamConnection.open(InternalStreamConnection.java:233) ~[mongodb-driver-core-5.2.1.jar:na]
	at com.mongodb.internal.connection.DefaultServerMonitor$ServerMonitor.lookupServerDescription(DefaultServerMonitor.java:219) ~[mongodb-driver-core-5.2.1.jar:na]
	at com.mongodb.internal.connection.DefaultServerMonitor$ServerMonitor.run(DefaultServerMonitor.java:176) ~[mongodb-driver-core-5.2.1.jar:na]
Caused by: java.net.UnknownHostException: ac-khxyvkv-shard-00-01.ltylxsp.mongodb.net
	at java.base/java.net.InetAddress$CachedAddresses.get(InetAddress.java:801) ~[na:na]
	at java.base/java.net.InetAddress.getAllByName0(InetAddress.java:1532) ~[na:na]
	at java.base/java.net.InetAddress.getAllByName(InetAddress.java:1384) ~[na:na]
	at java.base/java.net.InetAddress.getAllByName(InetAddress.java:1305) ~[na:na]
	at com.mongodb.internal.connection.DefaultInetAddressResolver.lookupByName(DefaultInetAddressResolver.java:34) ~[mongodb-driver-core-5.2.1.jar:na]
	at com.mongodb.internal.connection.ServerAddressHelper.getSocketAddresses(ServerAddressHelper.java:71) ~[mongodb-driver-core-5.2.1.jar:na]
	... 5 common frames omitted

2026-05-19T14:36:58.693+01:00  INFO 11752 --- [SportService] [ngodb.net:27017] org.mongodb.driver.cluster               : Monitor thread successfully connected to server with description ServerDescription{address=ac-khxyvkv-shard-00-00.ltylxsp.mongodb.net:27017, type=REPLICA_SET_SECONDARY, cryptd=false, state=CONNECTED, ok=true, minWireVersion=0, maxWireVersion=25, maxDocumentSize=16777216, logicalSessionTimeoutMinutes=30, roundTripTimeNanos=596226100, minRoundTripTimeNanos=0, setName='atlas-6x6yvm-shard-0', canonicalAddress=ac-khxyvkv-shard-00-00.ltylxsp.mongodb.net:27017, hosts=[ac-khxyvkv-shard-00-00.ltylxsp.mongodb.net:27017, ac-khxyvkv-shard-00-01.ltylxsp.mongodb.net:27017, ac-khxyvkv-shard-00-02.ltylxsp.mongodb.net:27017], passives=[], arbiters=[], primary='ac-khxyvkv-shard-00-02.ltylxsp.mongodb.net:27017', tagSet=TagSet{[Tag{name='availabilityZone', value='euw3-az1'}, Tag{name='cacheState', value='READY'}, Tag{name='diskState', value='READY'}, Tag{name='nodeType', value='ELECTABLE'}, Tag{name='provider', value='AWS'}, Tag{name='region', value='EU_WEST_3'}, Tag{name='workloadType', value='OPERATIONAL'}]}, electionId=null, setVersion=36, topologyVersion=TopologyVersion{processId=6a0b71594350e6bbf1a71fd2, counter=4}, lastWriteDate=Tue May 19 14:36:58 WAT 2026, lastUpdateTimeNanos=275542346598499}
2026-05-19T14:37:07.949+01:00  INFO 11752 --- [SportService] [ngodb.net:27017] org.mongodb.driver.cluster               : Monitor thread successfully connected to server with description ServerDescription{address=ac-khxyvkv-shard-00-01.ltylxsp.mongodb.net:27017, type=REPLICA_SET_SECONDARY, cryptd=false, state=CONNECTED, ok=true, minWireVersion=0, maxWireVersion=25, maxDocumentSize=16777216, logicalSessionTimeoutMinutes=30, roundTripTimeNanos=111258800, minRoundTripTimeNanos=0, setName='atlas-6x6yvm-shard-0', canonicalAddress=ac-khxyvkv-shard-00-01.ltylxsp.mongodb.net:27017, hosts=[ac-khxyvkv-shard-00-00.ltylxsp.mongodb.net:27017, ac-khxyvkv-shard-00-01.ltylxsp.mongodb.net:27017, ac-khxyvkv-shard-00-02.ltylxsp.mongodb.net:27017], passives=[], arbiters=[], primary='ac-khxyvkv-shard-00-02.ltylxsp.mongodb.net:27017', tagSet=TagSet{[Tag{name='availabilityZone', value='euw3-az2'}, Tag{name='cacheState', value='READY'}, Tag{name='diskState', value='READY'}, Tag{name='nodeType', value='ELECTABLE'}, Tag{name='provider', value='AWS'}, Tag{name='region', value='EU_WEST_3'}, Tag{name='workloadType', value='OPERATIONAL'}]}, electionId=null, setVersion=36, topologyVersion=TopologyVersion{processId=6a0b7610b7f22932df19d864, counter=3}, lastWriteDate=Tue May 19 14:37:07 WAT 2026, lastUpdateTimeNanos=275551634750899}
2026-05-19T14:37:08.138+01:00  INFO 11752 --- [SportService] [ngodb.net:27017] org.mongodb.driver.cluster               : Monitor thread successfully connected to server with description ServerDescription{address=ac-khxyvkv-shard-00-02.ltylxsp.mongodb.net:27017, type=REPLICA_SET_PRIMARY, cryptd=false, state=CONNECTED, ok=true, minWireVersion=0, maxWireVersion=25, maxDocumentSize=16777216, logicalSessionTimeoutMinutes=30, roundTripTimeNanos=102809100, minRoundTripTimeNanos=0, setName='atlas-6x6yvm-shard-0', canonicalAddress=ac-khxyvkv-shard-00-02.ltylxsp.mongodb.net:27017, hosts=[ac-khxyvkv-shard-00-00.ltylxsp.mongodb.net:27017, ac-khxyvkv-shard-00-01.ltylxsp.mongodb.net:27017, ac-khxyvkv-shard-00-02.ltylxsp.mongodb.net:27017], passives=[], arbiters=[], primary='ac-khxyvkv-shard-00-02.ltylxsp.mongodb.net:27017', tagSet=TagSet{[Tag{name='availabilityZone', value='euw3-az3'}, Tag{name='cacheState', value='READY'}, Tag{name='diskState', value='READY'}, Tag{name='nodeType', value='ELECTABLE'}, Tag{name='provider', value='AWS'}, Tag{name='region', value='EU_WEST_3'}, Tag{name='workloadType', value='OPERATIONAL'}]}, electionId=7fffffff000000000000006a, setVersion=36, topologyVersion=TopologyVersion{processId=6a0b739aa9fe492cf1ce6df6, counter=6}, lastWriteDate=Tue May 19 14:37:07 WAT 2026, lastUpdateTimeNanos=275551823439900}
2026-05-19T14:37:08.153+01:00  INFO 11752 --- [SportService] [ngodb.net:27017] org.mongodb.driver.cluster               : Discovered replica set primary ac-khxyvkv-shard-00-02.ltylxsp.mongodb.net:27017 with max election id 7fffffff000000000000006a and max set version 36
2026-05-19T14:37:27.964+01:00  INFO 11752 --- [SportService] [ngodb.net:27017] org.mongodb.driver.cluster               : Exception in monitor thread while connecting to server ac-khxyvkv-shard-00-01.ltylxsp.mongodb.net:27017

com.mongodb.MongoSocketReadTimeoutException: Timeout while receiving message
	at com.mongodb.internal.connection.InternalStreamConnection.createReadTimeoutException(InternalStreamConnection.java:824) ~[mongodb-driver-core-5.2.1.jar:na]
	at com.mongodb.internal.connection.InternalStreamConnection.translateReadException(InternalStreamConnection.java:812) ~[mongodb-driver-core-5.2.1.jar:na]
	at com.mongodb.internal.connection.InternalStreamConnection.receiveResponseBuffers(InternalStreamConnection.java:862) ~[mongodb-driver-core-5.2.1.jar:na]
	at com.mongodb.internal.connection.InternalStreamConnection.receiveCommandMessageResponse(InternalStreamConnection.java:517) ~[mongodb-driver-core-5.2.1.jar:na]
	at com.mongodb.internal.connection.InternalStreamConnection.receive(InternalStreamConnection.java:469) ~[mongodb-driver-core-5.2.1.jar:na]
	at com.mongodb.internal.connection.DefaultServerMonitor$ServerMonitor.lookupServerDescription(DefaultServerMonitor.java:249) ~[mongodb-driver-core-5.2.1.jar:na]
	at com.mongodb.internal.connection.DefaultServerMonitor$ServerMonitor.run(DefaultServerMonitor.java:176) ~[mongodb-driver-core-5.2.1.jar:na]
Caused by: java.net.SocketTimeoutException: Read timed out
	at java.base/sun.nio.ch.NioSocketImpl.timedRead(NioSocketImpl.java:288) ~[na:na]
	at java.base/sun.nio.ch.NioSocketImpl.implRead(NioSocketImpl.java:314) ~[na:na]
	at java.base/sun.nio.ch.NioSocketImpl.read(NioSocketImpl.java:355) ~[na:na]
	at java.base/sun.nio.ch.NioSocketImpl$1.read(NioSocketImpl.java:808) ~[na:na]
	at java.base/java.net.Socket$SocketInputStream.read(Socket.java:966) ~[na:na]
	at java.base/sun.security.ssl.SSLSocketInputRecord.read(SSLSocketInputRecord.java:484) ~[na:na]
	at java.base/sun.security.ssl.SSLSocketInputRecord.readHeader(SSLSocketInputRecord.java:478) ~[na:na]
	at java.base/sun.security.ssl.SSLSocketInputRecord.bytesInCompletePacket(SSLSocketInputRecord.java:70) ~[na:na]
	at java.base/sun.security.ssl.SSLSocketImpl.readApplicationRecord(SSLSocketImpl.java:1461) ~[na:na]
	at java.base/sun.security.ssl.SSLSocketImpl$AppInputStream.read(SSLSocketImpl.java:1065) ~[na:na]
	at com.mongodb.internal.connection.SocketStream.read(SocketStream.java:182) ~[mongodb-driver-core-5.2.1.jar:na]
	at com.mongodb.internal.connection.InternalStreamConnection.receiveResponseBuffers(InternalStreamConnection.java:829) ~[mongodb-driver-core-5.2.1.jar:na]
	... 4 common frames omitted

2026-05-19T14:37:27.985+01:00  INFO 11752 --- [SportService] [ngodb.net:27017] org.mongodb.driver.cluster               : Exception in monitor thread while connecting to server ac-khxyvkv-shard-00-01.ltylxsp.mongodb.net:27017

com.mongodb.MongoSocketOpenException: Exception opening socket
	at com.mongodb.internal.connection.SocketStream.lambda$open$0(SocketStream.java:85) ~[mongodb-driver-core-5.2.1.jar:na]
	at java.base/java.util.Optional.orElseThrow(Optional.java:403) ~[na:na]
	at com.mongodb.internal.connection.SocketStream.open(SocketStream.java:85) ~[mongodb-driver-core-5.2.1.jar:na]
	at com.mongodb.internal.connection.InternalStreamConnection.open(InternalStreamConnection.java:233) ~[mongodb-driver-core-5.2.1.jar:na]
	at com.mongodb.internal.connection.DefaultServerMonitor$ServerMonitor.lookupServerDescription(DefaultServerMonitor.java:219) ~[mongodb-driver-core-5.2.1.jar:na]
	at com.mongodb.internal.connection.DefaultServerMonitor$ServerMonitor.run(DefaultServerMonitor.java:176) ~[mongodb-driver-core-5.2.1.jar:na]
Caused by: java.net.NoRouteToHostException: No route to host: no further information
	at java.base/sun.nio.ch.Net.pollConnect(Native Method) ~[na:na]
	at java.base/sun.nio.ch.Net.pollConnectNow(Net.java:672) ~[na:na]
	at java.base/sun.nio.ch.NioSocketImpl.timedFinishConnect(NioSocketImpl.java:547) ~[na:na]
	at java.base/sun.nio.ch.NioSocketImpl.connect(NioSocketImpl.java:602) ~[na:na]
	at java.base/java.net.SocksSocketImpl.connect(SocksSocketImpl.java:327) ~[na:na]
	at java.base/java.net.Socket.connect(Socket.java:633) ~[na:na]
	at java.base/sun.security.ssl.SSLSocketImpl.connect(SSLSocketImpl.java:304) ~[na:na]
	at com.mongodb.internal.connection.SocketStreamHelper.initialize(SocketStreamHelper.java:76) ~[mongodb-driver-core-5.2.1.jar:na]
	at com.mongodb.internal.connection.SocketStream.initializeSocket(SocketStream.java:104) ~[mongodb-driver-core-5.2.1.jar:na]
	at com.mongodb.internal.connection.SocketStream.open(SocketStream.java:79) ~[mongodb-driver-core-5.2.1.jar:na]
	... 3 common frames omitted

2026-05-19T14:37:28.167+01:00  INFO 11752 --- [SportService] [ngodb.net:27017] org.mongodb.driver.cluster               : Exception in monitor thread while connecting to server ac-khxyvkv-shard-00-02.ltylxsp.mongodb.net:27017

com.mongodb.MongoSocketReadTimeoutException: Timeout while receiving message
	at com.mongodb.internal.connection.InternalStreamConnection.createReadTimeoutException(InternalStreamConnection.java:824) ~[mongodb-driver-core-5.2.1.jar:na]
	at com.mongodb.internal.connection.InternalStreamConnection.translateReadException(InternalStreamConnection.java:812) ~[mongodb-driver-core-5.2.1.jar:na]
	at com.mongodb.internal.connection.InternalStreamConnection.receiveResponseBuffers(InternalStreamConnection.java:862) ~[mongodb-driver-core-5.2.1.jar:na]
	at com.mongodb.internal.connection.InternalStreamConnection.receiveCommandMessageResponse(InternalStreamConnection.java:517) ~[mongodb-driver-core-5.2.1.jar:na]
	at com.mongodb.internal.connection.InternalStreamConnection.receive(InternalStreamConnection.java:469) ~[mongodb-driver-core-5.2.1.jar:na]
	at com.mongodb.internal.connection.DefaultServerMonitor$ServerMonitor.lookupServerDescription(DefaultServerMonitor.java:249) ~[mongodb-driver-core-5.2.1.jar:na]
	at com.mongodb.internal.connection.DefaultServerMonitor$ServerMonitor.run(DefaultServerMonitor.java:176) ~[mongodb-driver-core-5.2.1.jar:na]
Caused by: java.net.SocketTimeoutException: Read timed out
	at java.base/sun.nio.ch.NioSocketImpl.timedRead(NioSocketImpl.java:288) ~[na:na]
	at java.base/sun.nio.ch.NioSocketImpl.implRead(NioSocketImpl.java:314) ~[na:na]
	at java.base/sun.nio.ch.NioSocketImpl.read(NioSocketImpl.java:355) ~[na:na]
	at java.base/sun.nio.ch.NioSocketImpl$1.read(NioSocketImpl.java:808) ~[na:na]
	at java.base/java.net.Socket$SocketInputStream.read(Socket.java:966) ~[na:na]
	at java.base/sun.security.ssl.SSLSocketInputRecord.read(SSLSocketInputRecord.java:484) ~[na:na]
	at java.base/sun.security.ssl.SSLSocketInputRecord.readHeader(SSLSocketInputRecord.java:478) ~[na:na]
	at java.base/sun.security.ssl.SSLSocketInputRecord.bytesInCompletePacket(SSLSocketInputRecord.java:70) ~[na:na]
	at java.base/sun.security.ssl.SSLSocketImpl.readApplicationRecord(SSLSocketImpl.java:1461) ~[na:na]
	at java.base/sun.security.ssl.SSLSocketImpl$AppInputStream.read(SSLSocketImpl.java:1065) ~[na:na]
	at com.mongodb.internal.connection.SocketStream.read(SocketStream.java:182) ~[mongodb-driver-core-5.2.1.jar:na]
	at com.mongodb.internal.connection.InternalStreamConnection.receiveResponseBuffers(InternalStreamConnection.java:829) ~[mongodb-driver-core-5.2.1.jar:na]
	... 4 common frames omitted

2026-05-19T14:37:28.170+01:00  INFO 11752 --- [SportService] [ngodb.net:27017] org.mongodb.driver.cluster               : Exception in monitor thread while connecting to server ac-khxyvkv-shard-00-02.ltylxsp.mongodb.net:27017

com.mongodb.MongoSocketException: Hôte inconnu (ac-khxyvkv-shard-00-02.ltylxsp.mongodb.net)
	at com.mongodb.internal.connection.ServerAddressHelper.getSocketAddresses(ServerAddressHelper.java:75) ~[mongodb-driver-core-5.2.1.jar:na]
	at com.mongodb.internal.connection.SocketStream.initializeSocket(SocketStream.java:100) ~[mongodb-driver-core-5.2.1.jar:na]
	at com.mongodb.internal.connection.SocketStream.open(SocketStream.java:79) ~[mongodb-driver-core-5.2.1.jar:na]
	at com.mongodb.internal.connection.InternalStreamConnection.open(InternalStreamConnection.java:233) ~[mongodb-driver-core-5.2.1.jar:na]
	at com.mongodb.internal.connection.DefaultServerMonitor$ServerMonitor.lookupServerDescription(DefaultServerMonitor.java:219) ~[mongodb-driver-core-5.2.1.jar:na]
	at com.mongodb.internal.connection.DefaultServerMonitor$ServerMonitor.run(DefaultServerMonitor.java:176) ~[mongodb-driver-core-5.2.1.jar:na]
Caused by: java.net.UnknownHostException: Hôte inconnu (ac-khxyvkv-shard-00-02.ltylxsp.mongodb.net)
	at java.base/java.net.Inet6AddressImpl.lookupAllHostAddr(Native Method) ~[na:na]
	at java.base/java.net.InetAddress$PlatformNameService.lookupAllHostAddr(InetAddress.java:933) ~[na:na]
	at java.base/java.net.InetAddress.getAddressesFromNameService(InetAddress.java:1543) ~[na:na]
	at java.base/java.net.InetAddress$NameServiceAddresses.get(InetAddress.java:852) ~[na:na]
	at java.base/java.net.InetAddress.getAllByName0(InetAddress.java:1532) ~[na:na]
	at java.base/java.net.InetAddress.getAllByName(InetAddress.java:1384) ~[na:na]
	at java.base/java.net.InetAddress.getAllByName(InetAddress.java:1305) ~[na:na]
	at com.mongodb.internal.connection.DefaultInetAddressResolver.lookupByName(DefaultInetAddressResolver.java:34) ~[mongodb-driver-core-5.2.1.jar:na]
	at com.mongodb.internal.connection.ServerAddressHelper.getSocketAddresses(ServerAddressHelper.java:71) ~[mongodb-driver-core-5.2.1.jar:na]
	... 5 common frames omitted

2026-05-19T14:37:28.837+01:00  INFO 11752 --- [SportService] [ngodb.net:27017] org.mongodb.driver.cluster               : Exception in monitor thread while connecting to server ac-khxyvkv-shard-00-00.ltylxsp.mongodb.net:27017

com.mongodb.MongoSocketReadTimeoutException: Timeout while receiving message
	at com.mongodb.internal.connection.InternalStreamConnection.createReadTimeoutException(InternalStreamConnection.java:824) ~[mongodb-driver-core-5.2.1.jar:na]
	at com.mongodb.internal.connection.InternalStreamConnection.translateReadException(InternalStreamConnection.java:812) ~[mongodb-driver-core-5.2.1.jar:na]
	at com.mongodb.internal.connection.InternalStreamConnection.receiveResponseBuffers(InternalStreamConnection.java:862) ~[mongodb-driver-core-5.2.1.jar:na]
	at com.mongodb.internal.connection.InternalStreamConnection.receiveCommandMessageResponse(InternalStreamConnection.java:517) ~[mongodb-driver-core-5.2.1.jar:na]
	at com.mongodb.internal.connection.InternalStreamConnection.receive(InternalStreamConnection.java:469) ~[mongodb-driver-core-5.2.1.jar:na]
	at com.mongodb.internal.connection.DefaultServerMonitor$ServerMonitor.lookupServerDescription(DefaultServerMonitor.java:249) ~[mongodb-driver-core-5.2.1.jar:na]
	at com.mongodb.internal.connection.DefaultServerMonitor$ServerMonitor.run(DefaultServerMonitor.java:176) ~[mongodb-driver-core-5.2.1.jar:na]
Caused by: java.net.SocketTimeoutException: Read timed out
	at java.base/sun.nio.ch.NioSocketImpl.timedRead(NioSocketImpl.java:288) ~[na:na]
	at java.base/sun.nio.ch.NioSocketImpl.implRead(NioSocketImpl.java:314) ~[na:na]
	at java.base/sun.nio.ch.NioSocketImpl.read(NioSocketImpl.java:355) ~[na:na]
	at java.base/sun.nio.ch.NioSocketImpl$1.read(NioSocketImpl.java:808) ~[na:na]
	at java.base/java.net.Socket$SocketInputStream.read(Socket.java:966) ~[na:na]
	at java.base/sun.security.ssl.SSLSocketInputRecord.read(SSLSocketInputRecord.java:484) ~[na:na]
	at java.base/sun.security.ssl.SSLSocketInputRecord.readHeader(SSLSocketInputRecord.java:478) ~[na:na]
	at java.base/sun.security.ssl.SSLSocketInputRecord.bytesInCompletePacket(SSLSocketInputRecord.java:70) ~[na:na]
	at java.base/sun.security.ssl.SSLSocketImpl.readApplicationRecord(SSLSocketImpl.java:1461) ~[na:na]
	at java.base/sun.security.ssl.SSLSocketImpl$AppInputStream.read(SSLSocketImpl.java:1065) ~[na:na]
	at com.mongodb.internal.connection.SocketStream.read(SocketStream.java:182) ~[mongodb-driver-core-5.2.1.jar:na]
	at com.mongodb.internal.connection.InternalStreamConnection.receiveResponseBuffers(InternalStreamConnection.java:829) ~[mongodb-driver-core-5.2.1.jar:na]
	... 4 common frames omitted

2026-05-19T14:37:28.841+01:00  INFO 11752 --- [SportService] [ngodb.net:27017] org.mongodb.driver.cluster               : Exception in monitor thread while connecting to server ac-khxyvkv-shard-00-00.ltylxsp.mongodb.net:27017

com.mongodb.MongoSocketException: Hôte inconnu (ac-khxyvkv-shard-00-00.ltylxsp.mongodb.net)
	at com.mongodb.internal.connection.ServerAddressHelper.getSocketAddresses(ServerAddressHelper.java:75) ~[mongodb-driver-core-5.2.1.jar:na]
	at com.mongodb.internal.connection.SocketStream.initializeSocket(SocketStream.java:100) ~[mongodb-driver-core-5.2.1.jar:na]
	at com.mongodb.internal.connection.SocketStream.open(SocketStream.java:79) ~[mongodb-driver-core-5.2.1.jar:na]
	at com.mongodb.internal.connection.InternalStreamConnection.open(InternalStreamConnection.java:233) ~[mongodb-driver-core-5.2.1.jar:na]
	at com.mongodb.internal.connection.DefaultServerMonitor$ServerMonitor.lookupServerDescription(DefaultServerMonitor.java:219) ~[mongodb-driver-core-5.2.1.jar:na]
	at com.mongodb.internal.connection.DefaultServerMonitor$ServerMonitor.run(DefaultServerMonitor.java:176) ~[mongodb-driver-core-5.2.1.jar:na]
Caused by: java.net.UnknownHostException: Hôte inconnu (ac-khxyvkv-shard-00-00.ltylxsp.mongodb.net)
	at java.base/java.net.Inet6AddressImpl.lookupAllHostAddr(Native Method) ~[na:na]
	at java.base/java.net.InetAddress$PlatformNameService.lookupAllHostAddr(InetAddress.java:933) ~[na:na]
	at java.base/java.net.InetAddress.getAddressesFromNameService(InetAddress.java:1543) ~[na:na]
	at java.base/java.net.InetAddress$NameServiceAddresses.get(InetAddress.java:852) ~[na:na]
	at java.base/java.net.InetAddress.getAllByName0(InetAddress.java:1532) ~[na:na]
	at java.base/java.net.InetAddress.getAllByName(InetAddress.java:1384) ~[na:na]
	at java.base/java.net.InetAddress.getAllByName(InetAddress.java:1305) ~[na:na]
	at com.mongodb.internal.connection.DefaultInetAddressResolver.lookupByName(DefaultInetAddressResolver.java:34) ~[mongodb-driver-core-5.2.1.jar:na]
	at com.mongodb.internal.connection.ServerAddressHelper.getSocketAddresses(ServerAddressHelper.java:71) ~[mongodb-driver-core-5.2.1.jar:na]
	... 5 common frames omitted

2026-05-19T14:37:37.994+01:00  INFO 11752 --- [SportService] [ngodb.net:27017] org.mongodb.driver.cluster               : Exception in monitor thread while connecting to server ac-khxyvkv-shard-00-01.ltylxsp.mongodb.net:27017

com.mongodb.MongoSocketException: Hôte inconnu (ac-khxyvkv-shard-00-01.ltylxsp.mongodb.net)
	at com.mongodb.internal.connection.ServerAddressHelper.getSocketAddresses(ServerAddressHelper.java:75) ~[mongodb-driver-core-5.2.1.jar:na]
	at com.mongodb.internal.connection.SocketStream.initializeSocket(SocketStream.java:100) ~[mongodb-driver-core-5.2.1.jar:na]
	at com.mongodb.internal.connection.SocketStream.open(SocketStream.java:79) ~[mongodb-driver-core-5.2.1.jar:na]
	at com.mongodb.internal.connection.InternalStreamConnection.open(InternalStreamConnection.java:233) ~[mongodb-driver-core-5.2.1.jar:na]
	at com.mongodb.internal.connection.DefaultServerMonitor$ServerMonitor.lookupServerDescription(DefaultServerMonitor.java:219) ~[mongodb-driver-core-5.2.1.jar:na]
	at com.mongodb.internal.connection.DefaultServerMonitor$ServerMonitor.run(DefaultServerMonitor.java:176) ~[mongodb-driver-core-5.2.1.jar:na]
Caused by: java.net.UnknownHostException: Hôte inconnu (ac-khxyvkv-shard-00-01.ltylxsp.mongodb.net)
	at java.base/java.net.Inet6AddressImpl.lookupAllHostAddr(Native Method) ~[na:na]
	at java.base/java.net.InetAddress$PlatformNameService.lookupAllHostAddr(InetAddress.java:933) ~[na:na]
	at java.base/java.net.InetAddress.getAddressesFromNameService(InetAddress.java:1543) ~[na:na]
	at java.base/java.net.InetAddress$NameServiceAddresses.get(InetAddress.java:852) ~[na:na]
	at java.base/java.net.InetAddress.getAllByName0(InetAddress.java:1532) ~[na:na]
	at java.base/java.net.InetAddress.getAllByName(InetAddress.java:1384) ~[na:na]
	at java.base/java.net.InetAddress.getAllByName(InetAddress.java:1305) ~[na:na]
	at com.mongodb.internal.connection.DefaultInetAddressResolver.lookupByName(DefaultInetAddressResolver.java:34) ~[mongodb-driver-core-5.2.1.jar:na]
	at com.mongodb.internal.connection.ServerAddressHelper.getSocketAddresses(ServerAddressHelper.java:71) ~[mongodb-driver-core-5.2.1.jar:na]
	... 5 common frames omitted

2026-05-19T14:38:08.876+01:00  INFO 11752 --- [SportService] [ngodb.net:27017] org.mongodb.driver.cluster               : Exception in monitor thread while connecting to server ac-khxyvkv-shard-00-00.ltylxsp.mongodb.net:27017

com.mongodb.MongoSocketException: ac-khxyvkv-shard-00-00.ltylxsp.mongodb.net
	at com.mongodb.internal.connection.ServerAddressHelper.getSocketAddresses(ServerAddressHelper.java:75) ~[mongodb-driver-core-5.2.1.jar:na]
	at com.mongodb.internal.connection.SocketStream.initializeSocket(SocketStream.java:100) ~[mongodb-driver-core-5.2.1.jar:na]
	at com.mongodb.internal.connection.SocketStream.open(SocketStream.java:79) ~[mongodb-driver-core-5.2.1.jar:na]
	at com.mongodb.internal.connection.InternalStreamConnection.open(InternalStreamConnection.java:233) ~[mongodb-driver-core-5.2.1.jar:na]
	at com.mongodb.internal.connection.DefaultServerMonitor$ServerMonitor.lookupServerDescription(DefaultServerMonitor.java:219) ~[mongodb-driver-core-5.2.1.jar:na]
	at com.mongodb.internal.connection.DefaultServerMonitor$ServerMonitor.run(DefaultServerMonitor.java:176) ~[mongodb-driver-core-5.2.1.jar:na]
Caused by: java.net.UnknownHostException: ac-khxyvkv-shard-00-00.ltylxsp.mongodb.net
	at java.base/java.net.InetAddress$CachedAddresses.get(InetAddress.java:801) ~[na:na]
	at java.base/java.net.InetAddress.getAllByName0(InetAddress.java:1532) ~[na:na]
	at java.base/java.net.InetAddress.getAllByName(InetAddress.java:1384) ~[na:na]
	at java.base/java.net.InetAddress.getAllByName(InetAddress.java:1305) ~[na:na]
	at com.mongodb.internal.connection.DefaultInetAddressResolver.lookupByName(DefaultInetAddressResolver.java:34) ~[mongodb-driver-core-5.2.1.jar:na]
	at com.mongodb.internal.connection.ServerAddressHelper.getSocketAddresses(ServerAddressHelper.java:71) ~[mongodb-driver-core-5.2.1.jar:na]
	... 5 common frames omitted

2026-05-19T14:38:20.387+01:00  INFO 11752 --- [SportService] [ngodb.net:27017] org.mongodb.driver.cluster               : Monitor thread successfully connected to server with description ServerDescription{address=ac-khxyvkv-shard-00-00.ltylxsp.mongodb.net:27017, type=REPLICA_SET_SECONDARY, cryptd=false, state=CONNECTED, ok=true, minWireVersion=0, maxWireVersion=25, maxDocumentSize=16777216, logicalSessionTimeoutMinutes=30, roundTripTimeNanos=236983200, minRoundTripTimeNanos=0, setName='atlas-6x6yvm-shard-0', canonicalAddress=ac-khxyvkv-shard-00-00.ltylxsp.mongodb.net:27017, hosts=[ac-khxyvkv-shard-00-00.ltylxsp.mongodb.net:27017, ac-khxyvkv-shard-00-01.ltylxsp.mongodb.net:27017, ac-khxyvkv-shard-00-02.ltylxsp.mongodb.net:27017], passives=[], arbiters=[], primary='ac-khxyvkv-shard-00-02.ltylxsp.mongodb.net:27017', tagSet=TagSet{[Tag{name='availabilityZone', value='euw3-az1'}, Tag{name='cacheState', value='READY'}, Tag{name='diskState', value='READY'}, Tag{name='nodeType', value='ELECTABLE'}, Tag{name='provider', value='AWS'}, Tag{name='region', value='EU_WEST_3'}, Tag{name='workloadType', value='OPERATIONAL'}]}, electionId=null, setVersion=36, topologyVersion=TopologyVersion{processId=6a0b71594350e6bbf1a71fd2, counter=4}, lastWriteDate=Tue May 19 14:38:19 WAT 2026, lastUpdateTimeNanos=275624082469300}
2026-05-19T14:38:28.186+01:00  INFO 11752 --- [SportService] [ngodb.net:27017] org.mongodb.driver.cluster               : Monitor thread successfully connected to server with description ServerDescription{address=ac-khxyvkv-shard-00-01.ltylxsp.mongodb.net:27017, type=REPLICA_SET_SECONDARY, cryptd=false, state=CONNECTED, ok=true, minWireVersion=0, maxWireVersion=25, maxDocumentSize=16777216, logicalSessionTimeoutMinutes=30, roundTripTimeNanos=101780100, minRoundTripTimeNanos=0, setName='atlas-6x6yvm-shard-0', canonicalAddress=ac-khxyvkv-shard-00-01.ltylxsp.mongodb.net:27017, hosts=[ac-khxyvkv-shard-00-00.ltylxsp.mongodb.net:27017, ac-khxyvkv-shard-00-01.ltylxsp.mongodb.net:27017, ac-khxyvkv-shard-00-02.ltylxsp.mongodb.net:27017], passives=[], arbiters=[], primary='ac-khxyvkv-shard-00-02.ltylxsp.mongodb.net:27017', tagSet=TagSet{[Tag{name='availabilityZone', value='euw3-az2'}, Tag{name='cacheState', value='READY'}, Tag{name='diskState', value='READY'}, Tag{name='nodeType', value='ELECTABLE'}, Tag{name='provider', value='AWS'}, Tag{name='region', value='EU_WEST_3'}, Tag{name='workloadType', value='OPERATIONAL'}]}, electionId=null, setVersion=36, topologyVersion=TopologyVersion{processId=6a0b7610b7f22932df19d864, counter=3}, lastWriteDate=Tue May 19 14:38:27 WAT 2026, lastUpdateTimeNanos=275631883218400}
2026-05-19T14:38:28.357+01:00  INFO 11752 --- [SportService] [ngodb.net:27017] org.mongodb.driver.cluster               : Monitor thread successfully connected to server with description ServerDescription{address=ac-khxyvkv-shard-00-02.ltylxsp.mongodb.net:27017, type=REPLICA_SET_PRIMARY, cryptd=false, state=CONNECTED, ok=true, minWireVersion=0, maxWireVersion=25, maxDocumentSize=16777216, logicalSessionTimeoutMinutes=30, roundTripTimeNanos=103254500, minRoundTripTimeNanos=0, setName='atlas-6x6yvm-shard-0', canonicalAddress=ac-khxyvkv-shard-00-02.ltylxsp.mongodb.net:27017, hosts=[ac-khxyvkv-shard-00-00.ltylxsp.mongodb.net:27017, ac-khxyvkv-shard-00-01.ltylxsp.mongodb.net:27017, ac-khxyvkv-shard-00-02.ltylxsp.mongodb.net:27017], passives=[], arbiters=[], primary='ac-khxyvkv-shard-00-02.ltylxsp.mongodb.net:27017', tagSet=TagSet{[Tag{name='availabilityZone', value='euw3-az3'}, Tag{name='cacheState', value='READY'}, Tag{name='diskState', value='READY'}, Tag{name='nodeType', value='ELECTABLE'}, Tag{name='provider', value='AWS'}, Tag{name='region', value='EU_WEST_3'}, Tag{name='workloadType', value='OPERATIONAL'}]}, electionId=7fffffff000000000000006a, setVersion=36, topologyVersion=TopologyVersion{processId=6a0b739aa9fe492cf1ce6df6, counter=6}, lastWriteDate=Tue May 19 14:38:27 WAT 2026, lastUpdateTimeNanos=275632054048700}
2026-05-19T14:38:28.359+01:00  INFO 11752 --- [SportService] [ngodb.net:27017] org.mongodb.driver.cluster               : Discovered replica set primary ac-khxyvkv-shard-00-02.ltylxsp.mongodb.net:27017 with max election id 7fffffff000000000000006a and max set version 36
2026-05-19T16:01:52.705+01:00  INFO 11752 --- [SportService] [ngodb.net:27017] org.mongodb.driver.cluster               : Exception in monitor thread while connecting to server ac-khxyvkv-shard-00-00.ltylxsp.mongodb.net:27017

com.mongodb.MongoSocketReadException: Exception receiving message
	at com.mongodb.internal.connection.InternalStreamConnection.translateReadException(InternalStreamConnection.java:814) ~[mongodb-driver-core-5.2.1.jar:na]
	at com.mongodb.internal.connection.InternalStreamConnection.receiveResponseBuffers(InternalStreamConnection.java:862) ~[mongodb-driver-core-5.2.1.jar:na]
	at com.mongodb.internal.connection.InternalStreamConnection.receiveCommandMessageResponse(InternalStreamConnection.java:517) ~[mongodb-driver-core-5.2.1.jar:na]
	at com.mongodb.internal.connection.InternalStreamConnection.receive(InternalStreamConnection.java:469) ~[mongodb-driver-core-5.2.1.jar:na]
	at com.mongodb.internal.connection.DefaultServerMonitor$ServerMonitor.lookupServerDescription(DefaultServerMonitor.java:249) ~[mongodb-driver-core-5.2.1.jar:na]
	at com.mongodb.internal.connection.DefaultServerMonitor$ServerMonitor.run(DefaultServerMonitor.java:176) ~[mongodb-driver-core-5.2.1.jar:na]
Caused by: java.net.SocketException: Connection reset
	at java.base/sun.nio.ch.NioSocketImpl.implRead(NioSocketImpl.java:328) ~[na:na]
	at java.base/sun.nio.ch.NioSocketImpl.read(NioSocketImpl.java:355) ~[na:na]
	at java.base/sun.nio.ch.NioSocketImpl$1.read(NioSocketImpl.java:808) ~[na:na]
	at java.base/java.net.Socket$SocketInputStream.read(Socket.java:966) ~[na:na]
	at java.base/sun.security.ssl.SSLSocketInputRecord.read(SSLSocketInputRecord.java:484) ~[na:na]
	at java.base/sun.security.ssl.SSLSocketInputRecord.readHeader(SSLSocketInputRecord.java:478) ~[na:na]
	at java.base/sun.security.ssl.SSLSocketInputRecord.bytesInCompletePacket(SSLSocketInputRecord.java:70) ~[na:na]
	at java.base/sun.security.ssl.SSLSocketImpl.readApplicationRecord(SSLSocketImpl.java:1461) ~[na:na]
	at java.base/sun.security.ssl.SSLSocketImpl$AppInputStream.read(SSLSocketImpl.java:1065) ~[na:na]
	at com.mongodb.internal.connection.SocketStream.read(SocketStream.java:182) ~[mongodb-driver-core-5.2.1.jar:na]
	at com.mongodb.internal.connection.InternalStreamConnection.receiveResponseBuffers(InternalStreamConnection.java:829) ~[mongodb-driver-core-5.2.1.jar:na]
	... 4 common frames omitted

2026-05-19T16:01:52.705+01:00  INFO 11752 --- [SportService] [ngodb.net:27017] org.mongodb.driver.cluster               : Exception in monitor thread while connecting to server ac-khxyvkv-shard-00-01.ltylxsp.mongodb.net:27017

com.mongodb.MongoSocketReadException: Exception receiving message
	at com.mongodb.internal.connection.InternalStreamConnection.translateReadException(InternalStreamConnection.java:814) ~[mongodb-driver-core-5.2.1.jar:na]
	at com.mongodb.internal.connection.InternalStreamConnection.receiveResponseBuffers(InternalStreamConnection.java:862) ~[mongodb-driver-core-5.2.1.jar:na]
	at com.mongodb.internal.connection.InternalStreamConnection.receiveCommandMessageResponse(InternalStreamConnection.java:517) ~[mongodb-driver-core-5.2.1.jar:na]
	at com.mongodb.internal.connection.InternalStreamConnection.receive(InternalStreamConnection.java:469) ~[mongodb-driver-core-5.2.1.jar:na]
	at com.mongodb.internal.connection.DefaultServerMonitor$ServerMonitor.lookupServerDescription(DefaultServerMonitor.java:249) ~[mongodb-driver-core-5.2.1.jar:na]
	at com.mongodb.internal.connection.DefaultServerMonitor$ServerMonitor.run(DefaultServerMonitor.java:176) ~[mongodb-driver-core-5.2.1.jar:na]
Caused by: java.net.SocketException: Connection reset
	at java.base/sun.nio.ch.NioSocketImpl.implRead(NioSocketImpl.java:328) ~[na:na]
	at java.base/sun.nio.ch.NioSocketImpl.read(NioSocketImpl.java:355) ~[na:na]
	at java.base/sun.nio.ch.NioSocketImpl$1.read(NioSocketImpl.java:808) ~[na:na]
	at java.base/java.net.Socket$SocketInputStream.read(Socket.java:966) ~[na:na]
	at java.base/sun.security.ssl.SSLSocketInputRecord.read(SSLSocketInputRecord.java:484) ~[na:na]
	at java.base/sun.security.ssl.SSLSocketInputRecord.readHeader(SSLSocketInputRecord.java:478) ~[na:na]
	at java.base/sun.security.ssl.SSLSocketInputRecord.bytesInCompletePacket(SSLSocketInputRecord.java:70) ~[na:na]
	at java.base/sun.security.ssl.SSLSocketImpl.readApplicationRecord(SSLSocketImpl.java:1461) ~[na:na]
	at java.base/sun.security.ssl.SSLSocketImpl$AppInputStream.read(SSLSocketImpl.java:1065) ~[na:na]
	at com.mongodb.internal.connection.SocketStream.read(SocketStream.java:182) ~[mongodb-driver-core-5.2.1.jar:na]
	at com.mongodb.internal.connection.InternalStreamConnection.receiveResponseBuffers(InternalStreamConnection.java:829) ~[mongodb-driver-core-5.2.1.jar:na]
	... 4 common frames omitted

2026-05-19T16:01:53.196+01:00  INFO 11752 --- [SportService] [ngodb.net:27017] org.mongodb.driver.cluster               : Exception in monitor thread while connecting to server ac-khxyvkv-shard-00-00.ltylxsp.mongodb.net:27017

com.mongodb.MongoSocketException: Hôte inconnu (ac-khxyvkv-shard-00-00.ltylxsp.mongodb.net)
	at com.mongodb.internal.connection.ServerAddressHelper.getSocketAddresses(ServerAddressHelper.java:75) ~[mongodb-driver-core-5.2.1.jar:na]
	at com.mongodb.internal.connection.SocketStream.initializeSocket(SocketStream.java:100) ~[mongodb-driver-core-5.2.1.jar:na]
	at com.mongodb.internal.connection.SocketStream.open(SocketStream.java:79) ~[mongodb-driver-core-5.2.1.jar:na]
	at com.mongodb.internal.connection.InternalStreamConnection.open(InternalStreamConnection.java:233) ~[mongodb-driver-core-5.2.1.jar:na]
	at com.mongodb.internal.connection.DefaultServerMonitor$ServerMonitor.lookupServerDescription(DefaultServerMonitor.java:219) ~[mongodb-driver-core-5.2.1.jar:na]
	at com.mongodb.internal.connection.DefaultServerMonitor$ServerMonitor.run(DefaultServerMonitor.java:176) ~[mongodb-driver-core-5.2.1.jar:na]
Caused by: java.net.UnknownHostException: Hôte inconnu (ac-khxyvkv-shard-00-00.ltylxsp.mongodb.net)
	at java.base/java.net.Inet6AddressImpl.lookupAllHostAddr(Native Method) ~[na:na]
	at java.base/java.net.InetAddress$PlatformNameService.lookupAllHostAddr(InetAddress.java:933) ~[na:na]
	at java.base/java.net.InetAddress.getAddressesFromNameService(InetAddress.java:1543) ~[na:na]
	at java.base/java.net.InetAddress$NameServiceAddresses.get(InetAddress.java:852) ~[na:na]
	at java.base/java.net.InetAddress.getAllByName0(InetAddress.java:1532) ~[na:na]
	at java.base/java.net.InetAddress.getAllByName(InetAddress.java:1384) ~[na:na]
	at java.base/java.net.InetAddress.getAllByName(InetAddress.java:1305) ~[na:na]
	at com.mongodb.internal.connection.DefaultInetAddressResolver.lookupByName(DefaultInetAddressResolver.java:34) ~[mongodb-driver-core-5.2.1.jar:na]
	at com.mongodb.internal.connection.ServerAddressHelper.getSocketAddresses(ServerAddressHelper.java:71) ~[mongodb-driver-core-5.2.1.jar:na]
	... 5 common frames omitted

2026-05-19T16:01:53.200+01:00  INFO 11752 --- [SportService] [ngodb.net:27017] org.mongodb.driver.cluster               : Exception in monitor thread while connecting to server ac-khxyvkv-shard-00-01.ltylxsp.mongodb.net:27017

com.mongodb.MongoSocketException: Hôte inconnu (ac-khxyvkv-shard-00-01.ltylxsp.mongodb.net)
	at com.mongodb.internal.connection.ServerAddressHelper.getSocketAddresses(ServerAddressHelper.java:75) ~[mongodb-driver-core-5.2.1.jar:na]
	at com.mongodb.internal.connection.SocketStream.initializeSocket(SocketStream.java:100) ~[mongodb-driver-core-5.2.1.jar:na]
	at com.mongodb.internal.connection.SocketStream.open(SocketStream.java:79) ~[mongodb-driver-core-5.2.1.jar:na]
	at com.mongodb.internal.connection.InternalStreamConnection.open(InternalStreamConnection.java:233) ~[mongodb-driver-core-5.2.1.jar:na]
	at com.mongodb.internal.connection.DefaultServerMonitor$ServerMonitor.lookupServerDescription(DefaultServerMonitor.java:219) ~[mongodb-driver-core-5.2.1.jar:na]
	at com.mongodb.internal.connection.DefaultServerMonitor$ServerMonitor.run(DefaultServerMonitor.java:176) ~[mongodb-driver-core-5.2.1.jar:na]
Caused by: java.net.UnknownHostException: Hôte inconnu (ac-khxyvkv-shard-00-01.ltylxsp.mongodb.net)
	at java.base/java.net.Inet6AddressImpl.lookupAllHostAddr(Native Method) ~[na:na]
	at java.base/java.net.InetAddress$PlatformNameService.lookupAllHostAddr(InetAddress.java:933) ~[na:na]
	at java.base/java.net.InetAddress.getAddressesFromNameService(InetAddress.java:1543) ~[na:na]
	at java.base/java.net.InetAddress$NameServiceAddresses.get(InetAddress.java:852) ~[na:na]
	at java.base/java.net.InetAddress.getAllByName0(InetAddress.java:1532) ~[na:na]
	at java.base/java.net.InetAddress.getAllByName(InetAddress.java:1384) ~[na:na]
	at java.base/java.net.InetAddress.getAllByName(InetAddress.java:1305) ~[na:na]
	at com.mongodb.internal.connection.DefaultInetAddressResolver.lookupByName(DefaultInetAddressResolver.java:34) ~[mongodb-driver-core-5.2.1.jar:na]
	at com.mongodb.internal.connection.ServerAddressHelper.getSocketAddresses(ServerAddressHelper.java:71) ~[mongodb-driver-core-5.2.1.jar:na]
	... 5 common frames omitted

2026-05-19T16:01:52.689+01:00  INFO 11752 --- [SportService] [ngodb.net:27017] org.mongodb.driver.cluster               : Exception in monitor thread while connecting to server ac-khxyvkv-shard-00-02.ltylxsp.mongodb.net:27017

com.mongodb.MongoSocketReadException: Exception receiving message
	at com.mongodb.internal.connection.InternalStreamConnection.translateReadException(InternalStreamConnection.java:814) ~[mongodb-driver-core-5.2.1.jar:na]
	at com.mongodb.internal.connection.InternalStreamConnection.receiveResponseBuffers(InternalStreamConnection.java:862) ~[mongodb-driver-core-5.2.1.jar:na]
	at com.mongodb.internal.connection.InternalStreamConnection.receiveCommandMessageResponse(InternalStreamConnection.java:517) ~[mongodb-driver-core-5.2.1.jar:na]
	at com.mongodb.internal.connection.InternalStreamConnection.receive(InternalStreamConnection.java:469) ~[mongodb-driver-core-5.2.1.jar:na]
	at com.mongodb.internal.connection.DefaultServerMonitor$ServerMonitor.lookupServerDescription(DefaultServerMonitor.java:249) ~[mongodb-driver-core-5.2.1.jar:na]
	at com.mongodb.internal.connection.DefaultServerMonitor$ServerMonitor.run(DefaultServerMonitor.java:176) ~[mongodb-driver-core-5.2.1.jar:na]
Caused by: java.net.SocketException: Connection reset
	at java.base/sun.nio.ch.NioSocketImpl.implRead(NioSocketImpl.java:328) ~[na:na]
	at java.base/sun.nio.ch.NioSocketImpl.read(NioSocketImpl.java:355) ~[na:na]
	at java.base/sun.nio.ch.NioSocketImpl$1.read(NioSocketImpl.java:808) ~[na:na]
	at java.base/java.net.Socket$SocketInputStream.read(Socket.java:966) ~[na:na]
	at java.base/sun.security.ssl.SSLSocketInputRecord.read(SSLSocketInputRecord.java:484) ~[na:na]
	at java.base/sun.security.ssl.SSLSocketInputRecord.readHeader(SSLSocketInputRecord.java:478) ~[na:na]
	at java.base/sun.security.ssl.SSLSocketInputRecord.bytesInCompletePacket(SSLSocketInputRecord.java:70) ~[na:na]
	at java.base/sun.security.ssl.SSLSocketImpl.readApplicationRecord(SSLSocketImpl.java:1461) ~[na:na]
	at java.base/sun.security.ssl.SSLSocketImpl$AppInputStream.read(SSLSocketImpl.java:1065) ~[na:na]
	at com.mongodb.internal.connection.SocketStream.read(SocketStream.java:182) ~[mongodb-driver-core-5.2.1.jar:na]
	at com.mongodb.internal.connection.InternalStreamConnection.receiveResponseBuffers(InternalStreamConnection.java:829) ~[mongodb-driver-core-5.2.1.jar:na]
	... 4 common frames omitted

2026-05-19T16:01:53.308+01:00  INFO 11752 --- [SportService] [ngodb.net:27017] org.mongodb.driver.cluster               : Exception in monitor thread while connecting to server ac-khxyvkv-shard-00-02.ltylxsp.mongodb.net:27017

com.mongodb.MongoSocketException: Hôte inconnu (ac-khxyvkv-shard-00-02.ltylxsp.mongodb.net)
	at com.mongodb.internal.connection.ServerAddressHelper.getSocketAddresses(ServerAddressHelper.java:75) ~[mongodb-driver-core-5.2.1.jar:na]
	at com.mongodb.internal.connection.SocketStream.initializeSocket(SocketStream.java:100) ~[mongodb-driver-core-5.2.1.jar:na]
	at com.mongodb.internal.connection.SocketStream.open(SocketStream.java:79) ~[mongodb-driver-core-5.2.1.jar:na]
	at com.mongodb.internal.connection.InternalStreamConnection.open(InternalStreamConnection.java:233) ~[mongodb-driver-core-5.2.1.jar:na]
	at com.mongodb.internal.connection.DefaultServerMonitor$ServerMonitor.lookupServerDescription(DefaultServerMonitor.java:219) ~[mongodb-driver-core-5.2.1.jar:na]
	at com.mongodb.internal.connection.DefaultServerMonitor$ServerMonitor.run(DefaultServerMonitor.java:176) ~[mongodb-driver-core-5.2.1.jar:na]
Caused by: java.net.UnknownHostException: Hôte inconnu (ac-khxyvkv-shard-00-02.ltylxsp.mongodb.net)
	at java.base/java.net.Inet6AddressImpl.lookupAllHostAddr(Native Method) ~[na:na]
	at java.base/java.net.InetAddress$PlatformNameService.lookupAllHostAddr(InetAddress.java:933) ~[na:na]
	at java.base/java.net.InetAddress.getAddressesFromNameService(InetAddress.java:1543) ~[na:na]
	at java.base/java.net.InetAddress$NameServiceAddresses.get(InetAddress.java:852) ~[na:na]
	at java.base/java.net.InetAddress.getAllByName0(InetAddress.java:1532) ~[na:na]
	at java.base/java.net.InetAddress.getAllByName(InetAddress.java:1384) ~[na:na]
	at java.base/java.net.InetAddress.getAllByName(InetAddress.java:1305) ~[na:na]
	at com.mongodb.internal.connection.DefaultInetAddressResolver.lookupByName(DefaultInetAddressResolver.java:34) ~[mongodb-driver-core-5.2.1.jar:na]
	at com.mongodb.internal.connection.ServerAddressHelper.getSocketAddresses(ServerAddressHelper.java:71) ~[mongodb-driver-core-5.2.1.jar:na]
	... 5 common frames omitted

2026-05-19T16:19:06.423+01:00  INFO 11752 --- [SportService] [ngodb.net:27017] org.mongodb.driver.cluster               : Exception in monitor thread while connecting to server ac-khxyvkv-shard-00-01.ltylxsp.mongodb.net:27017

com.mongodb.MongoSocketException: ac-khxyvkv-shard-00-01.ltylxsp.mongodb.net
	at com.mongodb.internal.connection.ServerAddressHelper.getSocketAddresses(ServerAddressHelper.java:75) ~[mongodb-driver-core-5.2.1.jar:na]
	at com.mongodb.internal.connection.SocketStream.initializeSocket(SocketStream.java:100) ~[mongodb-driver-core-5.2.1.jar:na]
	at com.mongodb.internal.connection.SocketStream.open(SocketStream.java:79) ~[mongodb-driver-core-5.2.1.jar:na]
	at com.mongodb.internal.connection.InternalStreamConnection.open(InternalStreamConnection.java:233) ~[mongodb-driver-core-5.2.1.jar:na]
	at com.mongodb.internal.connection.DefaultServerMonitor$ServerMonitor.lookupServerDescription(DefaultServerMonitor.java:219) ~[mongodb-driver-core-5.2.1.jar:na]
	at com.mongodb.internal.connection.DefaultServerMonitor$ServerMonitor.run(DefaultServerMonitor.java:176) ~[mongodb-driver-core-5.2.1.jar:na]
Caused by: java.net.UnknownHostException: ac-khxyvkv-shard-00-01.ltylxsp.mongodb.net
	at java.base/java.net.InetAddress$CachedAddresses.get(InetAddress.java:801) ~[na:na]
	at java.base/java.net.InetAddress.getAllByName0(InetAddress.java:1532) ~[na:na]
	at java.base/java.net.InetAddress.getAllByName(InetAddress.java:1384) ~[na:na]
	at java.base/java.net.InetAddress.getAllByName(InetAddress.java:1305) ~[na:na]
	at com.mongodb.internal.connection.DefaultInetAddressResolver.lookupByName(DefaultInetAddressResolver.java:34) ~[mongodb-driver-core-5.2.1.jar:na]
	at com.mongodb.internal.connection.ServerAddressHelper.getSocketAddresses(ServerAddressHelper.java:71) ~[mongodb-driver-core-5.2.1.jar:na]
	... 5 common frames omitted

2026-05-19T16:19:06.949+01:00  INFO 11752 --- [SportService] [ngodb.net:27017] org.mongodb.driver.cluster               : Monitor thread successfully connected to server with description ServerDescription{address=ac-khxyvkv-shard-00-02.ltylxsp.mongodb.net:27017, type=REPLICA_SET_PRIMARY, cryptd=false, state=CONNECTED, ok=true, minWireVersion=0, maxWireVersion=25, maxDocumentSize=16777216, logicalSessionTimeoutMinutes=30, roundTripTimeNanos=307764200, minRoundTripTimeNanos=0, setName='atlas-6x6yvm-shard-0', canonicalAddress=ac-khxyvkv-shard-00-02.ltylxsp.mongodb.net:27017, hosts=[ac-khxyvkv-shard-00-00.ltylxsp.mongodb.net:27017, ac-khxyvkv-shard-00-01.ltylxsp.mongodb.net:27017, ac-khxyvkv-shard-00-02.ltylxsp.mongodb.net:27017], passives=[], arbiters=[], primary='ac-khxyvkv-shard-00-02.ltylxsp.mongodb.net:27017', tagSet=TagSet{[Tag{name='availabilityZone', value='euw3-az3'}, Tag{name='cacheState', value='READY'}, Tag{name='diskState', value='READY'}, Tag{name='nodeType', value='ELECTABLE'}, Tag{name='provider', value='AWS'}, Tag{name='region', value='EU_WEST_3'}, Tag{name='workloadType', value='OPERATIONAL'}]}, electionId=7fffffff000000000000006a, setVersion=36, topologyVersion=TopologyVersion{processId=6a0b739aa9fe492cf1ce6df6, counter=6}, lastWriteDate=Tue May 19 16:19:06 WAT 2026, lastUpdateTimeNanos=281670761758300}
2026-05-19T16:19:06.982+01:00  INFO 11752 --- [SportService] [ngodb.net:27017] org.mongodb.driver.cluster               : Discovered replica set primary ac-khxyvkv-shard-00-02.ltylxsp.mongodb.net:27017 with max election id 7fffffff000000000000006a and max set version 36
2026-05-19T16:19:07.084+01:00  INFO 11752 --- [SportService] [ngodb.net:27017] org.mongodb.driver.cluster               : Monitor thread successfully connected to server with description ServerDescription{address=ac-khxyvkv-shard-00-00.ltylxsp.mongodb.net:27017, type=REPLICA_SET_SECONDARY, cryptd=false, state=CONNECTED, ok=true, minWireVersion=0, maxWireVersion=25, maxDocumentSize=16777216, logicalSessionTimeoutMinutes=30, roundTripTimeNanos=307746500, minRoundTripTimeNanos=0, setName='atlas-6x6yvm-shard-0', canonicalAddress=ac-khxyvkv-shard-00-00.ltylxsp.mongodb.net:27017, hosts=[ac-khxyvkv-shard-00-00.ltylxsp.mongodb.net:27017, ac-khxyvkv-shard-00-01.ltylxsp.mongodb.net:27017, ac-khxyvkv-shard-00-02.ltylxsp.mongodb.net:27017], passives=[], arbiters=[], primary='ac-khxyvkv-shard-00-02.ltylxsp.mongodb.net:27017', tagSet=TagSet{[Tag{name='availabilityZone', value='euw3-az1'}, Tag{name='cacheState', value='READY'}, Tag{name='diskState', value='READY'}, Tag{name='nodeType', value='ELECTABLE'}, Tag{name='provider', value='AWS'}, Tag{name='region', value='EU_WEST_3'}, Tag{name='workloadType', value='OPERATIONAL'}]}, electionId=null, setVersion=36, topologyVersion=TopologyVersion{processId=6a0b71594350e6bbf1a71fd2, counter=4}, lastWriteDate=Tue May 19 16:19:06 WAT 2026, lastUpdateTimeNanos=281670761704000}
2026-05-23T16:04:32.213+01:00  INFO 11752 --- [SportService] [ngodb.net:27017] org.mongodb.driver.cluster               : Exception in monitor thread while connecting to server ac-khxyvkv-shard-00-00.ltylxsp.mongodb.net:27017

com.mongodb.MongoSocketReadException: Exception receiving message
	at com.mongodb.internal.connection.InternalStreamConnection.translateReadException(InternalStreamConnection.java:814) ~[mongodb-driver-core-5.2.1.jar:na]
	at com.mongodb.internal.connection.InternalStreamConnection.receiveResponseBuffers(InternalStreamConnection.java:862) ~[mongodb-driver-core-5.2.1.jar:na]
	at com.mongodb.internal.connection.InternalStreamConnection.receiveCommandMessageResponse(InternalStreamConnection.java:517) ~[mongodb-driver-core-5.2.1.jar:na]
	at com.mongodb.internal.connection.InternalStreamConnection.receive(InternalStreamConnection.java:469) ~[mongodb-driver-core-5.2.1.jar:na]
	at com.mongodb.internal.connection.DefaultServerMonitor$ServerMonitor.lookupServerDescription(DefaultServerMonitor.java:249) ~[mongodb-driver-core-5.2.1.jar:na]
	at com.mongodb.internal.connection.DefaultServerMonitor$ServerMonitor.run(DefaultServerMonitor.java:176) ~[mongodb-driver-core-5.2.1.jar:na]
Caused by: java.net.SocketException: Connection reset
	at java.base/sun.nio.ch.NioSocketImpl.implRead(NioSocketImpl.java:328) ~[na:na]
	at java.base/sun.nio.ch.NioSocketImpl.read(NioSocketImpl.java:355) ~[na:na]
	at java.base/sun.nio.ch.NioSocketImpl$1.read(NioSocketImpl.java:808) ~[na:na]
	at java.base/java.net.Socket$SocketInputStream.read(Socket.java:966) ~[na:na]
	at java.base/sun.security.ssl.SSLSocketInputRecord.read(SSLSocketInputRecord.java:484) ~[na:na]
	at java.base/sun.security.ssl.SSLSocketInputRecord.readHeader(SSLSocketInputRecord.java:478) ~[na:na]
	at java.base/sun.security.ssl.SSLSocketInputRecord.bytesInCompletePacket(SSLSocketInputRecord.java:70) ~[na:na]
	at java.base/sun.security.ssl.SSLSocketImpl.readApplicationRecord(SSLSocketImpl.java:1461) ~[na:na]
	at java.base/sun.security.ssl.SSLSocketImpl$AppInputStream.read(SSLSocketImpl.java:1065) ~[na:na]
	at com.mongodb.internal.connection.SocketStream.read(SocketStream.java:182) ~[mongodb-driver-core-5.2.1.jar:na]
	at com.mongodb.internal.connection.InternalStreamConnection.receiveResponseBuffers(InternalStreamConnection.java:829) ~[mongodb-driver-core-5.2.1.jar:na]
	... 4 common frames omitted

2026-05-23T16:04:32.213+01:00  INFO 11752 --- [SportService] [ngodb.net:27017] org.mongodb.driver.cluster               : Exception in monitor thread while connecting to server ac-khxyvkv-shard-00-02.ltylxsp.mongodb.net:27017

com.mongodb.MongoSocketReadException: Exception receiving message
	at com.mongodb.internal.connection.InternalStreamConnection.translateReadException(InternalStreamConnection.java:814) ~[mongodb-driver-core-5.2.1.jar:na]
	at com.mongodb.internal.connection.InternalStreamConnection.receiveResponseBuffers(InternalStreamConnection.java:862) ~[mongodb-driver-core-5.2.1.jar:na]
	at com.mongodb.internal.connection.InternalStreamConnection.receiveCommandMessageResponse(InternalStreamConnection.java:517) ~[mongodb-driver-core-5.2.1.jar:na]
	at com.mongodb.internal.connection.InternalStreamConnection.receive(InternalStreamConnection.java:469) ~[mongodb-driver-core-5.2.1.jar:na]
	at com.mongodb.internal.connection.DefaultServerMonitor$ServerMonitor.lookupServerDescription(DefaultServerMonitor.java:249) ~[mongodb-driver-core-5.2.1.jar:na]
	at com.mongodb.internal.connection.DefaultServerMonitor$ServerMonitor.run(DefaultServerMonitor.java:176) ~[mongodb-driver-core-5.2.1.jar:na]
Caused by: java.net.SocketException: Connection reset
	at java.base/sun.nio.ch.NioSocketImpl.implRead(NioSocketImpl.java:328) ~[na:na]
	at java.base/sun.nio.ch.NioSocketImpl.read(NioSocketImpl.java:355) ~[na:na]
	at java.base/sun.nio.ch.NioSocketImpl$1.read(NioSocketImpl.java:808) ~[na:na]
	at java.base/java.net.Socket$SocketInputStream.read(Socket.java:966) ~[na:na]
	at java.base/sun.security.ssl.SSLSocketInputRecord.read(SSLSocketInputRecord.java:484) ~[na:na]
	at java.base/sun.security.ssl.SSLSocketInputRecord.readHeader(SSLSocketInputRecord.java:478) ~[na:na]
	at java.base/sun.security.ssl.SSLSocketInputRecord.bytesInCompletePacket(SSLSocketInputRecord.java:70) ~[na:na]
	at java.base/sun.security.ssl.SSLSocketImpl.readApplicationRecord(SSLSocketImpl.java:1461) ~[na:na]
	at java.base/sun.security.ssl.SSLSocketImpl$AppInputStream.read(SSLSocketImpl.java:1065) ~[na:na]
	at com.mongodb.internal.connection.SocketStream.read(SocketStream.java:182) ~[mongodb-driver-core-5.2.1.jar:na]
	at com.mongodb.internal.connection.InternalStreamConnection.receiveResponseBuffers(InternalStreamConnection.java:829) ~[mongodb-driver-core-5.2.1.jar:na]
	... 4 common frames omitted

2026-05-23T16:04:33.279+01:00  INFO 11752 --- [SportService] [ngodb.net:27017] org.mongodb.driver.cluster               : Exception in monitor thread while connecting to server ac-khxyvkv-shard-00-02.ltylxsp.mongodb.net:27017

com.mongodb.MongoSocketException: Hôte inconnu (ac-khxyvkv-shard-00-02.ltylxsp.mongodb.net)
	at com.mongodb.internal.connection.ServerAddressHelper.getSocketAddresses(ServerAddressHelper.java:75) ~[mongodb-driver-core-5.2.1.jar:na]
	at com.mongodb.internal.connection.SocketStream.initializeSocket(SocketStream.java:100) ~[mongodb-driver-core-5.2.1.jar:na]
	at com.mongodb.internal.connection.SocketStream.open(SocketStream.java:79) ~[mongodb-driver-core-5.2.1.jar:na]
	at com.mongodb.internal.connection.InternalStreamConnection.open(InternalStreamConnection.java:233) ~[mongodb-driver-core-5.2.1.jar:na]
	at com.mongodb.internal.connection.DefaultServerMonitor$ServerMonitor.lookupServerDescription(DefaultServerMonitor.java:219) ~[mongodb-driver-core-5.2.1.jar:na]
	at com.mongodb.internal.connection.DefaultServerMonitor$ServerMonitor.run(DefaultServerMonitor.java:176) ~[mongodb-driver-core-5.2.1.jar:na]
Caused by: java.net.UnknownHostException: Hôte inconnu (ac-khxyvkv-shard-00-02.ltylxsp.mongodb.net)
	at java.base/java.net.Inet6AddressImpl.lookupAllHostAddr(Native Method) ~[na:na]
	at java.base/java.net.InetAddress$PlatformNameService.lookupAllHostAddr(InetAddress.java:933) ~[na:na]
	at java.base/java.net.InetAddress.getAddressesFromNameService(InetAddress.java:1543) ~[na:na]
	at java.base/java.net.InetAddress$NameServiceAddresses.get(InetAddress.java:852) ~[na:na]
	at java.base/java.net.InetAddress.getAllByName0(InetAddress.java:1532) ~[na:na]
	at java.base/java.net.InetAddress.getAllByName(InetAddress.java:1384) ~[na:na]
	at java.base/java.net.InetAddress.getAllByName(InetAddress.java:1305) ~[na:na]
	at com.mongodb.internal.connection.DefaultInetAddressResolver.lookupByName(DefaultInetAddressResolver.java:34) ~[mongodb-driver-core-5.2.1.jar:na]
	at com.mongodb.internal.connection.ServerAddressHelper.getSocketAddresses(ServerAddressHelper.java:71) ~[mongodb-driver-core-5.2.1.jar:na]
	... 5 common frames omitted

2026-05-23T16:04:33.280+01:00  INFO 11752 --- [SportService] [ngodb.net:27017] org.mongodb.driver.cluster               : Exception in monitor thread while connecting to server ac-khxyvkv-shard-00-00.ltylxsp.mongodb.net:27017

com.mongodb.MongoSocketException: Hôte inconnu (ac-khxyvkv-shard-00-00.ltylxsp.mongodb.net)
	at com.mongodb.internal.connection.ServerAddressHelper.getSocketAddresses(ServerAddressHelper.java:75) ~[mongodb-driver-core-5.2.1.jar:na]
	at com.mongodb.internal.connection.SocketStream.initializeSocket(SocketStream.java:100) ~[mongodb-driver-core-5.2.1.jar:na]
	at com.mongodb.internal.connection.SocketStream.open(SocketStream.java:79) ~[mongodb-driver-core-5.2.1.jar:na]
	at com.mongodb.internal.connection.InternalStreamConnection.open(InternalStreamConnection.java:233) ~[mongodb-driver-core-5.2.1.jar:na]
	at com.mongodb.internal.connection.DefaultServerMonitor$ServerMonitor.lookupServerDescription(DefaultServerMonitor.java:219) ~[mongodb-driver-core-5.2.1.jar:na]
	at com.mongodb.internal.connection.DefaultServerMonitor$ServerMonitor.run(DefaultServerMonitor.java:176) ~[mongodb-driver-core-5.2.1.jar:na]
Caused by: java.net.UnknownHostException: Hôte inconnu (ac-khxyvkv-shard-00-00.ltylxsp.mongodb.net)
	at java.base/java.net.Inet6AddressImpl.lookupAllHostAddr(Native Method) ~[na:na]
	at java.base/java.net.InetAddress$PlatformNameService.lookupAllHostAddr(InetAddress.java:933) ~[na:na]
	at java.base/java.net.InetAddress.getAddressesFromNameService(InetAddress.java:1543) ~[na:na]
	at java.base/java.net.InetAddress$NameServiceAddresses.get(InetAddress.java:852) ~[na:na]
	at java.base/java.net.InetAddress.getAllByName0(InetAddress.java:1532) ~[na:na]
	at java.base/java.net.InetAddress.getAllByName(InetAddress.java:1384) ~[na:na]
	at java.base/java.net.InetAddress.getAllByName(InetAddress.java:1305) ~[na:na]
	at com.mongodb.internal.connection.DefaultInetAddressResolver.lookupByName(DefaultInetAddressResolver.java:34) ~[mongodb-driver-core-5.2.1.jar:na]
	at com.mongodb.internal.connection.ServerAddressHelper.getSocketAddresses(ServerAddressHelper.java:71) ~[mongodb-driver-core-5.2.1.jar:na]
	... 5 common frames omitted

2026-05-23T16:04:33.342+01:00  INFO 11752 --- [SportService] [ngodb.net:27017] org.mongodb.driver.cluster               : Exception in monitor thread while connecting to server ac-khxyvkv-shard-00-01.ltylxsp.mongodb.net:27017

com.mongodb.MongoSocketException: Hôte inconnu (ac-khxyvkv-shard-00-01.ltylxsp.mongodb.net)
	at com.mongodb.internal.connection.ServerAddressHelper.getSocketAddresses(ServerAddressHelper.java:75) ~[mongodb-driver-core-5.2.1.jar:na]
	at com.mongodb.internal.connection.SocketStream.initializeSocket(SocketStream.java:100) ~[mongodb-driver-core-5.2.1.jar:na]
	at com.mongodb.internal.connection.SocketStream.open(SocketStream.java:79) ~[mongodb-driver-core-5.2.1.jar:na]
	at com.mongodb.internal.connection.InternalStreamConnection.open(InternalStreamConnection.java:233) ~[mongodb-driver-core-5.2.1.jar:na]
	at com.mongodb.internal.connection.DefaultServerMonitor$ServerMonitor.lookupServerDescription(DefaultServerMonitor.java:219) ~[mongodb-driver-core-5.2.1.jar:na]
	at com.mongodb.internal.connection.DefaultServerMonitor$ServerMonitor.run(DefaultServerMonitor.java:176) ~[mongodb-driver-core-5.2.1.jar:na]
Caused by: java.net.UnknownHostException: Hôte inconnu (ac-khxyvkv-shard-00-01.ltylxsp.mongodb.net)
	at java.base/java.net.Inet6AddressImpl.lookupAllHostAddr(Native Method) ~[na:na]
	at java.base/java.net.InetAddress$PlatformNameService.lookupAllHostAddr(InetAddress.java:933) ~[na:na]
	at java.base/java.net.InetAddress.getAddressesFromNameService(InetAddress.java:1543) ~[na:na]
	at java.base/java.net.InetAddress$NameServiceAddresses.get(InetAddress.java:852) ~[na:na]
	at java.base/java.net.InetAddress.getAllByName0(InetAddress.java:1532) ~[na:na]
	at java.base/java.net.InetAddress.getAllByName(InetAddress.java:1384) ~[na:na]
	at java.base/java.net.InetAddress.getAllByName(InetAddress.java:1305) ~[na:na]
	at com.mongodb.internal.connection.DefaultInetAddressResolver.lookupByName(DefaultInetAddressResolver.java:34) ~[mongodb-driver-core-5.2.1.jar:na]
	at com.mongodb.internal.connection.ServerAddressHelper.getSocketAddresses(ServerAddressHelper.java:71) ~[mongodb-driver-core-5.2.1.jar:na]
	... 5 common frames omitted

2026-05-23T16:04:50.987+01:00  INFO 11752 --- [SportService] [ngodb.net:27017] org.mongodb.driver.cluster               : Monitor thread successfully connected to server with description ServerDescription{address=ac-khxyvkv-shard-00-01.ltylxsp.mongodb.net:27017, type=REPLICA_SET_PRIMARY, cryptd=false, state=CONNECTED, ok=true, minWireVersion=0, maxWireVersion=25, maxDocumentSize=16777216, logicalSessionTimeoutMinutes=30, roundTripTimeNanos=5005170800, minRoundTripTimeNanos=0, setName='atlas-6x6yvm-shard-0', canonicalAddress=ac-khxyvkv-shard-00-01.ltylxsp.mongodb.net:27017, hosts=[ac-khxyvkv-shard-00-00.ltylxsp.mongodb.net:27017, ac-khxyvkv-shard-00-01.ltylxsp.mongodb.net:27017, ac-khxyvkv-shard-00-02.ltylxsp.mongodb.net:27017], passives=[], arbiters=[], primary='ac-khxyvkv-shard-00-01.ltylxsp.mongodb.net:27017', tagSet=TagSet{[Tag{name='availabilityZone', value='euw3-az2'}, Tag{name='cacheState', value='READY'}, Tag{name='diskState', value='READY'}, Tag{name='nodeType', value='ELECTABLE'}, Tag{name='provider', value='AWS'}, Tag{name='region', value='EU_WEST_3'}, Tag{name='workloadType', value='OPERATIONAL'}]}, electionId=7fffffff000000000000006b, setVersion=36, topologyVersion=TopologyVersion{processId=6a10ad2db025c004c20c2eaf, counter=6}, lastWriteDate=Sat May 23 16:04:49 WAT 2026, lastUpdateTimeNanos=626420119285400}
2026-05-23T16:04:51.102+01:00  INFO 11752 --- [SportService] [ngodb.net:27017] org.mongodb.driver.cluster               : Discovered replica set primary ac-khxyvkv-shard-00-01.ltylxsp.mongodb.net:27017 with max election id 7fffffff000000000000006b and max set version 36
2026-05-23T16:04:52.988+01:00  INFO 11752 --- [SportService] [ngodb.net:27017] org.mongodb.driver.cluster               : Monitor thread successfully connected to server with description ServerDescription{address=ac-khxyvkv-shard-00-02.ltylxsp.mongodb.net:27017, type=REPLICA_SET_SECONDARY, cryptd=false, state=CONNECTED, ok=true, minWireVersion=0, maxWireVersion=25, maxDocumentSize=16777216, logicalSessionTimeoutMinutes=30, roundTripTimeNanos=3968561700, minRoundTripTimeNanos=0, setName='atlas-6x6yvm-shard-0', canonicalAddress=ac-khxyvkv-shard-00-02.ltylxsp.mongodb.net:27017, hosts=[ac-khxyvkv-shard-00-00.ltylxsp.mongodb.net:27017, ac-khxyvkv-shard-00-01.ltylxsp.mongodb.net:27017, ac-khxyvkv-shard-00-02.ltylxsp.mongodb.net:27017], passives=[], arbiters=[], primary='ac-khxyvkv-shard-00-01.ltylxsp.mongodb.net:27017', tagSet=TagSet{[Tag{name='availabilityZone', value='euw3-az3'}, Tag{name='cacheState', value='READY'}, Tag{name='diskState', value='READY'}, Tag{name='nodeType', value='ELECTABLE'}, Tag{name='provider', value='AWS'}, Tag{name='region', value='EU_WEST_3'}, Tag{name='workloadType', value='OPERATIONAL'}]}, electionId=null, setVersion=36, topologyVersion=TopologyVersion{processId=6a10afacc3c0145a7299563d, counter=3}, lastWriteDate=Sat May 23 16:04:51 WAT 2026, lastUpdateTimeNanos=626422136116700}
2026-05-23T16:04:55.534+01:00  INFO 11752 --- [SportService] [ngodb.net:27017] org.mongodb.driver.cluster               : Monitor thread successfully connected to server with description ServerDescription{address=ac-khxyvkv-shard-00-00.ltylxsp.mongodb.net:27017, type=REPLICA_SET_SECONDARY, cryptd=false, state=CONNECTED, ok=true, minWireVersion=0, maxWireVersion=25, maxDocumentSize=16777216, logicalSessionTimeoutMinutes=30, roundTripTimeNanos=6514099500, minRoundTripTimeNanos=0, setName='atlas-6x6yvm-shard-0', canonicalAddress=ac-khxyvkv-shard-00-00.ltylxsp.mongodb.net:27017, hosts=[ac-khxyvkv-shard-00-00.ltylxsp.mongodb.net:27017, ac-khxyvkv-shard-00-01.ltylxsp.mongodb.net:27017, ac-khxyvkv-shard-00-02.ltylxsp.mongodb.net:27017], passives=[], arbiters=[], primary='ac-khxyvkv-shard-00-01.ltylxsp.mongodb.net:27017', tagSet=TagSet{[Tag{name='availabilityZone', value='euw3-az1'}, Tag{name='cacheState', value='READY'}, Tag{name='diskState', value='READY'}, Tag{name='nodeType', value='ELECTABLE'}, Tag{name='provider', value='AWS'}, Tag{name='region', value='EU_WEST_3'}, Tag{name='workloadType', value='OPERATIONAL'}]}, electionId=null, setVersion=36, topologyVersion=TopologyVersion{processId=6a10aaf2adb9cf8404387343, counter=4}, lastWriteDate=Sat May 23 16:04:53 WAT 2026, lastUpdateTimeNanos=626424681715000}
2026-05-23T17:21:44.723+01:00  INFO 11752 --- [SportService] [ngodb.net:27017] org.mongodb.driver.cluster               : Exception in monitor thread while connecting to server ac-khxyvkv-shard-00-02.ltylxsp.mongodb.net:27017

com.mongodb.MongoSocketReadException: Exception receiving message
	at com.mongodb.internal.connection.InternalStreamConnection.translateReadException(InternalStreamConnection.java:814) ~[mongodb-driver-core-5.2.1.jar:na]
	at com.mongodb.internal.connection.InternalStreamConnection.receiveResponseBuffers(InternalStreamConnection.java:862) ~[mongodb-driver-core-5.2.1.jar:na]
	at com.mongodb.internal.connection.InternalStreamConnection.receiveCommandMessageResponse(InternalStreamConnection.java:517) ~[mongodb-driver-core-5.2.1.jar:na]
	at com.mongodb.internal.connection.InternalStreamConnection.receive(InternalStreamConnection.java:469) ~[mongodb-driver-core-5.2.1.jar:na]
	at com.mongodb.internal.connection.DefaultServerMonitor$ServerMonitor.lookupServerDescription(DefaultServerMonitor.java:249) ~[mongodb-driver-core-5.2.1.jar:na]
	at com.mongodb.internal.connection.DefaultServerMonitor$ServerMonitor.run(DefaultServerMonitor.java:176) ~[mongodb-driver-core-5.2.1.jar:na]
Caused by: java.net.SocketException: Connection reset
	at java.base/sun.nio.ch.NioSocketImpl.implRead(NioSocketImpl.java:328) ~[na:na]
	at java.base/sun.nio.ch.NioSocketImpl.read(NioSocketImpl.java:355) ~[na:na]
	at java.base/sun.nio.ch.NioSocketImpl$1.read(NioSocketImpl.java:808) ~[na:na]
	at java.base/java.net.Socket$SocketInputStream.read(Socket.java:966) ~[na:na]
	at java.base/sun.security.ssl.SSLSocketInputRecord.read(SSLSocketInputRecord.java:484) ~[na:na]
	at java.base/sun.security.ssl.SSLSocketInputRecord.readHeader(SSLSocketInputRecord.java:478) ~[na:na]
	at java.base/sun.security.ssl.SSLSocketInputRecord.bytesInCompletePacket(SSLSocketInputRecord.java:70) ~[na:na]
	at java.base/sun.security.ssl.SSLSocketImpl.readApplicationRecord(SSLSocketImpl.java:1461) ~[na:na]
	at java.base/sun.security.ssl.SSLSocketImpl$AppInputStream.read(SSLSocketImpl.java:1065) ~[na:na]
	at com.mongodb.internal.connection.SocketStream.read(SocketStream.java:182) ~[mongodb-driver-core-5.2.1.jar:na]
	at com.mongodb.internal.connection.InternalStreamConnection.receiveResponseBuffers(InternalStreamConnection.java:829) ~[mongodb-driver-core-5.2.1.jar:na]
	... 4 common frames omitted

2026-05-23T17:21:44.716+01:00  INFO 11752 --- [SportService] [ngodb.net:27017] org.mongodb.driver.cluster               : Exception in monitor thread while connecting to server ac-khxyvkv-shard-00-01.ltylxsp.mongodb.net:27017

com.mongodb.MongoSocketReadException: Exception receiving message
	at com.mongodb.internal.connection.InternalStreamConnection.translateReadException(InternalStreamConnection.java:814) ~[mongodb-driver-core-5.2.1.jar:na]
	at com.mongodb.internal.connection.InternalStreamConnection.receiveResponseBuffers(InternalStreamConnection.java:862) ~[mongodb-driver-core-5.2.1.jar:na]
	at com.mongodb.internal.connection.InternalStreamConnection.receiveCommandMessageResponse(InternalStreamConnection.java:517) ~[mongodb-driver-core-5.2.1.jar:na]
	at com.mongodb.internal.connection.InternalStreamConnection.receive(InternalStreamConnection.java:469) ~[mongodb-driver-core-5.2.1.jar:na]
	at com.mongodb.internal.connection.DefaultServerMonitor$ServerMonitor.lookupServerDescription(DefaultServerMonitor.java:249) ~[mongodb-driver-core-5.2.1.jar:na]
	at com.mongodb.internal.connection.DefaultServerMonitor$ServerMonitor.run(DefaultServerMonitor.java:176) ~[mongodb-driver-core-5.2.1.jar:na]
Caused by: java.net.SocketException: Connection reset
	at java.base/sun.nio.ch.NioSocketImpl.implRead(NioSocketImpl.java:328) ~[na:na]
	at java.base/sun.nio.ch.NioSocketImpl.read(NioSocketImpl.java:355) ~[na:na]
	at java.base/sun.nio.ch.NioSocketImpl$1.read(NioSocketImpl.java:808) ~[na:na]
	at java.base/java.net.Socket$SocketInputStream.read(Socket.java:966) ~[na:na]
	at java.base/sun.security.ssl.SSLSocketInputRecord.read(SSLSocketInputRecord.java:484) ~[na:na]
	at java.base/sun.security.ssl.SSLSocketInputRecord.readHeader(SSLSocketInputRecord.java:478) ~[na:na]
	at java.base/sun.security.ssl.SSLSocketInputRecord.bytesInCompletePacket(SSLSocketInputRecord.java:70) ~[na:na]
	at java.base/sun.security.ssl.SSLSocketImpl.readApplicationRecord(SSLSocketImpl.java:1461) ~[na:na]
	at java.base/sun.security.ssl.SSLSocketImpl$AppInputStream.read(SSLSocketImpl.java:1065) ~[na:na]
	at com.mongodb.internal.connection.SocketStream.read(SocketStream.java:182) ~[mongodb-driver-core-5.2.1.jar:na]
	at com.mongodb.internal.connection.InternalStreamConnection.receiveResponseBuffers(InternalStreamConnection.java:829) ~[mongodb-driver-core-5.2.1.jar:na]
	... 4 common frames omitted

2026-05-23T17:21:44.721+01:00  INFO 11752 --- [SportService] [ngodb.net:27017] org.mongodb.driver.cluster               : Exception in monitor thread while connecting to server ac-khxyvkv-shard-00-00.ltylxsp.mongodb.net:27017

com.mongodb.MongoSocketReadException: Exception receiving message
	at com.mongodb.internal.connection.InternalStreamConnection.translateReadException(InternalStreamConnection.java:814) ~[mongodb-driver-core-5.2.1.jar:na]
	at com.mongodb.internal.connection.InternalStreamConnection.receiveResponseBuffers(InternalStreamConnection.java:862) ~[mongodb-driver-core-5.2.1.jar:na]
	at com.mongodb.internal.connection.InternalStreamConnection.receiveCommandMessageResponse(InternalStreamConnection.java:517) ~[mongodb-driver-core-5.2.1.jar:na]
	at com.mongodb.internal.connection.InternalStreamConnection.receive(InternalStreamConnection.java:469) ~[mongodb-driver-core-5.2.1.jar:na]
	at com.mongodb.internal.connection.DefaultServerMonitor$ServerMonitor.lookupServerDescription(DefaultServerMonitor.java:249) ~[mongodb-driver-core-5.2.1.jar:na]
	at com.mongodb.internal.connection.DefaultServerMonitor$ServerMonitor.run(DefaultServerMonitor.java:176) ~[mongodb-driver-core-5.2.1.jar:na]
Caused by: java.net.SocketException: Connection reset
	at java.base/sun.nio.ch.NioSocketImpl.implRead(NioSocketImpl.java:328) ~[na:na]
	at java.base/sun.nio.ch.NioSocketImpl.read(NioSocketImpl.java:355) ~[na:na]
	at java.base/sun.nio.ch.NioSocketImpl$1.read(NioSocketImpl.java:808) ~[na:na]
	at java.base/java.net.Socket$SocketInputStream.read(Socket.java:966) ~[na:na]
	at java.base/sun.security.ssl.SSLSocketInputRecord.read(SSLSocketInputRecord.java:484) ~[na:na]
	at java.base/sun.security.ssl.SSLSocketInputRecord.readHeader(SSLSocketInputRecord.java:478) ~[na:na]
	at java.base/sun.security.ssl.SSLSocketInputRecord.bytesInCompletePacket(SSLSocketInputRecord.java:70) ~[na:na]
	at java.base/sun.security.ssl.SSLSocketImpl.readApplicationRecord(SSLSocketImpl.java:1461) ~[na:na]
	at java.base/sun.security.ssl.SSLSocketImpl$AppInputStream.read(SSLSocketImpl.java:1065) ~[na:na]
	at com.mongodb.internal.connection.SocketStream.read(SocketStream.java:182) ~[mongodb-driver-core-5.2.1.jar:na]
	at com.mongodb.internal.connection.InternalStreamConnection.receiveResponseBuffers(InternalStreamConnection.java:829) ~[mongodb-driver-core-5.2.1.jar:na]
	... 4 common frames omitted

2026-05-23T17:21:45.163+01:00  INFO 11752 --- [SportService] [ngodb.net:27017] org.mongodb.driver.cluster               : Exception in monitor thread while connecting to server ac-khxyvkv-shard-00-02.ltylxsp.mongodb.net:27017

com.mongodb.MongoSocketException: Hôte inconnu (ac-khxyvkv-shard-00-02.ltylxsp.mongodb.net)
	at com.mongodb.internal.connection.ServerAddressHelper.getSocketAddresses(ServerAddressHelper.java:75) ~[mongodb-driver-core-5.2.1.jar:na]
	at com.mongodb.internal.connection.SocketStream.initializeSocket(SocketStream.java:100) ~[mongodb-driver-core-5.2.1.jar:na]
	at com.mongodb.internal.connection.SocketStream.open(SocketStream.java:79) ~[mongodb-driver-core-5.2.1.jar:na]
	at com.mongodb.internal.connection.InternalStreamConnection.open(InternalStreamConnection.java:233) ~[mongodb-driver-core-5.2.1.jar:na]
	at com.mongodb.internal.connection.DefaultServerMonitor$ServerMonitor.lookupServerDescription(DefaultServerMonitor.java:219) ~[mongodb-driver-core-5.2.1.jar:na]
	at com.mongodb.internal.connection.DefaultServerMonitor$ServerMonitor.run(DefaultServerMonitor.java:176) ~[mongodb-driver-core-5.2.1.jar:na]
Caused by: java.net.UnknownHostException: Hôte inconnu (ac-khxyvkv-shard-00-02.ltylxsp.mongodb.net)
	at java.base/java.net.Inet6AddressImpl.lookupAllHostAddr(Native Method) ~[na:na]
	at java.base/java.net.InetAddress$PlatformNameService.lookupAllHostAddr(InetAddress.java:933) ~[na:na]
	at java.base/java.net.InetAddress.getAddressesFromNameService(InetAddress.java:1543) ~[na:na]
	at java.base/java.net.InetAddress$NameServiceAddresses.get(InetAddress.java:852) ~[na:na]
	at java.base/java.net.InetAddress.getAllByName0(InetAddress.java:1532) ~[na:na]
	at java.base/java.net.InetAddress.getAllByName(InetAddress.java:1384) ~[na:na]
	at java.base/java.net.InetAddress.getAllByName(InetAddress.java:1305) ~[na:na]
	at com.mongodb.internal.connection.DefaultInetAddressResolver.lookupByName(DefaultInetAddressResolver.java:34) ~[mongodb-driver-core-5.2.1.jar:na]
	at com.mongodb.internal.connection.ServerAddressHelper.getSocketAddresses(ServerAddressHelper.java:71) ~[mongodb-driver-core-5.2.1.jar:na]
	... 5 common frames omitted

2026-05-23T17:21:45.163+01:00  INFO 11752 --- [SportService] [ngodb.net:27017] org.mongodb.driver.cluster               : Exception in monitor thread while connecting to server ac-khxyvkv-shard-00-01.ltylxsp.mongodb.net:27017

com.mongodb.MongoSocketException: Hôte inconnu (ac-khxyvkv-shard-00-01.ltylxsp.mongodb.net)
	at com.mongodb.internal.connection.ServerAddressHelper.getSocketAddresses(ServerAddressHelper.java:75) ~[mongodb-driver-core-5.2.1.jar:na]
	at com.mongodb.internal.connection.SocketStream.initializeSocket(SocketStream.java:100) ~[mongodb-driver-core-5.2.1.jar:na]
	at com.mongodb.internal.connection.SocketStream.open(SocketStream.java:79) ~[mongodb-driver-core-5.2.1.jar:na]
	at com.mongodb.internal.connection.InternalStreamConnection.open(InternalStreamConnection.java:233) ~[mongodb-driver-core-5.2.1.jar:na]
	at com.mongodb.internal.connection.DefaultServerMonitor$ServerMonitor.lookupServerDescription(DefaultServerMonitor.java:219) ~[mongodb-driver-core-5.2.1.jar:na]
	at com.mongodb.internal.connection.DefaultServerMonitor$ServerMonitor.run(DefaultServerMonitor.java:176) ~[mongodb-driver-core-5.2.1.jar:na]
Caused by: java.net.UnknownHostException: Hôte inconnu (ac-khxyvkv-shard-00-01.ltylxsp.mongodb.net)
	at java.base/java.net.Inet6AddressImpl.lookupAllHostAddr(Native Method) ~[na:na]
	at java.base/java.net.InetAddress$PlatformNameService.lookupAllHostAddr(InetAddress.java:933) ~[na:na]
	at java.base/java.net.InetAddress.getAddressesFromNameService(InetAddress.java:1543) ~[na:na]
	at java.base/java.net.InetAddress$NameServiceAddresses.get(InetAddress.java:852) ~[na:na]
	at java.base/java.net.InetAddress.getAllByName0(InetAddress.java:1532) ~[na:na]
	at java.base/java.net.InetAddress.getAllByName(InetAddress.java:1384) ~[na:na]
	at java.base/java.net.InetAddress.getAllByName(InetAddress.java:1305) ~[na:na]
	at com.mongodb.internal.connection.DefaultInetAddressResolver.lookupByName(DefaultInetAddressResolver.java:34) ~[mongodb-driver-core-5.2.1.jar:na]
	at com.mongodb.internal.connection.ServerAddressHelper.getSocketAddresses(ServerAddressHelper.java:71) ~[mongodb-driver-core-5.2.1.jar:na]
	... 5 common frames omitted

2026-05-23T17:21:45.305+01:00  INFO 11752 --- [SportService] [ngodb.net:27017] org.mongodb.driver.cluster               : Exception in monitor thread while connecting to server ac-khxyvkv-shard-00-00.ltylxsp.mongodb.net:27017

com.mongodb.MongoSocketOpenException: Exception opening socket
	at com.mongodb.internal.connection.SocketStream.lambda$open$0(SocketStream.java:85) ~[mongodb-driver-core-5.2.1.jar:na]
	at java.base/java.util.Optional.orElseThrow(Optional.java:403) ~[na:na]
	at com.mongodb.internal.connection.SocketStream.open(SocketStream.java:85) ~[mongodb-driver-core-5.2.1.jar:na]
	at com.mongodb.internal.connection.InternalStreamConnection.open(InternalStreamConnection.java:233) ~[mongodb-driver-core-5.2.1.jar:na]
	at com.mongodb.internal.connection.DefaultServerMonitor$ServerMonitor.lookupServerDescription(DefaultServerMonitor.java:219) ~[mongodb-driver-core-5.2.1.jar:na]
	at com.mongodb.internal.connection.DefaultServerMonitor$ServerMonitor.run(DefaultServerMonitor.java:176) ~[mongodb-driver-core-5.2.1.jar:na]
Caused by: java.net.SocketException: Network is unreachable: no further information
	at java.base/sun.nio.ch.Net.pollConnect(Native Method) ~[na:na]
	at java.base/sun.nio.ch.Net.pollConnectNow(Net.java:672) ~[na:na]
	at java.base/sun.nio.ch.NioSocketImpl.timedFinishConnect(NioSocketImpl.java:547) ~[na:na]
	at java.base/sun.nio.ch.NioSocketImpl.connect(NioSocketImpl.java:602) ~[na:na]
	at java.base/java.net.SocksSocketImpl.connect(SocksSocketImpl.java:327) ~[na:na]
	at java.base/java.net.Socket.connect(Socket.java:633) ~[na:na]
	at java.base/sun.security.ssl.SSLSocketImpl.connect(SSLSocketImpl.java:304) ~[na:na]
	at com.mongodb.internal.connection.SocketStreamHelper.initialize(SocketStreamHelper.java:76) ~[mongodb-driver-core-5.2.1.jar:na]
	at com.mongodb.internal.connection.SocketStream.initializeSocket(SocketStream.java:104) ~[mongodb-driver-core-5.2.1.jar:na]
	at com.mongodb.internal.connection.SocketStream.open(SocketStream.java:79) ~[mongodb-driver-core-5.2.1.jar:na]
	... 3 common frames omitted

2026-05-23T17:46:31.696+01:00  INFO 11752 --- [SportService] [ngodb.net:27017] org.mongodb.driver.cluster               : Monitor thread successfully connected to server with description ServerDescription{address=ac-khxyvkv-shard-00-02.ltylxsp.mongodb.net:27017, type=REPLICA_SET_SECONDARY, cryptd=false, state=CONNECTED, ok=true, minWireVersion=0, maxWireVersion=25, maxDocumentSize=16777216, logicalSessionTimeoutMinutes=30, roundTripTimeNanos=433650300, minRoundTripTimeNanos=0, setName='atlas-6x6yvm-shard-0', canonicalAddress=ac-khxyvkv-shard-00-02.ltylxsp.mongodb.net:27017, hosts=[ac-khxyvkv-shard-00-00.ltylxsp.mongodb.net:27017, ac-khxyvkv-shard-00-01.ltylxsp.mongodb.net:27017, ac-khxyvkv-shard-00-02.ltylxsp.mongodb.net:27017], passives=[], arbiters=[], primary='ac-khxyvkv-shard-00-01.ltylxsp.mongodb.net:27017', tagSet=TagSet{[Tag{name='availabilityZone', value='euw3-az3'}, Tag{name='cacheState', value='READY'}, Tag{name='diskState', value='READY'}, Tag{name='nodeType', value='ELECTABLE'}, Tag{name='provider', value='AWS'}, Tag{name='region', value='EU_WEST_3'}, Tag{name='workloadType', value='OPERATIONAL'}]}, electionId=null, setVersion=36, topologyVersion=TopologyVersion{processId=6a10afacc3c0145a7299563d, counter=3}, lastWriteDate=Sat May 23 17:46:31 WAT 2026, lastUpdateTimeNanos=632522267665400}
2026-05-23T17:46:31.873+01:00  INFO 11752 --- [SportService] [ngodb.net:27017] org.mongodb.driver.cluster               : Monitor thread successfully connected to server with description ServerDescription{address=ac-khxyvkv-shard-00-01.ltylxsp.mongodb.net:27017, type=REPLICA_SET_PRIMARY, cryptd=false, state=CONNECTED, ok=true, minWireVersion=0, maxWireVersion=25, maxDocumentSize=16777216, logicalSessionTimeoutMinutes=30, roundTripTimeNanos=678652500, minRoundTripTimeNanos=0, setName='atlas-6x6yvm-shard-0', canonicalAddress=ac-khxyvkv-shard-00-01.ltylxsp.mongodb.net:27017, hosts=[ac-khxyvkv-shard-00-00.ltylxsp.mongodb.net:27017, ac-khxyvkv-shard-00-01.ltylxsp.mongodb.net:27017, ac-khxyvkv-shard-00-02.ltylxsp.mongodb.net:27017], passives=[], arbiters=[], primary='ac-khxyvkv-shard-00-01.ltylxsp.mongodb.net:27017', tagSet=TagSet{[Tag{name='availabilityZone', value='euw3-az2'}, Tag{name='cacheState', value='READY'}, Tag{name='diskState', value='READY'}, Tag{name='nodeType', value='ELECTABLE'}, Tag{name='provider', value='AWS'}, Tag{name='region', value='EU_WEST_3'}, Tag{name='workloadType', value='OPERATIONAL'}]}, electionId=7fffffff000000000000006b, setVersion=36, topologyVersion=TopologyVersion{processId=6a10ad2db025c004c20c2eaf, counter=6}, lastWriteDate=Sat May 23 17:46:31 WAT 2026, lastUpdateTimeNanos=632522468873400}
2026-05-23T17:46:31.891+01:00  INFO 11752 --- [SportService] [ngodb.net:27017] org.mongodb.driver.cluster               : Discovered replica set primary ac-khxyvkv-shard-00-01.ltylxsp.mongodb.net:27017 with max election id 7fffffff000000000000006b and max set version 36
2026-05-23T17:46:41.377+01:00  INFO 11752 --- [SportService] [ngodb.net:27017] org.mongodb.driver.cluster               : Exception in monitor thread while connecting to server ac-khxyvkv-shard-00-00.ltylxsp.mongodb.net:27017

com.mongodb.MongoSocketWriteException: Exception sending message
	at com.mongodb.internal.connection.InternalStreamConnection.throwTranslatedWriteException(InternalStreamConnection.java:790) ~[mongodb-driver-core-5.2.1.jar:na]
	at com.mongodb.internal.connection.InternalStreamConnection.sendMessage(InternalStreamConnection.java:675) ~[mongodb-driver-core-5.2.1.jar:na]
	at com.mongodb.internal.connection.InternalStreamConnection.trySendMessage(InternalStreamConnection.java:507) ~[mongodb-driver-core-5.2.1.jar:na]
	at com.mongodb.internal.connection.InternalStreamConnection.sendCommandMessage(InternalStreamConnection.java:482) ~[mongodb-driver-core-5.2.1.jar:na]
	at com.mongodb.internal.connection.InternalStreamConnection.sendAndReceiveInternal(InternalStreamConnection.java:440) ~[mongodb-driver-core-5.2.1.jar:na]
	at com.mongodb.internal.connection.InternalStreamConnection.lambda$sendAndReceive$0(InternalStreamConnection.java:375) ~[mongodb-driver-core-5.2.1.jar:na]
	at com.mongodb.internal.connection.InternalStreamConnection.sendAndReceive(InternalStreamConnection.java:378) ~[mongodb-driver-core-5.2.1.jar:na]
	at com.mongodb.internal.connection.CommandHelper.sendAndReceive(CommandHelper.java:100) ~[mongodb-driver-core-5.2.1.jar:na]
	at com.mongodb.internal.connection.CommandHelper.executeCommand(CommandHelper.java:49) ~[mongodb-driver-core-5.2.1.jar:na]
	at com.mongodb.internal.connection.InternalStreamConnectionInitializer.initializeConnectionDescription(InternalStreamConnectionInitializer.java:144) ~[mongodb-driver-core-5.2.1.jar:na]
	at com.mongodb.internal.connection.InternalStreamConnectionInitializer.startHandshake(InternalStreamConnectionInitializer.java:79) ~[mongodb-driver-core-5.2.1.jar:na]
	at com.mongodb.internal.connection.InternalStreamConnection.open(InternalStreamConnection.java:235) ~[mongodb-driver-core-5.2.1.jar:na]
	at com.mongodb.internal.connection.DefaultServerMonitor$ServerMonitor.lookupServerDescription(DefaultServerMonitor.java:219) ~[mongodb-driver-core-5.2.1.jar:na]
	at com.mongodb.internal.connection.DefaultServerMonitor$ServerMonitor.run(DefaultServerMonitor.java:176) ~[mongodb-driver-core-5.2.1.jar:na]
Caused by: java.net.SocketTimeoutException: Read timed out
	at java.base/sun.nio.ch.NioSocketImpl.timedRead(NioSocketImpl.java:288) ~[na:na]
	at java.base/sun.nio.ch.NioSocketImpl.implRead(NioSocketImpl.java:314) ~[na:na]
	at java.base/sun.nio.ch.NioSocketImpl.read(NioSocketImpl.java:355) ~[na:na]
	at java.base/sun.nio.ch.NioSocketImpl$1.read(NioSocketImpl.java:808) ~[na:na]
	at java.base/java.net.Socket$SocketInputStream.read(Socket.java:966) ~[na:na]
	at java.base/sun.security.ssl.SSLSocketInputRecord.read(SSLSocketInputRecord.java:484) ~[na:na]
	at java.base/sun.security.ssl.SSLSocketInputRecord.readHeader(SSLSocketInputRecord.java:478) ~[na:na]
	at java.base/sun.security.ssl.SSLSocketInputRecord.decode(SSLSocketInputRecord.java:160) ~[na:na]
	at java.base/sun.security.ssl.SSLTransport.decode(SSLTransport.java:111) ~[na:na]
	at java.base/sun.security.ssl.SSLSocketImpl.decode(SSLSocketImpl.java:1506) ~[na:na]
	at java.base/sun.security.ssl.SSLSocketImpl.readHandshakeRecord(SSLSocketImpl.java:1421) ~[na:na]
	at java.base/sun.security.ssl.SSLSocketImpl.startHandshake(SSLSocketImpl.java:455) ~[na:na]
	at java.base/sun.security.ssl.SSLSocketImpl.ensureNegotiated(SSLSocketImpl.java:921) ~[na:na]
	at java.base/sun.security.ssl.SSLSocketImpl$AppOutputStream.write(SSLSocketImpl.java:1291) ~[na:na]
	at com.mongodb.internal.connection.SocketStream.write(SocketStream.java:165) ~[mongodb-driver-core-5.2.1.jar:na]
	at com.mongodb.internal.connection.InternalStreamConnection.sendMessage(InternalStreamConnection.java:672) ~[mongodb-driver-core-5.2.1.jar:na]
	... 12 common frames omitted

2026-05-23T17:47:01.432+01:00  INFO 11752 --- [SportService] [ngodb.net:27017] org.mongodb.driver.cluster               : Exception in monitor thread while connecting to server ac-khxyvkv-shard-00-00.ltylxsp.mongodb.net:27017

com.mongodb.MongoSocketOpenException: Exception opening socket
	at com.mongodb.internal.connection.SocketStream.lambda$open$0(SocketStream.java:85) ~[mongodb-driver-core-5.2.1.jar:na]
	at java.base/java.util.Optional.orElseThrow(Optional.java:403) ~[na:na]
	at com.mongodb.internal.connection.SocketStream.open(SocketStream.java:85) ~[mongodb-driver-core-5.2.1.jar:na]
	at com.mongodb.internal.connection.InternalStreamConnection.open(InternalStreamConnection.java:233) ~[mongodb-driver-core-5.2.1.jar:na]
	at com.mongodb.internal.connection.DefaultServerMonitor$ServerMonitor.lookupServerDescription(DefaultServerMonitor.java:219) ~[mongodb-driver-core-5.2.1.jar:na]
	at com.mongodb.internal.connection.DefaultServerMonitor$ServerMonitor.run(DefaultServerMonitor.java:176) ~[mongodb-driver-core-5.2.1.jar:na]
Caused by: java.net.SocketTimeoutException: Connect timed out
	at java.base/sun.nio.ch.NioSocketImpl.timedFinishConnect(NioSocketImpl.java:551) ~[na:na]
	at java.base/sun.nio.ch.NioSocketImpl.connect(NioSocketImpl.java:602) ~[na:na]
	at java.base/java.net.SocksSocketImpl.connect(SocksSocketImpl.java:327) ~[na:na]
	at java.base/java.net.Socket.connect(Socket.java:633) ~[na:na]
	at java.base/sun.security.ssl.SSLSocketImpl.connect(SSLSocketImpl.java:304) ~[na:na]
	at com.mongodb.internal.connection.SocketStreamHelper.initialize(SocketStreamHelper.java:76) ~[mongodb-driver-core-5.2.1.jar:na]
	at com.mongodb.internal.connection.SocketStream.initializeSocket(SocketStream.java:104) ~[mongodb-driver-core-5.2.1.jar:na]
	at com.mongodb.internal.connection.SocketStream.open(SocketStream.java:79) ~[mongodb-driver-core-5.2.1.jar:na]
	... 3 common frames omitted

2026-05-23T17:47:11.578+01:00  INFO 11752 --- [SportService] [ngodb.net:27017] org.mongodb.driver.cluster               : Monitor thread successfully connected to server with description ServerDescription{address=ac-khxyvkv-shard-00-00.ltylxsp.mongodb.net:27017, type=REPLICA_SET_SECONDARY, cryptd=false, state=CONNECTED, ok=true, minWireVersion=0, maxWireVersion=25, maxDocumentSize=16777216, logicalSessionTimeoutMinutes=30, roundTripTimeNanos=93168400, minRoundTripTimeNanos=0, setName='atlas-6x6yvm-shard-0', canonicalAddress=ac-khxyvkv-shard-00-00.ltylxsp.mongodb.net:27017, hosts=[ac-khxyvkv-shard-00-00.ltylxsp.mongodb.net:27017, ac-khxyvkv-shard-00-01.ltylxsp.mongodb.net:27017, ac-khxyvkv-shard-00-02.ltylxsp.mongodb.net:27017], passives=[], arbiters=[], primary='ac-khxyvkv-shard-00-01.ltylxsp.mongodb.net:27017', tagSet=TagSet{[Tag{name='availabilityZone', value='euw3-az1'}, Tag{name='cacheState', value='READY'}, Tag{name='diskState', value='READY'}, Tag{name='nodeType', value='ELECTABLE'}, Tag{name='provider', value='AWS'}, Tag{name='region', value='EU_WEST_3'}, Tag{name='workloadType', value='OPERATIONAL'}]}, electionId=null, setVersion=36, topologyVersion=TopologyVersion{processId=6a10aaf2adb9cf8404387343, counter=4}, lastWriteDate=Sat May 23 17:47:11 WAT 2026, lastUpdateTimeNanos=632562173589700}
2026-05-23T19:24:14.173+01:00  INFO 11752 --- [SportService] [ngodb.net:27017] org.mongodb.driver.cluster               : Exception in monitor thread while connecting to server ac-khxyvkv-shard-00-00.ltylxsp.mongodb.net:27017

com.mongodb.MongoSocketReadTimeoutException: Timeout while receiving message
	at com.mongodb.internal.connection.InternalStreamConnection.createReadTimeoutException(InternalStreamConnection.java:824) ~[mongodb-driver-core-5.2.1.jar:na]
	at com.mongodb.internal.connection.InternalStreamConnection.translateReadException(InternalStreamConnection.java:812) ~[mongodb-driver-core-5.2.1.jar:na]
	at com.mongodb.internal.connection.InternalStreamConnection.receiveResponseBuffers(InternalStreamConnection.java:862) ~[mongodb-driver-core-5.2.1.jar:na]
	at com.mongodb.internal.connection.InternalStreamConnection.receiveCommandMessageResponse(InternalStreamConnection.java:517) ~[mongodb-driver-core-5.2.1.jar:na]
	at com.mongodb.internal.connection.InternalStreamConnection.receive(InternalStreamConnection.java:469) ~[mongodb-driver-core-5.2.1.jar:na]
	at com.mongodb.internal.connection.DefaultServerMonitor$ServerMonitor.lookupServerDescription(DefaultServerMonitor.java:249) ~[mongodb-driver-core-5.2.1.jar:na]
	at com.mongodb.internal.connection.DefaultServerMonitor$ServerMonitor.run(DefaultServerMonitor.java:176) ~[mongodb-driver-core-5.2.1.jar:na]
Caused by: java.net.SocketTimeoutException: Read timed out
	at java.base/sun.nio.ch.NioSocketImpl.timedRead(NioSocketImpl.java:288) ~[na:na]
	at java.base/sun.nio.ch.NioSocketImpl.implRead(NioSocketImpl.java:314) ~[na:na]
	at java.base/sun.nio.ch.NioSocketImpl.read(NioSocketImpl.java:355) ~[na:na]
	at java.base/sun.nio.ch.NioSocketImpl$1.read(NioSocketImpl.java:808) ~[na:na]
	at java.base/java.net.Socket$SocketInputStream.read(Socket.java:966) ~[na:na]
	at java.base/sun.security.ssl.SSLSocketInputRecord.read(SSLSocketInputRecord.java:484) ~[na:na]
	at java.base/sun.security.ssl.SSLSocketInputRecord.readHeader(SSLSocketInputRecord.java:478) ~[na:na]
	at java.base/sun.security.ssl.SSLSocketInputRecord.bytesInCompletePacket(SSLSocketInputRecord.java:70) ~[na:na]
	at java.base/sun.security.ssl.SSLSocketImpl.readApplicationRecord(SSLSocketImpl.java:1461) ~[na:na]
	at java.base/sun.security.ssl.SSLSocketImpl$AppInputStream.read(SSLSocketImpl.java:1065) ~[na:na]
	at com.mongodb.internal.connection.SocketStream.read(SocketStream.java:182) ~[mongodb-driver-core-5.2.1.jar:na]
	at com.mongodb.internal.connection.InternalStreamConnection.receiveResponseBuffers(InternalStreamConnection.java:829) ~[mongodb-driver-core-5.2.1.jar:na]
	... 4 common frames omitted

2026-05-23T19:24:14.531+01:00  INFO 11752 --- [SportService] [ngodb.net:27017] org.mongodb.driver.cluster               : Monitor thread successfully connected to server with description ServerDescription{address=ac-khxyvkv-shard-00-00.ltylxsp.mongodb.net:27017, type=REPLICA_SET_SECONDARY, cryptd=false, state=CONNECTED, ok=true, minWireVersion=0, maxWireVersion=25, maxDocumentSize=16777216, logicalSessionTimeoutMinutes=30, roundTripTimeNanos=141357200, minRoundTripTimeNanos=0, setName='atlas-6x6yvm-shard-0', canonicalAddress=ac-khxyvkv-shard-00-00.ltylxsp.mongodb.net:27017, hosts=[ac-khxyvkv-shard-00-00.ltylxsp.mongodb.net:27017, ac-khxyvkv-shard-00-01.ltylxsp.mongodb.net:27017, ac-khxyvkv-shard-00-02.ltylxsp.mongodb.net:27017], passives=[], arbiters=[], primary='ac-khxyvkv-shard-00-01.ltylxsp.mongodb.net:27017', tagSet=TagSet{[Tag{name='availabilityZone', value='euw3-az1'}, Tag{name='cacheState', value='READY'}, Tag{name='diskState', value='READY'}, Tag{name='nodeType', value='ELECTABLE'}, Tag{name='provider', value='AWS'}, Tag{name='region', value='EU_WEST_3'}, Tag{name='workloadType', value='OPERATIONAL'}]}, electionId=null, setVersion=36, topologyVersion=TopologyVersion{processId=6a10aaf2adb9cf8404387343, counter=4}, lastWriteDate=Sat May 23 19:24:13 WAT 2026, lastUpdateTimeNanos=638389967623400}
2026-05-23T19:24:14.690+01:00  INFO 11752 --- [SportService] [ngodb.net:27017] org.mongodb.driver.cluster               : Exception in monitor thread while connecting to server ac-khxyvkv-shard-00-01.ltylxsp.mongodb.net:27017

com.mongodb.MongoSocketReadTimeoutException: Timeout while receiving message
	at com.mongodb.internal.connection.InternalStreamConnection.createReadTimeoutException(InternalStreamConnection.java:824) ~[mongodb-driver-core-5.2.1.jar:na]
	at com.mongodb.internal.connection.InternalStreamConnection.translateReadException(InternalStreamConnection.java:812) ~[mongodb-driver-core-5.2.1.jar:na]
	at com.mongodb.internal.connection.InternalStreamConnection.receiveResponseBuffers(InternalStreamConnection.java:862) ~[mongodb-driver-core-5.2.1.jar:na]
	at com.mongodb.internal.connection.InternalStreamConnection.receiveCommandMessageResponse(InternalStreamConnection.java:517) ~[mongodb-driver-core-5.2.1.jar:na]
	at com.mongodb.internal.connection.InternalStreamConnection.receive(InternalStreamConnection.java:469) ~[mongodb-driver-core-5.2.1.jar:na]
	at com.mongodb.internal.connection.DefaultServerMonitor$ServerMonitor.lookupServerDescription(DefaultServerMonitor.java:249) ~[mongodb-driver-core-5.2.1.jar:na]
	at com.mongodb.internal.connection.DefaultServerMonitor$ServerMonitor.run(DefaultServerMonitor.java:176) ~[mongodb-driver-core-5.2.1.jar:na]
Caused by: java.net.SocketTimeoutException: Read timed out
	at java.base/sun.nio.ch.NioSocketImpl.timedRead(NioSocketImpl.java:288) ~[na:na]
	at java.base/sun.nio.ch.NioSocketImpl.implRead(NioSocketImpl.java:314) ~[na:na]
	at java.base/sun.nio.ch.NioSocketImpl.read(NioSocketImpl.java:355) ~[na:na]
	at java.base/sun.nio.ch.NioSocketImpl$1.read(NioSocketImpl.java:808) ~[na:na]
	at java.base/java.net.Socket$SocketInputStream.read(Socket.java:966) ~[na:na]
	at java.base/sun.security.ssl.SSLSocketInputRecord.read(SSLSocketInputRecord.java:484) ~[na:na]
	at java.base/sun.security.ssl.SSLSocketInputRecord.readHeader(SSLSocketInputRecord.java:478) ~[na:na]
	at java.base/sun.security.ssl.SSLSocketInputRecord.bytesInCompletePacket(SSLSocketInputRecord.java:70) ~[na:na]
	at java.base/sun.security.ssl.SSLSocketImpl.readApplicationRecord(SSLSocketImpl.java:1461) ~[na:na]
	at java.base/sun.security.ssl.SSLSocketImpl$AppInputStream.read(SSLSocketImpl.java:1065) ~[na:na]
	at com.mongodb.internal.connection.SocketStream.read(SocketStream.java:182) ~[mongodb-driver-core-5.2.1.jar:na]
	at com.mongodb.internal.connection.InternalStreamConnection.receiveResponseBuffers(InternalStreamConnection.java:829) ~[mongodb-driver-core-5.2.1.jar:na]
	... 4 common frames omitted

2026-05-23T19:24:14.752+01:00  INFO 11752 --- [SportService] [ngodb.net:27017] org.mongodb.driver.cluster               : Exception in monitor thread while connecting to server ac-khxyvkv-shard-00-02.ltylxsp.mongodb.net:27017

com.mongodb.MongoSocketReadTimeoutException: Timeout while receiving message
	at com.mongodb.internal.connection.InternalStreamConnection.createReadTimeoutException(InternalStreamConnection.java:824) ~[mongodb-driver-core-5.2.1.jar:na]
	at com.mongodb.internal.connection.InternalStreamConnection.translateReadException(InternalStreamConnection.java:812) ~[mongodb-driver-core-5.2.1.jar:na]
	at com.mongodb.internal.connection.InternalStreamConnection.receiveResponseBuffers(InternalStreamConnection.java:862) ~[mongodb-driver-core-5.2.1.jar:na]
	at com.mongodb.internal.connection.InternalStreamConnection.receiveCommandMessageResponse(InternalStreamConnection.java:517) ~[mongodb-driver-core-5.2.1.jar:na]
	at com.mongodb.internal.connection.InternalStreamConnection.receive(InternalStreamConnection.java:469) ~[mongodb-driver-core-5.2.1.jar:na]
	at com.mongodb.internal.connection.DefaultServerMonitor$ServerMonitor.lookupServerDescription(DefaultServerMonitor.java:249) ~[mongodb-driver-core-5.2.1.jar:na]
	at com.mongodb.internal.connection.DefaultServerMonitor$ServerMonitor.run(DefaultServerMonitor.java:176) ~[mongodb-driver-core-5.2.1.jar:na]
Caused by: java.net.SocketTimeoutException: Read timed out
	at java.base/sun.nio.ch.NioSocketImpl.timedRead(NioSocketImpl.java:288) ~[na:na]
	at java.base/sun.nio.ch.NioSocketImpl.implRead(NioSocketImpl.java:314) ~[na:na]
	at java.base/sun.nio.ch.NioSocketImpl.read(NioSocketImpl.java:355) ~[na:na]
	at java.base/sun.nio.ch.NioSocketImpl$1.read(NioSocketImpl.java:808) ~[na:na]
	at java.base/java.net.Socket$SocketInputStream.read(Socket.java:966) ~[na:na]
	at java.base/sun.security.ssl.SSLSocketInputRecord.read(SSLSocketInputRecord.java:484) ~[na:na]
	at java.base/sun.security.ssl.SSLSocketInputRecord.readHeader(SSLSocketInputRecord.java:478) ~[na:na]
	at java.base/sun.security.ssl.SSLSocketInputRecord.bytesInCompletePacket(SSLSocketInputRecord.java:70) ~[na:na]
	at java.base/sun.security.ssl.SSLSocketImpl.readApplicationRecord(SSLSocketImpl.java:1461) ~[na:na]
	at java.base/sun.security.ssl.SSLSocketImpl$AppInputStream.read(SSLSocketImpl.java:1065) ~[na:na]
	at com.mongodb.internal.connection.SocketStream.read(SocketStream.java:182) ~[mongodb-driver-core-5.2.1.jar:na]
	at com.mongodb.internal.connection.InternalStreamConnection.receiveResponseBuffers(InternalStreamConnection.java:829) ~[mongodb-driver-core-5.2.1.jar:na]
	... 4 common frames omitted

2026-05-23T19:24:14.828+01:00  INFO 11752 --- [SportService] [ngodb.net:27017] org.mongodb.driver.cluster               : Monitor thread successfully connected to server with description ServerDescription{address=ac-khxyvkv-shard-00-01.ltylxsp.mongodb.net:27017, type=REPLICA_SET_PRIMARY, cryptd=false, state=CONNECTED, ok=true, minWireVersion=0, maxWireVersion=25, maxDocumentSize=16777216, logicalSessionTimeoutMinutes=30, roundTripTimeNanos=85357100, minRoundTripTimeNanos=0, setName='atlas-6x6yvm-shard-0', canonicalAddress=ac-khxyvkv-shard-00-01.ltylxsp.mongodb.net:27017, hosts=[ac-khxyvkv-shard-00-00.ltylxsp.mongodb.net:27017, ac-khxyvkv-shard-00-01.ltylxsp.mongodb.net:27017, ac-khxyvkv-shard-00-02.ltylxsp.mongodb.net:27017], passives=[], arbiters=[], primary='ac-khxyvkv-shard-00-01.ltylxsp.mongodb.net:27017', tagSet=TagSet{[Tag{name='availabilityZone', value='euw3-az2'}, Tag{name='cacheState', value='READY'}, Tag{name='diskState', value='READY'}, Tag{name='nodeType', value='ELECTABLE'}, Tag{name='provider', value='AWS'}, Tag{name='region', value='EU_WEST_3'}, Tag{name='workloadType', value='OPERATIONAL'}]}, electionId=7fffffff000000000000006b, setVersion=36, topologyVersion=TopologyVersion{processId=6a10ad2db025c004c20c2eaf, counter=6}, lastWriteDate=Sat May 23 19:24:14 WAT 2026, lastUpdateTimeNanos=638390322479000}
2026-05-23T19:24:14.878+01:00  INFO 11752 --- [SportService] [ngodb.net:27017] org.mongodb.driver.cluster               : Monitor thread successfully connected to server with description ServerDescription{address=ac-khxyvkv-shard-00-02.ltylxsp.mongodb.net:27017, type=REPLICA_SET_SECONDARY, cryptd=false, state=CONNECTED, ok=true, minWireVersion=0, maxWireVersion=25, maxDocumentSize=16777216, logicalSessionTimeoutMinutes=30, roundTripTimeNanos=86764700, minRoundTripTimeNanos=0, setName='atlas-6x6yvm-shard-0', canonicalAddress=ac-khxyvkv-shard-00-02.ltylxsp.mongodb.net:27017, hosts=[ac-khxyvkv-shard-00-00.ltylxsp.mongodb.net:27017, ac-khxyvkv-shard-00-01.ltylxsp.mongodb.net:27017, ac-khxyvkv-shard-00-02.ltylxsp.mongodb.net:27017], passives=[], arbiters=[], primary='ac-khxyvkv-shard-00-01.ltylxsp.mongodb.net:27017', tagSet=TagSet{[Tag{name='availabilityZone', value='euw3-az3'}, Tag{name='cacheState', value='READY'}, Tag{name='diskState', value='READY'}, Tag{name='nodeType', value='ELECTABLE'}, Tag{name='provider', value='AWS'}, Tag{name='region', value='EU_WEST_3'}, Tag{name='workloadType', value='OPERATIONAL'}]}, electionId=null, setVersion=36, topologyVersion=TopologyVersion{processId=6a10afacc3c0145a7299563d, counter=3}, lastWriteDate=Sat May 23 19:24:14 WAT 2026, lastUpdateTimeNanos=638390372449100}
2026-05-23T19:24:14.883+01:00  INFO 11752 --- [SportService] [ngodb.net:27017] org.mongodb.driver.cluster               : Discovered replica set primary ac-khxyvkv-shard-00-01.ltylxsp.mongodb.net:27017 with max election id 7fffffff000000000000006b and max set version 36
2026-05-23T20:43:43.080+01:00  INFO 11752 --- [SportService] [ngodb.net:27017] org.mongodb.driver.cluster               : Exception in monitor thread while connecting to server ac-khxyvkv-shard-00-02.ltylxsp.mongodb.net:27017

com.mongodb.MongoSocketReadException: Exception receiving message
	at com.mongodb.internal.connection.InternalStreamConnection.translateReadException(InternalStreamConnection.java:814) ~[mongodb-driver-core-5.2.1.jar:na]
	at com.mongodb.internal.connection.InternalStreamConnection.receiveResponseBuffers(InternalStreamConnection.java:862) ~[mongodb-driver-core-5.2.1.jar:na]
	at com.mongodb.internal.connection.InternalStreamConnection.receiveCommandMessageResponse(InternalStreamConnection.java:517) ~[mongodb-driver-core-5.2.1.jar:na]
	at com.mongodb.internal.connection.InternalStreamConnection.receive(InternalStreamConnection.java:469) ~[mongodb-driver-core-5.2.1.jar:na]
	at com.mongodb.internal.connection.DefaultServerMonitor$ServerMonitor.lookupServerDescription(DefaultServerMonitor.java:249) ~[mongodb-driver-core-5.2.1.jar:na]
	at com.mongodb.internal.connection.DefaultServerMonitor$ServerMonitor.run(DefaultServerMonitor.java:176) ~[mongodb-driver-core-5.2.1.jar:na]
Caused by: java.net.SocketException: Connection reset
	at java.base/sun.nio.ch.NioSocketImpl.implRead(NioSocketImpl.java:328) ~[na:na]
	at java.base/sun.nio.ch.NioSocketImpl.read(NioSocketImpl.java:355) ~[na:na]
	at java.base/sun.nio.ch.NioSocketImpl$1.read(NioSocketImpl.java:808) ~[na:na]
	at java.base/java.net.Socket$SocketInputStream.read(Socket.java:966) ~[na:na]
	at java.base/sun.security.ssl.SSLSocketInputRecord.read(SSLSocketInputRecord.java:484) ~[na:na]
	at java.base/sun.security.ssl.SSLSocketInputRecord.readHeader(SSLSocketInputRecord.java:478) ~[na:na]
	at java.base/sun.security.ssl.SSLSocketInputRecord.bytesInCompletePacket(SSLSocketInputRecord.java:70) ~[na:na]
	at java.base/sun.security.ssl.SSLSocketImpl.readApplicationRecord(SSLSocketImpl.java:1461) ~[na:na]
	at java.base/sun.security.ssl.SSLSocketImpl$AppInputStream.read(SSLSocketImpl.java:1065) ~[na:na]
	at com.mongodb.internal.connection.SocketStream.read(SocketStream.java:182) ~[mongodb-driver-core-5.2.1.jar:na]
	at com.mongodb.internal.connection.InternalStreamConnection.receiveResponseBuffers(InternalStreamConnection.java:829) ~[mongodb-driver-core-5.2.1.jar:na]
	... 4 common frames omitted

2026-05-23T20:43:43.080+01:00  INFO 11752 --- [SportService] [ngodb.net:27017] org.mongodb.driver.cluster               : Exception in monitor thread while connecting to server ac-khxyvkv-shard-00-00.ltylxsp.mongodb.net:27017

com.mongodb.MongoSocketReadException: Exception receiving message
	at com.mongodb.internal.connection.InternalStreamConnection.translateReadException(InternalStreamConnection.java:814) ~[mongodb-driver-core-5.2.1.jar:na]
	at com.mongodb.internal.connection.InternalStreamConnection.receiveResponseBuffers(InternalStreamConnection.java:862) ~[mongodb-driver-core-5.2.1.jar:na]
	at com.mongodb.internal.connection.InternalStreamConnection.receiveCommandMessageResponse(InternalStreamConnection.java:517) ~[mongodb-driver-core-5.2.1.jar:na]
	at com.mongodb.internal.connection.InternalStreamConnection.receive(InternalStreamConnection.java:469) ~[mongodb-driver-core-5.2.1.jar:na]
	at com.mongodb.internal.connection.DefaultServerMonitor$ServerMonitor.lookupServerDescription(DefaultServerMonitor.java:249) ~[mongodb-driver-core-5.2.1.jar:na]
	at com.mongodb.internal.connection.DefaultServerMonitor$ServerMonitor.run(DefaultServerMonitor.java:176) ~[mongodb-driver-core-5.2.1.jar:na]
Caused by: java.net.SocketException: Connection reset
	at java.base/sun.nio.ch.NioSocketImpl.implRead(NioSocketImpl.java:328) ~[na:na]
	at java.base/sun.nio.ch.NioSocketImpl.read(NioSocketImpl.java:355) ~[na:na]
	at java.base/sun.nio.ch.NioSocketImpl$1.read(NioSocketImpl.java:808) ~[na:na]
	at java.base/java.net.Socket$SocketInputStream.read(Socket.java:966) ~[na:na]
	at java.base/sun.security.ssl.SSLSocketInputRecord.read(SSLSocketInputRecord.java:484) ~[na:na]
	at java.base/sun.security.ssl.SSLSocketInputRecord.readHeader(SSLSocketInputRecord.java:478) ~[na:na]
	at java.base/sun.security.ssl.SSLSocketInputRecord.bytesInCompletePacket(SSLSocketInputRecord.java:70) ~[na:na]
	at java.base/sun.security.ssl.SSLSocketImpl.readApplicationRecord(SSLSocketImpl.java:1461) ~[na:na]
	at java.base/sun.security.ssl.SSLSocketImpl$AppInputStream.read(SSLSocketImpl.java:1065) ~[na:na]
	at com.mongodb.internal.connection.SocketStream.read(SocketStream.java:182) ~[mongodb-driver-core-5.2.1.jar:na]
	at com.mongodb.internal.connection.InternalStreamConnection.receiveResponseBuffers(InternalStreamConnection.java:829) ~[mongodb-driver-core-5.2.1.jar:na]
	... 4 common frames omitted

2026-05-23T20:43:43.094+01:00  INFO 11752 --- [SportService] [ngodb.net:27017] org.mongodb.driver.cluster               : Exception in monitor thread while connecting to server ac-khxyvkv-shard-00-01.ltylxsp.mongodb.net:27017

com.mongodb.MongoSocketReadException: Exception receiving message
	at com.mongodb.internal.connection.InternalStreamConnection.translateReadException(InternalStreamConnection.java:814) ~[mongodb-driver-core-5.2.1.jar:na]
	at com.mongodb.internal.connection.InternalStreamConnection.receiveResponseBuffers(InternalStreamConnection.java:862) ~[mongodb-driver-core-5.2.1.jar:na]
	at com.mongodb.internal.connection.InternalStreamConnection.receiveCommandMessageResponse(InternalStreamConnection.java:517) ~[mongodb-driver-core-5.2.1.jar:na]
	at com.mongodb.internal.connection.InternalStreamConnection.receive(InternalStreamConnection.java:469) ~[mongodb-driver-core-5.2.1.jar:na]
	at com.mongodb.internal.connection.DefaultServerMonitor$ServerMonitor.lookupServerDescription(DefaultServerMonitor.java:249) ~[mongodb-driver-core-5.2.1.jar:na]
	at com.mongodb.internal.connection.DefaultServerMonitor$ServerMonitor.run(DefaultServerMonitor.java:176) ~[mongodb-driver-core-5.2.1.jar:na]
Caused by: java.net.SocketException: Connection reset
	at java.base/sun.nio.ch.NioSocketImpl.implRead(NioSocketImpl.java:328) ~[na:na]
	at java.base/sun.nio.ch.NioSocketImpl.read(NioSocketImpl.java:355) ~[na:na]
	at java.base/sun.nio.ch.NioSocketImpl$1.read(NioSocketImpl.java:808) ~[na:na]
	at java.base/java.net.Socket$SocketInputStream.read(Socket.java:966) ~[na:na]
	at java.base/sun.security.ssl.SSLSocketInputRecord.read(SSLSocketInputRecord.java:484) ~[na:na]
	at java.base/sun.security.ssl.SSLSocketInputRecord.readHeader(SSLSocketInputRecord.java:478) ~[na:na]
	at java.base/sun.security.ssl.SSLSocketInputRecord.bytesInCompletePacket(SSLSocketInputRecord.java:70) ~[na:na]
	at java.base/sun.security.ssl.SSLSocketImpl.readApplicationRecord(SSLSocketImpl.java:1461) ~[na:na]
	at java.base/sun.security.ssl.SSLSocketImpl$AppInputStream.read(SSLSocketImpl.java:1065) ~[na:na]
	at com.mongodb.internal.connection.SocketStream.read(SocketStream.java:182) ~[mongodb-driver-core-5.2.1.jar:na]
	at com.mongodb.internal.connection.InternalStreamConnection.receiveResponseBuffers(InternalStreamConnection.java:829) ~[mongodb-driver-core-5.2.1.jar:na]
	... 4 common frames omitted

2026-05-23T20:43:43.718+01:00  INFO 11752 --- [SportService] [ngodb.net:27017] org.mongodb.driver.cluster               : Exception in monitor thread while connecting to server ac-khxyvkv-shard-00-01.ltylxsp.mongodb.net:27017

com.mongodb.MongoSocketException: Hôte inconnu (ac-khxyvkv-shard-00-01.ltylxsp.mongodb.net)
	at com.mongodb.internal.connection.ServerAddressHelper.getSocketAddresses(ServerAddressHelper.java:75) ~[mongodb-driver-core-5.2.1.jar:na]
	at com.mongodb.internal.connection.SocketStream.initializeSocket(SocketStream.java:100) ~[mongodb-driver-core-5.2.1.jar:na]
	at com.mongodb.internal.connection.SocketStream.open(SocketStream.java:79) ~[mongodb-driver-core-5.2.1.jar:na]
	at com.mongodb.internal.connection.InternalStreamConnection.open(InternalStreamConnection.java:233) ~[mongodb-driver-core-5.2.1.jar:na]
	at com.mongodb.internal.connection.DefaultServerMonitor$ServerMonitor.lookupServerDescription(DefaultServerMonitor.java:219) ~[mongodb-driver-core-5.2.1.jar:na]
	at com.mongodb.internal.connection.DefaultServerMonitor$ServerMonitor.run(DefaultServerMonitor.java:176) ~[mongodb-driver-core-5.2.1.jar:na]
Caused by: java.net.UnknownHostException: Hôte inconnu (ac-khxyvkv-shard-00-01.ltylxsp.mongodb.net)
	at java.base/java.net.Inet6AddressImpl.lookupAllHostAddr(Native Method) ~[na:na]
	at java.base/java.net.InetAddress$PlatformNameService.lookupAllHostAddr(InetAddress.java:933) ~[na:na]
	at java.base/java.net.InetAddress.getAddressesFromNameService(InetAddress.java:1543) ~[na:na]
	at java.base/java.net.InetAddress$NameServiceAddresses.get(InetAddress.java:852) ~[na:na]
	at java.base/java.net.InetAddress.getAllByName0(InetAddress.java:1532) ~[na:na]
	at java.base/java.net.InetAddress.getAllByName(InetAddress.java:1384) ~[na:na]
	at java.base/java.net.InetAddress.getAllByName(InetAddress.java:1305) ~[na:na]
	at com.mongodb.internal.connection.DefaultInetAddressResolver.lookupByName(DefaultInetAddressResolver.java:34) ~[mongodb-driver-core-5.2.1.jar:na]
	at com.mongodb.internal.connection.ServerAddressHelper.getSocketAddresses(ServerAddressHelper.java:71) ~[mongodb-driver-core-5.2.1.jar:na]
	... 5 common frames omitted

2026-05-23T20:43:43.719+01:00  INFO 11752 --- [SportService] [ngodb.net:27017] org.mongodb.driver.cluster               : Exception in monitor thread while connecting to server ac-khxyvkv-shard-00-00.ltylxsp.mongodb.net:27017

com.mongodb.MongoSocketException: Hôte inconnu (ac-khxyvkv-shard-00-00.ltylxsp.mongodb.net)
	at com.mongodb.internal.connection.ServerAddressHelper.getSocketAddresses(ServerAddressHelper.java:75) ~[mongodb-driver-core-5.2.1.jar:na]
	at com.mongodb.internal.connection.SocketStream.initializeSocket(SocketStream.java:100) ~[mongodb-driver-core-5.2.1.jar:na]
	at com.mongodb.internal.connection.SocketStream.open(SocketStream.java:79) ~[mongodb-driver-core-5.2.1.jar:na]
	at com.mongodb.internal.connection.InternalStreamConnection.open(InternalStreamConnection.java:233) ~[mongodb-driver-core-5.2.1.jar:na]
	at com.mongodb.internal.connection.DefaultServerMonitor$ServerMonitor.lookupServerDescription(DefaultServerMonitor.java:219) ~[mongodb-driver-core-5.2.1.jar:na]
	at com.mongodb.internal.connection.DefaultServerMonitor$ServerMonitor.run(DefaultServerMonitor.java:176) ~[mongodb-driver-core-5.2.1.jar:na]
Caused by: java.net.UnknownHostException: Hôte inconnu (ac-khxyvkv-shard-00-00.ltylxsp.mongodb.net)
	at java.base/java.net.Inet6AddressImpl.lookupAllHostAddr(Native Method) ~[na:na]
	at java.base/java.net.InetAddress$PlatformNameService.lookupAllHostAddr(InetAddress.java:933) ~[na:na]
	at java.base/java.net.InetAddress.getAddressesFromNameService(InetAddress.java:1543) ~[na:na]
	at java.base/java.net.InetAddress$NameServiceAddresses.get(InetAddress.java:852) ~[na:na]
	at java.base/java.net.InetAddress.getAllByName0(InetAddress.java:1532) ~[na:na]
	at java.base/java.net.InetAddress.getAllByName(InetAddress.java:1384) ~[na:na]
	at java.base/java.net.InetAddress.getAllByName(InetAddress.java:1305) ~[na:na]
	at com.mongodb.internal.connection.DefaultInetAddressResolver.lookupByName(DefaultInetAddressResolver.java:34) ~[mongodb-driver-core-5.2.1.jar:na]
	at com.mongodb.internal.connection.ServerAddressHelper.getSocketAddresses(ServerAddressHelper.java:71) ~[mongodb-driver-core-5.2.1.jar:na]
	... 5 common frames omitted

2026-05-23T20:43:44.371+01:00  INFO 11752 --- [SportService] [ngodb.net:27017] org.mongodb.driver.cluster               : Monitor thread successfully connected to server with description ServerDescription{address=ac-khxyvkv-shard-00-02.ltylxsp.mongodb.net:27017, type=REPLICA_SET_SECONDARY, cryptd=false, state=CONNECTED, ok=true, minWireVersion=0, maxWireVersion=25, maxDocumentSize=16777216, logicalSessionTimeoutMinutes=30, roundTripTimeNanos=373705000, minRoundTripTimeNanos=0, setName='atlas-6x6yvm-shard-0', canonicalAddress=ac-khxyvkv-shard-00-02.ltylxsp.mongodb.net:27017, hosts=[ac-khxyvkv-shard-00-00.ltylxsp.mongodb.net:27017, ac-khxyvkv-shard-00-01.ltylxsp.mongodb.net:27017, ac-khxyvkv-shard-00-02.ltylxsp.mongodb.net:27017], passives=[], arbiters=[], primary='ac-khxyvkv-shard-00-01.ltylxsp.mongodb.net:27017', tagSet=TagSet{[Tag{name='availabilityZone', value='euw3-az3'}, Tag{name='cacheState', value='READY'}, Tag{name='diskState', value='READY'}, Tag{name='nodeType', value='ELECTABLE'}, Tag{name='provider', value='AWS'}, Tag{name='region', value='EU_WEST_3'}, Tag{name='workloadType', value='OPERATIONAL'}]}, electionId=null, setVersion=36, topologyVersion=TopologyVersion{processId=6a10afacc3c0145a7299563d, counter=3}, lastWriteDate=Sat May 23 20:43:43 WAT 2026, lastUpdateTimeNanos=643159855494700}
2026-05-23T20:43:54.197+01:00  INFO 11752 --- [SportService] [ngodb.net:27017] org.mongodb.driver.cluster               : Monitor thread successfully connected to server with description ServerDescription{address=ac-khxyvkv-shard-00-00.ltylxsp.mongodb.net:27017, type=REPLICA_SET_SECONDARY, cryptd=false, state=CONNECTED, ok=true, minWireVersion=0, maxWireVersion=25, maxDocumentSize=16777216, logicalSessionTimeoutMinutes=30, roundTripTimeNanos=286491200, minRoundTripTimeNanos=0, setName='atlas-6x6yvm-shard-0', canonicalAddress=ac-khxyvkv-shard-00-00.ltylxsp.mongodb.net:27017, hosts=[ac-khxyvkv-shard-00-00.ltylxsp.mongodb.net:27017, ac-khxyvkv-shard-00-01.ltylxsp.mongodb.net:27017, ac-khxyvkv-shard-00-02.ltylxsp.mongodb.net:27017], passives=[], arbiters=[], primary='ac-khxyvkv-shard-00-01.ltylxsp.mongodb.net:27017', tagSet=TagSet{[Tag{name='availabilityZone', value='euw3-az1'}, Tag{name='cacheState', value='READY'}, Tag{name='diskState', value='READY'}, Tag{name='nodeType', value='ELECTABLE'}, Tag{name='provider', value='AWS'}, Tag{name='region', value='EU_WEST_3'}, Tag{name='workloadType', value='OPERATIONAL'}]}, electionId=null, setVersion=36, topologyVersion=TopologyVersion{processId=6a10aaf2adb9cf8404387343, counter=4}, lastWriteDate=Sat May 23 20:43:53 WAT 2026, lastUpdateTimeNanos=643169691259100}
2026-05-23T20:43:54.198+01:00  INFO 11752 --- [SportService] [ngodb.net:27017] org.mongodb.driver.cluster               : Monitor thread successfully connected to server with description ServerDescription{address=ac-khxyvkv-shard-00-01.ltylxsp.mongodb.net:27017, type=REPLICA_SET_PRIMARY, cryptd=false, state=CONNECTED, ok=true, minWireVersion=0, maxWireVersion=25, maxDocumentSize=16777216, logicalSessionTimeoutMinutes=30, roundTripTimeNanos=312451400, minRoundTripTimeNanos=0, setName='atlas-6x6yvm-shard-0', canonicalAddress=ac-khxyvkv-shard-00-01.ltylxsp.mongodb.net:27017, hosts=[ac-khxyvkv-shard-00-00.ltylxsp.mongodb.net:27017, ac-khxyvkv-shard-00-01.ltylxsp.mongodb.net:27017, ac-khxyvkv-shard-00-02.ltylxsp.mongodb.net:27017], passives=[], arbiters=[], primary='ac-khxyvkv-shard-00-01.ltylxsp.mongodb.net:27017', tagSet=TagSet{[Tag{name='availabilityZone', value='euw3-az2'}, Tag{name='cacheState', value='READY'}, Tag{name='diskState', value='READY'}, Tag{name='nodeType', value='ELECTABLE'}, Tag{name='provider', value='AWS'}, Tag{name='region', value='EU_WEST_3'}, Tag{name='workloadType', value='OPERATIONAL'}]}, electionId=7fffffff000000000000006b, setVersion=36, topologyVersion=TopologyVersion{processId=6a10ad2db025c004c20c2eaf, counter=6}, lastWriteDate=Sat May 23 20:43:53 WAT 2026, lastUpdateTimeNanos=643169692621400}
2026-05-23T20:43:54.218+01:00  INFO 11752 --- [SportService] [ngodb.net:27017] org.mongodb.driver.cluster               : Discovered replica set primary ac-khxyvkv-shard-00-01.ltylxsp.mongodb.net:27017 with max election id 7fffffff000000000000006b and max set version 36
2026-05-25T02:02:14.597+01:00  INFO 11752 --- [SportService] [ngodb.net:27017] org.mongodb.driver.cluster               : Exception in monitor thread while connecting to server ac-khxyvkv-shard-00-01.ltylxsp.mongodb.net:27017

com.mongodb.MongoSocketReadException: Exception receiving message
	at com.mongodb.internal.connection.InternalStreamConnection.translateReadException(InternalStreamConnection.java:814) ~[mongodb-driver-core-5.2.1.jar:na]
	at com.mongodb.internal.connection.InternalStreamConnection.receiveResponseBuffers(InternalStreamConnection.java:862) ~[mongodb-driver-core-5.2.1.jar:na]
	at com.mongodb.internal.connection.InternalStreamConnection.receiveCommandMessageResponse(InternalStreamConnection.java:517) ~[mongodb-driver-core-5.2.1.jar:na]
	at com.mongodb.internal.connection.InternalStreamConnection.receive(InternalStreamConnection.java:469) ~[mongodb-driver-core-5.2.1.jar:na]
	at com.mongodb.internal.connection.DefaultServerMonitor$ServerMonitor.lookupServerDescription(DefaultServerMonitor.java:249) ~[mongodb-driver-core-5.2.1.jar:na]
	at com.mongodb.internal.connection.DefaultServerMonitor$ServerMonitor.run(DefaultServerMonitor.java:176) ~[mongodb-driver-core-5.2.1.jar:na]
Caused by: java.net.SocketException: Connection reset
	at java.base/sun.nio.ch.NioSocketImpl.implRead(NioSocketImpl.java:328) ~[na:na]
	at java.base/sun.nio.ch.NioSocketImpl.read(NioSocketImpl.java:355) ~[na:na]
	at java.base/sun.nio.ch.NioSocketImpl$1.read(NioSocketImpl.java:808) ~[na:na]
	at java.base/java.net.Socket$SocketInputStream.read(Socket.java:966) ~[na:na]
	at java.base/sun.security.ssl.SSLSocketInputRecord.read(SSLSocketInputRecord.java:484) ~[na:na]
	at java.base/sun.security.ssl.SSLSocketInputRecord.readHeader(SSLSocketInputRecord.java:478) ~[na:na]
	at java.base/sun.security.ssl.SSLSocketInputRecord.bytesInCompletePacket(SSLSocketInputRecord.java:70) ~[na:na]
	at java.base/sun.security.ssl.SSLSocketImpl.readApplicationRecord(SSLSocketImpl.java:1461) ~[na:na]
	at java.base/sun.security.ssl.SSLSocketImpl$AppInputStream.read(SSLSocketImpl.java:1065) ~[na:na]
	at com.mongodb.internal.connection.SocketStream.read(SocketStream.java:182) ~[mongodb-driver-core-5.2.1.jar:na]
	at com.mongodb.internal.connection.InternalStreamConnection.receiveResponseBuffers(InternalStreamConnection.java:829) ~[mongodb-driver-core-5.2.1.jar:na]
	... 4 common frames omitted

2026-05-25T02:02:14.597+01:00  INFO 11752 --- [SportService] [ngodb.net:27017] org.mongodb.driver.cluster               : Exception in monitor thread while connecting to server ac-khxyvkv-shard-00-00.ltylxsp.mongodb.net:27017

com.mongodb.MongoSocketReadException: Exception receiving message
	at com.mongodb.internal.connection.InternalStreamConnection.translateReadException(InternalStreamConnection.java:814) ~[mongodb-driver-core-5.2.1.jar:na]
	at com.mongodb.internal.connection.InternalStreamConnection.receiveResponseBuffers(InternalStreamConnection.java:862) ~[mongodb-driver-core-5.2.1.jar:na]
	at com.mongodb.internal.connection.InternalStreamConnection.receiveCommandMessageResponse(InternalStreamConnection.java:517) ~[mongodb-driver-core-5.2.1.jar:na]
	at com.mongodb.internal.connection.InternalStreamConnection.receive(InternalStreamConnection.java:469) ~[mongodb-driver-core-5.2.1.jar:na]
	at com.mongodb.internal.connection.DefaultServerMonitor$ServerMonitor.lookupServerDescription(DefaultServerMonitor.java:249) ~[mongodb-driver-core-5.2.1.jar:na]
	at com.mongodb.internal.connection.DefaultServerMonitor$ServerMonitor.run(DefaultServerMonitor.java:176) ~[mongodb-driver-core-5.2.1.jar:na]
Caused by: java.net.SocketException: Connection reset
	at java.base/sun.nio.ch.NioSocketImpl.implRead(NioSocketImpl.java:328) ~[na:na]
	at java.base/sun.nio.ch.NioSocketImpl.read(NioSocketImpl.java:355) ~[na:na]
	at java.base/sun.nio.ch.NioSocketImpl$1.read(NioSocketImpl.java:808) ~[na:na]
	at java.base/java.net.Socket$SocketInputStream.read(Socket.java:966) ~[na:na]
	at java.base/sun.security.ssl.SSLSocketInputRecord.read(SSLSocketInputRecord.java:484) ~[na:na]
	at java.base/sun.security.ssl.SSLSocketInputRecord.readHeader(SSLSocketInputRecord.java:478) ~[na:na]
	at java.base/sun.security.ssl.SSLSocketInputRecord.bytesInCompletePacket(SSLSocketInputRecord.java:70) ~[na:na]
	at java.base/sun.security.ssl.SSLSocketImpl.readApplicationRecord(SSLSocketImpl.java:1461) ~[na:na]
	at java.base/sun.security.ssl.SSLSocketImpl$AppInputStream.read(SSLSocketImpl.java:1065) ~[na:na]
	at com.mongodb.internal.connection.SocketStream.read(SocketStream.java:182) ~[mongodb-driver-core-5.2.1.jar:na]
	at com.mongodb.internal.connection.InternalStreamConnection.receiveResponseBuffers(InternalStreamConnection.java:829) ~[mongodb-driver-core-5.2.1.jar:na]
	... 4 common frames omitted

2026-05-25T02:02:14.596+01:00  INFO 11752 --- [SportService] [ngodb.net:27017] org.mongodb.driver.cluster               : Exception in monitor thread while connecting to server ac-khxyvkv-shard-00-02.ltylxsp.mongodb.net:27017

com.mongodb.MongoSocketReadException: Exception receiving message
	at com.mongodb.internal.connection.InternalStreamConnection.translateReadException(InternalStreamConnection.java:814) ~[mongodb-driver-core-5.2.1.jar:na]
	at com.mongodb.internal.connection.InternalStreamConnection.receiveResponseBuffers(InternalStreamConnection.java:862) ~[mongodb-driver-core-5.2.1.jar:na]
	at com.mongodb.internal.connection.InternalStreamConnection.receiveCommandMessageResponse(InternalStreamConnection.java:517) ~[mongodb-driver-core-5.2.1.jar:na]
	at com.mongodb.internal.connection.InternalStreamConnection.receive(InternalStreamConnection.java:469) ~[mongodb-driver-core-5.2.1.jar:na]
	at com.mongodb.internal.connection.DefaultServerMonitor$ServerMonitor.lookupServerDescription(DefaultServerMonitor.java:249) ~[mongodb-driver-core-5.2.1.jar:na]
	at com.mongodb.internal.connection.DefaultServerMonitor$ServerMonitor.run(DefaultServerMonitor.java:176) ~[mongodb-driver-core-5.2.1.jar:na]
Caused by: java.net.SocketException: Connection reset
	at java.base/sun.nio.ch.NioSocketImpl.implRead(NioSocketImpl.java:328) ~[na:na]
	at java.base/sun.nio.ch.NioSocketImpl.read(NioSocketImpl.java:355) ~[na:na]
	at java.base/sun.nio.ch.NioSocketImpl$1.read(NioSocketImpl.java:808) ~[na:na]
	at java.base/java.net.Socket$SocketInputStream.read(Socket.java:966) ~[na:na]
	at java.base/sun.security.ssl.SSLSocketInputRecord.read(SSLSocketInputRecord.java:484) ~[na:na]
	at java.base/sun.security.ssl.SSLSocketInputRecord.readHeader(SSLSocketInputRecord.java:478) ~[na:na]
	at java.base/sun.security.ssl.SSLSocketInputRecord.bytesInCompletePacket(SSLSocketInputRecord.java:70) ~[na:na]
	at java.base/sun.security.ssl.SSLSocketImpl.readApplicationRecord(SSLSocketImpl.java:1461) ~[na:na]
	at java.base/sun.security.ssl.SSLSocketImpl$AppInputStream.read(SSLSocketImpl.java:1065) ~[na:na]
	at com.mongodb.internal.connection.SocketStream.read(SocketStream.java:182) ~[mongodb-driver-core-5.2.1.jar:na]
	at com.mongodb.internal.connection.InternalStreamConnection.receiveResponseBuffers(InternalStreamConnection.java:829) ~[mongodb-driver-core-5.2.1.jar:na]
	... 4 common frames omitted

2026-05-25T02:02:14.660+01:00  INFO 11752 --- [SportService] [ngodb.net:27017] org.mongodb.driver.cluster               : Exception in monitor thread while connecting to server ac-khxyvkv-shard-00-01.ltylxsp.mongodb.net:27017

com.mongodb.MongoSocketException: ac-khxyvkv-shard-00-01.ltylxsp.mongodb.net
	at com.mongodb.internal.connection.ServerAddressHelper.getSocketAddresses(ServerAddressHelper.java:75) ~[mongodb-driver-core-5.2.1.jar:na]
	at com.mongodb.internal.connection.SocketStream.initializeSocket(SocketStream.java:100) ~[mongodb-driver-core-5.2.1.jar:na]
	at com.mongodb.internal.connection.SocketStream.open(SocketStream.java:79) ~[mongodb-driver-core-5.2.1.jar:na]
	at com.mongodb.internal.connection.InternalStreamConnection.open(InternalStreamConnection.java:233) ~[mongodb-driver-core-5.2.1.jar:na]
	at com.mongodb.internal.connection.DefaultServerMonitor$ServerMonitor.lookupServerDescription(DefaultServerMonitor.java:219) ~[mongodb-driver-core-5.2.1.jar:na]
	at com.mongodb.internal.connection.DefaultServerMonitor$ServerMonitor.run(DefaultServerMonitor.java:176) ~[mongodb-driver-core-5.2.1.jar:na]
Caused by: java.net.UnknownHostException: ac-khxyvkv-shard-00-01.ltylxsp.mongodb.net
	at java.base/java.net.InetAddress$CachedAddresses.get(InetAddress.java:801) ~[na:na]
	at java.base/java.net.InetAddress.getAllByName0(InetAddress.java:1532) ~[na:na]
	at java.base/java.net.InetAddress.getAllByName(InetAddress.java:1384) ~[na:na]
	at java.base/java.net.InetAddress.getAllByName(InetAddress.java:1305) ~[na:na]
	at com.mongodb.internal.connection.DefaultInetAddressResolver.lookupByName(DefaultInetAddressResolver.java:34) ~[mongodb-driver-core-5.2.1.jar:na]
	at com.mongodb.internal.connection.ServerAddressHelper.getSocketAddresses(ServerAddressHelper.java:71) ~[mongodb-driver-core-5.2.1.jar:na]
	... 5 common frames omitted

2026-05-25T02:02:14.661+01:00  INFO 11752 --- [SportService] [ngodb.net:27017] org.mongodb.driver.cluster               : Exception in monitor thread while connecting to server ac-khxyvkv-shard-00-00.ltylxsp.mongodb.net:27017

com.mongodb.MongoSocketException: ac-khxyvkv-shard-00-00.ltylxsp.mongodb.net
	at com.mongodb.internal.connection.ServerAddressHelper.getSocketAddresses(ServerAddressHelper.java:75) ~[mongodb-driver-core-5.2.1.jar:na]
	at com.mongodb.internal.connection.SocketStream.initializeSocket(SocketStream.java:100) ~[mongodb-driver-core-5.2.1.jar:na]
	at com.mongodb.internal.connection.SocketStream.open(SocketStream.java:79) ~[mongodb-driver-core-5.2.1.jar:na]
	at com.mongodb.internal.connection.InternalStreamConnection.open(InternalStreamConnection.java:233) ~[mongodb-driver-core-5.2.1.jar:na]
	at com.mongodb.internal.connection.DefaultServerMonitor$ServerMonitor.lookupServerDescription(DefaultServerMonitor.java:219) ~[mongodb-driver-core-5.2.1.jar:na]
	at com.mongodb.internal.connection.DefaultServerMonitor$ServerMonitor.run(DefaultServerMonitor.java:176) ~[mongodb-driver-core-5.2.1.jar:na]
Caused by: java.net.UnknownHostException: ac-khxyvkv-shard-00-00.ltylxsp.mongodb.net
	at java.base/java.net.InetAddress$CachedAddresses.get(InetAddress.java:801) ~[na:na]
	at java.base/java.net.InetAddress.getAllByName0(InetAddress.java:1532) ~[na:na]
	at java.base/java.net.InetAddress.getAllByName(InetAddress.java:1384) ~[na:na]
	at java.base/java.net.InetAddress.getAllByName(InetAddress.java:1305) ~[na:na]
	at com.mongodb.internal.connection.DefaultInetAddressResolver.lookupByName(DefaultInetAddressResolver.java:34) ~[mongodb-driver-core-5.2.1.jar:na]
	at com.mongodb.internal.connection.ServerAddressHelper.getSocketAddresses(ServerAddressHelper.java:71) ~[mongodb-driver-core-5.2.1.jar:na]
	... 5 common frames omitted

2026-05-25T02:02:15.489+01:00  INFO 11752 --- [SportService] [ngodb.net:27017] org.mongodb.driver.cluster               : Exception in monitor thread while connecting to server ac-khxyvkv-shard-00-02.ltylxsp.mongodb.net:27017

com.mongodb.MongoSocketException: Hôte inconnu (ac-khxyvkv-shard-00-02.ltylxsp.mongodb.net)
	at com.mongodb.internal.connection.ServerAddressHelper.getSocketAddresses(ServerAddressHelper.java:75) ~[mongodb-driver-core-5.2.1.jar:na]
	at com.mongodb.internal.connection.SocketStream.initializeSocket(SocketStream.java:100) ~[mongodb-driver-core-5.2.1.jar:na]
	at com.mongodb.internal.connection.SocketStream.open(SocketStream.java:79) ~[mongodb-driver-core-5.2.1.jar:na]
	at com.mongodb.internal.connection.InternalStreamConnection.open(InternalStreamConnection.java:233) ~[mongodb-driver-core-5.2.1.jar:na]
	at com.mongodb.internal.connection.DefaultServerMonitor$ServerMonitor.lookupServerDescription(DefaultServerMonitor.java:219) ~[mongodb-driver-core-5.2.1.jar:na]
	at com.mongodb.internal.connection.DefaultServerMonitor$ServerMonitor.run(DefaultServerMonitor.java:176) ~[mongodb-driver-core-5.2.1.jar:na]
Caused by: java.net.UnknownHostException: Hôte inconnu (ac-khxyvkv-shard-00-02.ltylxsp.mongodb.net)
	at java.base/java.net.Inet6AddressImpl.lookupAllHostAddr(Native Method) ~[na:na]
	at java.base/java.net.InetAddress$PlatformNameService.lookupAllHostAddr(InetAddress.java:933) ~[na:na]
	at java.base/java.net.InetAddress.getAddressesFromNameService(InetAddress.java:1543) ~[na:na]
	at java.base/java.net.InetAddress$NameServiceAddresses.get(InetAddress.java:852) ~[na:na]
	at java.base/java.net.InetAddress.getAllByName0(InetAddress.java:1532) ~[na:na]
	at java.base/java.net.InetAddress.getAllByName(InetAddress.java:1384) ~[na:na]
	at java.base/java.net.InetAddress.getAllByName(InetAddress.java:1305) ~[na:na]
	at com.mongodb.internal.connection.DefaultInetAddressResolver.lookupByName(DefaultInetAddressResolver.java:34) ~[mongodb-driver-core-5.2.1.jar:na]
	at com.mongodb.internal.connection.ServerAddressHelper.getSocketAddresses(ServerAddressHelper.java:71) ~[mongodb-driver-core-5.2.1.jar:na]
	... 5 common frames omitted

2026-05-25T02:02:34.883+01:00  INFO 11752 --- [SportService] [ngodb.net:27017] org.mongodb.driver.cluster               : Monitor thread successfully connected to server with description ServerDescription{address=ac-khxyvkv-shard-00-01.ltylxsp.mongodb.net:27017, type=REPLICA_SET_PRIMARY, cryptd=false, state=CONNECTED, ok=true, minWireVersion=0, maxWireVersion=25, maxDocumentSize=16777216, logicalSessionTimeoutMinutes=30, roundTripTimeNanos=93123800, minRoundTripTimeNanos=0, setName='atlas-6x6yvm-shard-0', canonicalAddress=ac-khxyvkv-shard-00-01.ltylxsp.mongodb.net:27017, hosts=[ac-khxyvkv-shard-00-00.ltylxsp.mongodb.net:27017, ac-khxyvkv-shard-00-01.ltylxsp.mongodb.net:27017, ac-khxyvkv-shard-00-02.ltylxsp.mongodb.net:27017], passives=[], arbiters=[], primary='ac-khxyvkv-shard-00-01.ltylxsp.mongodb.net:27017', tagSet=TagSet{[Tag{name='availabilityZone', value='euw3-az2'}, Tag{name='cacheState', value='READY'}, Tag{name='diskState', value='READY'}, Tag{name='nodeType', value='ELECTABLE'}, Tag{name='provider', value='AWS'}, Tag{name='region', value='EU_WEST_3'}, Tag{name='workloadType', value='OPERATIONAL'}]}, electionId=7fffffff000000000000006b, setVersion=36, topologyVersion=TopologyVersion{processId=6a10ad2db025c004c20c2eaf, counter=6}, lastWriteDate=Mon May 25 02:02:33 WAT 2026, lastUpdateTimeNanos=748696629879600}
2026-05-25T02:02:34.883+01:00  INFO 11752 --- [SportService] [ngodb.net:27017] org.mongodb.driver.cluster               : Monitor thread successfully connected to server with description ServerDescription{address=ac-khxyvkv-shard-00-00.ltylxsp.mongodb.net:27017, type=REPLICA_SET_SECONDARY, cryptd=false, state=CONNECTED, ok=true, minWireVersion=0, maxWireVersion=25, maxDocumentSize=16777216, logicalSessionTimeoutMinutes=30, roundTripTimeNanos=102181900, minRoundTripTimeNanos=0, setName='atlas-6x6yvm-shard-0', canonicalAddress=ac-khxyvkv-shard-00-00.ltylxsp.mongodb.net:27017, hosts=[ac-khxyvkv-shard-00-00.ltylxsp.mongodb.net:27017, ac-khxyvkv-shard-00-01.ltylxsp.mongodb.net:27017, ac-khxyvkv-shard-00-02.ltylxsp.mongodb.net:27017], passives=[], arbiters=[], primary='ac-khxyvkv-shard-00-01.ltylxsp.mongodb.net:27017', tagSet=TagSet{[Tag{name='availabilityZone', value='euw3-az1'}, Tag{name='cacheState', value='READY'}, Tag{name='diskState', value='READY'}, Tag{name='nodeType', value='ELECTABLE'}, Tag{name='provider', value='AWS'}, Tag{name='region', value='EU_WEST_3'}, Tag{name='workloadType', value='OPERATIONAL'}]}, electionId=null, setVersion=36, topologyVersion=TopologyVersion{processId=6a10aaf2adb9cf8404387343, counter=4}, lastWriteDate=Mon May 25 02:02:33 WAT 2026, lastUpdateTimeNanos=748696638928400}
2026-05-25T02:02:34.924+01:00  INFO 11752 --- [SportService] [ngodb.net:27017] org.mongodb.driver.cluster               : Discovered replica set primary ac-khxyvkv-shard-00-01.ltylxsp.mongodb.net:27017 with max election id 7fffffff000000000000006b and max set version 36
2026-05-25T02:02:36.486+01:00  INFO 11752 --- [SportService] [ngodb.net:27017] org.mongodb.driver.cluster               : Monitor thread successfully connected to server with description ServerDescription{address=ac-khxyvkv-shard-00-02.ltylxsp.mongodb.net:27017, type=REPLICA_SET_SECONDARY, cryptd=false, state=CONNECTED, ok=true, minWireVersion=0, maxWireVersion=25, maxDocumentSize=16777216, logicalSessionTimeoutMinutes=30, roundTripTimeNanos=659627000, minRoundTripTimeNanos=0, setName='atlas-6x6yvm-shard-0', canonicalAddress=ac-khxyvkv-shard-00-02.ltylxsp.mongodb.net:27017, hosts=[ac-khxyvkv-shard-00-00.ltylxsp.mongodb.net:27017, ac-khxyvkv-shard-00-01.ltylxsp.mongodb.net:27017, ac-khxyvkv-shard-00-02.ltylxsp.mongodb.net:27017], passives=[], arbiters=[], primary='ac-khxyvkv-shard-00-01.ltylxsp.mongodb.net:27017', tagSet=TagSet{[Tag{name='availabilityZone', value='euw3-az3'}, Tag{name='cacheState', value='READY'}, Tag{name='diskState', value='READY'}, Tag{name='nodeType', value='ELECTABLE'}, Tag{name='provider', value='AWS'}, Tag{name='region', value='EU_WEST_3'}, Tag{name='workloadType', value='OPERATIONAL'}]}, electionId=null, setVersion=36, topologyVersion=TopologyVersion{processId=6a10afacc3c0145a7299563d, counter=3}, lastWriteDate=Mon May 25 02:02:35 WAT 2026, lastUpdateTimeNanos=748698244630200}
2026-05-25T03:37:22.962+01:00  INFO 11752 --- [SportService] [ngodb.net:27017] org.mongodb.driver.cluster               : Exception in monitor thread while connecting to server ac-khxyvkv-shard-00-02.ltylxsp.mongodb.net:27017

com.mongodb.MongoSocketReadException: Exception receiving message
	at com.mongodb.internal.connection.InternalStreamConnection.translateReadException(InternalStreamConnection.java:814) ~[mongodb-driver-core-5.2.1.jar:na]
	at com.mongodb.internal.connection.InternalStreamConnection.receiveResponseBuffers(InternalStreamConnection.java:862) ~[mongodb-driver-core-5.2.1.jar:na]
	at com.mongodb.internal.connection.InternalStreamConnection.receiveCommandMessageResponse(InternalStreamConnection.java:517) ~[mongodb-driver-core-5.2.1.jar:na]
	at com.mongodb.internal.connection.InternalStreamConnection.receive(InternalStreamConnection.java:469) ~[mongodb-driver-core-5.2.1.jar:na]
	at com.mongodb.internal.connection.DefaultServerMonitor$ServerMonitor.lookupServerDescription(DefaultServerMonitor.java:249) ~[mongodb-driver-core-5.2.1.jar:na]
	at com.mongodb.internal.connection.DefaultServerMonitor$ServerMonitor.run(DefaultServerMonitor.java:176) ~[mongodb-driver-core-5.2.1.jar:na]
Caused by: java.net.SocketException: Connection reset
	at java.base/sun.nio.ch.NioSocketImpl.implRead(NioSocketImpl.java:328) ~[na:na]
	at java.base/sun.nio.ch.NioSocketImpl.read(NioSocketImpl.java:355) ~[na:na]
	at java.base/sun.nio.ch.NioSocketImpl$1.read(NioSocketImpl.java:808) ~[na:na]
	at java.base/java.net.Socket$SocketInputStream.read(Socket.java:966) ~[na:na]
	at java.base/sun.security.ssl.SSLSocketInputRecord.read(SSLSocketInputRecord.java:484) ~[na:na]
	at java.base/sun.security.ssl.SSLSocketInputRecord.readHeader(SSLSocketInputRecord.java:478) ~[na:na]
	at java.base/sun.security.ssl.SSLSocketInputRecord.bytesInCompletePacket(SSLSocketInputRecord.java:70) ~[na:na]
	at java.base/sun.security.ssl.SSLSocketImpl.readApplicationRecord(SSLSocketImpl.java:1461) ~[na:na]
	at java.base/sun.security.ssl.SSLSocketImpl$AppInputStream.read(SSLSocketImpl.java:1065) ~[na:na]
	at com.mongodb.internal.connection.SocketStream.read(SocketStream.java:182) ~[mongodb-driver-core-5.2.1.jar:na]
	at com.mongodb.internal.connection.InternalStreamConnection.receiveResponseBuffers(InternalStreamConnection.java:829) ~[mongodb-driver-core-5.2.1.jar:na]
	... 4 common frames omitted

2026-05-25T03:37:22.955+01:00  INFO 11752 --- [SportService] [ngodb.net:27017] org.mongodb.driver.cluster               : Exception in monitor thread while connecting to server ac-khxyvkv-shard-00-00.ltylxsp.mongodb.net:27017

com.mongodb.MongoSocketReadException: Exception receiving message
	at com.mongodb.internal.connection.InternalStreamConnection.translateReadException(InternalStreamConnection.java:814) ~[mongodb-driver-core-5.2.1.jar:na]
	at com.mongodb.internal.connection.InternalStreamConnection.receiveResponseBuffers(InternalStreamConnection.java:862) ~[mongodb-driver-core-5.2.1.jar:na]
	at com.mongodb.internal.connection.InternalStreamConnection.receiveCommandMessageResponse(InternalStreamConnection.java:517) ~[mongodb-driver-core-5.2.1.jar:na]
	at com.mongodb.internal.connection.InternalStreamConnection.receive(InternalStreamConnection.java:469) ~[mongodb-driver-core-5.2.1.jar:na]
	at com.mongodb.internal.connection.DefaultServerMonitor$ServerMonitor.lookupServerDescription(DefaultServerMonitor.java:249) ~[mongodb-driver-core-5.2.1.jar:na]
	at com.mongodb.internal.connection.DefaultServerMonitor$ServerMonitor.run(DefaultServerMonitor.java:176) ~[mongodb-driver-core-5.2.1.jar:na]
Caused by: java.net.SocketException: Connection reset
	at java.base/sun.nio.ch.NioSocketImpl.implRead(NioSocketImpl.java:328) ~[na:na]
	at java.base/sun.nio.ch.NioSocketImpl.read(NioSocketImpl.java:355) ~[na:na]
	at java.base/sun.nio.ch.NioSocketImpl$1.read(NioSocketImpl.java:808) ~[na:na]
	at java.base/java.net.Socket$SocketInputStream.read(Socket.java:966) ~[na:na]
	at java.base/sun.security.ssl.SSLSocketInputRecord.read(SSLSocketInputRecord.java:484) ~[na:na]
	at java.base/sun.security.ssl.SSLSocketInputRecord.readHeader(SSLSocketInputRecord.java:478) ~[na:na]
	at java.base/sun.security.ssl.SSLSocketInputRecord.bytesInCompletePacket(SSLSocketInputRecord.java:70) ~[na:na]
	at java.base/sun.security.ssl.SSLSocketImpl.readApplicationRecord(SSLSocketImpl.java:1461) ~[na:na]
	at java.base/sun.security.ssl.SSLSocketImpl$AppInputStream.read(SSLSocketImpl.java:1065) ~[na:na]
	at com.mongodb.internal.connection.SocketStream.read(SocketStream.java:182) ~[mongodb-driver-core-5.2.1.jar:na]
	at com.mongodb.internal.connection.InternalStreamConnection.receiveResponseBuffers(InternalStreamConnection.java:829) ~[mongodb-driver-core-5.2.1.jar:na]
	... 4 common frames omitted

2026-05-25T03:37:22.951+01:00  INFO 11752 --- [SportService] [ngodb.net:27017] org.mongodb.driver.cluster               : Exception in monitor thread while connecting to server ac-khxyvkv-shard-00-01.ltylxsp.mongodb.net:27017

com.mongodb.MongoSocketReadException: Exception receiving message
	at com.mongodb.internal.connection.InternalStreamConnection.translateReadException(InternalStreamConnection.java:814) ~[mongodb-driver-core-5.2.1.jar:na]
	at com.mongodb.internal.connection.InternalStreamConnection.receiveResponseBuffers(InternalStreamConnection.java:862) ~[mongodb-driver-core-5.2.1.jar:na]
	at com.mongodb.internal.connection.InternalStreamConnection.receiveCommandMessageResponse(InternalStreamConnection.java:517) ~[mongodb-driver-core-5.2.1.jar:na]
	at com.mongodb.internal.connection.InternalStreamConnection.receive(InternalStreamConnection.java:469) ~[mongodb-driver-core-5.2.1.jar:na]
	at com.mongodb.internal.connection.DefaultServerMonitor$ServerMonitor.lookupServerDescription(DefaultServerMonitor.java:249) ~[mongodb-driver-core-5.2.1.jar:na]
	at com.mongodb.internal.connection.DefaultServerMonitor$ServerMonitor.run(DefaultServerMonitor.java:176) ~[mongodb-driver-core-5.2.1.jar:na]
Caused by: java.net.SocketException: Connection reset
	at java.base/sun.nio.ch.NioSocketImpl.implRead(NioSocketImpl.java:328) ~[na:na]
	at java.base/sun.nio.ch.NioSocketImpl.read(NioSocketImpl.java:355) ~[na:na]
	at java.base/sun.nio.ch.NioSocketImpl$1.read(NioSocketImpl.java:808) ~[na:na]
	at java.base/java.net.Socket$SocketInputStream.read(Socket.java:966) ~[na:na]
	at java.base/sun.security.ssl.SSLSocketInputRecord.read(SSLSocketInputRecord.java:484) ~[na:na]
	at java.base/sun.security.ssl.SSLSocketInputRecord.readHeader(SSLSocketInputRecord.java:478) ~[na:na]
	at java.base/sun.security.ssl.SSLSocketInputRecord.bytesInCompletePacket(SSLSocketInputRecord.java:70) ~[na:na]
	at java.base/sun.security.ssl.SSLSocketImpl.readApplicationRecord(SSLSocketImpl.java:1461) ~[na:na]
	at java.base/sun.security.ssl.SSLSocketImpl$AppInputStream.read(SSLSocketImpl.java:1065) ~[na:na]
	at com.mongodb.internal.connection.SocketStream.read(SocketStream.java:182) ~[mongodb-driver-core-5.2.1.jar:na]
	at com.mongodb.internal.connection.InternalStreamConnection.receiveResponseBuffers(InternalStreamConnection.java:829) ~[mongodb-driver-core-5.2.1.jar:na]
	... 4 common frames omitted

2026-05-25T03:37:24.233+01:00  INFO 11752 --- [SportService] [ngodb.net:27017] org.mongodb.driver.cluster               : Monitor thread successfully connected to server with description ServerDescription{address=ac-khxyvkv-shard-00-00.ltylxsp.mongodb.net:27017, type=REPLICA_SET_SECONDARY, cryptd=false, state=CONNECTED, ok=true, minWireVersion=0, maxWireVersion=25, maxDocumentSize=16777216, logicalSessionTimeoutMinutes=30, roundTripTimeNanos=411242100, minRoundTripTimeNanos=0, setName='atlas-6x6yvm-shard-0', canonicalAddress=ac-khxyvkv-shard-00-00.ltylxsp.mongodb.net:27017, hosts=[ac-khxyvkv-shard-00-00.ltylxsp.mongodb.net:27017, ac-khxyvkv-shard-00-01.ltylxsp.mongodb.net:27017, ac-khxyvkv-shard-00-02.ltylxsp.mongodb.net:27017], passives=[], arbiters=[], primary='ac-khxyvkv-shard-00-01.ltylxsp.mongodb.net:27017', tagSet=TagSet{[Tag{name='availabilityZone', value='euw3-az1'}, Tag{name='cacheState', value='READY'}, Tag{name='diskState', value='READY'}, Tag{name='nodeType', value='ELECTABLE'}, Tag{name='provider', value='AWS'}, Tag{name='region', value='EU_WEST_3'}, Tag{name='workloadType', value='OPERATIONAL'}]}, electionId=null, setVersion=36, topologyVersion=TopologyVersion{processId=6a10aaf2adb9cf8404387343, counter=4}, lastWriteDate=Mon May 25 03:37:23 WAT 2026, lastUpdateTimeNanos=754386307440600}
2026-05-25T03:37:24.688+01:00  INFO 11752 --- [SportService] [ngodb.net:27017] org.mongodb.driver.cluster               : Monitor thread successfully connected to server with description ServerDescription{address=ac-khxyvkv-shard-00-01.ltylxsp.mongodb.net:27017, type=REPLICA_SET_PRIMARY, cryptd=false, state=CONNECTED, ok=true, minWireVersion=0, maxWireVersion=25, maxDocumentSize=16777216, logicalSessionTimeoutMinutes=30, roundTripTimeNanos=118607100, minRoundTripTimeNanos=0, setName='atlas-6x6yvm-shard-0', canonicalAddress=ac-khxyvkv-shard-00-01.ltylxsp.mongodb.net:27017, hosts=[ac-khxyvkv-shard-00-00.ltylxsp.mongodb.net:27017, ac-khxyvkv-shard-00-01.ltylxsp.mongodb.net:27017, ac-khxyvkv-shard-00-02.ltylxsp.mongodb.net:27017], passives=[], arbiters=[], primary='ac-khxyvkv-shard-00-01.ltylxsp.mongodb.net:27017', tagSet=TagSet{[Tag{name='availabilityZone', value='euw3-az2'}, Tag{name='cacheState', value='READY'}, Tag{name='diskState', value='READY'}, Tag{name='nodeType', value='ELECTABLE'}, Tag{name='provider', value='AWS'}, Tag{name='region', value='EU_WEST_3'}, Tag{name='workloadType', value='OPERATIONAL'}]}, electionId=7fffffff000000000000006b, setVersion=36, topologyVersion=TopologyVersion{processId=6a10ad2db025c004c20c2eaf, counter=6}, lastWriteDate=Mon May 25 03:37:24 WAT 2026, lastUpdateTimeNanos=754386780751500}
2026-05-25T03:37:24.782+01:00  INFO 11752 --- [SportService] [ngodb.net:27017] org.mongodb.driver.cluster               : Monitor thread successfully connected to server with description ServerDescription{address=ac-khxyvkv-shard-00-02.ltylxsp.mongodb.net:27017, type=REPLICA_SET_SECONDARY, cryptd=false, state=CONNECTED, ok=true, minWireVersion=0, maxWireVersion=25, maxDocumentSize=16777216, logicalSessionTimeoutMinutes=30, roundTripTimeNanos=123737700, minRoundTripTimeNanos=0, setName='atlas-6x6yvm-shard-0', canonicalAddress=ac-khxyvkv-shard-00-02.ltylxsp.mongodb.net:27017, hosts=[ac-khxyvkv-shard-00-00.ltylxsp.mongodb.net:27017, ac-khxyvkv-shard-00-01.ltylxsp.mongodb.net:27017, ac-khxyvkv-shard-00-02.ltylxsp.mongodb.net:27017], passives=[], arbiters=[], primary='ac-khxyvkv-shard-00-01.ltylxsp.mongodb.net:27017', tagSet=TagSet{[Tag{name='availabilityZone', value='euw3-az3'}, Tag{name='cacheState', value='READY'}, Tag{name='diskState', value='READY'}, Tag{name='nodeType', value='ELECTABLE'}, Tag{name='provider', value='AWS'}, Tag{name='region', value='EU_WEST_3'}, Tag{name='workloadType', value='OPERATIONAL'}]}, electionId=null, setVersion=36, topologyVersion=TopologyVersion{processId=6a10afacc3c0145a7299563d, counter=3}, lastWriteDate=Mon May 25 03:37:24 WAT 2026, lastUpdateTimeNanos=754386875887400}
2026-05-25T03:37:24.800+01:00  INFO 11752 --- [SportService] [ngodb.net:27017] org.mongodb.driver.cluster               : Discovered replica set primary ac-khxyvkv-shard-00-01.ltylxsp.mongodb.net:27017 with max election id 7fffffff000000000000006b and max set version 36
2026-05-27T18:12:39.647+01:00  INFO 11752 --- [SportService] [ngodb.net:27017] org.mongodb.driver.cluster               : Exception in monitor thread while connecting to server ac-khxyvkv-shard-00-02.ltylxsp.mongodb.net:27017

com.mongodb.MongoSocketReadException: Exception receiving message
	at com.mongodb.internal.connection.InternalStreamConnection.translateReadException(InternalStreamConnection.java:814) ~[mongodb-driver-core-5.2.1.jar:na]
	at com.mongodb.internal.connection.InternalStreamConnection.receiveResponseBuffers(InternalStreamConnection.java:862) ~[mongodb-driver-core-5.2.1.jar:na]
	at com.mongodb.internal.connection.InternalStreamConnection.receiveCommandMessageResponse(InternalStreamConnection.java:517) ~[mongodb-driver-core-5.2.1.jar:na]
	at com.mongodb.internal.connection.InternalStreamConnection.receive(InternalStreamConnection.java:469) ~[mongodb-driver-core-5.2.1.jar:na]
	at com.mongodb.internal.connection.DefaultServerMonitor$ServerMonitor.lookupServerDescription(DefaultServerMonitor.java:249) ~[mongodb-driver-core-5.2.1.jar:na]
	at com.mongodb.internal.connection.DefaultServerMonitor$ServerMonitor.run(DefaultServerMonitor.java:176) ~[mongodb-driver-core-5.2.1.jar:na]
Caused by: java.net.SocketException: Connection reset
	at java.base/sun.nio.ch.NioSocketImpl.implRead(NioSocketImpl.java:328) ~[na:na]
	at java.base/sun.nio.ch.NioSocketImpl.read(NioSocketImpl.java:355) ~[na:na]
	at java.base/sun.nio.ch.NioSocketImpl$1.read(NioSocketImpl.java:808) ~[na:na]
	at java.base/java.net.Socket$SocketInputStream.read(Socket.java:966) ~[na:na]
	at java.base/sun.security.ssl.SSLSocketInputRecord.read(SSLSocketInputRecord.java:484) ~[na:na]
	at java.base/sun.security.ssl.SSLSocketInputRecord.readHeader(SSLSocketInputRecord.java:478) ~[na:na]
	at java.base/sun.security.ssl.SSLSocketInputRecord.bytesInCompletePacket(SSLSocketInputRecord.java:70) ~[na:na]
	at java.base/sun.security.ssl.SSLSocketImpl.readApplicationRecord(SSLSocketImpl.java:1461) ~[na:na]
	at java.base/sun.security.ssl.SSLSocketImpl$AppInputStream.read(SSLSocketImpl.java:1065) ~[na:na]
	at com.mongodb.internal.connection.SocketStream.read(SocketStream.java:182) ~[mongodb-driver-core-5.2.1.jar:na]
	at com.mongodb.internal.connection.InternalStreamConnection.receiveResponseBuffers(InternalStreamConnection.java:829) ~[mongodb-driver-core-5.2.1.jar:na]
	... 4 common frames omitted

2026-05-27T18:12:39.646+01:00  INFO 11752 --- [SportService] [ngodb.net:27017] org.mongodb.driver.cluster               : Exception in monitor thread while connecting to server ac-khxyvkv-shard-00-01.ltylxsp.mongodb.net:27017

com.mongodb.MongoSocketReadException: Exception receiving message
	at com.mongodb.internal.connection.InternalStreamConnection.translateReadException(InternalStreamConnection.java:814) ~[mongodb-driver-core-5.2.1.jar:na]
	at com.mongodb.internal.connection.InternalStreamConnection.receiveResponseBuffers(InternalStreamConnection.java:862) ~[mongodb-driver-core-5.2.1.jar:na]
	at com.mongodb.internal.connection.InternalStreamConnection.receiveCommandMessageResponse(InternalStreamConnection.java:517) ~[mongodb-driver-core-5.2.1.jar:na]
	at com.mongodb.internal.connection.InternalStreamConnection.receive(InternalStreamConnection.java:469) ~[mongodb-driver-core-5.2.1.jar:na]
	at com.mongodb.internal.connection.DefaultServerMonitor$ServerMonitor.lookupServerDescription(DefaultServerMonitor.java:249) ~[mongodb-driver-core-5.2.1.jar:na]
	at com.mongodb.internal.connection.DefaultServerMonitor$ServerMonitor.run(DefaultServerMonitor.java:176) ~[mongodb-driver-core-5.2.1.jar:na]
Caused by: java.net.SocketException: Connection reset
	at java.base/sun.nio.ch.NioSocketImpl.implRead(NioSocketImpl.java:328) ~[na:na]
	at java.base/sun.nio.ch.NioSocketImpl.read(NioSocketImpl.java:355) ~[na:na]
	at java.base/sun.nio.ch.NioSocketImpl$1.read(NioSocketImpl.java:808) ~[na:na]
	at java.base/java.net.Socket$SocketInputStream.read(Socket.java:966) ~[na:na]
	at java.base/sun.security.ssl.SSLSocketInputRecord.read(SSLSocketInputRecord.java:484) ~[na:na]
	at java.base/sun.security.ssl.SSLSocketInputRecord.readHeader(SSLSocketInputRecord.java:478) ~[na:na]
	at java.base/sun.security.ssl.SSLSocketInputRecord.bytesInCompletePacket(SSLSocketInputRecord.java:70) ~[na:na]
	at java.base/sun.security.ssl.SSLSocketImpl.readApplicationRecord(SSLSocketImpl.java:1461) ~[na:na]
	at java.base/sun.security.ssl.SSLSocketImpl$AppInputStream.read(SSLSocketImpl.java:1065) ~[na:na]
	at com.mongodb.internal.connection.SocketStream.read(SocketStream.java:182) ~[mongodb-driver-core-5.2.1.jar:na]
	at com.mongodb.internal.connection.InternalStreamConnection.receiveResponseBuffers(InternalStreamConnection.java:829) ~[mongodb-driver-core-5.2.1.jar:na]
	... 4 common frames omitted

2026-05-27T18:12:39.867+01:00  INFO 11752 --- [SportService] [ngodb.net:27017] org.mongodb.driver.cluster               : Exception in monitor thread while connecting to server ac-khxyvkv-shard-00-00.ltylxsp.mongodb.net:27017

com.mongodb.MongoSocketReadException: Exception receiving message
	at com.mongodb.internal.connection.InternalStreamConnection.translateReadException(InternalStreamConnection.java:814) ~[mongodb-driver-core-5.2.1.jar:na]
	at com.mongodb.internal.connection.InternalStreamConnection.receiveResponseBuffers(InternalStreamConnection.java:862) ~[mongodb-driver-core-5.2.1.jar:na]
	at com.mongodb.internal.connection.InternalStreamConnection.receiveCommandMessageResponse(InternalStreamConnection.java:517) ~[mongodb-driver-core-5.2.1.jar:na]
	at com.mongodb.internal.connection.InternalStreamConnection.receive(InternalStreamConnection.java:469) ~[mongodb-driver-core-5.2.1.jar:na]
	at com.mongodb.internal.connection.DefaultServerMonitor$ServerMonitor.lookupServerDescription(DefaultServerMonitor.java:249) ~[mongodb-driver-core-5.2.1.jar:na]
	at com.mongodb.internal.connection.DefaultServerMonitor$ServerMonitor.run(DefaultServerMonitor.java:176) ~[mongodb-driver-core-5.2.1.jar:na]
Caused by: java.net.SocketException: Connection reset
	at java.base/sun.nio.ch.NioSocketImpl.implRead(NioSocketImpl.java:328) ~[na:na]
	at java.base/sun.nio.ch.NioSocketImpl.read(NioSocketImpl.java:355) ~[na:na]
	at java.base/sun.nio.ch.NioSocketImpl$1.read(NioSocketImpl.java:808) ~[na:na]
	at java.base/java.net.Socket$SocketInputStream.read(Socket.java:966) ~[na:na]
	at java.base/sun.security.ssl.SSLSocketInputRecord.read(SSLSocketInputRecord.java:484) ~[na:na]
	at java.base/sun.security.ssl.SSLSocketInputRecord.readHeader(SSLSocketInputRecord.java:478) ~[na:na]
	at java.base/sun.security.ssl.SSLSocketInputRecord.bytesInCompletePacket(SSLSocketInputRecord.java:70) ~[na:na]
	at java.base/sun.security.ssl.SSLSocketImpl.readApplicationRecord(SSLSocketImpl.java:1461) ~[na:na]
	at java.base/sun.security.ssl.SSLSocketImpl$AppInputStream.read(SSLSocketImpl.java:1065) ~[na:na]
	at com.mongodb.internal.connection.SocketStream.read(SocketStream.java:182) ~[mongodb-driver-core-5.2.1.jar:na]
	at com.mongodb.internal.connection.InternalStreamConnection.receiveResponseBuffers(InternalStreamConnection.java:829) ~[mongodb-driver-core-5.2.1.jar:na]
	... 4 common frames omitted

2026-05-27T18:12:39.965+01:00  INFO 11752 --- [SportService] [ngodb.net:27017] org.mongodb.driver.cluster               : Exception in monitor thread while connecting to server ac-khxyvkv-shard-00-01.ltylxsp.mongodb.net:27017

com.mongodb.MongoSocketException: Hôte inconnu (ac-khxyvkv-shard-00-01.ltylxsp.mongodb.net)
	at com.mongodb.internal.connection.ServerAddressHelper.getSocketAddresses(ServerAddressHelper.java:75) ~[mongodb-driver-core-5.2.1.jar:na]
	at com.mongodb.internal.connection.SocketStream.initializeSocket(SocketStream.java:100) ~[mongodb-driver-core-5.2.1.jar:na]
	at com.mongodb.internal.connection.SocketStream.open(SocketStream.java:79) ~[mongodb-driver-core-5.2.1.jar:na]
	at com.mongodb.internal.connection.InternalStreamConnection.open(InternalStreamConnection.java:233) ~[mongodb-driver-core-5.2.1.jar:na]
	at com.mongodb.internal.connection.DefaultServerMonitor$ServerMonitor.lookupServerDescription(DefaultServerMonitor.java:219) ~[mongodb-driver-core-5.2.1.jar:na]
	at com.mongodb.internal.connection.DefaultServerMonitor$ServerMonitor.run(DefaultServerMonitor.java:176) ~[mongodb-driver-core-5.2.1.jar:na]
Caused by: java.net.UnknownHostException: Hôte inconnu (ac-khxyvkv-shard-00-01.ltylxsp.mongodb.net)
	at java.base/java.net.Inet6AddressImpl.lookupAllHostAddr(Native Method) ~[na:na]
	at java.base/java.net.InetAddress$PlatformNameService.lookupAllHostAddr(InetAddress.java:933) ~[na:na]
	at java.base/java.net.InetAddress.getAddressesFromNameService(InetAddress.java:1543) ~[na:na]
	at java.base/java.net.InetAddress$NameServiceAddresses.get(InetAddress.java:852) ~[na:na]
	at java.base/java.net.InetAddress.getAllByName0(InetAddress.java:1532) ~[na:na]
	at java.base/java.net.InetAddress.getAllByName(InetAddress.java:1384) ~[na:na]
	at java.base/java.net.InetAddress.getAllByName(InetAddress.java:1305) ~[na:na]
	at com.mongodb.internal.connection.DefaultInetAddressResolver.lookupByName(DefaultInetAddressResolver.java:34) ~[mongodb-driver-core-5.2.1.jar:na]
	at com.mongodb.internal.connection.ServerAddressHelper.getSocketAddresses(ServerAddressHelper.java:71) ~[mongodb-driver-core-5.2.1.jar:na]
	... 5 common frames omitted

2026-05-27T18:12:39.933+01:00  INFO 11752 --- [SportService] [ngodb.net:27017] org.mongodb.driver.cluster               : Exception in monitor thread while connecting to server ac-khxyvkv-shard-00-02.ltylxsp.mongodb.net:27017

com.mongodb.MongoSocketException: Hôte inconnu (ac-khxyvkv-shard-00-02.ltylxsp.mongodb.net)
	at com.mongodb.internal.connection.ServerAddressHelper.getSocketAddresses(ServerAddressHelper.java:75) ~[mongodb-driver-core-5.2.1.jar:na]
	at com.mongodb.internal.connection.SocketStream.initializeSocket(SocketStream.java:100) ~[mongodb-driver-core-5.2.1.jar:na]
	at com.mongodb.internal.connection.SocketStream.open(SocketStream.java:79) ~[mongodb-driver-core-5.2.1.jar:na]
	at com.mongodb.internal.connection.InternalStreamConnection.open(InternalStreamConnection.java:233) ~[mongodb-driver-core-5.2.1.jar:na]
	at com.mongodb.internal.connection.DefaultServerMonitor$ServerMonitor.lookupServerDescription(DefaultServerMonitor.java:219) ~[mongodb-driver-core-5.2.1.jar:na]
	at com.mongodb.internal.connection.DefaultServerMonitor$ServerMonitor.run(DefaultServerMonitor.java:176) ~[mongodb-driver-core-5.2.1.jar:na]
Caused by: java.net.UnknownHostException: Hôte inconnu (ac-khxyvkv-shard-00-02.ltylxsp.mongodb.net)
	at java.base/java.net.Inet6AddressImpl.lookupAllHostAddr(Native Method) ~[na:na]
	at java.base/java.net.InetAddress$PlatformNameService.lookupAllHostAddr(InetAddress.java:933) ~[na:na]
	at java.base/java.net.InetAddress.getAddressesFromNameService(InetAddress.java:1543) ~[na:na]
	at java.base/java.net.InetAddress$NameServiceAddresses.get(InetAddress.java:852) ~[na:na]
	at java.base/java.net.InetAddress.getAllByName0(InetAddress.java:1532) ~[na:na]
	at java.base/java.net.InetAddress.getAllByName(InetAddress.java:1384) ~[na:na]
	at java.base/java.net.InetAddress.getAllByName(InetAddress.java:1305) ~[na:na]
	at com.mongodb.internal.connection.DefaultInetAddressResolver.lookupByName(DefaultInetAddressResolver.java:34) ~[mongodb-driver-core-5.2.1.jar:na]
	at com.mongodb.internal.connection.ServerAddressHelper.getSocketAddresses(ServerAddressHelper.java:71) ~[mongodb-driver-core-5.2.1.jar:na]
	... 5 common frames omitted

2026-05-27T18:12:39.953+01:00  INFO 11752 --- [SportService] [ngodb.net:27017] org.mongodb.driver.cluster               : Exception in monitor thread while connecting to server ac-khxyvkv-shard-00-00.ltylxsp.mongodb.net:27017

com.mongodb.MongoSocketException: Hôte inconnu (ac-khxyvkv-shard-00-00.ltylxsp.mongodb.net)
	at com.mongodb.internal.connection.ServerAddressHelper.getSocketAddresses(ServerAddressHelper.java:75) ~[mongodb-driver-core-5.2.1.jar:na]
	at com.mongodb.internal.connection.SocketStream.initializeSocket(SocketStream.java:100) ~[mongodb-driver-core-5.2.1.jar:na]
	at com.mongodb.internal.connection.SocketStream.open(SocketStream.java:79) ~[mongodb-driver-core-5.2.1.jar:na]
	at com.mongodb.internal.connection.InternalStreamConnection.open(InternalStreamConnection.java:233) ~[mongodb-driver-core-5.2.1.jar:na]
	at com.mongodb.internal.connection.DefaultServerMonitor$ServerMonitor.lookupServerDescription(DefaultServerMonitor.java:219) ~[mongodb-driver-core-5.2.1.jar:na]
	at com.mongodb.internal.connection.DefaultServerMonitor$ServerMonitor.run(DefaultServerMonitor.java:176) ~[mongodb-driver-core-5.2.1.jar:na]
Caused by: java.net.UnknownHostException: Hôte inconnu (ac-khxyvkv-shard-00-00.ltylxsp.mongodb.net)
	at java.base/java.net.Inet6AddressImpl.lookupAllHostAddr(Native Method) ~[na:na]
	at java.base/java.net.InetAddress$PlatformNameService.lookupAllHostAddr(InetAddress.java:933) ~[na:na]
	at java.base/java.net.InetAddress.getAddressesFromNameService(InetAddress.java:1543) ~[na:na]
	at java.base/java.net.InetAddress$NameServiceAddresses.get(InetAddress.java:852) ~[na:na]
	at java.base/java.net.InetAddress.getAllByName0(InetAddress.java:1532) ~[na:na]
	at java.base/java.net.InetAddress.getAllByName(InetAddress.java:1384) ~[na:na]
	at java.base/java.net.InetAddress.getAllByName(InetAddress.java:1305) ~[na:na]
	at com.mongodb.internal.connection.DefaultInetAddressResolver.lookupByName(DefaultInetAddressResolver.java:34) ~[mongodb-driver-core-5.2.1.jar:na]
	at com.mongodb.internal.connection.ServerAddressHelper.getSocketAddresses(ServerAddressHelper.java:71) ~[mongodb-driver-core-5.2.1.jar:na]
	... 5 common frames omitted

2026-05-27T18:13:13.184+01:00  INFO 11752 --- [SportService] [ngodb.net:27017] org.mongodb.driver.cluster               : Exception in monitor thread while connecting to server ac-khxyvkv-shard-00-02.ltylxsp.mongodb.net:27017

com.mongodb.MongoSocketWriteException: Exception sending message
	at com.mongodb.internal.connection.InternalStreamConnection.throwTranslatedWriteException(InternalStreamConnection.java:790) ~[mongodb-driver-core-5.2.1.jar:na]
	at com.mongodb.internal.connection.InternalStreamConnection.sendMessage(InternalStreamConnection.java:675) ~[mongodb-driver-core-5.2.1.jar:na]
	at com.mongodb.internal.connection.InternalStreamConnection.trySendMessage(InternalStreamConnection.java:507) ~[mongodb-driver-core-5.2.1.jar:na]
	at com.mongodb.internal.connection.InternalStreamConnection.sendCommandMessage(InternalStreamConnection.java:482) ~[mongodb-driver-core-5.2.1.jar:na]
	at com.mongodb.internal.connection.InternalStreamConnection.sendAndReceiveInternal(InternalStreamConnection.java:440) ~[mongodb-driver-core-5.2.1.jar:na]
	at com.mongodb.internal.connection.InternalStreamConnection.lambda$sendAndReceive$0(InternalStreamConnection.java:375) ~[mongodb-driver-core-5.2.1.jar:na]
	at com.mongodb.internal.connection.InternalStreamConnection.sendAndReceive(InternalStreamConnection.java:378) ~[mongodb-driver-core-5.2.1.jar:na]
	at com.mongodb.internal.connection.CommandHelper.sendAndReceive(CommandHelper.java:100) ~[mongodb-driver-core-5.2.1.jar:na]
	at com.mongodb.internal.connection.CommandHelper.executeCommand(CommandHelper.java:49) ~[mongodb-driver-core-5.2.1.jar:na]
	at com.mongodb.internal.connection.InternalStreamConnectionInitializer.initializeConnectionDescription(InternalStreamConnectionInitializer.java:144) ~[mongodb-driver-core-5.2.1.jar:na]
	at com.mongodb.internal.connection.InternalStreamConnectionInitializer.startHandshake(InternalStreamConnectionInitializer.java:79) ~[mongodb-driver-core-5.2.1.jar:na]
	at com.mongodb.internal.connection.InternalStreamConnection.open(InternalStreamConnection.java:235) ~[mongodb-driver-core-5.2.1.jar:na]
	at com.mongodb.internal.connection.DefaultServerMonitor$ServerMonitor.lookupServerDescription(DefaultServerMonitor.java:219) ~[mongodb-driver-core-5.2.1.jar:na]
	at com.mongodb.internal.connection.DefaultServerMonitor$ServerMonitor.run(DefaultServerMonitor.java:176) ~[mongodb-driver-core-5.2.1.jar:na]
Caused by: java.net.SocketException: Une connexion établie a été abandonnée par un logiciel de votre ordinateur hôte
	at java.base/sun.nio.ch.NioSocketImpl.implWrite(NioSocketImpl.java:425) ~[na:na]
	at java.base/sun.nio.ch.NioSocketImpl.write(NioSocketImpl.java:445) ~[na:na]
	at java.base/sun.nio.ch.NioSocketImpl$2.write(NioSocketImpl.java:831) ~[na:na]
	at java.base/java.net.Socket$SocketOutputStream.write(Socket.java:1035) ~[na:na]
	at java.base/sun.security.ssl.SSLSocketOutputRecord.deliver(SSLSocketOutputRecord.java:345) ~[na:na]
	at java.base/sun.security.ssl.SSLSocketImpl$AppOutputStream.write(SSLSocketImpl.java:1304) ~[na:na]
	at com.mongodb.internal.connection.SocketStream.write(SocketStream.java:165) ~[mongodb-driver-core-5.2.1.jar:na]
	at com.mongodb.internal.connection.InternalStreamConnection.sendMessage(InternalStreamConnection.java:672) ~[mongodb-driver-core-5.2.1.jar:na]
	... 12 common frames omitted

2026-05-27T18:13:14.875+01:00  INFO 11752 --- [SportService] [ngodb.net:27017] org.mongodb.driver.cluster               : Exception in monitor thread while connecting to server ac-khxyvkv-shard-00-00.ltylxsp.mongodb.net:27017

com.mongodb.MongoSocketWriteException: Exception sending message
	at com.mongodb.internal.connection.InternalStreamConnection.throwTranslatedWriteException(InternalStreamConnection.java:790) ~[mongodb-driver-core-5.2.1.jar:na]
	at com.mongodb.internal.connection.InternalStreamConnection.sendMessage(InternalStreamConnection.java:675) ~[mongodb-driver-core-5.2.1.jar:na]
	at com.mongodb.internal.connection.InternalStreamConnection.trySendMessage(InternalStreamConnection.java:507) ~[mongodb-driver-core-5.2.1.jar:na]
	at com.mongodb.internal.connection.InternalStreamConnection.sendCommandMessage(InternalStreamConnection.java:482) ~[mongodb-driver-core-5.2.1.jar:na]
	at com.mongodb.internal.connection.InternalStreamConnection.sendAndReceiveInternal(InternalStreamConnection.java:440) ~[mongodb-driver-core-5.2.1.jar:na]
	at com.mongodb.internal.connection.InternalStreamConnection.lambda$sendAndReceive$0(InternalStreamConnection.java:375) ~[mongodb-driver-core-5.2.1.jar:na]
	at com.mongodb.internal.connection.InternalStreamConnection.sendAndReceive(InternalStreamConnection.java:378) ~[mongodb-driver-core-5.2.1.jar:na]
	at com.mongodb.internal.connection.CommandHelper.sendAndReceive(CommandHelper.java:100) ~[mongodb-driver-core-5.2.1.jar:na]
	at com.mongodb.internal.connection.CommandHelper.executeCommand(CommandHelper.java:49) ~[mongodb-driver-core-5.2.1.jar:na]
	at com.mongodb.internal.connection.InternalStreamConnectionInitializer.initializeConnectionDescription(InternalStreamConnectionInitializer.java:144) ~[mongodb-driver-core-5.2.1.jar:na]
	at com.mongodb.internal.connection.InternalStreamConnectionInitializer.startHandshake(InternalStreamConnectionInitializer.java:79) ~[mongodb-driver-core-5.2.1.jar:na]
	at com.mongodb.internal.connection.InternalStreamConnection.open(InternalStreamConnection.java:235) ~[mongodb-driver-core-5.2.1.jar:na]
	at com.mongodb.internal.connection.DefaultServerMonitor$ServerMonitor.lookupServerDescription(DefaultServerMonitor.java:219) ~[mongodb-driver-core-5.2.1.jar:na]
	at com.mongodb.internal.connection.DefaultServerMonitor$ServerMonitor.run(DefaultServerMonitor.java:176) ~[mongodb-driver-core-5.2.1.jar:na]
Caused by: java.net.SocketException: Une connexion établie a été abandonnée par un logiciel de votre ordinateur hôte
	at java.base/sun.nio.ch.NioSocketImpl.implWrite(NioSocketImpl.java:425) ~[na:na]
	at java.base/sun.nio.ch.NioSocketImpl.write(NioSocketImpl.java:445) ~[na:na]
	at java.base/sun.nio.ch.NioSocketImpl$2.write(NioSocketImpl.java:831) ~[na:na]
	at java.base/java.net.Socket$SocketOutputStream.write(Socket.java:1035) ~[na:na]
	at java.base/sun.security.ssl.SSLSocketOutputRecord.flush(SSLSocketOutputRecord.java:271) ~[na:na]
	at java.base/sun.security.ssl.HandshakeOutStream.flush(HandshakeOutStream.java:89) ~[na:na]
	at java.base/sun.security.ssl.Finished$T13FinishedProducer.onProduceFinished(Finished.java:693) ~[na:na]
	at java.base/sun.security.ssl.Finished$T13FinishedProducer.produce(Finished.java:672) ~[na:na]
	at java.base/sun.security.ssl.SSLHandshake.produce(SSLHandshake.java:440) ~[na:na]
	at java.base/sun.security.ssl.Finished$T13FinishedConsumer.onConsumeFinished(Finished.java:1030) ~[na:na]
	at java.base/sun.security.ssl.Finished$T13FinishedConsumer.consume(Finished.java:893) ~[na:na]
	at java.base/sun.security.ssl.SSLHandshake.consume(SSLHandshake.java:396) ~[na:na]
	at java.base/sun.security.ssl.HandshakeContext.dispatch(HandshakeContext.java:480) ~[na:na]
	at java.base/sun.security.ssl.HandshakeContext.dispatch(HandshakeContext.java:458) ~[na:na]
	at java.base/sun.security.ssl.TransportContext.dispatch(TransportContext.java:201) ~[na:na]
	at java.base/sun.security.ssl.SSLTransport.decode(SSLTransport.java:172) ~[na:na]
	at java.base/sun.security.ssl.SSLSocketImpl.decode(SSLSocketImpl.java:1506) ~[na:na]
	at java.base/sun.security.ssl.SSLSocketImpl.readHandshakeRecord(SSLSocketImpl.java:1421) ~[na:na]
	at java.base/sun.security.ssl.SSLSocketImpl.startHandshake(SSLSocketImpl.java:455) ~[na:na]
	at java.base/sun.security.ssl.SSLSocketImpl.ensureNegotiated(SSLSocketImpl.java:921) ~[na:na]
	at java.base/sun.security.ssl.SSLSocketImpl$AppOutputStream.write(SSLSocketImpl.java:1291) ~[na:na]
	at com.mongodb.internal.connection.SocketStream.write(SocketStream.java:165) ~[mongodb-driver-core-5.2.1.jar:na]
	at com.mongodb.internal.connection.InternalStreamConnection.sendMessage(InternalStreamConnection.java:672) ~[mongodb-driver-core-5.2.1.jar:na]
	... 12 common frames omitted

2026-05-27T18:13:13.184+01:00  INFO 11752 --- [SportService] [ngodb.net:27017] org.mongodb.driver.cluster               : Exception in monitor thread while connecting to server ac-khxyvkv-shard-00-01.ltylxsp.mongodb.net:27017

com.mongodb.MongoSocketWriteException: Exception sending message
	at com.mongodb.internal.connection.InternalStreamConnection.throwTranslatedWriteException(InternalStreamConnection.java:790) ~[mongodb-driver-core-5.2.1.jar:na]
	at com.mongodb.internal.connection.InternalStreamConnection.sendMessage(InternalStreamConnection.java:675) ~[mongodb-driver-core-5.2.1.jar:na]
	at com.mongodb.internal.connection.InternalStreamConnection.trySendMessage(InternalStreamConnection.java:507) ~[mongodb-driver-core-5.2.1.jar:na]
	at com.mongodb.internal.connection.InternalStreamConnection.sendCommandMessage(InternalStreamConnection.java:482) ~[mongodb-driver-core-5.2.1.jar:na]
	at com.mongodb.internal.connection.InternalStreamConnection.sendAndReceiveInternal(InternalStreamConnection.java:440) ~[mongodb-driver-core-5.2.1.jar:na]
	at com.mongodb.internal.connection.InternalStreamConnection.lambda$sendAndReceive$0(InternalStreamConnection.java:375) ~[mongodb-driver-core-5.2.1.jar:na]
	at com.mongodb.internal.connection.InternalStreamConnection.sendAndReceive(InternalStreamConnection.java:378) ~[mongodb-driver-core-5.2.1.jar:na]
	at com.mongodb.internal.connection.CommandHelper.sendAndReceive(CommandHelper.java:100) ~[mongodb-driver-core-5.2.1.jar:na]
	at com.mongodb.internal.connection.CommandHelper.executeCommand(CommandHelper.java:49) ~[mongodb-driver-core-5.2.1.jar:na]
	at com.mongodb.internal.connection.InternalStreamConnectionInitializer.initializeConnectionDescription(InternalStreamConnectionInitializer.java:144) ~[mongodb-driver-core-5.2.1.jar:na]
	at com.mongodb.internal.connection.InternalStreamConnectionInitializer.startHandshake(InternalStreamConnectionInitializer.java:79) ~[mongodb-driver-core-5.2.1.jar:na]
	at com.mongodb.internal.connection.InternalStreamConnection.open(InternalStreamConnection.java:235) ~[mongodb-driver-core-5.2.1.jar:na]
	at com.mongodb.internal.connection.DefaultServerMonitor$ServerMonitor.lookupServerDescription(DefaultServerMonitor.java:219) ~[mongodb-driver-core-5.2.1.jar:na]
	at com.mongodb.internal.connection.DefaultServerMonitor$ServerMonitor.run(DefaultServerMonitor.java:176) ~[mongodb-driver-core-5.2.1.jar:na]
Caused by: java.net.SocketException: Une connexion établie a été abandonnée par un logiciel de votre ordinateur hôte
	at java.base/sun.nio.ch.NioSocketImpl.implWrite(NioSocketImpl.java:425) ~[na:na]
	at java.base/sun.nio.ch.NioSocketImpl.write(NioSocketImpl.java:445) ~[na:na]
	at java.base/sun.nio.ch.NioSocketImpl$2.write(NioSocketImpl.java:831) ~[na:na]
	at java.base/java.net.Socket$SocketOutputStream.write(Socket.java:1035) ~[na:na]
	at java.base/sun.security.ssl.SSLSocketOutputRecord.deliver(SSLSocketOutputRecord.java:345) ~[na:na]
	at java.base/sun.security.ssl.SSLSocketImpl$AppOutputStream.write(SSLSocketImpl.java:1304) ~[na:na]
	at com.mongodb.internal.connection.SocketStream.write(SocketStream.java:165) ~[mongodb-driver-core-5.2.1.jar:na]
	at com.mongodb.internal.connection.InternalStreamConnection.sendMessage(InternalStreamConnection.java:672) ~[mongodb-driver-core-5.2.1.jar:na]
	... 12 common frames omitted

2026-05-27T18:13:25.979+01:00  INFO 11752 --- [SportService] [ngodb.net:27017] org.mongodb.driver.cluster               : Monitor thread successfully connected to server with description ServerDescription{address=ac-khxyvkv-shard-00-02.ltylxsp.mongodb.net:27017, type=REPLICA_SET_SECONDARY, cryptd=false, state=CONNECTED, ok=true, minWireVersion=0, maxWireVersion=25, maxDocumentSize=16777216, logicalSessionTimeoutMinutes=30, roundTripTimeNanos=116770700, minRoundTripTimeNanos=0, setName='atlas-6x6yvm-shard-0', canonicalAddress=ac-khxyvkv-shard-00-02.ltylxsp.mongodb.net:27017, hosts=[ac-khxyvkv-shard-00-00.ltylxsp.mongodb.net:27017, ac-khxyvkv-shard-00-01.ltylxsp.mongodb.net:27017, ac-khxyvkv-shard-00-02.ltylxsp.mongodb.net:27017], passives=[], arbiters=[], primary='ac-khxyvkv-shard-00-01.ltylxsp.mongodb.net:27017', tagSet=TagSet{[Tag{name='availabilityZone', value='euw3-az3'}, Tag{name='cacheState', value='READY'}, Tag{name='diskState', value='READY'}, Tag{name='nodeType', value='ELECTABLE'}, Tag{name='provider', value='AWS'}, Tag{name='region', value='EU_WEST_3'}, Tag{name='workloadType', value='OPERATIONAL'}]}, electionId=null, setVersion=36, topologyVersion=TopologyVersion{processId=6a10afacc3c0145a7299563d, counter=3}, lastWriteDate=Wed May 27 18:13:25 WAT 2026, lastUpdateTimeNanos=979755954759000}
2026-05-27T18:13:25.986+01:00  INFO 11752 --- [SportService] [ngodb.net:27017] org.mongodb.driver.cluster               : Monitor thread successfully connected to server with description ServerDescription{address=ac-khxyvkv-shard-00-00.ltylxsp.mongodb.net:27017, type=REPLICA_SET_SECONDARY, cryptd=false, state=CONNECTED, ok=true, minWireVersion=0, maxWireVersion=25, maxDocumentSize=16777216, logicalSessionTimeoutMinutes=30, roundTripTimeNanos=124369300, minRoundTripTimeNanos=0, setName='atlas-6x6yvm-shard-0', canonicalAddress=ac-khxyvkv-shard-00-00.ltylxsp.mongodb.net:27017, hosts=[ac-khxyvkv-shard-00-00.ltylxsp.mongodb.net:27017, ac-khxyvkv-shard-00-01.ltylxsp.mongodb.net:27017, ac-khxyvkv-shard-00-02.ltylxsp.mongodb.net:27017], passives=[], arbiters=[], primary='ac-khxyvkv-shard-00-01.ltylxsp.mongodb.net:27017', tagSet=TagSet{[Tag{name='availabilityZone', value='euw3-az1'}, Tag{name='cacheState', value='READY'}, Tag{name='diskState', value='READY'}, Tag{name='nodeType', value='ELECTABLE'}, Tag{name='provider', value='AWS'}, Tag{name='region', value='EU_WEST_3'}, Tag{name='workloadType', value='OPERATIONAL'}]}, electionId=null, setVersion=36, topologyVersion=TopologyVersion{processId=6a10aaf2adb9cf8404387343, counter=4}, lastWriteDate=Wed May 27 18:13:25 WAT 2026, lastUpdateTimeNanos=979755962595800}
2026-05-27T18:13:25.989+01:00  INFO 11752 --- [SportService] [ngodb.net:27017] org.mongodb.driver.cluster               : Monitor thread successfully connected to server with description ServerDescription{address=ac-khxyvkv-shard-00-01.ltylxsp.mongodb.net:27017, type=REPLICA_SET_PRIMARY, cryptd=false, state=CONNECTED, ok=true, minWireVersion=0, maxWireVersion=25, maxDocumentSize=16777216, logicalSessionTimeoutMinutes=30, roundTripTimeNanos=147545100, minRoundTripTimeNanos=0, setName='atlas-6x6yvm-shard-0', canonicalAddress=ac-khxyvkv-shard-00-01.ltylxsp.mongodb.net:27017, hosts=[ac-khxyvkv-shard-00-00.ltylxsp.mongodb.net:27017, ac-khxyvkv-shard-00-01.ltylxsp.mongodb.net:27017, ac-khxyvkv-shard-00-02.ltylxsp.mongodb.net:27017], passives=[], arbiters=[], primary='ac-khxyvkv-shard-00-01.ltylxsp.mongodb.net:27017', tagSet=TagSet{[Tag{name='availabilityZone', value='euw3-az2'}, Tag{name='cacheState', value='READY'}, Tag{name='diskState', value='READY'}, Tag{name='nodeType', value='ELECTABLE'}, Tag{name='provider', value='AWS'}, Tag{name='region', value='EU_WEST_3'}, Tag{name='workloadType', value='OPERATIONAL'}]}, electionId=7fffffff000000000000006b, setVersion=36, topologyVersion=TopologyVersion{processId=6a10ad2db025c004c20c2eaf, counter=6}, lastWriteDate=Wed May 27 18:13:25 WAT 2026, lastUpdateTimeNanos=979755985834800}
2026-05-27T18:13:26.021+01:00  INFO 11752 --- [SportService] [ngodb.net:27017] org.mongodb.driver.cluster               : Discovered replica set primary ac-khxyvkv-shard-00-01.ltylxsp.mongodb.net:27017 with max election id 7fffffff000000000000006b and max set version 36
2026-05-27T18:39:50.440+01:00  INFO 11752 --- [SportService] [ngodb.net:27017] org.mongodb.driver.cluster               : Exception in monitor thread while connecting to server ac-khxyvkv-shard-00-00.ltylxsp.mongodb.net:27017

com.mongodb.MongoSocketReadException: Exception receiving message
	at com.mongodb.internal.connection.InternalStreamConnection.translateReadException(InternalStreamConnection.java:814) ~[mongodb-driver-core-5.2.1.jar:na]
	at com.mongodb.internal.connection.InternalStreamConnection.receiveResponseBuffers(InternalStreamConnection.java:862) ~[mongodb-driver-core-5.2.1.jar:na]
	at com.mongodb.internal.connection.InternalStreamConnection.receiveCommandMessageResponse(InternalStreamConnection.java:517) ~[mongodb-driver-core-5.2.1.jar:na]
	at com.mongodb.internal.connection.InternalStreamConnection.receive(InternalStreamConnection.java:469) ~[mongodb-driver-core-5.2.1.jar:na]
	at com.mongodb.internal.connection.DefaultServerMonitor$ServerMonitor.lookupServerDescription(DefaultServerMonitor.java:249) ~[mongodb-driver-core-5.2.1.jar:na]
	at com.mongodb.internal.connection.DefaultServerMonitor$ServerMonitor.run(DefaultServerMonitor.java:176) ~[mongodb-driver-core-5.2.1.jar:na]
Caused by: java.net.SocketException: Connection reset
	at java.base/sun.nio.ch.NioSocketImpl.implRead(NioSocketImpl.java:328) ~[na:na]
	at java.base/sun.nio.ch.NioSocketImpl.read(NioSocketImpl.java:355) ~[na:na]
	at java.base/sun.nio.ch.NioSocketImpl$1.read(NioSocketImpl.java:808) ~[na:na]
	at java.base/java.net.Socket$SocketInputStream.read(Socket.java:966) ~[na:na]
	at java.base/sun.security.ssl.SSLSocketInputRecord.read(SSLSocketInputRecord.java:484) ~[na:na]
	at java.base/sun.security.ssl.SSLSocketInputRecord.readHeader(SSLSocketInputRecord.java:478) ~[na:na]
	at java.base/sun.security.ssl.SSLSocketInputRecord.bytesInCompletePacket(SSLSocketInputRecord.java:70) ~[na:na]
	at java.base/sun.security.ssl.SSLSocketImpl.readApplicationRecord(SSLSocketImpl.java:1461) ~[na:na]
	at java.base/sun.security.ssl.SSLSocketImpl$AppInputStream.read(SSLSocketImpl.java:1065) ~[na:na]
	at com.mongodb.internal.connection.SocketStream.read(SocketStream.java:182) ~[mongodb-driver-core-5.2.1.jar:na]
	at com.mongodb.internal.connection.InternalStreamConnection.receiveResponseBuffers(InternalStreamConnection.java:829) ~[mongodb-driver-core-5.2.1.jar:na]
	... 4 common frames omitted

2026-05-27T18:39:50.438+01:00  INFO 11752 --- [SportService] [ngodb.net:27017] org.mongodb.driver.cluster               : Exception in monitor thread while connecting to server ac-khxyvkv-shard-00-02.ltylxsp.mongodb.net:27017

com.mongodb.MongoSocketReadException: Exception receiving message
	at com.mongodb.internal.connection.InternalStreamConnection.translateReadException(InternalStreamConnection.java:814) ~[mongodb-driver-core-5.2.1.jar:na]
	at com.mongodb.internal.connection.InternalStreamConnection.receiveResponseBuffers(InternalStreamConnection.java:862) ~[mongodb-driver-core-5.2.1.jar:na]
	at com.mongodb.internal.connection.InternalStreamConnection.receiveCommandMessageResponse(InternalStreamConnection.java:517) ~[mongodb-driver-core-5.2.1.jar:na]
	at com.mongodb.internal.connection.InternalStreamConnection.receive(InternalStreamConnection.java:469) ~[mongodb-driver-core-5.2.1.jar:na]
	at com.mongodb.internal.connection.DefaultServerMonitor$ServerMonitor.lookupServerDescription(DefaultServerMonitor.java:249) ~[mongodb-driver-core-5.2.1.jar:na]
	at com.mongodb.internal.connection.DefaultServerMonitor$ServerMonitor.run(DefaultServerMonitor.java:176) ~[mongodb-driver-core-5.2.1.jar:na]
Caused by: java.net.SocketException: Connection reset
	at java.base/sun.nio.ch.NioSocketImpl.implRead(NioSocketImpl.java:328) ~[na:na]
	at java.base/sun.nio.ch.NioSocketImpl.read(NioSocketImpl.java:355) ~[na:na]
	at java.base/sun.nio.ch.NioSocketImpl$1.read(NioSocketImpl.java:808) ~[na:na]
	at java.base/java.net.Socket$SocketInputStream.read(Socket.java:966) ~[na:na]
	at java.base/sun.security.ssl.SSLSocketInputRecord.read(SSLSocketInputRecord.java:484) ~[na:na]
	at java.base/sun.security.ssl.SSLSocketInputRecord.readHeader(SSLSocketInputRecord.java:478) ~[na:na]
	at java.base/sun.security.ssl.SSLSocketInputRecord.bytesInCompletePacket(SSLSocketInputRecord.java:70) ~[na:na]
	at java.base/sun.security.ssl.SSLSocketImpl.readApplicationRecord(SSLSocketImpl.java:1461) ~[na:na]
	at java.base/sun.security.ssl.SSLSocketImpl$AppInputStream.read(SSLSocketImpl.java:1065) ~[na:na]
	at com.mongodb.internal.connection.SocketStream.read(SocketStream.java:182) ~[mongodb-driver-core-5.2.1.jar:na]
	at com.mongodb.internal.connection.InternalStreamConnection.receiveResponseBuffers(InternalStreamConnection.java:829) ~[mongodb-driver-core-5.2.1.jar:na]
	... 4 common frames omitted

2026-05-27T18:39:50.440+01:00  INFO 11752 --- [SportService] [ngodb.net:27017] org.mongodb.driver.cluster               : Exception in monitor thread while connecting to server ac-khxyvkv-shard-00-01.ltylxsp.mongodb.net:27017

com.mongodb.MongoSocketReadException: Exception receiving message
	at com.mongodb.internal.connection.InternalStreamConnection.translateReadException(InternalStreamConnection.java:814) ~[mongodb-driver-core-5.2.1.jar:na]
	at com.mongodb.internal.connection.InternalStreamConnection.receiveResponseBuffers(InternalStreamConnection.java:862) ~[mongodb-driver-core-5.2.1.jar:na]
	at com.mongodb.internal.connection.InternalStreamConnection.receiveCommandMessageResponse(InternalStreamConnection.java:517) ~[mongodb-driver-core-5.2.1.jar:na]
	at com.mongodb.internal.connection.InternalStreamConnection.receive(InternalStreamConnection.java:469) ~[mongodb-driver-core-5.2.1.jar:na]
	at com.mongodb.internal.connection.DefaultServerMonitor$ServerMonitor.lookupServerDescription(DefaultServerMonitor.java:249) ~[mongodb-driver-core-5.2.1.jar:na]
	at com.mongodb.internal.connection.DefaultServerMonitor$ServerMonitor.run(DefaultServerMonitor.java:176) ~[mongodb-driver-core-5.2.1.jar:na]
Caused by: java.net.SocketException: Connection reset
	at java.base/sun.nio.ch.NioSocketImpl.implRead(NioSocketImpl.java:328) ~[na:na]
	at java.base/sun.nio.ch.NioSocketImpl.read(NioSocketImpl.java:355) ~[na:na]
	at java.base/sun.nio.ch.NioSocketImpl$1.read(NioSocketImpl.java:808) ~[na:na]
	at java.base/java.net.Socket$SocketInputStream.read(Socket.java:966) ~[na:na]
	at java.base/sun.security.ssl.SSLSocketInputRecord.read(SSLSocketInputRecord.java:484) ~[na:na]
	at java.base/sun.security.ssl.SSLSocketInputRecord.readHeader(SSLSocketInputRecord.java:478) ~[na:na]
	at java.base/sun.security.ssl.SSLSocketInputRecord.bytesInCompletePacket(SSLSocketInputRecord.java:70) ~[na:na]
	at java.base/sun.security.ssl.SSLSocketImpl.readApplicationRecord(SSLSocketImpl.java:1461) ~[na:na]
	at java.base/sun.security.ssl.SSLSocketImpl$AppInputStream.read(SSLSocketImpl.java:1065) ~[na:na]
	at com.mongodb.internal.connection.SocketStream.read(SocketStream.java:182) ~[mongodb-driver-core-5.2.1.jar:na]
	at com.mongodb.internal.connection.InternalStreamConnection.receiveResponseBuffers(InternalStreamConnection.java:829) ~[mongodb-driver-core-5.2.1.jar:na]
	... 4 common frames omitted

2026-05-27T18:39:50.895+01:00  INFO 11752 --- [SportService] [ngodb.net:27017] org.mongodb.driver.cluster               : Exception in monitor thread while connecting to server ac-khxyvkv-shard-00-00.ltylxsp.mongodb.net:27017

com.mongodb.MongoSocketException: Hôte inconnu (ac-khxyvkv-shard-00-00.ltylxsp.mongodb.net)
	at com.mongodb.internal.connection.ServerAddressHelper.getSocketAddresses(ServerAddressHelper.java:75) ~[mongodb-driver-core-5.2.1.jar:na]
	at com.mongodb.internal.connection.SocketStream.initializeSocket(SocketStream.java:100) ~[mongodb-driver-core-5.2.1.jar:na]
	at com.mongodb.internal.connection.SocketStream.open(SocketStream.java:79) ~[mongodb-driver-core-5.2.1.jar:na]
	at com.mongodb.internal.connection.InternalStreamConnection.open(InternalStreamConnection.java:233) ~[mongodb-driver-core-5.2.1.jar:na]
	at com.mongodb.internal.connection.DefaultServerMonitor$ServerMonitor.lookupServerDescription(DefaultServerMonitor.java:219) ~[mongodb-driver-core-5.2.1.jar:na]
	at com.mongodb.internal.connection.DefaultServerMonitor$ServerMonitor.run(DefaultServerMonitor.java:176) ~[mongodb-driver-core-5.2.1.jar:na]
Caused by: java.net.UnknownHostException: Hôte inconnu (ac-khxyvkv-shard-00-00.ltylxsp.mongodb.net)
	at java.base/java.net.Inet6AddressImpl.lookupAllHostAddr(Native Method) ~[na:na]
	at java.base/java.net.InetAddress$PlatformNameService.lookupAllHostAddr(InetAddress.java:933) ~[na:na]
	at java.base/java.net.InetAddress.getAddressesFromNameService(InetAddress.java:1543) ~[na:na]
	at java.base/java.net.InetAddress$NameServiceAddresses.get(InetAddress.java:852) ~[na:na]
	at java.base/java.net.InetAddress.getAllByName0(InetAddress.java:1532) ~[na:na]
	at java.base/java.net.InetAddress.getAllByName(InetAddress.java:1384) ~[na:na]
	at java.base/java.net.InetAddress.getAllByName(InetAddress.java:1305) ~[na:na]
	at com.mongodb.internal.connection.DefaultInetAddressResolver.lookupByName(DefaultInetAddressResolver.java:34) ~[mongodb-driver-core-5.2.1.jar:na]
	at com.mongodb.internal.connection.ServerAddressHelper.getSocketAddresses(ServerAddressHelper.java:71) ~[mongodb-driver-core-5.2.1.jar:na]
	... 5 common frames omitted

2026-05-27T18:39:50.895+01:00  INFO 11752 --- [SportService] [ngodb.net:27017] org.mongodb.driver.cluster               : Exception in monitor thread while connecting to server ac-khxyvkv-shard-00-01.ltylxsp.mongodb.net:27017

com.mongodb.MongoSocketException: Hôte inconnu (ac-khxyvkv-shard-00-01.ltylxsp.mongodb.net)
	at com.mongodb.internal.connection.ServerAddressHelper.getSocketAddresses(ServerAddressHelper.java:75) ~[mongodb-driver-core-5.2.1.jar:na]
	at com.mongodb.internal.connection.SocketStream.initializeSocket(SocketStream.java:100) ~[mongodb-driver-core-5.2.1.jar:na]
	at com.mongodb.internal.connection.SocketStream.open(SocketStream.java:79) ~[mongodb-driver-core-5.2.1.jar:na]
	at com.mongodb.internal.connection.InternalStreamConnection.open(InternalStreamConnection.java:233) ~[mongodb-driver-core-5.2.1.jar:na]
	at com.mongodb.internal.connection.DefaultServerMonitor$ServerMonitor.lookupServerDescription(DefaultServerMonitor.java:219) ~[mongodb-driver-core-5.2.1.jar:na]
	at com.mongodb.internal.connection.DefaultServerMonitor$ServerMonitor.run(DefaultServerMonitor.java:176) ~[mongodb-driver-core-5.2.1.jar:na]
Caused by: java.net.UnknownHostException: Hôte inconnu (ac-khxyvkv-shard-00-01.ltylxsp.mongodb.net)
	at java.base/java.net.Inet6AddressImpl.lookupAllHostAddr(Native Method) ~[na:na]
	at java.base/java.net.InetAddress$PlatformNameService.lookupAllHostAddr(InetAddress.java:933) ~[na:na]
	at java.base/java.net.InetAddress.getAddressesFromNameService(InetAddress.java:1543) ~[na:na]
	at java.base/java.net.InetAddress$NameServiceAddresses.get(InetAddress.java:852) ~[na:na]
	at java.base/java.net.InetAddress.getAllByName0(InetAddress.java:1532) ~[na:na]
	at java.base/java.net.InetAddress.getAllByName(InetAddress.java:1384) ~[na:na]
	at java.base/java.net.InetAddress.getAllByName(InetAddress.java:1305) ~[na:na]
	at com.mongodb.internal.connection.DefaultInetAddressResolver.lookupByName(DefaultInetAddressResolver.java:34) ~[mongodb-driver-core-5.2.1.jar:na]
	at com.mongodb.internal.connection.ServerAddressHelper.getSocketAddresses(ServerAddressHelper.java:71) ~[mongodb-driver-core-5.2.1.jar:na]
	... 5 common frames omitted

2026-05-27T18:39:50.895+01:00  INFO 11752 --- [SportService] [ngodb.net:27017] org.mongodb.driver.cluster               : Exception in monitor thread while connecting to server ac-khxyvkv-shard-00-02.ltylxsp.mongodb.net:27017

com.mongodb.MongoSocketException: Hôte inconnu (ac-khxyvkv-shard-00-02.ltylxsp.mongodb.net)
	at com.mongodb.internal.connection.ServerAddressHelper.getSocketAddresses(ServerAddressHelper.java:75) ~[mongodb-driver-core-5.2.1.jar:na]
	at com.mongodb.internal.connection.SocketStream.initializeSocket(SocketStream.java:100) ~[mongodb-driver-core-5.2.1.jar:na]
	at com.mongodb.internal.connection.SocketStream.open(SocketStream.java:79) ~[mongodb-driver-core-5.2.1.jar:na]
	at com.mongodb.internal.connection.InternalStreamConnection.open(InternalStreamConnection.java:233) ~[mongodb-driver-core-5.2.1.jar:na]
	at com.mongodb.internal.connection.DefaultServerMonitor$ServerMonitor.lookupServerDescription(DefaultServerMonitor.java:219) ~[mongodb-driver-core-5.2.1.jar:na]
	at com.mongodb.internal.connection.DefaultServerMonitor$ServerMonitor.run(DefaultServerMonitor.java:176) ~[mongodb-driver-core-5.2.1.jar:na]
Caused by: java.net.UnknownHostException: Hôte inconnu (ac-khxyvkv-shard-00-02.ltylxsp.mongodb.net)
	at java.base/java.net.Inet6AddressImpl.lookupAllHostAddr(Native Method) ~[na:na]
	at java.base/java.net.InetAddress$PlatformNameService.lookupAllHostAddr(InetAddress.java:933) ~[na:na]
	at java.base/java.net.InetAddress.getAddressesFromNameService(InetAddress.java:1543) ~[na:na]
	at java.base/java.net.InetAddress$NameServiceAddresses.get(InetAddress.java:852) ~[na:na]
	at java.base/java.net.InetAddress.getAllByName0(InetAddress.java:1532) ~[na:na]
	at java.base/java.net.InetAddress.getAllByName(InetAddress.java:1384) ~[na:na]
	at java.base/java.net.InetAddress.getAllByName(InetAddress.java:1305) ~[na:na]
	at com.mongodb.internal.connection.DefaultInetAddressResolver.lookupByName(DefaultInetAddressResolver.java:34) ~[mongodb-driver-core-5.2.1.jar:na]
	at com.mongodb.internal.connection.ServerAddressHelper.getSocketAddresses(ServerAddressHelper.java:71) ~[mongodb-driver-core-5.2.1.jar:na]
	... 5 common frames omitted

2026-05-27T19:08:21.959+01:00  INFO 11752 --- [SportService] [ngodb.net:27017] org.mongodb.driver.cluster               : Monitor thread successfully connected to server with description ServerDescription{address=ac-khxyvkv-shard-00-02.ltylxsp.mongodb.net:27017, type=REPLICA_SET_SECONDARY, cryptd=false, state=CONNECTED, ok=true, minWireVersion=0, maxWireVersion=25, maxDocumentSize=16777216, logicalSessionTimeoutMinutes=30, roundTripTimeNanos=276319100, minRoundTripTimeNanos=0, setName='atlas-6x6yvm-shard-0', canonicalAddress=ac-khxyvkv-shard-00-02.ltylxsp.mongodb.net:27017, hosts=[ac-khxyvkv-shard-00-00.ltylxsp.mongodb.net:27017, ac-khxyvkv-shard-00-01.ltylxsp.mongodb.net:27017, ac-khxyvkv-shard-00-02.ltylxsp.mongodb.net:27017], passives=[], arbiters=[], primary='ac-khxyvkv-shard-00-01.ltylxsp.mongodb.net:27017', tagSet=TagSet{[Tag{name='availabilityZone', value='euw3-az3'}, Tag{name='cacheState', value='READY'}, Tag{name='diskState', value='READY'}, Tag{name='nodeType', value='ELECTABLE'}, Tag{name='provider', value='AWS'}, Tag{name='region', value='EU_WEST_3'}, Tag{name='workloadType', value='OPERATIONAL'}]}, electionId=null, setVersion=36, topologyVersion=TopologyVersion{processId=6a10afacc3c0145a7299563d, counter=3}, lastWriteDate=Wed May 27 19:08:21 WAT 2026, lastUpdateTimeNanos=983051937203100}
2026-05-27T19:08:21.959+01:00  INFO 11752 --- [SportService] [ngodb.net:27017] org.mongodb.driver.cluster               : Monitor thread successfully connected to server with description ServerDescription{address=ac-khxyvkv-shard-00-01.ltylxsp.mongodb.net:27017, type=REPLICA_SET_PRIMARY, cryptd=false, state=CONNECTED, ok=true, minWireVersion=0, maxWireVersion=25, maxDocumentSize=16777216, logicalSessionTimeoutMinutes=30, roundTripTimeNanos=276329800, minRoundTripTimeNanos=0, setName='atlas-6x6yvm-shard-0', canonicalAddress=ac-khxyvkv-shard-00-01.ltylxsp.mongodb.net:27017, hosts=[ac-khxyvkv-shard-00-00.ltylxsp.mongodb.net:27017, ac-khxyvkv-shard-00-01.ltylxsp.mongodb.net:27017, ac-khxyvkv-shard-00-02.ltylxsp.mongodb.net:27017], passives=[], arbiters=[], primary='ac-khxyvkv-shard-00-01.ltylxsp.mongodb.net:27017', tagSet=TagSet{[Tag{name='availabilityZone', value='euw3-az2'}, Tag{name='cacheState', value='READY'}, Tag{name='diskState', value='READY'}, Tag{name='nodeType', value='ELECTABLE'}, Tag{name='provider', value='AWS'}, Tag{name='region', value='EU_WEST_3'}, Tag{name='workloadType', value='OPERATIONAL'}]}, electionId=7fffffff000000000000006b, setVersion=36, topologyVersion=TopologyVersion{processId=6a10ad2db025c004c20c2eaf, counter=6}, lastWriteDate=Wed May 27 19:08:21 WAT 2026, lastUpdateTimeNanos=983051937204800}
2026-05-27T19:08:21.959+01:00  INFO 11752 --- [SportService] [ngodb.net:27017] org.mongodb.driver.cluster               : Monitor thread successfully connected to server with description ServerDescription{address=ac-khxyvkv-shard-00-00.ltylxsp.mongodb.net:27017, type=REPLICA_SET_SECONDARY, cryptd=false, state=CONNECTED, ok=true, minWireVersion=0, maxWireVersion=25, maxDocumentSize=16777216, logicalSessionTimeoutMinutes=30, roundTripTimeNanos=276323400, minRoundTripTimeNanos=0, setName='atlas-6x6yvm-shard-0', canonicalAddress=ac-khxyvkv-shard-00-00.ltylxsp.mongodb.net:27017, hosts=[ac-khxyvkv-shard-00-00.ltylxsp.mongodb.net:27017, ac-khxyvkv-shard-00-01.ltylxsp.mongodb.net:27017, ac-khxyvkv-shard-00-02.ltylxsp.mongodb.net:27017], passives=[], arbiters=[], primary='ac-khxyvkv-shard-00-01.ltylxsp.mongodb.net:27017', tagSet=TagSet{[Tag{name='availabilityZone', value='euw3-az1'}, Tag{name='cacheState', value='READY'}, Tag{name='diskState', value='READY'}, Tag{name='nodeType', value='ELECTABLE'}, Tag{name='provider', value='AWS'}, Tag{name='region', value='EU_WEST_3'}, Tag{name='workloadType', value='OPERATIONAL'}]}, electionId=null, setVersion=36, topologyVersion=TopologyVersion{processId=6a10aaf2adb9cf8404387343, counter=4}, lastWriteDate=Wed May 27 19:08:21 WAT 2026, lastUpdateTimeNanos=983051937200900}
2026-05-27T19:08:21.988+01:00  INFO 11752 --- [SportService] [ngodb.net:27017] org.mongodb.driver.cluster               : Discovered replica set primary ac-khxyvkv-shard-00-01.ltylxsp.mongodb.net:27017 with max election id 7fffffff000000000000006b and max set version 36
2026-05-27T19:08:41.992+01:00  INFO 11752 --- [SportService] [ngodb.net:27017] org.mongodb.driver.cluster               : Exception in monitor thread while connecting to server ac-khxyvkv-shard-00-01.ltylxsp.mongodb.net:27017

com.mongodb.MongoSocketReadTimeoutException: Timeout while receiving message
	at com.mongodb.internal.connection.InternalStreamConnection.createReadTimeoutException(InternalStreamConnection.java:824) ~[mongodb-driver-core-5.2.1.jar:na]
	at com.mongodb.internal.connection.InternalStreamConnection.translateReadException(InternalStreamConnection.java:812) ~[mongodb-driver-core-5.2.1.jar:na]
	at com.mongodb.internal.connection.InternalStreamConnection.receiveResponseBuffers(InternalStreamConnection.java:862) ~[mongodb-driver-core-5.2.1.jar:na]
	at com.mongodb.internal.connection.InternalStreamConnection.receiveCommandMessageResponse(InternalStreamConnection.java:517) ~[mongodb-driver-core-5.2.1.jar:na]
	at com.mongodb.internal.connection.InternalStreamConnection.receive(InternalStreamConnection.java:469) ~[mongodb-driver-core-5.2.1.jar:na]
	at com.mongodb.internal.connection.DefaultServerMonitor$ServerMonitor.lookupServerDescription(DefaultServerMonitor.java:249) ~[mongodb-driver-core-5.2.1.jar:na]
	at com.mongodb.internal.connection.DefaultServerMonitor$ServerMonitor.run(DefaultServerMonitor.java:176) ~[mongodb-driver-core-5.2.1.jar:na]
Caused by: java.net.SocketTimeoutException: Read timed out
	at java.base/sun.nio.ch.NioSocketImpl.timedRead(NioSocketImpl.java:288) ~[na:na]
	at java.base/sun.nio.ch.NioSocketImpl.implRead(NioSocketImpl.java:314) ~[na:na]
	at java.base/sun.nio.ch.NioSocketImpl.read(NioSocketImpl.java:355) ~[na:na]
	at java.base/sun.nio.ch.NioSocketImpl$1.read(NioSocketImpl.java:808) ~[na:na]
	at java.base/java.net.Socket$SocketInputStream.read(Socket.java:966) ~[na:na]
	at java.base/sun.security.ssl.SSLSocketInputRecord.read(SSLSocketInputRecord.java:484) ~[na:na]
	at java.base/sun.security.ssl.SSLSocketInputRecord.readHeader(SSLSocketInputRecord.java:478) ~[na:na]
	at java.base/sun.security.ssl.SSLSocketInputRecord.bytesInCompletePacket(SSLSocketInputRecord.java:70) ~[na:na]
	at java.base/sun.security.ssl.SSLSocketImpl.readApplicationRecord(SSLSocketImpl.java:1461) ~[na:na]
	at java.base/sun.security.ssl.SSLSocketImpl$AppInputStream.read(SSLSocketImpl.java:1065) ~[na:na]
	at com.mongodb.internal.connection.SocketStream.read(SocketStream.java:182) ~[mongodb-driver-core-5.2.1.jar:na]
	at com.mongodb.internal.connection.InternalStreamConnection.receiveResponseBuffers(InternalStreamConnection.java:829) ~[mongodb-driver-core-5.2.1.jar:na]
	... 4 common frames omitted

2026-05-27T19:08:41.980+01:00  INFO 11752 --- [SportService] [ngodb.net:27017] org.mongodb.driver.cluster               : Exception in monitor thread while connecting to server ac-khxyvkv-shard-00-02.ltylxsp.mongodb.net:27017

com.mongodb.MongoSocketReadTimeoutException: Timeout while receiving message
	at com.mongodb.internal.connection.InternalStreamConnection.createReadTimeoutException(InternalStreamConnection.java:824) ~[mongodb-driver-core-5.2.1.jar:na]
	at com.mongodb.internal.connection.InternalStreamConnection.translateReadException(InternalStreamConnection.java:812) ~[mongodb-driver-core-5.2.1.jar:na]
	at com.mongodb.internal.connection.InternalStreamConnection.receiveResponseBuffers(InternalStreamConnection.java:862) ~[mongodb-driver-core-5.2.1.jar:na]
	at com.mongodb.internal.connection.InternalStreamConnection.receiveCommandMessageResponse(InternalStreamConnection.java:517) ~[mongodb-driver-core-5.2.1.jar:na]
	at com.mongodb.internal.connection.InternalStreamConnection.receive(InternalStreamConnection.java:469) ~[mongodb-driver-core-5.2.1.jar:na]
	at com.mongodb.internal.connection.DefaultServerMonitor$ServerMonitor.lookupServerDescription(DefaultServerMonitor.java:249) ~[mongodb-driver-core-5.2.1.jar:na]
	at com.mongodb.internal.connection.DefaultServerMonitor$ServerMonitor.run(DefaultServerMonitor.java:176) ~[mongodb-driver-core-5.2.1.jar:na]
Caused by: java.net.SocketTimeoutException: Read timed out
	at java.base/sun.nio.ch.NioSocketImpl.timedRead(NioSocketImpl.java:288) ~[na:na]
	at java.base/sun.nio.ch.NioSocketImpl.implRead(NioSocketImpl.java:314) ~[na:na]
	at java.base/sun.nio.ch.NioSocketImpl.read(NioSocketImpl.java:355) ~[na:na]
	at java.base/sun.nio.ch.NioSocketImpl$1.read(NioSocketImpl.java:808) ~[na:na]
	at java.base/java.net.Socket$SocketInputStream.read(Socket.java:966) ~[na:na]
	at java.base/sun.security.ssl.SSLSocketInputRecord.read(SSLSocketInputRecord.java:484) ~[na:na]
	at java.base/sun.security.ssl.SSLSocketInputRecord.readHeader(SSLSocketInputRecord.java:478) ~[na:na]
	at java.base/sun.security.ssl.SSLSocketInputRecord.bytesInCompletePacket(SSLSocketInputRecord.java:70) ~[na:na]
	at java.base/sun.security.ssl.SSLSocketImpl.readApplicationRecord(SSLSocketImpl.java:1461) ~[na:na]
	at java.base/sun.security.ssl.SSLSocketImpl$AppInputStream.read(SSLSocketImpl.java:1065) ~[na:na]
	at com.mongodb.internal.connection.SocketStream.read(SocketStream.java:182) ~[mongodb-driver-core-5.2.1.jar:na]
	at com.mongodb.internal.connection.InternalStreamConnection.receiveResponseBuffers(InternalStreamConnection.java:829) ~[mongodb-driver-core-5.2.1.jar:na]
	... 4 common frames omitted

2026-05-27T19:08:41.992+01:00  INFO 11752 --- [SportService] [ngodb.net:27017] org.mongodb.driver.cluster               : Exception in monitor thread while connecting to server ac-khxyvkv-shard-00-00.ltylxsp.mongodb.net:27017

com.mongodb.MongoSocketReadTimeoutException: Timeout while receiving message
	at com.mongodb.internal.connection.InternalStreamConnection.createReadTimeoutException(InternalStreamConnection.java:824) ~[mongodb-driver-core-5.2.1.jar:na]
	at com.mongodb.internal.connection.InternalStreamConnection.translateReadException(InternalStreamConnection.java:812) ~[mongodb-driver-core-5.2.1.jar:na]
	at com.mongodb.internal.connection.InternalStreamConnection.receiveResponseBuffers(InternalStreamConnection.java:862) ~[mongodb-driver-core-5.2.1.jar:na]
	at com.mongodb.internal.connection.InternalStreamConnection.receiveCommandMessageResponse(InternalStreamConnection.java:517) ~[mongodb-driver-core-5.2.1.jar:na]
	at com.mongodb.internal.connection.InternalStreamConnection.receive(InternalStreamConnection.java:469) ~[mongodb-driver-core-5.2.1.jar:na]
	at com.mongodb.internal.connection.DefaultServerMonitor$ServerMonitor.lookupServerDescription(DefaultServerMonitor.java:249) ~[mongodb-driver-core-5.2.1.jar:na]
	at com.mongodb.internal.connection.DefaultServerMonitor$ServerMonitor.run(DefaultServerMonitor.java:176) ~[mongodb-driver-core-5.2.1.jar:na]
Caused by: java.net.SocketTimeoutException: Read timed out
	at java.base/sun.nio.ch.NioSocketImpl.timedRead(NioSocketImpl.java:288) ~[na:na]
	at java.base/sun.nio.ch.NioSocketImpl.implRead(NioSocketImpl.java:314) ~[na:na]
	at java.base/sun.nio.ch.NioSocketImpl.read(NioSocketImpl.java:355) ~[na:na]
	at java.base/sun.nio.ch.NioSocketImpl$1.read(NioSocketImpl.java:808) ~[na:na]
	at java.base/java.net.Socket$SocketInputStream.read(Socket.java:966) ~[na:na]
	at java.base/sun.security.ssl.SSLSocketInputRecord.read(SSLSocketInputRecord.java:484) ~[na:na]
	at java.base/sun.security.ssl.SSLSocketInputRecord.readHeader(SSLSocketInputRecord.java:478) ~[na:na]
	at java.base/sun.security.ssl.SSLSocketInputRecord.bytesInCompletePacket(SSLSocketInputRecord.java:70) ~[na:na]
	at java.base/sun.security.ssl.SSLSocketImpl.readApplicationRecord(SSLSocketImpl.java:1461) ~[na:na]
	at java.base/sun.security.ssl.SSLSocketImpl$AppInputStream.read(SSLSocketImpl.java:1065) ~[na:na]
	at com.mongodb.internal.connection.SocketStream.read(SocketStream.java:182) ~[mongodb-driver-core-5.2.1.jar:na]
	at com.mongodb.internal.connection.InternalStreamConnection.receiveResponseBuffers(InternalStreamConnection.java:829) ~[mongodb-driver-core-5.2.1.jar:na]
	... 4 common frames omitted

2026-05-27T19:08:42.736+01:00  INFO 11752 --- [SportService] [ngodb.net:27017] org.mongodb.driver.cluster               : Monitor thread successfully connected to server with description ServerDescription{address=ac-khxyvkv-shard-00-00.ltylxsp.mongodb.net:27017, type=REPLICA_SET_SECONDARY, cryptd=false, state=CONNECTED, ok=true, minWireVersion=0, maxWireVersion=25, maxDocumentSize=16777216, logicalSessionTimeoutMinutes=30, roundTripTimeNanos=520313400, minRoundTripTimeNanos=0, setName='atlas-6x6yvm-shard-0', canonicalAddress=ac-khxyvkv-shard-00-00.ltylxsp.mongodb.net:27017, hosts=[ac-khxyvkv-shard-00-00.ltylxsp.mongodb.net:27017, ac-khxyvkv-shard-00-01.ltylxsp.mongodb.net:27017, ac-khxyvkv-shard-00-02.ltylxsp.mongodb.net:27017], passives=[], arbiters=[], primary='ac-khxyvkv-shard-00-01.ltylxsp.mongodb.net:27017', tagSet=TagSet{[Tag{name='availabilityZone', value='euw3-az1'}, Tag{name='cacheState', value='READY'}, Tag{name='diskState', value='READY'}, Tag{name='nodeType', value='ELECTABLE'}, Tag{name='provider', value='AWS'}, Tag{name='region', value='EU_WEST_3'}, Tag{name='workloadType', value='OPERATIONAL'}]}, electionId=null, setVersion=36, topologyVersion=TopologyVersion{processId=6a10aaf2adb9cf8404387343, counter=4}, lastWriteDate=Sat May 30 14:10:37 WAT 2026, lastUpdateTimeNanos=983078359808500}
2026-05-27T19:08:44.236+01:00  INFO 11752 --- [SportService] [ngodb.net:27017] org.mongodb.driver.cluster               : Monitor thread successfully connected to server with description ServerDescription{address=ac-khxyvkv-shard-00-02.ltylxsp.mongodb.net:27017, type=REPLICA_SET_SECONDARY, cryptd=false, state=CONNECTED, ok=true, minWireVersion=0, maxWireVersion=25, maxDocumentSize=16777216, logicalSessionTimeoutMinutes=30, roundTripTimeNanos=915282800, minRoundTripTimeNanos=0, setName='atlas-6x6yvm-shard-0', canonicalAddress=ac-khxyvkv-shard-00-02.ltylxsp.mongodb.net:27017, hosts=[ac-khxyvkv-shard-00-00.ltylxsp.mongodb.net:27017, ac-khxyvkv-shard-00-01.ltylxsp.mongodb.net:27017, ac-khxyvkv-shard-00-02.ltylxsp.mongodb.net:27017], passives=[], arbiters=[], primary='ac-khxyvkv-shard-00-01.ltylxsp.mongodb.net:27017', tagSet=TagSet{[Tag{name='availabilityZone', value='euw3-az3'}, Tag{name='cacheState', value='READY'}, Tag{name='diskState', value='READY'}, Tag{name='nodeType', value='ELECTABLE'}, Tag{name='provider', value='AWS'}, Tag{name='region', value='EU_WEST_3'}, Tag{name='workloadType', value='OPERATIONAL'}]}, electionId=null, setVersion=36, topologyVersion=TopologyVersion{processId=6a10afacc3c0145a7299563d, counter=3}, lastWriteDate=Sat May 30 14:10:38 WAT 2026, lastUpdateTimeNanos=983079859621000}
2026-05-27T19:08:44.253+01:00  INFO 11752 --- [SportService] [ngodb.net:27017] org.mongodb.driver.cluster               : Monitor thread successfully connected to server with description ServerDescription{address=ac-khxyvkv-shard-00-01.ltylxsp.mongodb.net:27017, type=REPLICA_SET_PRIMARY, cryptd=false, state=CONNECTED, ok=true, minWireVersion=0, maxWireVersion=25, maxDocumentSize=16777216, logicalSessionTimeoutMinutes=30, roundTripTimeNanos=932598600, minRoundTripTimeNanos=0, setName='atlas-6x6yvm-shard-0', canonicalAddress=ac-khxyvkv-shard-00-01.ltylxsp.mongodb.net:27017, hosts=[ac-khxyvkv-shard-00-00.ltylxsp.mongodb.net:27017, ac-khxyvkv-shard-00-01.ltylxsp.mongodb.net:27017, ac-khxyvkv-shard-00-02.ltylxsp.mongodb.net:27017], passives=[], arbiters=[], primary='ac-khxyvkv-shard-00-01.ltylxsp.mongodb.net:27017', tagSet=TagSet{[Tag{name='availabilityZone', value='euw3-az2'}, Tag{name='cacheState', value='READY'}, Tag{name='diskState', value='READY'}, Tag{name='nodeType', value='ELECTABLE'}, Tag{name='provider', value='AWS'}, Tag{name='region', value='EU_WEST_3'}, Tag{name='workloadType', value='OPERATIONAL'}]}, electionId=7fffffff000000000000006b, setVersion=36, topologyVersion=TopologyVersion{processId=6a10ad2db025c004c20c2eaf, counter=6}, lastWriteDate=Sat May 30 14:10:38 WAT 2026, lastUpdateTimeNanos=983079876916100}
2026-05-27T19:08:44.267+01:00  INFO 11752 --- [SportService] [ngodb.net:27017] org.mongodb.driver.cluster               : Discovered replica set primary ac-khxyvkv-shard-00-01.ltylxsp.mongodb.net:27017 with max election id 7fffffff000000000000006b and max set version 36
2026-05-27T19:09:12.862+01:00  INFO 11752 --- [SportService] [ngodb.net:27017] org.mongodb.driver.cluster               : Exception in monitor thread while connecting to server ac-khxyvkv-shard-00-00.ltylxsp.mongodb.net:27017

com.mongodb.MongoSocketReadTimeoutException: Timeout while receiving message
	at com.mongodb.internal.connection.InternalStreamConnection.createReadTimeoutException(InternalStreamConnection.java:824) ~[mongodb-driver-core-5.2.1.jar:na]
	at com.mongodb.internal.connection.InternalStreamConnection.translateReadException(InternalStreamConnection.java:812) ~[mongodb-driver-core-5.2.1.jar:na]
	at com.mongodb.internal.connection.InternalStreamConnection.receiveResponseBuffers(InternalStreamConnection.java:862) ~[mongodb-driver-core-5.2.1.jar:na]
	at com.mongodb.internal.connection.InternalStreamConnection.receiveCommandMessageResponse(InternalStreamConnection.java:517) ~[mongodb-driver-core-5.2.1.jar:na]
	at com.mongodb.internal.connection.InternalStreamConnection.receive(InternalStreamConnection.java:469) ~[mongodb-driver-core-5.2.1.jar:na]
	at com.mongodb.internal.connection.DefaultServerMonitor$ServerMonitor.lookupServerDescription(DefaultServerMonitor.java:249) ~[mongodb-driver-core-5.2.1.jar:na]
	at com.mongodb.internal.connection.DefaultServerMonitor$ServerMonitor.run(DefaultServerMonitor.java:176) ~[mongodb-driver-core-5.2.1.jar:na]
Caused by: java.net.SocketTimeoutException: Read timed out
	at java.base/sun.nio.ch.NioSocketImpl.timedRead(NioSocketImpl.java:288) ~[na:na]
	at java.base/sun.nio.ch.NioSocketImpl.implRead(NioSocketImpl.java:314) ~[na:na]
	at java.base/sun.nio.ch.NioSocketImpl.read(NioSocketImpl.java:355) ~[na:na]
	at java.base/sun.nio.ch.NioSocketImpl$1.read(NioSocketImpl.java:808) ~[na:na]
	at java.base/java.net.Socket$SocketInputStream.read(Socket.java:966) ~[na:na]
	at java.base/sun.security.ssl.SSLSocketInputRecord.read(SSLSocketInputRecord.java:484) ~[na:na]
	at java.base/sun.security.ssl.SSLSocketInputRecord.readHeader(SSLSocketInputRecord.java:478) ~[na:na]
	at java.base/sun.security.ssl.SSLSocketInputRecord.bytesInCompletePacket(SSLSocketInputRecord.java:70) ~[na:na]
	at java.base/sun.security.ssl.SSLSocketImpl.readApplicationRecord(SSLSocketImpl.java:1461) ~[na:na]
	at java.base/sun.security.ssl.SSLSocketImpl$AppInputStream.read(SSLSocketImpl.java:1065) ~[na:na]
	at com.mongodb.internal.connection.SocketStream.read(SocketStream.java:182) ~[mongodb-driver-core-5.2.1.jar:na]
	at com.mongodb.internal.connection.InternalStreamConnection.receiveResponseBuffers(InternalStreamConnection.java:829) ~[mongodb-driver-core-5.2.1.jar:na]
	... 4 common frames omitted

2026-05-27T19:09:13.091+01:00  INFO 11752 --- [SportService] [ngodb.net:27017] org.mongodb.driver.cluster               : Monitor thread successfully connected to server with description ServerDescription{address=ac-khxyvkv-shard-00-00.ltylxsp.mongodb.net:27017, type=REPLICA_SET_SECONDARY, cryptd=false, state=CONNECTED, ok=true, minWireVersion=0, maxWireVersion=25, maxDocumentSize=16777216, logicalSessionTimeoutMinutes=30, roundTripTimeNanos=138316200, minRoundTripTimeNanos=0, setName='atlas-6x6yvm-shard-0', canonicalAddress=ac-khxyvkv-shard-00-00.ltylxsp.mongodb.net:27017, hosts=[ac-khxyvkv-shard-00-00.ltylxsp.mongodb.net:27017, ac-khxyvkv-shard-00-01.ltylxsp.mongodb.net:27017, ac-khxyvkv-shard-00-02.ltylxsp.mongodb.net:27017], passives=[], arbiters=[], primary='ac-khxyvkv-shard-00-01.ltylxsp.mongodb.net:27017', tagSet=TagSet{[Tag{name='availabilityZone', value='euw3-az1'}, Tag{name='cacheState', value='READY'}, Tag{name='diskState', value='READY'}, Tag{name='nodeType', value='ELECTABLE'}, Tag{name='provider', value='AWS'}, Tag{name='region', value='EU_WEST_3'}, Tag{name='workloadType', value='OPERATIONAL'}]}, electionId=null, setVersion=36, topologyVersion=TopologyVersion{processId=6a10aaf2adb9cf8404387343, counter=4}, lastWriteDate=Sat May 30 14:11:45 WAT 2026, lastUpdateTimeNanos=983115493149400}
[INFO] ------------------------------------------------------------------------
[INFO] BUILD FAILURE
[INFO] ------------------------------------------------------------------------
[INFO] Total time:  11 d 03:12 h
[INFO] Finished at: 2026-05-27T19:09:27+01:00
[INFO] ------------------------------------------------------------------------
[ERROR] Failed to execute goal org.springframework.boot:spring-boot-maven-plugin:3.4.12:run (default-cli) on project SportService: Process terminated with exit code: 1073807364 -> [Help 1]
[ERROR] 
[ERROR] To see the full stack trace of the errors, re-run Maven with the -e switch.
[ERROR] Re-run Maven using the -X switch to enable full debug logging.
[ERROR] 
[ERROR] For more information about the errors and possible solutions, please read the following articles:
[ERROR] [Help 1] http://cwiki.apache.org/confluence/display/MAVEN/MojoExecutionException
